#VRML V1.0 ascii

Separator {
ShapeHints {
vertexOrdering  COUNTERCLOCKWISE
}


Material {
diffuseColor [0 0 0,1 1 1,0.627451 0.25098 0.25098,1 0 0,1 0.466667 0,1 1 0,0 1 0,0.270588 0.52549 0.454902,0.627451 0.752941 0.878431,0 0 1,0.509804 0 0.294118,0.933333 0.501961 0.933333,0.266667 0.266667 0.266667,0.533333 0.533333 0.533333,0.8 0.8 0.8,0.8 0.8 0.8,0.8 0.8 0.8]
ambientColor [0.2 0.2 0.2,0.2 0.2 0.2,0.2 0.2 0.2,0.2 0.2 0.2,0.2 0.2 0.2,0.2 0.2 0.2,0.2 0.2 0.2,0.2 0.2 0.2,0.2 0.2 0.2,0.2 0.2 0.2,0.2 0.2 0.2,0.2 0.2 0.2,0.2 0.2 0.2,0.2 0.2 0.2,0.2 0.2 0.2,0.2 0.2 0.2,0.2 0.2 0.2]
specularColor [0.2 0.2 0.2,0.2 0.2 0.2,0.2 0.2 0.2,0.2 0.2 0.2,0.2 0.2 0.2,0.2 0.2 0.2,0.2 0.2 0.2,0.2 0.2 0.2,0.2 0.2 0.2,0.2 0.2 0.2,0.2 0.2 0.2,0.2 0.2 0.2,0.2 0.2 0.2,0.2 0.2 0.2,0.2 0.2 0.2,0.5 0.5 0.5,0.7 0.7 0.7]
emissiveColor [0 0 0,0 0 0,0 0 0,0 0 0,0 0 0,0 0 0,0 0 0,0 0 0,0 0 0,0 0 0,0 0 0,0 0 0,0 0 0,0 0 0,0 0 0,0 0 0,0 0 0]
shininess [1,1,1,1,1,1,1,1,1,1,1,1,1,1,1,0.2,0.2]
transparency [0,0,0,0,0,0,0,0,0,0,0,0,0,0,0,0,0]
}
MaterialBinding {value PER_FACE_INDEXED }
Separator {
Separator {
Separator {
}
Separator {
ShapeHints {
shapeType UNKNOWN_SHAPE_TYPE
creaseAngle 0.79
}
Separator {
Coordinate3 { 
point [
-0.0366353 -1.34139 -0.711929,
-0.0832777 -1.34073 -0.693033,
-0.123444 -1.34017 -0.662705,
-0.154399 -1.33973 -0.623017,
-0.174021 -1.33945 -0.576665,
-0.180975 -1.33935 -0.526817,
-0.174802 -1.33943 -0.476865,
-0.155907 -1.33968 -0.430216,
-0.125578 -1.34009 -0.390046,
-0.0858905 -1.34063 -0.359093,
-0.0395497 -1.34127 -0.339469,
0.0102989 -1.34197 -0.332509,
0.0602416 -1.34267 -0.338688,
0.106893 -1.34332 -0.357584,
0.147059 -1.34388 -0.387912,
0.178005 -1.34432 -0.427601,
0.197626 -1.3446 -0.473953,
0.20459 -1.34471 -0.523801,
0.198408 -1.34464 -0.573753,
0.179513 -1.34438 -0.620401,
0.149193 -1.34396 -0.660577,
0.0789813 -1.22083 -0.814769,
0.0745878 -1.24406 -0.798937,
-0.0240281 -1.26949 -0.780921,
-0.0304689 -1.26522 -0.784049,
-0.284735 -1.21572 -0.584569,
-0.269231 -1.23923 -0.580497,
-0.251593 -1.26627 -0.482241,
-0.254666 -1.26204 -0.475737,
0.311639 -1.224 -0.453473,
0.295488 -1.24707 -0.457532,
0.277112 -1.27364 -0.555785,
0.280293 -1.2695 -0.562281,
-1.11737 2.01974 0.589615,
0.385469 -0.788811 -0.361871,
0.380135 -0.901211 -0.36188,
-0.336905 -0.778763 -0.351458,
-0.345797 -0.810779 -0.367587,
-0.242821 -0.245859 -0.800777,
-0.24531 -0.285995 -0.800785,
-0.371385 -0.609581 -0.491633,
-0.330436 0.0165359 -0.482873,
-0.334329 -0.730591 -0.351452,
0.415314 -0.62052 -0.490225,
0.407327 -0.395449 -0.490361,
0.390721 0.0225813 -0.474545,
0.374261 0.504855 -0.555153,
0.383522 0.327969 -0.555025,
0.362681 0.681775 -0.571361,
0.390255 0.0627555 -0.490625,
0.327391 0.328787 -0.354619,
0.345709 0.143739 -0.370491,
-0.270283 0.337094 -0.375368,
-0.257616 0.489569 -0.375313,
-0.286953 0.136463 -0.375439,
-0.306202 0.313475 -0.480081,
-0.296442 0.43385 -0.480041,
-0.297134 0.530261 -0.560409,
-0.311352 0.353702 -0.560473,
-0.282883 0.674675 -0.576409,
-0.00116493 -2.67784 0.298452,
0.0551678 -2.67123 0.298891,
-0.0252585 -2.67751 0.298263,
-0.0609121 -2.64815 0.285927,
1.4696 -1.86443 0.530655,
-1.49171 -2.93166 0.507795,
-1.41649 -3.01195 0.454847,
-0.484236 -3.88524 0.489183,
-0.570649 -3.82627 0.461705,
0.522542 -3.87876 0.523835,
0.714956 -3.80218 0.525318,
1.41752 -2.9581 0.477007,
1.47628 -2.87145 0.504227,
1.37546 -1.68121 0.503088,
0.549379 -0.969867 0.469631,
0.462548 -0.910875 0.495718,
-0.54465 -0.917347 0.514614,
-0.737063 -0.993931 0.513131,
-1.45226 -1.81848 0.481,
-1.43879 -1.83803 0.454328,
-1.43536 -1.72836 0.507883,
-1.49798 -1.92465 0.480674,
-1.45342 -3.02789 0.508123,
1.39521 -1.78418 0.476488,
1.42479 -1.85849 0.476742,
1.43254 -1.87795 0.476808,
0.0510531 -1.47497 0.406971,
0.0478658 -1.47494 0.350707,
0.0521034 -1.40269 0.350719,
0.0745947 -1.07359 0.407037,
0.0709499 -1.07355 0.342735,
0.06684 -1.0735 0.270394,
0.063196 -1.07346 0.206099,
0.0683786 -0.985155 0.206115,
0.0527184 -1.31434 0.270354,
0.0735526 -0.896843 0.206129,
0.0746334 -0.808491 0.133803,
0.0887551 -0.567657 0.133842,
-0.0494697 -1.47358 0.390113,
-0.0452769 -1.47364 0.333907,
-0.0476129 -1.40131 0.333868,
-0.0624465 -1.07168 0.389894,
-0.0576537 -1.07176 0.325658,
-0.0522601 -1.07185 0.253399,
-0.0474673 -1.07192 0.189163,
-0.0503193 -0.983507 0.189115,
-0.0444713 -1.31299 0.253531,
-0.0531785 -0.895083 0.189066,
-0.0506369 -0.806755 0.116759,
-0.0584265 -0.565614 0.116627,
0.0590942 -1.07342 0.133759,
0.0572413 -1.08946 0.117687,
0.214048 1.65602 -0.508545,
-0.107926 1.61229 -0.511049,
-0.107255 1.66049 -0.511057,
0.0271899 0.0453541 -0.201087,
0.0720483 0.0450068 -0.200736,
-0.167396 -2.35331 0.246443,
0.149531 -2.44296 0.248949,
0.0358963 -2.23967 0.248,
0.0642767 -0.985115 0.133773,
-0.0449345 -0.983595 0.116855,
0.0363643 -1.7566 0.439072,
0.045613 -1.27803 0.107583,
-0.0572281 -0.495518 0.0161871,
0.0461582 -1.23459 -0.121914,
0.227572 -1.26451 0.58301,
0.20399 -1.3192 0.586964,
0.16706 -1.36591 0.589837,
0.167063 -1.36591 0.589434,
0.119309 -1.40152 0.591547,
0.063972 -1.42353 0.593161,
0.12497 -1.00649 0.56999,
0.171687 -1.04339 0.571659,
0.207264 -1.09112 0.573866,
0.236185 -1.20559 0.579676,
-0.0295097 -0.978875 0.568277,
-0.0477721 -0.981299 0.568102,
-0.0725065 -0.871291 0.43796,
-0.0454329 0.0200172 -0.183319,
-0.0255097 0.0115968 -0.177526,
-0.0123865 0.00585607 -0.173568,
-0.0127185 0.0056259 -0.17342,
-0.0123665 0.00557838 -0.173383,
0.00758587 0.00169975 -0.170716,
0.0130972 0.00140478 -0.170521,
0.0556405 0.00679054 -0.174262,
0.0766881 0.01005 -0.176525,
0.0778582 0.0101924 -0.176633,
0.0780359 0.0102662 -0.176682,
0.0989866 0.0184961 -0.182373,
0.069896 -2.44788 0.742754,
0.0502629 -2.48482 0.742611,
-0.100591 -2.41895 0.741412,
-0.0585649 -2.30603 0.741708,
-0.0287537 -2.30643 0.741941,
-0.0399073 -2.63119 0.680277,
-0.186332 -2.51556 0.679098,
0.172473 -2.41226 0.681875,
0.133427 -2.56219 0.681614,
0.0985118 -2.59615 0.681351,
0.0559967 -2.61991 0.681024,
0.00878403 -2.63187 0.680658,
-1.2549 0.0463725 0.673467,
-1.17601 3.35993 0.713289,
-1.0385 0.0594388 0.691228,
-1.03873 0.0514109 0.715335,
-1.20974 3.36044 0.8787,
-1.17609 3.35993 0.713288,
-1.15396 3.53994 0.713408,
-1.22755 2.48847 0.737239,
-1.22777 2.45633 0.71315,
-1.22821 2.40009 0.68102,
-1.22898 2.3278 0.673,
-1.22845 2.45636 0.825611,
-1.01158 2.48548 0.795171,
-1.01214 2.45336 0.827308,
-1.01297 2.38909 0.843387,
-1.01375 2.32485 0.851436,
-1.01145 2.45333 0.714843,
-1.03657 0.220092 0.675125,
1.34063 3.07832 0.769211,
1.29781 0.0269557 0.70952,
1.29745 0.0189291 0.733626,
1.08139 0.0138896 0.69176,
1.20538 -0.301133 0.906411,
1.1508 -0.270176 0.649346,
1.29199 3.45773 0.700432,
1.2933 3.50591 0.732569,
1.3096 3.37623 0.752811,
1.34399 2.79679 0.644794,
1.3006 0.187597 0.693424,
1.33634 2.36445 0.7011,
1.33695 2.42067 0.73323,
1.33672 2.45283 0.813555,
1.33587 2.42071 0.845692,
1.33467 2.35645 0.861771,
1.33355 2.2922 0.86982,
1.23946 0.093673 0.931396,
1.26359 0.734942 0.924596,
1.10586 0.737135 0.907995,
1.11836 2.35945 0.860076,
1.11956 2.42372 0.843995,
1.12094 2.45581 0.755628,
1.12064 2.42368 0.731536,
1.12003 2.36745 0.699407,
1.11891 2.29516 0.691384,
1.14361 0.736554 0.622025,
1.29143 0.734506 0.636567,
1.34584 2.95081 0.733143,
1.24035 -0.364224 0.875219,
1.14167 -0.376359 0.846739,
1.21065 0.0940745 0.933764,
1.1686 -0.385206 0.846923,
1.20445 -0.383313 0.878195,
0.949194 1.63746 0.400457,
0.975826 1.63756 0.421321,
1.25159 1.65057 0.568144,
0.932089 1.47746 0.316583,
-0.847727 1.14869 0.302752,
-1.14893 1.19914 0.554369,
1.08065 -0.0262694 0.699801,
1.07955 -0.0744542 0.731948,
1.07885 -0.0985462 0.764084,
1.07846 -0.0985334 0.804251,
1.07847 -0.074419 0.844412,
1.29567 -0.0058189 0.902323,
1.29515 -0.101554 0.76578,
1.29586 -0.0774622 0.733642,
1.29697 -0.0292774 0.701495,
-1.0403 -0.0690822 0.747491,
-1.03984 -0.044987 0.715354,
-1.03909 0.0032035 0.683204,
-1.25541 0.00621055 0.681511,
-1.25614 -0.0419806 0.71366,
-1.25661 -0.0660742 0.745797,
-1.25685 -0.0660638 0.785964,
-1.25683 -0.0419502 0.826123,
0.0341563 0.0443752 -0.200277,
0.027349 0.0453349 -0.201069,
0.0720229 0.0449989 -0.200728,
-0.0531113 -0.055619 -0.202425,
-0.0325657 -1.19428 -0.261535,
-0.0430601 -1.19424 -0.787193,
-0.0474513 -1.21883 -0.815921,
-0.0479369 -1.21176 -0.820721,
0.0147868 -1.27064 -0.779049,
0.0691336 -1.28888 -0.767513,
-0.0145833 -1.0417 -0.897365,
-0.0295905 -1.19936 -0.828601,
-0.0259929 -1.24724 -0.796041,
0.0716922 -1.11441 -0.869221,
0.0601882 -1.23501 -0.804577,
0.0154108 -1.27005 -0.779409,
-0.239744 -1.24451 -0.575433,
-0.25681 -1.1912 -0.462177,
-0.289582 -1.20836 -0.585257,
-0.284891 -1.21548 -0.584593,
-0.354846 -1.049 -0.473561,
-0.357469 -1.03808 -0.473097,
-0.234603 -1.27507 -0.574169,
-0.235879 -1.29154 -0.520953,
-0.281483 -1.17456 -0.459279,
-0.29828 -1.19556 -0.475721,
-0.274747 -1.23031 -0.565977,
-0.250075 -1.26631 -0.521689,
0.258294 -1.27425 -0.464601,
0.284416 -1.19875 -0.575873,
0.268157 -1.24726 -0.571825,
0.316689 -1.21676 -0.452786,
0.311811 -1.22376 -0.453449,
0.400221 -1.01801 -0.488753,
0.258834 -1.29887 -0.558041,
0.253302 -1.30532 -0.469977,
0.325749 -1.20426 -0.562329,
0.292534 -1.25162 -0.558065,
0.301257 -1.2383 -0.472057,
0.275594 -1.27362 -0.516337,
0.322968 0.465428 -0.362067,
0.274991 0.24507 -0.796873,
-0.138011 0.154892 -0.222765,
-0.110446 0.492803 -0.239055,
-0.35879 -0.802611 -0.648873,
-0.147175 0.154489 -0.22842,
0.243719 0.228459 -0.253519,
0.246282 0.157184 -0.250514,
0.221547 0.196635 -0.238754,
0.231915 0.175321 -0.243092,
0.195292 0.146185 -0.22358,
0.192065 0.145071 -0.222026,
-0.145567 0.181975 -0.229498,
-0.183725 0.163448 -0.252613,
-0.172696 0.160316 -0.244633,
-0.170873 0.187505 -0.245886,
-0.142216 0.510243 -0.255841,
-0.161336 0.507748 -0.268929,
-0.161944 0.495738 -0.268241,
-0.220573 -0.491229 -0.832665,
-0.223021 -0.531366 -0.832673,
-0.225467 -0.571502 -0.832681,
-0.227915 -0.611639 -0.832689,
-0.230363 -0.651777 -0.832697,
-0.23281 -0.691921 -0.832705,
-0.329327 -0.248653 -0.659033,
-0.369569 -0.609622 -0.576713,
-0.372431 -0.609568 -0.496393,
-0.329987 0.0165298 -0.480177,
0.375613 -0.708319 -0.345903,
0.405345 -0.395417 -0.474305,
0.412729 -0.620481 -0.474177,
0.417088 -0.636629 -0.554481,
0.388389 -0.298801 -0.647769,
0.387315 -0.274679 -0.648889,
0.321654 -0.49876 -0.780217,
0.322731 -0.538945 -0.780201,
0.323809 -0.579131 -0.780177,
0.324881 -0.619316 -0.780153,
0.325959 -0.659502 -0.780137,
0.327037 -0.699697 -0.780113,
0.30014 -0.237337 -0.796529,
0.301226 -0.277531 -0.796513,
0.254188 0.245356 -0.813097,
-0.262601 0.336989 -0.359238,
-0.24818 0.489447 -0.35917,
-0.238316 0.593759 -0.359124,
-0.334049 0.0429821 -0.504217,
-0.783423 -2.17938 0.43278,
1.45827 -2.81359 0.450509,
-0.118524 -2.35089 0.229151,
-0.0529745 -2.28712 0.229645,
-0.0975281 -2.17611 0.277467,
-0.151983 -2.20655 0.277049,
-0.196687 -2.25003 0.276712,
-0.228626 -2.30362 0.276478,
-0.103667 -2.61759 0.277548,
-0.157255 -2.58565 0.277119,
-0.200733 -2.54094 0.276766,
-0.231168 -2.48647 0.276512,
-0.127011 -2.3809 0.229093,
-0.0370609 -2.1608 0.277936,
-0.0227329 -2.27948 0.229879,
0.155609 -2.469 0.255436,
0.131666 -2.50919 0.25526,
0.0572898 -2.56463 0.254695,
0.10943 -2.41537 0.230953,
0.035386 -2.50914 0.230401,
0.0207707 -2.51496 0.230289,
0.100944 -2.44539 0.230895,
0.109863 -2.38419 0.230947,
0.157516 -2.33185 0.255411,
0.1347 -2.29102 0.25522,
0.120596 -2.27211 0.255104,
0.0618944 -2.23353 0.254634,
0.00844643 -2.27991 0.230123,
0.040226 -2.22419 0.254461,
0.0240077 -2.28218 0.230246,
0.0384558 -2.28839 0.23036,
0.0835623 -2.24285 0.254806,
0.0775957 -2.31411 0.230675,
0.148803 -2.30994 0.255336,
0.102215 -2.35395 0.230879,
0.108024 -2.36857 0.230928,
0.166246 -2.35378 0.255486,
0.159505 -3.07472 0.611632,
1.40279 -3.09203 0.530492,
-1.39714 -3.11492 0.481812,
-1.06345 -1.19552 0.53742,
-1.32154 -1.61658 0.428404,
-1.13162 -1.24977 0.53414,
0.771052 -1.08692 0.444623,
1.09387 -1.32755 0.463325,
1.04115 -3.60038 0.554596,
1.30069 -3.17959 0.449384,
1.06203 -3.50099 0.463731,
-1.16149 -3.51684 0.534547,
-0.467528 -2.43994 0.367327,
0.486501 -2.4532 0.382832,
0.447742 -2.35624 0.374465,
-0.501743 -2.31091 0.375057,
-0.289055 -2.40628 0.296119,
-0.282432 -2.4626 0.296187,
-0.261599 -2.36247 0.284272,
-0.259269 -2.34643 0.284286,
0.268041 -2.36983 0.300468,
0.263782 -2.33362 0.300424,
0.267137 -2.4341 0.30048,
0.240799 -2.4498 0.28823,
-0.789207 -2.59519 0.432857,
-0.791903 -3.70923 0.433163,
0.0690079 -0.844267 -0.129256,
0.0689544 -0.845755 -0.129297,
0.0710836 -0.792027 -0.128877,
-0.0349521 -1.15216 -0.12107,
-0.0335897 -1.19412 -0.121828,
-0.0323097 -1.23351 -0.122528,
-0.0246393 -1.31891 0.587559,
-0.0294513 -0.978867 0.568362,
-0.0477729 -0.981299 0.568236,
-0.103101 -1.00332 0.568675,
-0.150849 -1.03891 0.569991,
-0.187773 -1.08563 0.572092,
-0.211337 -1.14032 0.574828,
-0.219957 -1.19924 0.578019,
-0.224312 -1.19143 0.577521,
-0.213031 -1.25838 0.581441,
-0.191044 -1.3137 0.584879,
-0.155474 -1.36143 0.588076,
-0.108767 -1.39835 0.59082,
-0.0540921 -1.42189 0.592934,
0.037932 -1.31959 0.587999,
0.0374936 -1.31971 0.588004,
0.00690107 -1.32393 0.588244,
0.00580091 -1.32392 0.588252,
-0.113485 -2.47343 0.679655,
-0.0556201 -2.55106 0.680131,
-0.0746841 -2.54285 0.67998,
-0.0937561 -2.53464 0.679828,
-0.110051 -2.52176 0.679696,
-0.126339 -2.50891 0.679566,
-0.138752 -2.49226 0.679463,
-0.151158 -2.47562 0.679361,
-0.158833 -2.45632 0.679296,
0.143732 -2.42075 0.681652,
0.140741 -2.4413 0.681635,
0.132525 -2.46037 0.681577,
0.124317 -2.47944 0.681518,
0.111453 -2.49574 0.681423,
0.0985812 -2.51203 0.681326,
0.0819428 -2.52443 0.6812,
0.065296 -2.53686 0.681072,
0.0460028 -2.54453 0.680924,
0.0849189 -2.3983 0.742857,
-0.124216 1.59645 -0.511169,
0.229222 1.59153 -0.508401,
-1.21218 3.33881 0.877708,
-1.21372 3.11384 0.749212,
-1.18093 3.36001 0.73608,
-1.17417 3.41077 0.733364,
-1.17225 3.69197 0.893979,
1.34334 3.30327 0.897715,
1.31299 3.65741 0.913435,
-1.25482 0.062446 0.689534,
-1.25505 0.054418 0.71364,
-1.25653 -0.00177842 0.850219,
-1.04055 -0.069071 0.787659,
-1.04052 -0.0449566 0.82782,
-1.04021 -0.00478546 0.851916,
-1.03858 0.0433655 0.675161,
-1.03938 0.0266265 0.775563,
-1.22929 2.39209 0.841699,
-1.23006 2.32785 0.849747,
-1.22756 2.49697 0.754197,
-1.22757 2.50453 0.769363,
-1.25488 0.142819 0.850196,
-1.23858 1.57748 0.849899,
-1.01189 2.39709 0.682714,
-1.01267 2.32479 0.674694,
-1.01125 2.50153 0.771059,
-1.03845 0.150011 0.851883,
-1.02119 1.57442 0.674848,
1.29771 0.0108825 0.693454,
1.29739 -0.00588161 0.696815,
1.29647 -0.00585002 0.793852,
1.29477 -0.101541 0.805939,
1.29478 -0.0774262 0.846099,
1.29522 -0.0372566 0.870203,
1.0789 -0.0342486 0.868507,
1.0815 0.0299629 0.707827,
1.08114 0.021937 0.731932,
1.08014 -0.00284265 0.792156,
1.33523 2.29215 0.693077,
1.33722 2.46888 0.789452,
1.11723 2.29521 0.868123,
1.12092 2.46431 0.772587,
1.1209 2.47189 0.787755,
1.08127 0.110337 0.868483,
0.109506 -1.34342 -0.691529,
0.0631564 -1.34277 -0.711153,
0.0133163 -1.34208 -0.718113,
0.0602476 -1.26648 -0.783337,
0.0536432 -1.27057 -0.780313,
-0.0367593 -1.15823 -0.856661,
-0.0439417 -1.24241 -0.799865,
-0.0474313 -1.21907 -0.815761,
-0.253956 -1.26207 -0.566465,
-0.250985 -1.2663 -0.559913,
-0.270159 -1.2392 -0.461961,
-0.285724 -1.21569 -0.458149,
0.279584 -1.26947 -0.471561,
0.276505 -1.27362 -0.478105,
0.296416 -1.2471 -0.576073,
0.312629 -1.22403 -0.579889,
-1.09871 3.80437 0.914603,
-1.1103 3.81255 0.922547,
-1.09866 3.81239 0.922636,
-1.09877 3.80437 0.922636,
-1.11041 3.80453 0.922547,
-1.0986 3.81238 0.914603,
-1.11025 3.81255 0.914515,
-1.11036 3.80453 0.914515,
1.25405 3.77968 0.933019,
1.24221 3.77182 0.940972,
1.24232 3.77985 0.940963,
1.25399 3.77968 0.94106,
1.25387 3.77166 0.94106,
1.24239 3.77984 0.932931,
1.24227 3.77181 0.932931,
1.25394 3.77165 0.933027,
-0.0394017 -3.90413 0.439109,
-0.0393393 -3.90413 0.431074,
-0.0232713 -3.90435 0.4312,
-0.0233337 -3.90435 0.439235,
-0.0313681 -3.90424 0.439171,
-0.0313049 -3.90424 0.431137,
-0.0395641 -3.91577 0.439111,
-0.0395009 -3.91577 0.431076,
-0.0234961 -3.91599 0.439237,
-0.0234329 -3.916 0.431202,
-0.0314673 -3.91589 0.431139,
-0.0315353 -3.91627 0.439174,
-1.51643 -2.3691 0.4271,
-1.51637 -2.3691 0.419065,
1.49587 -2.41098 0.44265,
1.49558 -2.42705 0.450688,
1.49564 -2.42705 0.442653,
1.49575 -2.41901 0.442652,
-1.51659 -2.38516 0.419068,
-1.51648 -2.37713 0.419067,
0.0186157 -0.892027 0.430644,
0.00254755 -0.891803 0.430517,
0.0185528 -0.892019 0.438678,
0.0105816 -0.891915 0.43058,
-1.52801 -2.36894 0.418974,
1.50746 -2.41114 0.450776,
1.50751 -2.41115 0.442741,
1.50741 -2.41918 0.442743,
1.5073 -2.42721 0.442744,
-1.5283 -2.385 0.427011,
-1.52824 -2.385 0.418977,
-1.52813 -2.37697 0.418975,
0.00264667 -0.880147 0.43855,
0.00270963 -0.880147 0.430515,
0.0107437 -0.880259 0.430578,
0.0187776 -0.880371 0.430641,
0.0186081 -0.815667 0.567195,
0.0188329 -0.804027 0.559167,
0.01877 -0.804027 0.567193,
0.018671 -0.815675 0.559169,
0.00276475 -0.803803 0.559041,
0.0105742 -0.815555 0.567132,
0.00253995 -0.815443 0.56707,
0.00270187 -0.803803 0.567067,
0.010736 -0.803915 0.567131,
0.00260275 -0.815451 0.559044,
0.0106369 -0.815563 0.559106,
-0.0414689 -3.9804 0.567655,
-0.0415681 -3.99205 0.559631,
-0.0416305 -3.99205 0.567657,
-0.0414057 -3.9804 0.559628,
-1.59375 -2.36799 0.555034,
-1.60533 -2.36784 0.546916,
-1.60539 -2.36783 0.554943,
-1.59369 -2.368 0.547008,
1.58281 -2.41216 0.571878,
1.57111 -2.412 0.579813,
1.58275 -2.41216 0.579904,
1.57117 -2.412 0.571787,
-0.0254993 -3.99227 0.559756,
-0.0334353 -3.98052 0.567718,
-0.0254001 -3.98063 0.56778,
-0.0255625 -3.99227 0.567783,
-0.0335969 -3.99216 0.56772,
-0.0253377 -3.98063 0.559754,
-0.0333721 -3.98052 0.559692,
1.57088 -2.42807 0.579816,
1.58259 -2.42823 0.57188,
1.58253 -2.42823 0.579907,
1.58263 -2.42019 0.579906,
1.57095 -2.42807 0.571789,
1.57106 -2.42003 0.571788,
1.57099 -2.42003 0.579815,
-1.60555 -2.38391 0.54692,
-1.59386 -2.37603 0.555036,
-1.59397 -2.38407 0.555037,
-1.60561 -2.38391 0.554946,
-1.6055 -2.37587 0.554944,
-1.59391 -2.38407 0.547011,
-1.5938 -2.37603 0.547009,
-1.14228 3.63385 0.713472,
1.28424 3.60011 0.732471,
1.28395 3.57018 0.715374,
1.29187 3.45773 0.700432,
-1.13145 -1.24624 0.536904,
-1.08315 -1.29519 0.446271,
-1.08479 -1.29726 0.446267,
-1.13885 -1.36571 0.445873,
-1.01485 -1.24427 0.446799,
-1.13 -1.24771 0.534161,
-1.06361 -1.19822 0.534658,
-1.06343 -1.19552 0.537421,
-1.12287 -1.25515 0.550365,
1.07465 -1.24162 0.567557,
1.09229 -1.32544 0.463304,
1.02544 -1.27263 0.462773,
1.13907 -1.27925 0.551927,
1.146 -1.39747 0.463762,
1.14063 -1.28136 0.551931,
1.19127 -1.34931 0.552339,
1.19397 -1.34952 0.555131,
1.14052 -1.27782 0.554692,
1.06206 -3.50096 0.463731,
1.11483 -3.43412 0.464132,
1.10749 -3.54836 0.552312,
1.10893 -3.54984 0.555111,
0.993746 -3.55188 0.46322,
1.10745 -3.54839 0.552312,
1.04136 -3.59764 0.5518,
1.04113 -3.6004 0.554595,
-1.11341 -3.47072 0.446698,
-1.11339 -3.47075 0.446699,
-1.04654 -3.52351 0.447245,
-1.16431 -3.40243 0.446288,
-1.16153 -3.51682 0.534547,
-1.21077 -3.45074 0.534134,
-1.21354 -3.45052 0.536908,
-1.16305 -3.51825 0.537323,
1.10014 -3.54092 0.568432,
-1.1024 -3.45945 0.554834,
-1.09764 -3.55427 0.551238,
-1.19727 -3.45183 0.550428,
-1.10269 -3.45942 0.554823,
-1.15423 -3.50959 0.550782,
-1.07252 -1.31043 0.554554,
-1.17058 -1.31556 0.55001,
1.07939 -1.33713 0.571308,
1.13149 -1.28649 0.568015,
1.05375 -3.49228 0.447543,
1.10403 -3.42863 0.447917,
0.995538 -3.43265 0.44707,
-1.10461 -3.46227 0.430644,
-1.04088 -3.51262 0.431157,
-1.04477 -3.40428 0.431095,
-1.07461 -1.30384 0.430244,
-1.1278 -1.37122 0.429848,
-1.01644 -1.36724 0.430719,
1.08377 -1.33386 0.447144,
1.02003 -1.28353 0.44663,
1.02387 -1.3956 0.446694,
-0.0153809 -2.79975 0.358628,
-0.0195969 -3.07227 0.413193,
-0.200279 -3.06975 0.416539,
0.152182 -3.02699 0.617093,
0.162784 -3.07477 0.612068,
-0.0205201 -3.02458 0.615741,
-0.193223 -3.02219 0.614389,
-0.205069 -3.06965 0.609188,
-0.0874377 -3.07129 0.61011,
-0.0211569 -3.07221 0.612501,
0.0451536 -3.07314 0.611148,
0.0192223 -3.19848 0.603164,
-0.0643057 -3.19527 0.602603,
-0.0648793 -3.19731 0.602506,
-0.773199 -2.4191 0.597415,
0.75138 -2.40863 0.609552,
0.749773 -2.37694 0.60932,
-0.774815 -2.38741 0.597603,
0.00934643 -3.15952 0.605948,
0.0187043 -3.19643 0.603252,
-0.0539689 -3.15865 0.605452,
-0.0223465 -3.16116 0.606456,
-0.0228825 -3.2013 0.603726,
0.0107101 -3.15958 0.431667,
-0.0209737 -3.16121 0.430999,
-0.0526049 -3.1587 0.431171,
-0.771855 -2.41915 0.425326,
-0.773463 -2.38746 0.424884,
0.750233 -2.44031 0.437243,
0.751116 -2.37699 0.437231,
0.752739 -2.40868 0.436833,
-0.770975 -2.35583 0.425314,
1.22072 1.16349 0.572923,
1.2058 1.214 0.588291,
-1.20217 0.0288994 0.828251,
-1.1407 -0.200681 0.631394,
-1.16965 0.0284388 0.779164,
-1.20413 -0.22247 0.630904,
-1.20381 -0.199804 0.6309,
1.14822 0.0949259 0.846628,
1.17936 -0.00422137 0.797555,
1.14475 -0.265289 0.649298,
1.14839 -0.00381786 0.649249,
1.24247 -0.00509889 0.798051,
1.2078 -0.270969 0.649793,
1.20944 -0.152729 0.649772,
0.927178 1.12401 0.316649,
-0.842815 1.50214 0.302687,
1.2164 1.98728 0.607887,
-0.883703 1.66341 0.406762,
-1.12206 1.68154 0.589677,
-0.897535 1.66393 0.346334,
-1.13645 2.02064 0.533227,
0.990594 1.63768 0.361117,
1.23171 1.65009 0.551867,
1.23639 1.98765 0.551804,
1.20511 1.1637 0.5883,
-1.12866 1.19886 0.574956,
1.22143 1.21378 0.572914,
0.739746 0.769204 0.226344,
-1.14827 1.24673 0.55436,
-1.12801 1.24645 0.574948,
-1.20536 -0.199745 0.828292,
-0.666207 0.737515 0.215351,
-0.711803 0.81168 0.214973,
-0.665539 0.785482 0.215343,
0.780612 0.790927 0.226658,
-0.147375 0.154786 -0.228237,
-0.144374 0.199743 -0.230325,
0.205113 0.145871 -0.228003,
0.232782 0.153687 -0.242046,
-0.144059 0.199276 -0.230609,
-0.305382 0.395395 -0.127184,
-0.260676 0.370232 -0.126827,
0.221461 0.198869 -0.238865,
0.202963 0.190345 -0.230493,
0.326212 0.362756 -0.122232,
0.37024 0.386002 -0.121894,
0.230975 0.198803 -0.244231,
-0.0595649 -0.347432 0.0156135,
0.0982384 -0.351496 0.0776139,
-0.0572913 -0.493444 0.0161863,
0.0426269 -1.23456 -0.123403,
-0.0308345 -1.31723 0.587115,
-0.0247001 -1.3186 0.58734,
0.00334563 -1.32357 0.588233,
0.00581843 -1.32389 0.588227,
-0.0249433 -1.31856 0.587363,
-0.0246929 -1.31864 0.587374,
0.0377189 -1.31935 0.587762,
0.0375755 -1.31939 0.587769,
0.0415975 -1.31764 0.587683,
0.0377516 -1.31939 0.587804,
0.0376121 -1.31923 0.587652,
0.00688491 -1.32389 0.588219,
0.037585 -1.31933 0.587736,
0.00581003 -1.3239 0.588227,
0.00688499 -1.32388 0.588219,
0.00652803 -1.32185 0.588106,
0.039701 -1.31877 0.587668,
0.00623403 -1.32184 0.588104,
0.00652787 -1.32186 0.588106,
0.00637619 -1.3229 0.587408,
-0.0247545 -1.31836 0.587163,
-0.0308641 -1.31573 0.587115,
-0.0249777 -1.3186 0.587397,
0.0482128 -1.31772 0.587734,
0.0341607 -1.24974 0.631719,
0.0852279 -1.29703 0.588018,
0.0487516 -1.23783 0.631829,
0.0583975 -1.22164 0.6319,
0.127982 -1.22528 0.588332,
0.0668428 -1.3076 0.587877,
0.11293 -1.26493 0.588225,
0.0920593 -1.28879 0.588069,
0.123998 -1.23522 0.588303,
0.128537 -1.20409 0.588329,
0.124865 -1.17284 0.588292,
0.0944285 -1.1184 0.588037,
0.069745 -1.0989 0.587839,
0.0408489 -1.08646 0.587608,
0.128572 -1.18288 0.588323,
0.0619209 -1.20315 0.631922,
0.0589136 -1.18456 0.631893,
0.113231 -1.14361 0.588192,
0.0497209 -1.16812 0.631816,
0.0878288 -1.10997 0.587984,
0.0514033 -1.08827 0.587691,
0.0354667 -1.15582 0.631701,
-0.0321105 -1.08711 0.587038,
-0.0691249 -1.1078 0.586755,
-0.0187569 -1.15506 0.631277,
-0.0333473 -1.16697 0.631166,
-0.000970453 -1.14887 0.631414,
0.0178596 -1.14913 0.631562,
-0.111887 -1.17954 0.586441,
-0.0429849 -1.18315 0.631096,
0.00974915 -1.08032 0.587363,
-0.0215177 -1.08559 0.58712,
-0.0507489 -1.09723 0.586895,
-0.0968353 -1.13989 0.586547,
-0.0759649 -1.11603 0.586703,
-0.107903 -1.16961 0.586469,
-0.112443 -1.20074 0.586443,
-0.108771 -1.23198 0.58648,
-0.121011 -1.29843 0.618227,
-0.0783345 -1.28643 0.586735,
-0.0536505 -1.30592 0.586934,
-0.0465169 -1.20165 0.631073,
-0.112477 -1.22194 0.586448,
0.00770563 -1.2024 0.631573,
0.0163746 -1.25593 0.631581,
-0.0435009 -1.22023 0.631102,
-0.0971369 -1.26121 0.58658,
-0.0343169 -1.23668 0.631179,
-0.0717257 -1.29484 0.586789,
-0.0200625 -1.24898 0.631294,
-0.00245533 -1.25567 0.631434,
-0.0353009 -1.31656 0.58708,
0.383947 -0.820923 -0.361873,
0.376334 -0.820811 -0.345865,
0.377854 -0.788699 -0.345862,
0.372521 -0.901099 -0.34587,
0.37305 -0.901107 -0.346982,
0.374042 -0.868987 -0.345868,
0.381665 -0.869099 -0.361877,
-0.338427 -0.810875 -0.351461,
-0.340895 -0.810843 -0.356857,
-0.337392 -0.778755 -0.352521,
-0.344267 -0.778659 -0.367585,
-0.342458 -0.859027 -0.355285,
-0.340717 -0.859051 -0.351465,
-0.348079 -0.858955 -0.367591,
-0.3496 -0.891067 -0.367593,
-0.342238 -0.891163 -0.351467,
-0.352355 -0.883051 -0.671945,
-0.352774 -0.816523 -0.672929,
-0.355454 -0.802659 -0.660945,
-0.352145 -0.802707 -0.672929,
-0.360971 -0.850787 -0.648881,
-0.218615 -0.459113 -0.832657,
-0.221063 -0.499249 -0.832665,
-0.22351 -0.539395 -0.832673,
-0.225957 -0.579532 -0.832681,
-0.228405 -0.619669 -0.832689,
-0.230852 -0.659805 -0.832697,
-0.239005 -0.458827 -0.815841,
-0.224772 -0.246113 -0.816705,
-0.223768 -0.230055 -0.816697,
-0.241816 -0.229801 -0.800777,
-0.227262 -0.286249 -0.816713,
-0.226266 -0.2702 -0.816705,
-0.244315 -0.269946 -0.800785,
-0.270521 -0.458383 -0.784865,
-0.272075 -0.490505 -0.784865,
-0.259883 -0.490677 -0.799193,
-0.272465 -0.498526 -0.784865,
-0.274028 -0.530648 -0.784873,
-0.260174 -0.530843 -0.801137,
-0.274417 -0.538678 -0.784873,
-0.275971 -0.570792 -0.784873,
-0.260465 -0.57101 -0.803089,
-0.276368 -0.578821 -0.784873,
-0.277923 -0.610935 -0.784873,
-0.260765 -0.611177 -0.805041,
-0.278312 -0.618965 -0.784881,
-0.279875 -0.651079 -0.784881,
-0.261055 -0.651345 -0.806985,
-0.280264 -0.659109 -0.784881,
-0.281827 -0.691231 -0.784881,
-0.330449 -0.304881 -0.664865,
-0.329697 -0.288819 -0.664865,
-0.328555 -0.264728 -0.664865,
-0.327787 -0.248675 -0.664865,
-0.326654 -0.224583 -0.664865,
-0.325893 -0.208531 -0.664865,
-0.328247 -0.208496 -0.655889,
-0.370347 -0.625683 -0.576713,
-0.330398 -0.288809 -0.662177,
-0.334087 -0.288755 -0.648833,
-0.334864 -0.304816 -0.648833,
-0.332143 -0.248612 -0.648833,
-0.33292 -0.264664 -0.648833,
-0.329759 -0.26471 -0.660289,
-0.330199 -0.208468 -0.648825,
-0.330977 -0.22452 -0.648825,
-0.328679 -0.224553 -0.657145,
-0.372306 -0.609581 -0.560665,
-0.373192 -0.625641 -0.560665,
-0.373393 -0.625625 -0.496401,
-0.372313 -0.609569 -0.495393,
-0.358625 -0.384799 -0.496353,
-0.357629 -0.368741 -0.496353,
-0.355635 -0.368767 -0.488265,
-0.346178 -0.184109 -0.496313,
-0.345183 -0.168053 -0.496313,
-0.342514 -0.168087 -0.485457,
-0.333731 0.0165789 -0.496281,
-0.332736 0.0326372 -0.496273,
-0.3391 -0.127962 -0.480209,
-0.339121 -0.128299 -0.480209,
-0.339108 -0.127962 -0.480241,
-0.369492 -0.609605 -0.480305,
-0.370505 -0.625663 -0.480305,
-0.354296 -0.368784 -0.480257,
-0.355309 -0.384842 -0.480257,
-0.356688 -0.384824 -0.488489,
-0.341631 -0.168099 -0.480217,
-0.342644 -0.184156 -0.480217,
-0.343558 -0.184145 -0.485681,
-0.330051 0.0165305 -0.480561,
-0.328975 0.0325875 -0.480177,
-0.341691 -0.730492 -0.367578,
-0.339591 -0.698378 -0.367572,
-0.332229 -0.698478 -0.351445,
0.377029 -0.740482 -0.345882,
0.383891 -0.708437 -0.361907,
0.385241 -0.740599 -0.361887,
0.413261 -0.636561 -0.474169,
0.404822 -0.379338 -0.474313,
0.396421 -0.138189 -0.474449,
0.396429 -0.138189 -0.474481,
0.396441 -0.138525 -0.474449,
0.415881 -0.6366 -0.490217,
0.414538 -0.620508 -0.483249,
0.405809 -0.395425 -0.476609,
0.405181 -0.379344 -0.476137,
0.406753 -0.379369 -0.490369,
0.392492 0.0225538 -0.490593,
0.393057 0.00647391 -0.490585,
0.391286 0.00650207 -0.474529,
0.416657 -0.620551 -0.554489,
0.416321 -0.620546 -0.554489,
0.416744 -0.636624 -0.554481,
0.416593 -0.636621 -0.554481,
0.416094 -0.620542 -0.554497,
0.414172 -0.62052 -0.570577,
0.414637 -0.636597 -0.570569,
0.390103 -0.314896 -0.643161,
0.389579 -0.298817 -0.643169,
0.388798 -0.274698 -0.643185,
0.388274 -0.258628 -0.643193,
0.387493 -0.234509 -0.643201,
0.386969 -0.218439 -0.643209,
0.384887 -0.298754 -0.659273,
0.385377 -0.314833 -0.659265,
0.386595 -0.258605 -0.649649,
0.383665 -0.258567 -0.659297,
0.384155 -0.274637 -0.659289,
0.382444 -0.218379 -0.659313,
0.382934 -0.234449 -0.659305,
0.385529 -0.234483 -0.650777,
0.320799 -0.466605 -0.780233,
0.321869 -0.50679 -0.780217,
0.322947 -0.546984 -0.780193,
0.324026 -0.58717 -0.780169,
0.325096 -0.627355 -0.780153,
0.326174 -0.667541 -0.780129,
0.30058 -0.253415 -0.796521,
0.301666 -0.293601 -0.796505,
0.295278 -0.466255 -0.808401,
0.271461 -0.465927 -0.828825,
0.272517 -0.498085 -0.828809,
0.296501 -0.498415 -0.808241,
0.272774 -0.506117 -0.828801,
0.27383 -0.538274 -0.828785,
0.298024 -0.538606 -0.808041,
0.274088 -0.546313 -0.828777,
0.275143 -0.578464 -0.828761,
0.299553 -0.578799 -0.807841,
0.275409 -0.586502 -0.828753,
0.276457 -0.618652 -0.828737,
0.301076 -0.618991 -0.807633,
0.276724 -0.626692 -0.828737,
0.277771 -0.658841 -0.828721,
0.302598 -0.659183 -0.807433,
0.278037 -0.666881 -0.828713,
0.279084 -0.699038 -0.828697,
0.28288 -0.2371 -0.812729,
0.283412 -0.253179 -0.812721,
0.287198 -0.253232 -0.809473,
0.284201 -0.277297 -0.812713,
0.284725 -0.293368 -0.812705,
0.255661 0.229273 -0.813081,
0.265988 0.22913 -0.805729,
0.276363 0.228987 -0.796857,
0.373417 0.520934 -0.555161,
0.3711 0.520967 -0.571249,
0.371943 0.504879 -0.571241,
0.382679 0.344052 -0.555041,
0.38037 0.344082 -0.571121,
0.381213 0.327999 -0.571113,
0.363524 0.665687 -0.571353,
0.365832 0.665663 -0.555265,
0.364989 0.681742 -0.555273,
0.377627 0.320027 -0.490801,
0.378419 0.303953 -0.490785,
0.377084 0.303974 -0.476825,
0.371713 0.440632 -0.490881,
0.372497 0.424547 -0.490873,
0.37171 0.424559 -0.482545,
0.388727 0.0627801 -0.474569,
0.387935 0.0788536 -0.474577,
0.389471 0.0788295 -0.490633,
0.376547 0.303982 -0.474737,
0.375637 0.320058 -0.474745,
0.376373 0.320047 -0.477585,
0.369711 0.424588 -0.474825,
0.3688 0.44067 -0.474833,
0.370991 0.440641 -0.483305,
0.319185 0.602075 -0.370833,
0.320111 0.585986 -0.37082,
0.319121 0.586004 -0.368736,
0.33407 0.344763 -0.37064,
0.335005 0.328678 -0.370629,
0.326164 0.481455 -0.370743,
0.327099 0.465372 -0.370731,
0.346644 0.127654 -0.370478,
0.339021 0.127762 -0.354469,
0.338094 0.143847 -0.354481,
0.309417 0.586143 -0.354836,
0.308297 0.602231 -0.354849,
0.318604 0.60208 -0.369623,
0.326288 0.344874 -0.354633,
0.326823 0.344866 -0.355396,
0.327269 0.330837 -0.354621,
0.317856 0.465503 -0.354734,
0.316728 0.481592 -0.354748,
0.32246 0.481511 -0.362955,
-0.247437 0.609951 -0.375269,
-0.2368 0.609804 -0.359117,
-0.261085 0.353039 -0.359232,
-0.249705 0.473395 -0.359177,
-0.248911 0.593897 -0.375212,
-0.248945 0.593898 -0.375276,
-0.268951 0.353147 -0.375362,
-0.262703 0.353062 -0.361688,
-0.263622 0.337003 -0.360786,
-0.254893 0.489538 -0.36935,
-0.255811 0.47348 -0.368449,
-0.258949 0.473518 -0.375319,
-0.285621 0.152516 -0.375433,
-0.27825 0.152417 -0.359307,
-0.27959 0.136364 -0.359313,
-0.324515 0.0887597 -0.480161,
-0.325847 0.0727148 -0.480161,
-0.326111 0.0727185 -0.481745,
-0.310156 0.313527 -0.496177,
-0.308858 0.329571 -0.496177,
-0.304895 0.329519 -0.480073,
-0.300396 0.4339 -0.496137,
-0.299098 0.449953 -0.496137,
-0.295135 0.449903 -0.480033,
-0.329675 0.0727653 -0.496265,
-0.328378 0.0888105 -0.496257,
-0.298423 0.514208 -0.560417,
-0.295804 0.514165 -0.576465,
-0.294515 0.530218 -0.576457,
-0.312642 0.337648 -0.560481,
-0.310023 0.337609 -0.576521,
-0.308734 0.353663 -0.576521,
-0.281586 0.690728 -0.576409,
-0.284205 0.690771 -0.560361,
-0.285503 0.674719 -0.560361,
-0.202307 0.251706 -0.800609,
-0.204042 0.235667 -0.800617,
-0.194929 0.235539 -0.808649,
-0.186211 0.235416 -0.816545,
-0.184519 0.251455 -0.816537,
0.018953 -2.67548 0.298608,
0.0193822 -2.65139 0.286556,
-0.00073573 -2.65375 0.286399,
0.0354798 -2.64949 0.286682,
0.0350503 -2.67359 0.298734,
-0.0248289 -2.65341 0.286211,
-0.0448729 -2.65049 0.286053,
-0.0453025 -2.67459 0.298106,
-0.0813857 -2.66933 0.297822,
-0.0613417 -2.67225 0.297979,
-0.0792129 -2.64548 0.285783,
-0.0809498 -2.64475 0.285769,
-0.0810761 -2.65199 0.289146,
0.0556044 -2.64664 0.286839,
0.0538477 -2.64734 0.286825,
1.48887 -1.96618 0.504059,
1.5079 -1.96064 0.530983,
-1.51057 -2.82993 0.480841,
-1.53001 -2.83547 0.507467,
-1.45381 -2.91818 0.454527,
-1.47276 -2.92492 0.481165,
-0.765935 -3.76391 0.486943,
-0.775831 -3.78145 0.513646,
-0.680725 -3.82239 0.514403,
-0.585615 -3.86335 0.515159,
-0.490512 -3.90431 0.515915,
-0.663355 -3.78635 0.460967,
-0.672035 -3.80436 0.487689,
-0.578135 -3.8448 0.488436,
0.421013 -3.89783 0.49627,
0.426338 -3.91706 0.523093,
0.603224 -3.80396 0.470884,
0.509452 -3.84128 0.470161,
0.516001 -3.86002 0.497003,
0.705979 -3.78439 0.498467,
0.61099 -3.8222 0.497735,
0.618754 -3.84046 0.524576,
1.3776 -3.0508 0.476723,
1.43586 -2.96535 0.503938,
1.45419 -2.97263 0.530859,
1.49515 -2.87752 0.531152,
1.43131 -1.76821 0.530327,
1.39302 -1.67201 0.529999,
0.744247 -1.03218 0.497958,
0.753719 -1.01466 0.524803,
0.658617 -0.973707 0.524047,
0.642078 -1.00978 0.470367,
0.650347 -0.991739 0.497212,
0.556447 -0.951307 0.496465,
0.563507 -0.932747 0.523291,
0.468405 -0.891803 0.522534,
-0.442702 -0.898283 0.488631,
-0.448447 -0.879059 0.515356,
-0.624502 -0.992171 0.460451,
-0.530721 -0.954843 0.461174,
-0.53769 -0.936091 0.487899,
-0.727663 -1.01172 0.486434,
-0.632678 -0.973907 0.487166,
-0.640862 -0.955643 0.513872,
-1.4305 -1.81879 0.454387,
-1.39887 -1.74533 0.454613,
-1.41711 -1.73685 0.481251,
-1.37668 -1.64294 0.48154,
-1.39441 -1.63325 0.508175,
-1.45754 -1.83075 0.480963,
-1.4763 -1.82347 0.50759,
-1.51726 -1.91858 0.507297,
-1.43496 -3.01992 0.481489,
-1.42188 -3.05275 0.481601,
-1.44365 -3.05245 0.508207,
-1.41513 -3.12408 0.508451,
1.41324 -3.06774 0.530567,
1.39543 -3.05927 0.503649,
1.37228 -3.16284 0.530274,
1.45107 -1.87119 0.503735,
1.44613 -1.85878 0.503693,
1.41327 -1.77619 0.503411,
0.0501456 -1.47496 0.390893,
0.0492006 -1.49102 0.390891,
0.0501158 -1.49104 0.406968,
0.0469511 -1.47493 0.33463,
0.0460142 -1.49099 0.334628,
0.0469208 -1.491 0.350705,
0.051188 -1.40268 0.334642,
0.050251 -1.41874 0.334639,
0.0511582 -1.41876 0.350717,
0.0736793 -1.07357 0.390959,
0.0727426 -1.08963 0.390957,
0.0736492 -1.08964 0.407035,
0.0700352 -1.07353 0.326657,
0.0690897 -1.08959 0.326655,
0.0700051 -1.0896 0.342732,
0.0659335 -1.07349 0.254324,
0.064988 -1.08954 0.254322,
0.0659034 -1.08955 0.270391,
0.0622886 -1.07345 0.190022,
0.0613439 -1.0895 0.190019,
0.0622585 -1.08952 0.206097,
0.0674632 -0.985147 0.190037,
0.0665264 -1.0012 0.190034,
0.0674331 -1.0012 0.206111,
0.0518109 -1.31433 0.254285,
0.0508663 -1.33038 0.254282,
0.0517817 -1.33039 0.270351,
0.072638 -0.896835 0.190051,
0.0717002 -0.912891 0.190049,
0.0726156 -0.912899 0.206127,
0.0737188 -0.808483 0.117733,
0.072773 -0.824539 0.11773,
0.0736884 -0.824555 0.133799,
0.0878404 -0.567648 0.117773,
0.0869035 -0.583707 0.11777,
0.0878101 -0.583716 0.133839,
-0.0506697 -1.47356 0.406175,
-0.0501457 -1.48963 0.406184,
-0.0489545 -1.48965 0.390122,
-0.0464769 -1.47363 0.349969,
-0.0459537 -1.48971 0.349978,
-0.0447529 -1.48972 0.333916,
-0.0488129 -1.40128 0.349929,
-0.0482897 -1.41737 0.349938,
-0.0470977 -1.41739 0.333877,
-0.0636465 -1.07166 0.405955,
-0.0631225 -1.08773 0.405964,
-0.0619305 -1.08776 0.389903,
-0.0588537 -1.07174 0.341719,
-0.0583297 -1.08781 0.341727,
-0.0571297 -1.08783 0.325667,
-0.0534609 -1.07183 0.269451,
-0.0529369 -1.0879 0.26946,
-0.0517449 -1.08791 0.253408,
-0.0486681 -1.07191 0.205224,
-0.0481441 -1.08798 0.205233,
-0.0469521 -1.08799 0.189171,
-0.0515193 -0.983491 0.205175,
-0.0510041 -0.999563 0.205184,
-0.0498033 -0.999579 0.189123,
-0.0456713 -1.31296 0.269583,
-0.0451561 -1.32904 0.269592,
-0.0439561 -1.32906 0.25354,
-0.0543785 -0.895067 0.205127,
-0.0538553 -0.911147 0.205136,
-0.0526545 -0.911163 0.189075,
-0.0518369 -0.806739 0.132812,
-0.0513217 -0.822811 0.132821,
-0.0501217 -0.822835 0.116768,
-0.0596265 -0.565595 0.13268,
-0.0591025 -0.581673 0.132689,
-0.0579025 -0.581693 0.116636,
0.0581568 -1.08947 0.133756,
0.0576918 -1.08947 0.125641,
0.058895 -1.07342 0.130231,
0.0581868 -1.07341 0.117689,
-0.0415593 -1.08808 0.116913,
-0.0420745 -1.07201 0.116904,
-0.0430121 -1.072 0.129432,
-0.0432753 -1.072 0.132957,
-0.0427593 -1.08807 0.132966,
-0.0421505 -1.08808 0.124859,
0.015252 -2.16667 0.680572,
-0.0334385 -2.16599 0.680192,
0.213377 1.60782 -0.508529,
0.119284 1.73766 -0.573577,
0.0861986 1.706 -0.509553,
0.0830004 1.59361 -0.300665,
0.0148807 1.59454 -0.321285,
-0.0171841 1.59499 -0.32957,
-0.0142057 1.7074 -0.510345,
-0.0505217 1.69585 -0.510625,
-0.0748393 1.68012 -0.510809,
-0.0888849 1.59597 -0.406453,
-0.0651601 1.59565 -0.358063,
-0.0993329 1.65234 -0.510993,
0.192265 1.59206 -0.404252,
0.20591 1.6481 -0.508601,
0.182199 1.67654 -0.508793,
0.158329 1.69296 -0.508985,
0.122348 1.7055 -0.509273,
0.167785 1.59241 -0.356239,
0.119369 1.59309 -0.328501,
0.0871787 1.59353 -0.320718,
0.0509668 1.59404 -0.312968,
0.0187448 1.59449 -0.301169,
0.0219432 1.7069 -0.510057,
0.0540709 1.70644 -0.509809,
-0.0258057 1.73969 -0.510441,
-0.00924333 1.73945 -0.574585,
0.134841 1.73745 -0.509185,
0.0510786 1.61036 -0.298261,
0.0496583 1.2888 -0.686817,
-0.124303 1.66091 -0.543305,
0.231663 1.65597 -0.540513,
-0.0456201 0.0198861 -0.183228,
-0.0552129 0.0217484 -0.184957,
-0.0548009 0.0431102 -0.19957,
-0.0535201 -2.23897 0.249711,
-0.0535049 -2.23897 0.247737,
-0.0493385 -2.23848 0.247333,
-0.0300889 -2.23621 0.249893,
-0.166788 -2.34915 0.246883,
-0.166803 -2.34915 0.248856,
-0.168104 -2.4427 0.248873,
-0.168089 -2.4427 0.2469,
-0.168581 -2.43854 0.246459,
-0.170869 -2.41927 0.248845,
0.148924 -2.44711 0.249383,
0.148909 -2.44711 0.251355,
0.15021 -2.35355 0.251338,
0.150225 -2.35355 0.249365,
0.150717 -2.35772 0.248934,
0.152965 -2.37699 0.251367,
0.0400491 -2.24027 0.24847,
0.0400339 -2.24027 0.250443,
0.0633614 -0.985107 0.117703,
0.0624247 -1.00116 0.117701,
0.0633313 -1.00116 0.133771,
-0.0461265 -0.983579 0.132909,
-0.0456105 -0.999651 0.132918,
-0.0444105 -0.999667 0.116864,
-0.0439593 -1.75548 0.438443,
-0.0554609 -1.01125 0.269998,
0.0704225 -1.013 0.270983,
-0.0392673 -1.51269 0.270271,
0.0410562 -1.51381 0.2709,
-0.0678137 -0.628508 0.269788,
-0.0624169 -0.349262 0.0763563,
-0.0675361 -0.614121 0.25982,
0.0931198 -0.616355 0.261078,
0.0928416 -0.630742 0.271047,
0.0463223 -1.24133 0.0821627,
-0.0347105 -1.27691 0.106955,
-0.0340009 -1.24022 0.0815339,
0.0464538 -1.23456 0.0774683,
0.0896671 -0.49755 0.0775899,
0.128951 -1.27494 -0.0182818,
-0.0576993 -0.495501 0.0764363,
-0.0426449 -1.15203 0.0164943,
0.0951443 -0.497637 0.0170447,
-0.0338705 -1.23345 0.0768395,
0.129485 -1.27497 -0.0865651,
-0.124361 -1.27142 -0.020265,
-0.122685 -1.15092 -0.0202874,
-0.123819 -1.23246 -0.0202722,
-0.0443201 -1.27252 0.0165167,
-0.123284 -1.23248 -0.0885555,
-0.123827 -1.27144 -0.0885484,
0.130027 -1.236 -0.0865723,
0.0420818 -1.27376 -0.123396,
-0.0333985 -1.23347 0.0165903,
-0.0437785 -1.23357 0.0165095,
0.0463621 -1.23458 0.0172151,
0.0483444 -1.27382 0.0172423,
-0.0311657 -1.23356 -0.268758,
-0.0322985 -1.23351 -0.123989,
0.0426236 -1.23479 -0.123403,
-0.0426785 -1.2336 -0.124071,
-0.0432201 -1.27257 -0.124064,
-0.150843 -1.03891 0.569201,
-0.103097 -1.00332 0.56812,
-0.103098 -1.00332 0.568271,
-0.0477713 -0.981299 0.568026,
0.236182 -1.20559 0.579961,
0.227564 -1.26451 0.584009,
0.203723 -1.31919 0.621093,
0.203989 -1.3192 0.587047,
0.119308 -1.40152 0.591766,
0.0639712 -1.42353 0.593279,
0.00482723 -1.43048 0.594187,
0.0702882 -0.982939 0.568892,
0.124972 -1.00649 0.569839,
0.171689 -1.04339 0.571432,
0.207265 -1.09112 0.573824,
0.229263 -1.14644 0.576657,
-0.219942 -1.19925 0.576147,
-0.211324 -1.14032 0.57325,
-0.187763 -1.08563 0.570773,
-0.187763 -1.08563 0.570832,
-0.150841 -1.03891 0.568975,
-0.0540881 -1.42189 0.592347,
-0.0540889 -1.42189 0.592455,
-0.108759 -1.39835 0.589863,
-0.108761 -1.39835 0.590081,
-0.155467 -1.36143 0.587018,
-0.15547 -1.36143 0.587421,
-0.191039 -1.3137 0.584072,
-0.191038 -1.3137 0.58398,
-0.213024 -1.25838 0.58066,
-0.213016 -1.25838 0.579661,
-0.219945 -1.19924 0.576483,
0.0316231 -0.977299 0.568756,
0.0702874 -0.982939 0.568967,
0.031623 -0.977299 0.568763,
-0.0295177 -0.978875 0.568269,
0.227587 -1.26451 0.581095,
-0.213018 -1.25838 0.579845,
-0.213001 -1.25838 0.577646,
-0.261934 -0.968107 0.563735,
-0.261472 -0.968123 0.504796,
-0.259864 -0.852435 0.504775,
-0.259379 -0.817507 0.504768,
-0.20981 -0.859883 0.487386,
-0.0802417 -0.970651 0.441941,
0.279032 -0.975627 0.567971,
0.281854 -0.864635 0.562309,
0.280728 -0.975659 0.509041,
0.282822 -0.825051 0.509014,
0.0632296 -0.741651 0.483165,
0.232085 -0.866267 0.490744,
0.0831316 -0.865315 0.461904,
0.100494 -0.973163 0.443356,
0.282256 -0.825027 0.58131,
-0.259944 -0.817491 0.577065,
0.166817 -1.36591 0.620818,
0.0628452 -0.701452 0.603663,
-0.0375673 -0.700055 0.602876,
-0.0371833 -0.740254 0.482379,
0.00462867 -1.43047 0.619568,
-0.0153833 -1.3614 0.619072,
0.133895 -1.30198 0.620222,
0.155371 -1.26595 0.620379,
0.166789 -1.22559 0.620457,
0.0637618 -1.42352 0.620028,
0.0265499 -1.36198 0.6194,
0.119083 -1.40151 0.620455,
0.0672148 -1.35169 0.619715,
0.103823 -1.33123 0.619996,
0.136615 -1.10637 0.620186,
0.107368 -1.07631 0.619948,
0.0713431 -1.05484 0.61966,
0.167373 -1.18365 0.620449,
0.157081 -1.14298 0.620357,
-0.139767 -1.13885 0.618033,
-0.0516193 -1.05312 0.618697,
-0.0882273 -1.07359 0.618417,
-0.118291 -1.10283 0.61819,
-0.141476 -1.26182 0.618056,
-0.155711 -1.36143 0.618292,
-0.0917721 -1.3285 0.618464,
-0.0542969 -1.42188 0.619104,
-0.108985 -1.39834 0.618669,
-0.0557465 -1.34998 0.618752,
-0.191304 -1.31369 0.618,
-0.151768 -1.22116 0.617963,
-0.151185 -1.17922 0.617956,
-0.0712921 -0.808475 0.394441,
0.0893635 -0.810707 0.395699,
0.0881497 -0.873523 0.439217,
0.0971537 -0.350535 0.0173527,
-0.0551361 0.0139049 -0.183989,
-0.0595817 -0.348356 0.0161255,
0.0971619 -0.349611 0.0168407,
0.100477 0.0186858 -0.182504,
0.0985176 -0.270238 0.0168279,
-0.0551457 0.0149627 -0.184065,
-0.0552233 0.0212621 -0.18447,
-0.0608145 -0.268265 0.0155807,
0.050929 -1.15336 -0.120398,
0.13116 -1.15447 -0.0865875,
0.0437573 -1.15326 -0.123418,
0.094217 -0.752571 -0.135996,
0.0635955 -0.752147 -0.137713,
-0.0753553 -0.750219 -0.137138,
-0.122151 -1.15095 -0.0885707,
-0.0415449 -1.15208 -0.124085,
-0.0442505 -0.942107 -0.131667,
0.00569067 -2.30691 0.742211,
0.00557315 -2.30691 0.742209,
0.0355097 -2.30733 0.742443,
0.0642513 -2.34538 0.74268,
0.0743785 -2.42139 0.742782,
-0.0782473 -2.48303 0.741605,
-0.0968545 -2.44556 0.741448,
-0.0883529 -2.34326 0.741485,
-0.0375097 -2.30631 0.741872,
-0.00287213 -2.30679 0.742144,
0.0144551 -2.30703 0.742279,
0.0270641 -2.24385 0.742359,
-0.0201825 -2.30655 0.742008,
-0.0286281 -2.30643 0.741942,
-0.0668489 -1.04657 0.438055,
-0.0618905 -0.986619 0.345566,
-0.0723225 -0.876827 0.437963,
0.0761493 -0.988539 0.346647,
0.0778812 -1.04859 0.439188,
0.0878205 -0.879051 0.439216,
0.0331743 -2.62899 0.680848,
0.158359 -2.52035 0.681796,
0.148641 -2.54292 0.681727,
-0.195411 -2.49274 0.67902,
-0.19828 -2.46835 0.67899,
0.168076 -2.49779 0.681866,
0.175159 -2.44919 0.681907,
0.171621 -2.4735 0.681886,
0.062024 -2.18643 0.680945,
0.103687 -2.22391 0.681281,
0.0820077 -2.20095 0.681105,
0.13488 -2.27652 0.681541,
0.117837 -2.24677 0.681399,
0.146911 -2.30622 0.681643,
0.155835 -2.34074 0.681724,
0.16978 -2.37531 0.681844,
0.118204 -2.58147 0.6815,
0.0788187 -2.61083 0.6812,
-0.0156065 -2.63473 0.680468,
-0.0642169 -2.62765 0.680086,
-0.0867689 -2.61792 0.679908,
-0.109331 -2.60821 0.679728,
-0.128607 -2.59299 0.679572,
-0.147884 -2.57776 0.679417,
-0.162564 -2.55807 0.679296,
-0.177246 -2.53839 0.679175,
-0.201139 -2.44395 0.67896,
-0.197427 -2.40711 0.678979,
-0.193708 -2.37026 0.678997,
-0.178816 -2.33608 0.679104,
-0.168935 -2.30183 0.679172,
-0.156083 -2.27248 0.679263,
-0.138211 -2.24321 0.679395,
-0.123431 -2.22075 0.679503,
-0.0807417 -2.18444 0.679827,
-0.101121 -2.19839 0.679671,
-0.0578601 -2.17051 0.680002,
-0.0424441 -2.17874 0.701997,
0.0235572 -2.17966 0.702514,
0.0395301 -2.17187 0.680763,
-0.0180225 -2.17423 0.702187,
-0.00902573 -2.16149 0.680381,
-0.00072901 -2.17447 0.702323,
-0.0117969 -2.30667 0.776523,
0.00131019 -2.43099 0.812156,
0.00613483 -2.41667 0.81122,
-0.0289121 -2.43058 0.811916,
-0.0237345 -2.43565 0.811963,
-0.00400653 -2.43592 0.812115,
-0.0322433 -2.4238 0.811891,
-0.0136537 -2.4164 0.818747,
-0.170218 -2.37249 0.248836,
-0.170199 -2.37249 0.246435,
-0.173374 -2.39429 0.246408,
-0.0298057 -2.23622 0.213749,
-0.0300697 -2.23621 0.247491,
-0.00820334 -2.23364 0.247654,
-0.17085 -2.41928 0.246444,
-0.170586 -2.41929 0.212701,
-0.173417 -2.3974 0.246409,
-0.173596 -2.39584 0.246407,
-0.173615 -2.39584 0.248816,
0.152315 -2.42377 0.251375,
0.152333 -2.42377 0.248974,
0.155516 -2.40198 0.248984,
0.0166882 -2.23686 0.250259,
0.0167074 -2.23686 0.247858,
-0.00508013 -2.23369 0.247678,
-0.00665773 -2.23346 0.250075,
-0.00663853 -2.23346 0.247666,
0.152984 -2.37699 0.248965,
0.15556 -2.39886 0.248984,
0.15574 -2.40042 0.248986,
0.155721 -2.40042 0.251395,
0.227272 -2.43259 0.280083,
0.0187178 -2.63543 0.278511,
0.231812 -2.40147 0.28011,
0.22814 -2.37023 0.280072,
-0.250147 -2.39477 0.276336,
-0.0125185 -2.63911 0.278267,
-0.0114921 -2.57887 0.254161,
-0.0436481 -2.63456 0.278023,
-0.246475 -2.42601 0.276375,
-0.242803 -2.45726 0.276412,
-0.186959 -2.41905 0.252741,
-0.245607 -2.36364 0.276363,
-0.186309 -2.37226 0.252732,
-0.0296073 -2.51391 0.741995,
-0.0957377 -2.44921 0.741459,
-0.0144537 -2.51715 0.742115,
-0.0809577 -2.47925 0.741583,
-0.0906945 -2.46573 0.741503,
0.0530768 -2.48112 0.742632,
0.0686784 -2.45151 0.742746,
0.0631776 -2.46787 0.742708,
-1.12835 1.20697 0.549599,
-1.16883 1.20754 0.589451,
-1.11663 2.05042 0.549443,
-1.1571 2.05099 0.589295,
1.21715 2.01796 0.567716,
1.25699 2.01743 0.608195,
1.20542 1.17453 0.567872,
1.24527 1.17397 0.608351,
0.0228928 1.739 -0.574329,
-0.0253025 1.73968 -0.574705,
0.0506224 1.44939 -0.525825,
0.135344 1.73744 -0.573449,
0.0871483 1.73812 -0.573825,
1.26071 2.02611 0.572067,
1.24141 0.660526 0.612485,
1.18039 2.02722 0.571439,
1.16139 0.661631 0.571691,
1.24173 0.660515 0.572319,
-1.17901 0.69417 0.553367,
-1.16001 2.05977 0.553115,
-1.16033 2.05977 0.59328,
-1.07969 2.05865 0.553743,
-1.09868 0.693054 0.553996,
-1.15678 2.05098 0.549129,
-1.15385 3.53994 0.713409,
-1.23337 3.54105 0.712787,
-1.15337 3.49173 0.681286,
-1.23378 3.49285 0.680656,
-1.11201 0.126367 0.915579,
-1.11166 0.151042 0.915571,
-1.2416 2.93055 0.68076,
-1.25511 0.0296081 0.676829,
-1.22229 2.93089 0.680911,
-1.16957 3.35984 0.681198,
-1.23561 3.36076 0.68068,
-1.23586 3.36077 0.712819,
-1.10136 -0.257889 0.910555,
-1.25521 0.153031 0.882315,
-1.04029 0.026659 0.884036,
-1.04301 -0.121365 0.884595,
-1.04357 0.0267053 0.885691,
-1.03857 0.139811 0.851883,
-1.03831 0.150006 0.829436,
-1.11387 -0.201061 0.594391,
-1.11102 -0.120473 0.595238,
-1.10579 0.0275164 0.596806,
-1.11086 0.027587 0.594264,
-1.19119 0.028704 0.593635,
-1.11404 -0.201058 0.594307,
-1.11293 -0.120447 0.594291,
-1.18948 0.152064 0.593612,
-1.19437 -0.199941 0.593677,
-1.19325 -0.11933 0.593663,
-1.25503 0.0295973 0.625268,
-1.25561 -0.118457 0.624811,
-1.25094 0.0295401 0.623487,
-1.22296 2.83248 0.624696,
-1.20919 -0.334149 0.84314,
-1.23537 -0.291439 0.842963,
-1.23537 -0.291439 0.842931,
-1.23687 -0.291422 0.818707,
-1.23443 -0.291453 0.835875,
-1.07156 -0.293722 0.817691,
-1.07237 -0.293706 0.837979,
-1.14437 -0.353047 0.828843,
-1.1745 -0.292289 0.828587,
-1.17417 -0.26806 0.828555,
-1.23497 -0.291443 0.849475,
-1.25913 -0.198989 0.875523,
-1.05177 -0.20187 0.888156,
-1.07295 -0.293697 0.850659,
-1.10446 -0.293251 0.888252,
-1.10219 -0.26845 0.904675,
-1.17004 0.0284529 0.828532,
-1.17004 0.0284529 0.828507,
-1.14365 -0.268473 0.88802,
-1.13906 0.0280219 0.828772,
-1.13906 0.0280219 0.828747,
-1.14352 -0.292719 0.828836,
-1.10693 0.0275755 0.828995,
-1.10057 -0.201188 0.910539,
-1.09739 0.0274577 0.9105,
-1.11011 -0.201069 0.829044,
-1.10898 -0.120458 0.829027,
-1.09945 -0.120576 0.910532,
-1.10786 -0.333253 0.863972,
-1.10437 -0.293252 0.889099,
-1.11139 -0.293166 0.82906,
-1.11083 -0.252877 0.829051,
-1.20585 -0.235485 0.828299,
-1.21609 -0.235327 0.905251,
-1.21109 0.127744 0.905643,
-1.2008 0.127586 0.828235,
-1.21559 -0.199589 0.905283,
-1.20424 -0.119134 0.828283,
-1.21448 -0.118977 0.905371,
-1.21245 0.0290565 0.905539,
-1.20663 -0.291841 0.828315,
-1.1745 -0.292289 0.828563,
-1.14437 -0.353047 0.82882,
-1.14352 -0.292719 0.828804,
-1.21621 -0.245049 0.905235,
-1.25062 -0.199105 0.886892,
-1.25488 -0.199047 0.880795,
-1.25906 -0.187845 0.882388,
-1.22029 -0.291645 0.867651,
-1.21321 -0.291741 0.877787,
-1.21175 -0.314528 0.864412,
-1.17497 -0.29227 0.88778,
-1.17463 -0.268042 0.887771,
-1.14398 -0.292701 0.88802,
-1.14423 -0.309904 0.888027,
-1.13953 0.0280397 0.887964,
-1.1705 0.02847 0.887723,
-1.13815 0.126726 0.887947,
-1.17369 -0.200175 0.887764,
-1.17257 -0.119564 0.887748,
-1.14122 -0.238308 0.631401,
-1.1152 -0.23867 0.631605,
-1.11415 -0.208807 0.594307,
-1.19553 -0.237553 0.630976,
-1.19447 -0.20769 0.593679,
-1.23656 -0.291434 0.778731,
-1.07126 -0.293733 0.780027,
-1.04155 -0.202052 0.67427,
-1.09636 -0.201302 0.60227,
-1.05151 -0.201917 0.647382,
-1.04105 -0.178001 0.627003,
-1.0915 -0.293462 0.725359,
-1.20576 -0.291874 0.715941,
-1.20625 -0.291856 0.778971,
-1.1722 -0.237877 0.631159,
-1.17284 -0.200206 0.779203,
-1.17349 -0.292326 0.699158,
-1.17412 -0.292303 0.77922,
-1.17501 -0.356442 0.779235,
-1.10901 -0.233953 0.631651,
-1.10972 -0.201084 0.779699,
-1.11153 -0.339291 0.764404,
-1.11043 -0.293201 0.706327,
-1.11101 -0.29318 0.779715,
-1.14314 -0.292733 0.779459,
-1.14251 -0.292757 0.6994,
-1.14402 -0.356873 0.779475,
-1.20939 -0.199731 0.601184,
-1.05286 3.3582 0.626813,
-1.02601 3.35785 0.737293,
-1.01145 3.35768 0.880251,
-1.00793 3.35763 0.885627,
-1.15349 3.49173 0.681285,
-1.16966 3.35984 0.681197,
-1.14257 3.60392 0.696375,
-1.2219 2.98713 0.713039,
-1.25289 0.223099 0.673431,
-1.25462 0.153013 0.827739,
-1.25362 0.152962 0.625243,
-1.23732 1.57741 0.624952,
-1.22789 2.48849 0.793475,
-1.22772 2.49697 0.780755,
-1.25476 0.153019 0.850187,
-1.23913 1.57749 0.882027,
-1.24776 0.769847 0.850067,
-1.2375 1.57743 0.673154,
-1.24668 0.769802 0.67332,
-1.06706 3.35845 0.914979,
-1.21989 3.28237 0.881676,
-1.24825 0.769865 0.882195,
-1.22876 2.497 0.881835,
-1.1981 0.127564 0.912316,
-1.20032 0.127595 0.911291,
-1.21091 3.36045 0.885283,
-1.20048 0.152275 0.911067,
-1.20429 0.769258 0.905276,
-1.20931 1.57708 0.897683,
-1.21502 2.49681 0.889052,
-1.0097 3.35765 0.886892,
-1.05599 3.3583 0.910244,
-1.04403 0.150095 0.886604,
-1.04633 0.767056 0.891147,
-1.04933 1.57485 0.897099,
-1.05277 2.49456 0.903868,
-1.14739 3.35957 0.914355,
-1.09185 1.57545 0.915316,
-1.19198 0.152158 0.914947,
-1.18341 0.768969 0.914836,
-1.10309 0.767853 0.915459,
-1.17218 1.57656 0.914684,
-1.1594 2.49604 0.914515,
-1.07907 2.49493 0.91514,
-1.02282 1.57448 0.883723,
-1.01141 2.49397 0.782444,
-1.01245 2.49399 0.883532,
-1.01124 2.48546 0.738933,
-1.01125 2.49396 0.755891,
-1.0373 0.149954 0.626936,
-1.02227 1.57447 0.851595,
-1.02101 1.5744 0.626646,
-1.03037 0.766795 0.675013,
-1.0389 0.150024 0.884011,
-1.03194 0.766858 0.883884,
-1.03145 0.76684 0.851755,
-1.03025 0.766783 0.626811,
-1.01049 2.49393 0.626458,
-1.05731 3.35826 0.597274,
-1.10142 0.15084 0.598105,
-1.0796 0.767465 0.604619,
-1.05102 1.57482 0.613144,
-1.01849 2.49402 0.62286,
-1.06455 3.35836 0.593648,
-1.16967 1.57647 0.593349,
-1.10914 0.150947 0.594241,
-1.10057 0.767757 0.594128,
-1.08934 1.57536 0.593978,
-1.07656 2.49483 0.593808,
-1.14488 3.35948 0.59302,
-1.18089 0.768873 0.593499,
-1.15688 2.49594 0.59318,
-1.15273 3.35959 0.596527,
-1.14604 3.35949 0.593598,
-1.24706 0.152869 0.622381,
-1.24656 0.76979 0.625117,
-1.22763 0.769529 0.616844,
-1.2022 1.57693 0.609602,
-1.17323 2.49618 0.601347,
-1.2268 2.49693 0.624764,
-1.08673 1.57532 0.593999,
-1.08 2.05866 0.593909,
-1.17932 0.694189 0.593532,
-1.09899 0.693064 0.594162,
-1.16705 1.57644 0.59337,
-1.17828 0.768838 0.593519,
-1.09795 0.767722 0.594148,
-1.17534 -0.352617 0.828571,
-1.19898 -0.352288 0.828412,
-1.17534 -0.352617 0.828604,
-1.17839 -0.352574 0.82858,
-1.17838 -0.352574 0.828548,
-1.11211 -0.34504 0.829092,
-1.11176 -0.347178 0.779724,
-1.01049 3.336 0.879283,
-1.00359 3.27853 0.883372,
-1.01262 3.11105 0.750787,
-1.00665 2.82861 0.62639,
-1.02877 3.40875 0.734503,
-1.02612 3.68994 0.895124,
-1.05833 3.98674 0.914868,
-1.13865 3.98785 0.914235,
-1.14396 3.42548 0.593008,
-1.06363 3.42436 0.593636,
-1.11185 3.63595 0.71371,
-1.13985 3.63633 0.71349,
-1.06221 3.71543 0.714075,
-1.06333 3.63527 0.714089,
-1.24106 2.98678 0.712889,
-1.22191 2.98651 0.713039,
-1.22229 2.93028 0.680911,
-1.16913 0.127157 0.887699,
-1.13837 0.126734 0.915371,
-1.11195 -0.333203 0.829067,
-1.20697 -0.315818 0.828315,
-1.14457 -0.350653 0.859803,
-1.17556 -0.350223 0.859564,
-1.17521 -0.309473 0.88778,
-1.11211 -0.344981 0.829092,
-1.20729 -0.338511 0.828348,
-1.18948 -0.35242 0.828491,
-1.21085 -0.330143 0.856035,
-1.21168 -0.315746 0.863755,
-1.20697 -0.315818 0.828339,
-1.20729 -0.338687 0.828348,
-1.20917 -0.334149 0.843059,
-1.20722 -0.334179 0.828348,
-1.10864 -0.338902 0.858036,
-1.11211 -0.345023 0.829092,
-1.11195 -0.333211 0.829092,
-1.19233 0.127484 0.914947,
-1.16935 0.127165 0.915131,
-1.16867 0.12714 0.828484,
-1.09602 0.126144 0.910484,
-1.10556 0.126262 0.828979,
-1.13769 0.126709 0.828732,
-1.13929 -0.353117 0.828859,
-1.13929 -0.353118 0.828883,
-1.11865 -0.353405 0.829044,
-1.11936 -0.357217 0.779667,
-1.11697 -0.354067 0.779683,
-1.12337 -0.357161 0.779636,
-1.19968 -0.3561 0.779044,
-1.18533 -0.356299 0.779155,
-1.20675 -0.334197 0.767788,
-1.20697 -0.343327 0.778979,
-1.20684 -0.334193 0.778979,
1.29319 3.50592 0.732568,
1.37271 3.50481 0.733191,
1.30441 3.32544 0.700568,
1.37228 3.45661 0.701061,
1.20995 -0.00463746 0.847139,
1.34518 2.8952 0.701013,
1.3149 3.32531 0.755619,
1.31041 3.32537 0.732756,
1.29759 0.10733 0.87018,
1.29798 0.117523 0.847723,
1.37045 3.32452 0.701085,
1.34584 2.95143 0.733143,
1.31033 3.32536 0.732756,
1.3702 3.32453 0.733224,
1.16011 2.46379 0.921196,
1.24744 -0.26958 0.924539,
1.24168 0.0936417 0.930412,
1.24907 -0.153229 0.92466,
1.07796 -0.150854 0.901203,
1.08261 -0.00285665 0.90234,
1.08107 -0.0028737 0.695121,
1.15047 -0.151916 0.612944,
1.08179 -0.00289321 0.643564,
1.15111 -0.232552 0.612125,
1.14933 -0.00383802 0.614462,
1.15445 -0.00390954 0.612,
1.15239 -0.151943 0.612027,
1.15127 -0.232555 0.612042,
1.2316 -0.233672 0.612671,
1.23479 -0.0050265 0.612629,
1.23272 -0.15306 0.612656,
1.29459 -0.153914 0.644778,
1.29406 -0.00584433 0.643412,
1.28531 2.462 0.620595,
1.23878 -0.368185 0.862307,
1.26613 -0.326219 0.862547,
1.26613 -0.326219 0.862515,
1.26531 -0.326209 0.855452,
1.26802 -0.32625 0.838315,
1.10323 -0.323956 0.855012,
1.10273 -0.323953 0.834715,
1.17451 -0.324948 0.846979,
1.17485 -0.300719 0.846948,
1.17367 -0.385277 0.846995,
1.17367 -0.385277 0.846964,
1.2055 -0.325379 0.84722,
1.26563 -0.326211 0.869051,
1.0844 -0.231571 0.904883,
1.07575 -0.221148 0.900668,
1.13454 -0.324381 0.905779,
1.10361 -0.323958 0.8677,
1.07499 -0.285423 0.861084,
1.20791 -0.152671 0.847163,
1.20995 -0.00463746 0.847163,
1.17898 -0.00420722 0.8469,
1.17898 -0.00420722 0.846923,
1.13741 0.0950912 0.927971,
1.13603 -0.00359466 0.927987,
1.14684 -0.00375994 0.846644,
1.14479 -0.151793 0.846676,
1.14367 -0.232405 0.846683,
1.13286 -0.23224 0.928027,
1.13397 -0.151629 0.928012,
1.13442 -0.324379 0.906627,
1.1327 -0.299523 0.922171,
1.13207 -0.288941 0.928044,
1.14295 -0.284213 0.846699,
1.24145 -0.349854 0.882964,
1.23763 -0.325825 0.847451,
1.23841 -0.269469 0.847435,
1.24794 -0.233841 0.924571,
1.23891 -0.23373 0.847435,
1.24003 -0.153118 0.847419,
1.24209 -0.00508474 0.847388,
1.25115 -0.00519633 0.924827,
1.2055 -0.325379 0.847195,
1.14239 -0.324501 0.846707,
1.17451 -0.324948 0.846955,
1.2473 -0.279301 0.924523,
1.2876 -0.234397 0.9007,
1.28326 -0.234336 0.906731,
1.24344 -0.325897 0.897028,
1.25068 -0.326 0.886996,
1.24155 -0.348637 0.883619,
1.17439 -0.300702 0.906164,
1.17405 -0.324931 0.906171,
1.20503 -0.325361 0.906411,
1.20744 -0.152654 0.906379,
1.2095 -0.00462042 0.906355,
1.17851 -0.00418937 0.906115,
1.20632 -0.233266 0.906396,
1.17645 -0.152223 0.90614,
1.23112 -0.271292 0.649975,
1.26833 -0.326261 0.798348,
1.10303 -0.323964 0.797052,
1.15116 -0.240303 0.612043,
1.08791 -0.231664 0.664133,
1.13346 -0.232305 0.619728,
1.12413 -0.324266 0.742706,
1.23851 -0.325858 0.735079,
1.23801 -0.325841 0.798108,
1.24014 -0.256455 0.650041,
1.20589 -0.325393 0.797859,
1.20651 -0.325417 0.717792,
1.20499 -0.389533 0.797868,
1.14335 -0.324537 0.723973,
1.14225 -0.370627 0.782051,
1.14277 -0.324516 0.797364,
1.17682 -0.270537 0.64955,
1.17552 -0.324986 0.71755,
1.1749 -0.324963 0.797612,
1.17401 -0.389102 0.797627,
1.29479 -0.209639 0.645291,
1.2465 -0.233877 0.620411,
1.23149 -0.24142 0.612672,
1.29182 -0.28761 0.798515,
1.15999 3.32745 0.754408,
1.18856 3.32705 0.644362,
1.14319 3.32772 0.897123,
1.13958 3.32777 0.902443,
1.30451 3.32544 0.700569,
1.34148 3.32497 0.898675,
1.33698 2.4613 0.800835,
1.30959 0.734263 0.693335,
1.33726 2.45281 0.757323,
1.33723 2.4613 0.774275,
1.29776 0.117529 0.870171,
1.32119 1.54188 0.86994,
1.30791 0.734315 0.870076,
1.32288 1.54183 0.693201,
1.32259 2.46153 0.908916,
1.34942 3.24665 0.901796,
1.3079 0.734323 0.902204,
1.29771 0.117536 0.902307,
1.33644 2.46133 0.901924,
1.32125 1.54189 0.902075,
1.23364 0.0937545 0.933947,
1.34255 3.32495 0.905276,
1.24251 0.118309 0.930196,
1.29118 1.54231 0.917259,
1.26658 2.46232 0.933508,
1.18725 3.32711 0.927803,
1.14134 3.32775 0.903732,
1.08649 0.120473 0.903283,
1.13123 1.54453 0.914172,
1.27859 3.32585 0.933347,
1.19825 3.32696 0.932715,
1.24256 0.735235 0.933828,
1.23398 0.118429 0.933939,
1.15365 0.119545 0.933315,
1.16223 0.736351 0.933195,
1.25379 1.54284 0.933676,
1.17346 1.54396 0.933051,
1.18624 2.46343 0.932875,
1.1204 2.45584 0.811859,
1.12066 2.46432 0.799139,
1.12012 2.46434 0.900228,
1.08429 0.190604 0.691731,
1.08167 0.12053 0.846028,
1.10487 1.54489 0.868244,
1.10493 1.5449 0.90038,
1.09158 0.73733 0.900516,
1.10657 1.54484 0.691508,
1.09328 0.737271 0.691641,
1.08139 0.120544 0.900611,
1.08145 0.120537 0.868483,
1.09159 0.737322 0.868379,
1.13024 2.46415 0.639684,
1.08382 0.120463 0.643544,
1.09391 0.737248 0.643441,
1.12219 2.46427 0.643156,
1.10713 1.54482 0.643308,
1.19347 3.32697 0.614896,
1.14839 0.11956 0.61572,
1.13737 1.5444 0.630278,
1.18875 2.46333 0.611544,
1.20076 3.32687 0.611384,
1.16474 0.736256 0.611864,
1.15617 0.119451 0.611977,
1.17597 1.54386 0.611714,
1.28109 3.32575 0.612013,
1.24507 0.735139 0.612492,
1.2365 0.118334 0.612606,
1.26908 2.46222 0.612173,
1.2563 1.54274 0.612343,
1.28224 3.32573 0.61261,
1.2889 3.32564 0.615643,
1.29363 0.117545 0.642272,
1.30013 0.117456 0.645237,
1.31023 0.734241 0.645135,
1.28857 1.5423 0.629103,
1.32344 1.54181 0.645001,
1.33851 2.46126 0.644849,
1.26039 2.02612 0.612233,
1.18007 2.02724 0.611604,
1.24244 0.735175 0.612471,
1.16108 0.661642 0.611856,
1.25367 1.54278 0.612322,
1.17335 1.54389 0.611693,
1.16212 0.736299 0.611843,
1.22967 -0.389877 0.79806,
1.20467 -0.385707 0.847211,
1.20467 -0.385707 0.847235,
1.14167 -0.376376 0.846739,
1.14202 -0.378514 0.797371,
1.14165 3.30608 0.896139,
1.13953 3.08112 0.767636,
1.13308 3.24882 0.900099,
1.12767 2.79893 0.6431,
1.16421 3.37826 0.751672,
1.16687 3.65945 0.912291,
1.28201 3.39175 0.612001,
1.28731 3.95413 0.933236,
1.20699 3.95524 0.932604,
1.20168 3.39287 0.611372,
1.28188 3.60266 0.732451,
1.25387 3.60305 0.732232,
1.20648 3.68389 0.731838,
1.20536 3.60373 0.731852,
1.36499 2.95054 0.733294,
1.36447 2.89431 0.701164,
1.34516 2.89458 0.701014,
1.21087 0.0940661 0.906339,
1.17988 0.0944966 0.906091,
1.14183 -0.364538 0.846707,
1.20771 -0.385749 0.847235,
1.2373 -0.349803 0.847451,
1.17347 -0.382883 0.877955,
1.17381 -0.342133 0.906171,
1.2048 -0.342563 0.90642,
1.14167 -0.376317 0.846739,
1.1686 -0.385206 0.846955,
1.23698 -0.372495 0.847483,
1.22829 -0.386036 0.847419,
1.2188 -0.385904 0.847347,
1.20771 -0.385749 0.847259,
1.2373 -0.349803 0.847476,
1.23877 -0.368185 0.86222,
1.23698 -0.372671 0.847483,
1.23704 -0.368163 0.847483,
1.13791 -0.370137 0.875627,
1.1372 -0.364468 0.881555,
1.14183 -0.364546 0.846739,
1.25255 0.0934897 0.924931,
1.24347 0.0936019 0.847372,
1.21133 0.0940484 0.847124,
1.15331 0.0948714 0.933315,
1.17967 0.0945047 0.933524,
1.18035 0.0944797 0.846876,
1.14797 -0.384918 0.846787,
1.14704 -0.385545 0.797412,
1.14935 -0.38876 0.797435,
1.15335 -0.388815 0.79746,
1.21532 -0.389677 0.797947,
1.2373 -0.377311 0.798115,
1.23751 -0.368181 0.786923,
1.23743 -0.368177 0.798115,
-1.14013 3.60561 0.695931,
-1.1424 3.59078 0.68743,
-1.14333 3.58156 0.680851,
-1.14249 3.58013 0.681345,
-1.12041 3.57982 0.681518,
-1.06386 3.57903 0.68196,
-1.06274 3.65919 0.681946,
1.28159 3.57194 0.714893,
1.28358 3.55705 0.706424,
1.28347 3.54639 0.70034,
1.28435 3.54781 0.699859,
1.20595 3.62765 0.699709,
1.20483 3.54749 0.699723,
1.26138 3.5467 0.700167,
-0.734295 1.04544 0.214728,
1.2117 1.64909 0.607949,
0.812317 1.02394 0.226837,
1.24558 1.17396 0.568186,
-0.856775 1.66258 0.386318,
-1.14115 1.68309 0.533289,
-1.15881 1.68408 0.549272,
-1.11694 2.05043 0.589609,
1.25731 2.01741 0.56803,
1.21683 2.01798 0.607881,
-1.16852 1.20753 0.549285,
-1.12867 1.20698 0.589765,
0.739059 0.719806 0.226353,
1.2051 1.17454 0.608037,
-0.730263 1.33536 0.214675,
0.816348 1.31386 0.226783,
1.17618 -0.232866 0.797595,
1.17734 -0.23291 0.649543,
1.1773 -0.152255 0.79758,
1.17846 -0.152298 0.649528,
1.18052 -0.00426506 0.649501,
1.14522 -0.232463 0.649292,
1.14406 -0.23242 0.797347,
1.14633 -0.151852 0.649276,
1.14518 -0.151809 0.797331,
1.14723 -0.00377497 0.797299,
1.20833 -0.233341 0.649786,
1.20717 -0.233297 0.797836,
1.20828 -0.152686 0.797827,
1.21035 -0.00465193 0.797795,
1.2115 -0.0046953 0.649743,
1.23929 -0.233744 0.798092,
1.24045 -0.233788 0.650037,
1.24042 -0.153133 0.798075,
1.24158 -0.153177 0.650023,
1.24363 -0.00514258 0.649996,
1.17691 -0.152241 0.846923,
1.17579 -0.232853 0.846939,
1.17485 -0.300719 0.846979,
1.17533 -0.232834 0.906155,
1.17579 -0.232853 0.846964,
1.17691 -0.152241 0.846948,
1.20679 -0.233283 0.847204,
1.20791 -0.152671 0.847188,
1.20679 -0.233283 0.847179,
1.20584 -0.30115 0.847195,
1.20584 -0.30115 0.84722,
1.0755 -0.285441 0.79682,
1.07755 -0.231514 0.690862,
1.07563 -0.231451 0.894324,
1.07846 -0.20747 0.643598,
1.07935 -0.00281209 0.900636,
1.07691 -0.15084 0.900659,
1.07938 -0.150921 0.643588,
1.29811 -0.00590034 0.645258,
1.2957 -0.153929 0.645283,
1.29208 -0.223316 0.902363,
1.29323 -0.153848 0.902347,
1.29131 -0.287591 0.862779,
1.29195 -0.234458 0.8955,
1.29384 -0.234522 0.694201,
-1.14185 -0.200637 0.779443,
-1.13957 -0.120069 0.631379,
-1.14073 -0.120026 0.779427,
-1.13868 0.0280077 0.779404,
-1.13752 0.0279641 0.631352,
-1.10857 -0.201128 0.631646,
-1.1086 -0.120473 0.779683,
-1.10744 -0.120516 0.631631,
-1.10539 0.0275176 0.631604,
-1.10654 0.0275613 0.77966,
-1.17168 -0.20025 0.631151,
-1.17171 -0.119595 0.779187,
-1.17056 -0.119638 0.631137,
-1.1685 0.0283951 0.631109,
-1.20497 -0.19976 0.778955,
-1.20269 -0.119192 0.630885,
-1.20385 -0.119149 0.77894,
-1.20179 0.0288852 0.778908,
-1.20063 0.0288415 0.630858,
-1.14225 -0.200623 0.828811,
-1.14112 -0.120012 0.828772,
-1.14225 -0.200623 0.828788,
-1.14319 -0.26849 0.828804,
-1.14319 -0.26849 0.828827,
-1.14271 -0.200605 0.888003,
-1.14158 -0.119994 0.887987,
-1.14112 -0.120012 0.828804,
-1.1721 -0.119581 0.828532,
-1.1721 -0.119581 0.828555,
-1.17322 -0.200192 0.828548,
-1.17322 -0.200192 0.828571,
-1.17417 -0.26806 0.828587,
-1.04267 -0.255992 0.780236,
-1.04317 -0.255973 0.8445,
-1.04282 -0.201996 0.877739,
-1.04276 -0.191693 0.884083,
-1.04197 -0.12138 0.884067,
-1.03879 0.0266002 0.678523,
-1.03872 0.0265894 0.626962,
-1.04041 -0.121449 0.626992,
-1.2557 0.0296343 0.773867,
-1.25661 0.0296667 0.882347,
-1.25737 -0.174155 0.62531,
-1.25673 -0.118441 0.625299,
-1.25828 -0.118373 0.882372,
-1.25948 -0.252125 0.842811,
-1.25897 -0.252145 0.778547,
-1.25788 -0.199044 0.674222,
0.0709061 0.0445864 -0.200384,
0.0674199 0.0432833 -0.199302,
0.053063 0.0417113 -0.198088,
-0.0538921 0.00517622 -0.206059,
-0.0547449 0.0459388 -0.201695,
-0.0493433 -0.338031 -0.187829,
0.0987338 0.00139935 -0.205141,
0.100652 0.044786 -0.200512,
0.0626372 -0.954427 -0.13217,
-0.362433 -0.882899 -0.648881,
-0.181929 -1.3514 -0.578809,
-0.169421 -1.3315 -0.611609,
-0.151959 -1.35184 -0.641793,
-0.128971 -1.33207 -0.668433,
-0.102252 -1.35253 -0.690721,
-0.0715217 -1.33288 -0.707993,
-0.0388161 -1.35342 -0.719705,
-0.00401853 -1.33382 -0.725521,
0.0307092 -1.35439 -0.725241,
0.0654111 -1.33479 -0.718897,
0.0979296 -1.35532 -0.706665,
0.128386 -1.33565 -0.688921,
0.154745 -1.3561 -0.666209,
0.1943 -1.35664 -0.608761,
0.177321 -1.33632 -0.639217,
0.21183 -1.35687 -0.541241,
0.206301 -1.33671 -0.575777,
0.205208 -1.35676 -0.471809,
0.211835 -1.33677 -0.506241,
0.175238 -1.35633 -0.408827,
0.19325 -1.33651 -0.439011,
0.152801 -1.33594 -0.382188,
0.125532 -1.35564 -0.359892,
0.0953598 -1.33512 -0.342629,
0.0620953 -1.35476 -0.330909,
0.0278572 -1.33419 -0.325103,
-0.00742973 -1.35378 -0.325373,
-0.0415729 -1.33323 -0.331726,
-0.0746498 -1.35285 -0.343954,
-0.104548 -1.33236 -0.361699,
-0.131473 -1.35207 -0.384409,
-0.153483 -1.33167 -0.411406,
-0.171028 -1.35152 -0.441857,
-0.182463 -1.33129 -0.474849,
-0.188551 -1.3513 -0.509369,
-0.187997 -1.33123 -0.544377,
-0.290175 -1.09956 -0.350473,
-0.0343609 -1.14907 -0.209405,
-0.0339641 -1.1613 -0.216308,
-0.0543993 -1.14072 -0.205945,
0.0534958 -1.10938 -0.181424,
0.0754394 -1.13442 -0.199322,
0.0570935 -1.04911 -0.154176,
0.0821445 -1.07408 -0.164501,
-0.0386569 -1.03389 -0.152201,
-0.0629745 -1.01175 -0.150483,
0.0863686 -1.01386 -0.148869,
-0.0413473 -0.952979 -0.133589,
-0.0407425 -0.973323 -0.136449,
-0.0657505 -0.952643 -0.134913,
0.0483625 -1.1954 -0.238399,
0.0695911 -1.16873 -0.220037,
0.0500162 -1.16849 -0.218445,
0.068033 -1.19568 -0.239387,
-0.0539393 -1.15274 -0.213184,
-0.0334681 -1.17324 -0.223673,
-0.0327449 -1.19428 -0.238614,
-0.0727289 -1.19372 -0.248751,
-0.0331185 -1.18305 -0.231047,
-0.0732281 -1.18342 -0.240773,
-0.0364673 -1.09549 -0.17549,
-0.0601825 -1.07224 -0.16622,
-0.0593193 -1.09516 -0.177726,
-0.0355257 -1.1183 -0.187181,
-0.0823233 -1.13247 -0.209088,
-0.0352777 -1.12541 -0.191853,
-0.0827513 -1.12579 -0.203711,
0.0584461 -1.02445 -0.145952,
0.083539 -1.04944 -0.156277,
0.0591092 -1.0132 -0.14412,
-0.0622145 -1.03359 -0.154433,
-0.0377929 -1.05565 -0.156444,
-0.0372113 -1.07213 -0.162371,
-0.0907713 -1.07191 -0.175469,
-0.0375241 -1.06393 -0.159286,
-0.0912609 -1.06389 -0.171713,
-0.0649801 -0.973011 -0.138738,
-0.0398753 -0.994803 -0.140567,
-0.0393401 -1.01017 -0.146159,
-0.094725 -1.01152 -0.160689,
-0.0396585 -1.00169 -0.142957,
-0.0952369 -1.00324 -0.156749,
0.417223 -0.959435 -0.557225,
0.417028 -0.959419 -0.487241,
0.403989 -0.959227 -0.418481,
0.385707 -0.988155 -0.387064,
0.379875 -0.958875 -0.352779,
0.344101 -0.958371 -0.292628,
0.356796 -0.987747 -0.326309,
-0.369579 -0.948507 -0.632281,
-0.347803 -0.948755 -0.358627,
-0.354697 -0.977867 -0.394181,
-0.382627 -0.948315 -0.563521,
-0.371559 -0.948443 -0.424461,
-0.382814 -0.948299 -0.493537,
-0.249534 -1.19134 -0.650681,
-0.256955 -1.1603 -0.682729,
-0.225005 -1.19168 -0.695401,
-0.190783 -1.19217 -0.733217,
-0.223186 -1.16078 -0.730161,
-0.186771 -1.16129 -0.766017,
-0.152437 -1.19271 -0.766849,
-0.107335 -1.19334 -0.790641,
-0.138809 -1.16195 -0.799009,
0.139842 -1.19678 -0.790113,
0.183018 -1.19737 -0.762969,
0.17473 -1.16632 -0.794793,
0.216359 -1.16689 -0.765153,
0.222789 -1.19792 -0.731049,
0.257197 -1.16745 -0.723657,
0.254083 -1.19835 -0.690777,
0.286185 -1.16785 -0.681569,
0.280541 -1.19871 -0.647177,
0.277229 -1.19862 -0.399991,
0.285519 -1.16778 -0.367958,
0.252701 -1.19827 -0.355273,
0.251751 -1.16731 -0.320528,
0.218478 -1.19779 -0.31746,
0.215336 -1.1668 -0.284674,
0.180141 -1.19724 -0.283832,
0.0875186 -1.19595 -0.241518,
0.167454 -1.16627 -0.251448,
0.120842 -1.16538 -0.230528,
0.13504 -1.19661 -0.260037,
-0.0743001 -1.13188 -0.203223,
-0.0935817 -1.16259 -0.230729,
-0.112138 -1.19318 -0.260563,
-0.146271 -1.16194 -0.255633,
-0.155451 -1.19258 -0.287392,
-0.187794 -1.16119 -0.285538,
-0.195094 -1.19204 -0.319625,
-0.226388 -1.1916 -0.359896,
-0.228641 -1.16063 -0.327025,
-0.260516 -1.12932 -0.335809,
-0.257621 -1.16023 -0.369118,
-0.252836 -1.19124 -0.403496,
-0.285769 -1.13129 -0.668337,
-0.288967 -1.09964 -0.702337,
-0.25628 -1.13178 -0.718273,
-0.218749 -1.13224 -0.762481,
-0.251616 -1.10016 -0.754801,
-0.210099 -1.10075 -0.795673,
-0.174813 -1.13059 -0.800601,
-0.124139 -1.13131 -0.829329,
-0.157065 -1.10149 -0.832201,
0.157604 -1.13756 -0.825721,
0.20852 -1.13592 -0.797601,
0.194725 -1.10636 -0.827873,
0.242197 -1.10703 -0.794113,
0.252846 -1.13653 -0.759809,
0.287376 -1.10766 -0.748225,
0.28993 -1.13704 -0.714889,
0.320414 -1.10811 -0.700233,
0.318666 -1.13743 -0.664209,
0.347174 -1.10847 -0.641649,
0.315129 -1.1396 -0.38236,
0.319205 -1.10803 -0.348374,
0.285638 -1.13924 -0.332426,
0.281855 -1.1075 -0.295909,
0.248109 -1.13865 -0.288213,
0.240338 -1.10691 -0.255033,
0.203476 -1.13835 -0.250997,
0.098671 -1.13428 -0.201869,
0.187303 -1.10616 -0.218505,
0.134267 -1.10532 -0.194445,
0.152953 -1.1373 -0.222619,
-0.0828801 -1.0715 -0.169169,
-0.106276 -1.102 -0.195262,
-0.128879 -1.13112 -0.223575,
-0.164616 -1.10144 -0.222537,
-0.179098 -1.13043 -0.253095,
-0.223424 -1.12983 -0.290889,
-0.211959 -1.10062 -0.256593,
-0.257137 -1.1 -0.302487,
-0.287861 -1.13128 -0.387132,
-0.318114 -1.06832 -0.684153,
-0.337879 -1.03839 -0.658057,
-0.310171 -1.03878 -0.716281,
-0.285475 -1.06879 -0.739689,
-0.243355 -1.07093 -0.788353,
-0.271157 -1.03934 -0.771089,
-0.225215 -1.03998 -0.816321,
-0.194023 -1.07007 -0.829721,
-0.137986 -1.07086 -0.861501,
-0.169808 -1.04076 -0.854485,
-0.111166 -1.04158 -0.881277,
0.147329 -1.04517 -0.879733,
0.173696 -1.07756 -0.857789,
0.22985 -1.07597 -0.826409,
0.208071 -1.04601 -0.850821,
0.260594 -1.04674 -0.813425,
0.277857 -1.07902 -0.783649,
0.30778 -1.04739 -0.765481,
0.319446 -1.07875 -0.734665,
0.344346 -1.04788 -0.712377,
0.350368 -1.08001 -0.678345,
0.372302 -1.04826 -0.651177,
0.369801 -1.04818 -0.392671,
0.34873 -1.07908 -0.366779,
0.364054 -1.01911 -0.359898,
0.342094 -1.04778 -0.334449,
0.316564 -1.07708 -0.311033,
0.30308 -1.04723 -0.27964,
0.274782 -1.07649 -0.262011,
0.257138 -1.04658 -0.234408,
0.225113 -1.0758 -0.220997,
0.112958 -1.07531 -0.172656,
0.201731 -1.0458 -0.196253,
0.143016 -1.04491 -0.169667,
0.169084 -1.07501 -0.189228,
-0.0863193 -1.01119 -0.153689,
-0.115295 -1.04135 -0.171203,
-0.142671 -1.07304 -0.192936,
-0.176321 -1.04067 -0.199497,
-0.198736 -1.07168 -0.224165,
-0.228671 -1.03983 -0.237313,
-0.246826 -1.07164 -0.267068,
-0.288792 -1.06867 -0.315772,
-0.275866 -1.03918 -0.285247,
-0.312432 -1.03868 -0.338357,
-0.319336 -1.07064 -0.372376,
-0.340381 -1.03831 -0.399551,
-0.354943 -1.00885 -0.627993,
-0.331326 -1.0095 -0.690841,
-0.35211 -0.977947 -0.663689,
-0.345466 -0.948851 -0.697985,
-0.323199 -0.978363 -0.724441,
-0.309692 -0.949363 -0.758137,
-0.297454 -1.00967 -0.748817,
-0.253772 -1.01059 -0.799793,
-0.282563 -0.978939 -0.781529,
-0.264567 -0.950003 -0.811625,
-0.234615 -0.979619 -0.828737,
-0.210381 -0.950763 -0.855917,
-0.202291 -1.0097 -0.842969,
-0.143826 -1.01052 -0.876125,
-0.176904 -0.980427 -0.868485,
-0.149686 -0.951611 -0.890749,
-0.115709 -0.981283 -0.896445,
-0.0836169 -0.952531 -0.913837,
-0.0804185 -1.01272 -0.898285,
-0.0478865 -0.982227 -0.914053,
-0.0146713 -0.953499 -0.925797,
0.019177 -0.983163 -0.919389,
0.0553073 -0.954467 -0.924893,
0.118932 -1.01579 -0.896549,
0.0889343 -0.984131 -0.912733,
0.124188 -0.955427 -0.912557,
0.153783 -0.985027 -0.894813,
0.189638 -0.956331 -0.887765,
0.181897 -1.01636 -0.873261,
0.23968 -1.01747 -0.839073,
0.217051 -0.985899 -0.864701,
0.250147 -0.957163 -0.852613,
0.303168 -0.957891 -0.806929,
0.271862 -0.986659 -0.825673,
0.291157 -1.01655 -0.795897,
0.321021 -0.987331 -0.775737,
0.333954 -1.01714 -0.744073,
0.347999 -0.958507 -0.753193,
0.382203 -0.958971 -0.692137,
0.359174 -0.987851 -0.720313,
0.366765 -1.01889 -0.685457,
0.40596 -0.959291 -0.626305,
0.388294 -0.988243 -0.656569,
0.389595 -1.01789 -0.622257,
0.330191 -1.01831 -0.301927,
0.316152 -0.987171 -0.269219,
0.286501 -1.01801 -0.250945,
0.235065 -1.01567 -0.207772,
0.118684 -1.01464 -0.157012,
0.176389 -1.01634 -0.175032,
-0.149168 -1.01163 -0.177489,
-0.207235 -1.00952 -0.211235,
-0.334331 -1.00778 -0.365145,
-0.313599 -0.949219 -0.297567,
-0.258383 -1.00881 -0.254843,
-0.300773 -1.00985 -0.30697,
-0.287425 -0.978779 -0.275019,
-0.325576 -0.978259 -0.330436,
-0.230957 -1.1916 -0.641841,
-0.176348 -1.19236 -0.718553,
-0.0988002 -1.19346 -0.771961,
0.171082 -1.1972 -0.746217,
0.237142 -1.19811 -0.679105,
0.258652 -1.19836 -0.40883,
0.204044 -1.19759 -0.33212,
0.14859 -1.33587 -0.326813,
-0.0583625 -1.19392 -0.263996,
-0.0916305 -1.33252 -0.307686,
-0.143387 -1.19275 -0.304461,
-0.209438 -1.19184 -0.371563,
-0.248563 -1.19131 -0.457214,
0.416388 -0.959395 -0.418292,
-0.0311641 -1.23356 -0.268925,
0.0219397 -1.23428 -0.263859,
0.0724644 -1.3348 -0.292032,
-0.0109641 -1.33363 -0.285389,
0.0459468 -1.23462 -0.265527,
0.0459492 -1.23462 -0.265769,
0.0460237 -1.23335 -0.265534,
0.0483343 -1.1954 -0.258425,
0.126505 -1.1965 -0.278719,
0.0555511 -1.07343 -0.163458,
0.0548899 -1.08464 -0.165341,
0.0772315 -1.10414 -0.180316,
0.061373 -0.974907 -0.134709,
0.0606233 -0.989307 -0.138557,
0.0877093 -0.989611 -0.14083,
-0.0349929 -1.13243 -0.196693,
-0.0547097 -1.13245 -0.200954,
-0.0346697 -1.14075 -0.204497,
0.0519723 -1.13363 -0.198289,
0.102957 -1.13977 -0.208912,
0.0514468 -1.14248 -0.199415,
0.0519392 -1.13427 -0.194116,
0.0452499 -1.13354 -0.192169,
0.0393322 -1.28478 -0.774201,
0.0399361 -1.28425 -0.774249,
0.0400552 -1.28477 -0.774305,
0.0414352 -1.28007 -0.774897,
-0.00639293 -1.28424 -0.773985,
-0.0109361 -1.28407 -0.774705,
-0.0102201 -1.2813 -0.774385,
-0.0108353 -1.27985 -0.774681,
-0.0110465 -1.27935 -0.774785,
0.075128 -1.19587 -0.787721,
0.0775098 -1.19591 -0.805705,
-0.0427089 -1.19943 -0.785537,
-0.0431833 -1.19424 -0.787569,
0.0635044 -1.08834 -0.882901,
0.0192003 -1.0252 -0.906901,
-0.0454185 -1.1942 -0.806673,
-0.0516737 -1.15803 -0.857205,
0.079768 -1.21354 -0.819721,
0.0790023 -1.22059 -0.814929,
0.0735608 -1.27085 -0.780785,
0.070638 -1.15973 -0.855821,
0.0855679 -1.15994 -0.856133,
0.0153931 -1.27055 -0.779121,
0.0418299 -1.27896 -0.775073,
-0.0272233 -1.08776 -0.883485,
-0.00569853 -1.04648 -0.900565,
0.0535644 -1.07961 -0.889189,
0.0258242 -1.03234 -0.905461,
0.0190986 -1.03224 -0.906445,
0.0547358 -1.28057 -0.773569,
0.0747986 -1.20581 -0.785865,
0.0734437 -1.23008 -0.781393,
0.086067 -1.19603 -0.786673,
0.0262009 -1.03676 -0.904581,
0.0121821 -1.03215 -0.905549,
0.0115643 -1.03735 -0.904517,
0.0434247 -1.04526 -0.900533,
0.0419638 -1.04372 -0.901029,
0.0851852 -1.04432 -0.896909,
-0.00171293 -1.04311 -0.901709,
-0.0460521 -1.04249 -0.898181,
-0.00972973 -1.07026 -0.894509,
0.046184 -1.06936 -0.894621,
0.0869357 -1.10486 -0.869741,
0.0865292 -1.11049 -0.866493,
0.0873014 -1.10009 -0.872653,
0.11397 -1.07437 -0.881557,
0.136601 -1.10559 -0.855597,
0.0487113 -1.0753 -0.892293,
0.0474167 -1.07352 -0.893245,
-0.0110105 -1.07411 -0.893245,
-0.0121625 -1.07563 -0.892453,
0.0876411 -1.09474 -0.875421,
0.0794218 -1.10183 -0.873133,
0.0506332 -1.07349 -0.893237,
0.071439 -1.10465 -0.872093,
0.0708048 -1.10494 -0.871997,
0.0706926 -1.10464 -0.872165,
-0.0352081 -1.104 -0.872669,
-0.0348745 -1.10322 -0.873141,
-0.0499473 -1.13463 -0.850629,
-0.0370585 -1.10319 -0.872973,
-0.0405889 -1.10192 -0.873461,
-0.0274857 -1.08835 -0.883117,
-0.0158585 -1.07864 -0.890229,
-0.0260977 -1.08692 -0.884141,
-0.0512185 -1.10298 -0.870149,
-0.0516369 -1.09205 -0.876741,
-0.0515481 -1.09504 -0.875149,
-0.0769849 -1.07411 -0.881741,
-0.0508961 -1.11291 -0.864629,
-0.104075 -1.10224 -0.856421,
0.0815553 -1.16504 -0.831041,
0.0781098 -1.19592 -0.809401,
0.0802468 -1.1772 -0.822833,
0.0915451 -1.19611 -0.806513,
0.0826423 -1.1553 -0.837873,
0.12216 -1.1656 -0.819817,
0.0839243 -1.14256 -0.845941,
0.0846027 -1.13421 -0.851261,
0.103724 -1.13448 -0.847477,
-0.0460473 -1.1942 -0.811065,
-0.0482057 -1.1632 -0.832113,
-0.0497073 -1.14063 -0.846941,
-0.0489265 -1.15368 -0.838961,
-0.0708785 -1.1343 -0.847205,
-0.0473817 -1.17654 -0.823793,
-0.0598137 -1.194 -0.809161,
-0.0923417 -1.16262 -0.820273,
0.0506219 -1.07729 -0.891013,
0.0514409 -1.06099 -0.893757,
0.0518115 -1.04338 -0.901245,
0.051787 -1.05425 -0.894885,
0.0523648 -1.04274 -0.896813,
0.0529438 -1.01457 -0.908901,
-0.0142337 -1.06007 -0.894269,
-0.0138729 -1.07724 -0.891389,
-0.0137569 -1.07414 -0.893245,
-0.0143657 -1.05333 -0.895405,
-0.0139969 -1.04247 -0.901757,
-0.0141969 -1.01395 -0.909245,
0.0327536 -1.2196 -0.851037,
0.0399319 -1.20034 -0.850989,
0.0428998 -1.07946 -0.894221,
0.0183792 -1.07912 -0.897797,
0.0423711 -1.114 -0.888053,
0.0418136 -1.14854 -0.878173,
0.0154851 -1.25059 -0.832641,
-0.0274233 -1.19939 -0.832993,
0.0159528 -1.22739 -0.851173,
-0.00727373 -1.19968 -0.851357,
-0.000625171 -1.21914 -0.851301,
0.0163843 -1.20001 -0.857677,
-0.00619453 -1.07878 -0.894605,
0.0178505 -1.11367 -0.891621,
-0.00672333 -1.11332 -0.888437,
0.0172931 -1.1482 -0.881749,
-0.0276097 -1.11303 -0.878973,
-0.00728013 -1.14786 -0.878557,
-0.0426809 -1.17672 -0.844297,
-0.0363353 -1.11291 -0.870069,
-0.0372057 -1.14744 -0.859877,
-0.0281673 -1.14757 -0.869093,
-0.0292105 -1.23377 -0.805281,
-0.0151521 -1.23535 -0.832889,
0.0141767 -1.27003 -0.779417,
0.0147917 -1.27037 -0.779201,
-0.0292185 -1.23375 -0.805281,
-0.0259929 -1.24724 -0.796049,
-0.0249745 -1.24617 -0.805241,
0.0758489 -1.17837 -0.843369,
0.0631071 -1.11429 -0.878261,
0.0625495 -1.14883 -0.868381,
0.0714426 -1.14895 -0.859021,
0.0618898 -1.20064 -0.827889,
0.0598007 -1.20061 -0.832313,
0.0465264 -1.2362 -0.832409,
0.0150526 -1.26609 -0.804921,
0.0564624 -1.24839 -0.795401,
0.0601968 -1.235 -0.804577,
0.0556176 -1.24729 -0.804609,
0.0746349 -1.22072 -0.832201,
0.0676457 -1.21546 -0.839633,
0.0609227 -1.2118 -0.846437,
0.0614981 -1.21195 -0.846165,
0.0459872 -1.20892 -0.853501,
0.0619727 -1.18336 -0.856037,
0.0408107 -1.20817 -0.855957,
0.0412368 -1.18307 -0.865829,
-0.0428113 -1.21909 -0.833121,
-0.0355713 -1.21402 -0.840441,
-0.0292185 -1.21068 -0.846877,
-0.0286433 -1.21055 -0.847133,
-0.0135249 -1.20809 -0.853973,
-0.0287441 -1.1821 -0.856749,
0.0167163 -1.18274 -0.869405,
0.0163032 -1.20687 -0.859525,
-0.00828333 -1.20748 -0.856341,
-0.00785693 -1.1824 -0.866213,
-0.0353561 -1.2627 -0.789225,
-0.0304689 -1.26524 -0.784049,
-0.0404993 -1.25585 -0.794753,
-0.0481105 -1.2331 -0.817145,
-0.0427673 -1.18191 -0.842441,
-0.0433681 -1.21955 -0.832569,
-0.0456441 -1.22565 -0.825137,
-0.0479577 -1.21154 -0.820873,
-0.0432505 -1.1819 -0.840809,
-0.0468145 -1.24096 -0.808921,
-0.0447409 -1.24866 -0.801105,
-0.0440785 -1.25152 -0.798569,
-0.0439417 -1.24239 -0.799865,
-0.0477865 -1.21396 -0.819225,
-0.0485881 -1.23457 -0.815609,
-0.0190065 -1.27664 -0.778561,
-0.0298009 -1.26954 -0.783705,
-0.0304681 -1.26516 -0.784049,
-0.0305233 -1.26911 -0.784049,
0.0652838 -1.26409 -0.788441,
0.0602475 -1.26651 -0.783337,
0.0707015 -1.2574 -0.793881,
0.079292 -1.23487 -0.816153,
0.0771585 -1.22736 -0.824177,
0.0751613 -1.22119 -0.831641,
0.0757625 -1.18356 -0.841513,
0.0762194 -1.18356 -0.839873,
0.0797887 -1.21332 -0.819873,
0.0776499 -1.2427 -0.807945,
0.0744508 -1.25316 -0.797641,
0.0752407 -1.25032 -0.800169,
0.0797047 -1.23635 -0.814601,
0.0795328 -1.21574 -0.818225,
0.0745878 -1.24404 -0.798937,
0.04838 -1.27759 -0.778033,
0.0594466 -1.27079 -0.783001,
0.0602491 -1.26642 -0.783337,
0.060194 -1.27038 -0.783337,
0.0534998 -1.27058 -0.780313,
-0.255887 -1.19123 -0.580105,
-0.256255 -1.19123 -0.580233,
-0.272006 -1.19101 -0.582321,
-0.233178 -1.26888 -0.468577,
-0.25718 -1.1912 -0.462054,
-0.371868 -0.993619 -0.546657,
-0.358828 -1.03608 -0.567353,
-0.36166 -1.02689 -0.564665,
-0.376165 -0.979619 -0.522137,
-0.361855 -1.02409 -0.478009,
-0.361123 -1.02688 -0.476705,
-0.28588 -1.21545 -0.458129,
-0.290581 -1.20832 -0.457541,
-0.361123 -1.02627 -0.476641,
-0.360931 -1.02688 -0.476489,
-0.361098 -1.02688 -0.476641,
-0.375765 -0.982091 -0.523953,
-0.37152 -0.994915 -0.547257,
-0.372049 -0.993307 -0.545569,
-0.377165 -0.977579 -0.529161,
-0.370772 -0.977675 -0.596145,
-0.366601 -1.00735 -0.486617,
-0.37259 -0.987075 -0.497561,
-0.368443 -1.00355 -0.490241,
-0.371599 -0.977643 -0.459304,
-0.347446 -1.07352 -0.572073,
-0.35007 -1.06916 -0.570289,
-0.330444 -1.09904 -0.590225,
-0.33188 -1.09667 -0.590401,
-0.314003 -1.09928 -0.649729,
-0.328524 -1.09904 -0.45369,
-0.335579 -1.08719 -0.452919,
-0.340616 -1.068 -0.623801,
-0.352851 -1.06125 -0.568929,
-0.358241 -1.03809 -0.567585,
-0.355799 -1.03812 -0.593217,
-0.344968 -1.06864 -0.451945,
-0.342113 -1.06795 -0.43251,
-0.366132 -1.01367 -0.556625,
-0.36705 -1.00881 -0.555217,
-0.366949 -1.00898 -0.561937,
-0.356822 -1.00748 -0.428485,
-0.357828 -1.03807 -0.477641,
-0.354675 -1.05003 -0.474665,
-0.356583 -1.03809 -0.461962,
-0.362713 -1.02154 -0.479609,
-0.367972 -1.00733 -0.494769,
-0.361918 -1.03803 -0.529025,
-0.236244 -1.29074 -0.519033,
-0.233745 -1.29323 -0.493033,
-0.23619 -1.29103 -0.518945,
-0.228309 -1.33066 -0.506185,
-0.32045 -1.11369 -0.45455,
-0.316935 -1.09919 -0.409055,
-0.310972 -1.12892 -0.455594,
-0.329023 -1.1017 -0.590049,
-0.310076 -1.13036 -0.455705,
-0.30738 -1.13095 -0.441742,
-0.300931 -1.14553 -0.456833,
-0.291153 -1.15978 -0.458068,
-0.281814 -1.15991 -0.422075,
-0.27861 -1.17892 -0.459595,
-0.270163 -1.19102 -0.460537,
-0.268475 -1.19104 -0.452045,
-0.296427 -1.15495 -0.585713,
-0.293096 -1.15978 -0.585241,
-0.278909 -1.15999 -0.636577,
-0.311003 -1.13072 -0.587761,
-0.312258 -1.12864 -0.587921,
-0.307383 -1.12872 -0.614369,
-0.278075 -1.18228 -0.583097,
-0.28962 -1.1656 -0.584753,
-0.268759 -1.19106 -0.603441,
-0.320988 -1.21462 -0.538329,
-0.320664 -1.19527 -0.545249,
-0.370171 -1.02676 -0.546633,
-0.373747 -1.02671 -0.522105,
-0.362193 -1.07376 -0.546553,
-0.356503 -1.1084 -0.546497,
-0.347111 -1.14308 -0.546417,
-0.303033 -1.24611 -0.521489,
-0.302671 -1.19551 -0.477881,
-0.321231 -1.22264 -0.521641,
-0.321034 -1.19525 -0.498041,
-0.321248 -1.21461 -0.504945,
-0.327355 -1.19517 -0.521697,
-0.370556 -1.02675 -0.497529,
-0.365761 -1.07371 -0.522033,
-0.360079 -1.10835 -0.521977,
-0.356887 -1.10838 -0.497401,
-0.350687 -1.14302 -0.521889,
-0.347495 -1.14306 -0.497313,
-0.313655 -1.17288 -0.462321,
-0.338037 -1.14319 -0.476425,
-0.347422 -1.10851 -0.476513,
-0.362578 -1.07376 -0.497457,
-0.361051 -1.02714 -0.476641,
-0.353111 -1.07387 -0.476569,
-0.275446 -1.23028 -0.476569,
-0.303069 -1.23128 -0.490649,
-0.250085 -1.26631 -0.520449,
-0.249875 -1.26664 -0.521065,
-0.275445 -1.23027 -0.476561,
-0.266405 -1.24383 -0.479969,
-0.275583 -1.24263 -0.480977,
-0.312727 -1.17292 -0.580857,
-0.337327 -1.14321 -0.567153,
-0.352402 -1.07391 -0.567289,
-0.346711 -1.10854 -0.567241,
-0.297565 -1.1956 -0.567209,
-0.301988 -1.19553 -0.565121,
-0.302586 -1.2313 -0.552337,
-0.275537 -1.262 -0.521273,
-0.265759 -1.24386 -0.562433,
-0.274746 -1.2303 -0.565985,
-0.274952 -1.24265 -0.561569,
-0.302163 -1.21544 -0.580225,
-0.309518 -1.21016 -0.573169,
-0.316263 -1.20651 -0.566393,
-0.316001 -1.20664 -0.566969,
-0.323295 -1.20373 -0.551425,
-0.325467 -1.17792 -0.567049,
-0.325735 -1.20301 -0.546233,
-0.335259 -1.17778 -0.546313,
-0.303083 -1.2154 -0.462769,
-0.310327 -1.21013 -0.469945,
-0.316711 -1.20662 -0.476241,
-0.316964 -1.20648 -0.476817,
-0.323761 -1.20371 -0.491905,
-0.326177 -1.1779 -0.476321,
-0.338835 -1.17773 -0.521793,
-0.329298 -1.20201 -0.521705,
-0.32612 -1.203 -0.497129,
-0.335643 -1.17777 -0.497209,
-0.259799 -1.25951 -0.470825,
-0.254667 -1.26207 -0.475737,
-0.26523 -1.25266 -0.465577,
-0.287308 -1.22971 -0.457659,
-0.31188 -1.17809 -0.462305,
-0.302531 -1.21588 -0.462221,
-0.295195 -1.22212 -0.460023,
-0.290729 -1.20809 -0.457522,
-0.310247 -1.17812 -0.461822,
-0.279187 -1.23767 -0.459067,
-0.271486 -1.24544 -0.461244,
-0.268992 -1.24832 -0.461949,
-0.270159 -1.23918 -0.461961,
-0.289107 -1.21054 -0.457723,
-0.285787 -1.2312 -0.457203,
-0.254376 -1.26636 -0.476473,
-0.249334 -1.27339 -0.487361,
-0.245576 -1.28075 -0.495529,
-0.254666 -1.26199 -0.475737,
-0.25472 -1.26594 -0.475737,
-0.259012 -1.25955 -0.571465,
-0.253957 -1.2621 -0.566465,
-0.264359 -1.25269 -0.576793,
-0.286311 -1.22974 -0.585073,
-0.294235 -1.22215 -0.582841,
-0.301603 -1.21591 -0.580761,
-0.310953 -1.17813 -0.580841,
-0.309312 -1.17815 -0.581305,
-0.28973 -1.20813 -0.585281,
-0.278213 -1.23771 -0.583537,
-0.268065 -1.24836 -0.580489,
-0.270547 -1.24548 -0.581233,
-0.284783 -1.23124 -0.585505,
-0.288111 -1.21058 -0.585049,
-0.269231 -1.23921 -0.580497,
-0.253678 -1.26639 -0.565729,
-0.248807 -1.27341 -0.554753,
-0.245178 -1.28077 -0.546529,
-0.253955 -1.26201 -0.566465,
-0.254011 -1.26597 -0.566465,
0.283493 -1.19871 -0.457947,
0.283861 -1.19871 -0.457818,
0.284786 -1.19876 -0.575993,
0.409548 -0.991219 -0.515985,
0.405401 -0.998379 -0.491465,
0.392468 -1.03762 -0.470745,
0.405305 -1.00453 -0.540569,
0.394387 -1.0374 -0.558905,
0.379311 -1.08286 -0.566305,
0.312801 -1.22379 -0.579913,
0.317688 -1.2168 -0.580505,
0.392437 -1.03736 -0.470673,
0.392543 -1.03707 -0.470745,
0.392513 -1.03736 -0.470745,
0.405198 -0.988467 -0.591449,
0.40538 -1.00437 -0.540049,
0.405166 -1.005 -0.540777,
0.40076 -1.01416 -0.484297,
0.409301 -0.992611 -0.517049,
0.410753 -0.988531 -0.521585,
0.404369 -0.988435 -0.45461,
0.307089 -1.18983 -0.578545,
0.300314 -1.19897 -0.577809,
0.322871 -1.16834 -0.580465,
0.321593 -1.17018 -0.580305,
0.296179 -1.19892 -0.598625,
0.310369 -1.16818 -0.628609,
0.341305 -1.1398 -0.582657,
0.323865 -1.16697 -0.580585,
0.2978 -1.19892 -0.455967,
0.305453 -1.18852 -0.455027,
0.296456 -1.19889 -0.44723,
0.339238 -1.13795 -0.450506,
0.307889 -1.18469 -0.454733,
0.318317 -1.16825 -0.453343,
0.330544 -1.15153 -0.451669,
0.307473 -1.1681 -0.414108,
0.34183 -1.13896 -0.582713,
0.336732 -1.13994 -0.608953,
0.361625 -1.10905 -0.584809,
0.362099 -1.10826 -0.584857,
0.361841 -1.10866 -0.584833,
0.36181 -1.10866 -0.585257,
0.339409 -1.13768 -0.450485,
0.336805 -1.13764 -0.436327,
0.374146 -1.08004 -0.446389,
0.348785 -1.12351 -0.44935,
0.357323 -1.10857 -0.44836,
0.365313 -1.0962 -0.447397,
0.370357 -1.08024 -0.427287,
0.344233 -1.10838 -0.400981,
0.382181 -1.07827 -0.564377,
0.372701 -1.07947 -0.618081,
0.38502 -1.07081 -0.563041,
0.400687 -1.01803 -0.548393,
0.399542 -1.02336 -0.549985,
0.400746 -1.01803 -0.555969,
0.391598 -1.04555 -0.561481,
0.390645 -1.0485 -0.561849,
0.388496 -1.04848 -0.588769,
0.385096 -1.06152 -0.468289,
0.393021 -1.03578 -0.471545,
0.388672 -1.04845 -0.467497,
0.386057 -1.0591 -0.468737,
0.382868 -1.07958 -0.490313,
0.393841 -1.04854 -0.521705,
0.387283 -1.05442 -0.469017,
0.388901 -1.04846 -0.469993,
0.387721 -1.04844 -0.457516,
0.393957 -1.03327 -0.473097,
0.398721 -1.01799 -0.480625,
0.388033 -1.01783 -0.422654,
0.265345 -1.26141 -0.571273,
0.276258 -1.19863 -0.593457,
0.261516 -1.29623 -0.531137,
0.258787 -1.29915 -0.557937,
0.258751 -1.3017 -0.517073,
0.261161 -1.29779 -0.531641,
0.347917 -1.22391 -0.499713,
0.348133 -1.20455 -0.492801,
0.405881 -1.03756 -0.516001,
0.386372 -1.11872 -0.491577,
0.37602 -1.15312 -0.491649,
0.329094 -1.2549 -0.516537,
0.330138 -1.20432 -0.560169,
0.347937 -1.23194 -0.516401,
0.348502 -1.20457 -0.540009,
0.348178 -1.22393 -0.533097,
0.354815 -1.20465 -0.516353,
0.402689 -1.03751 -0.540577,
0.39659 -1.08431 -0.516065,
0.393399 -1.08427 -0.540641,
0.38994 -1.11877 -0.516105,
0.383941 -1.08415 -0.561529,
0.386757 -1.11873 -0.540681,
0.379595 -1.15317 -0.516177,
0.376404 -1.15313 -0.540753,
0.341747 -1.18202 -0.575737,
0.366938 -1.153 -0.561641,
0.37729 -1.1186 -0.561569,
0.301957 -1.23833 -0.561465,
0.329542 -1.24009 -0.547385,
0.275604 -1.27362 -0.517569,
0.275385 -1.27395 -0.516953,
0.301957 -1.23831 -0.561473,
0.292543 -1.25162 -0.558065,
0.301751 -1.25067 -0.557057,
0.34082 -1.18199 -0.457197,
0.366227 -1.15298 -0.470913,
0.383231 -1.08412 -0.470801,
0.376581 -1.11858 -0.470841,
0.392547 -1.03736 -0.470801,
0.402305 -1.0375 -0.491481,
0.393015 -1.08426 -0.491537,
0.325032 -1.20423 -0.470841,
0.329457 -1.20429 -0.472929,
0.329059 -1.24008 -0.485697,
0.291889 -1.2516 -0.475593,
0.301167 -1.27001 -0.516753,
0.291897 -1.2516 -0.475593,
0.301258 -1.23828 -0.472049,
0.30112 -1.25064 -0.476457,
0.329078 -1.2242 -0.457817,
0.336576 -1.21912 -0.464873,
0.34342 -1.21567 -0.471649,
0.343145 -1.21579 -0.471073,
0.350526 -1.21308 -0.486625,
0.353415 -1.18735 -0.471001,
0.352986 -1.21244 -0.491817,
0.363208 -1.18748 -0.491745,
0.329997 -1.22423 -0.575273,
0.337385 -1.21915 -0.568105,
0.343855 -1.21582 -0.561801,
0.344121 -1.21569 -0.561225,
0.350992 -1.21311 -0.546145,
0.354125 -1.18737 -0.561729,
0.366774 -1.18754 -0.516265,
0.356574 -1.21155 -0.516337,
0.35337 -1.21246 -0.540913,
0.363591 -1.1875 -0.540841,
0.285505 -1.26712 -0.567201,
0.280293 -1.26952 -0.562281,
0.291122 -1.26042 -0.572449,
0.313831 -1.23808 -0.580377,
0.339829 -1.18717 -0.575753,
0.329433 -1.22468 -0.575817,
0.321918 -1.23072 -0.578017,
0.317851 -1.21658 -0.580521,
0.338194 -1.18715 -0.576233,
0.305492 -1.24582 -0.578969,
0.297577 -1.25338 -0.576785,
0.295005 -1.25619 -0.576081,
0.296425 -1.24708 -0.576073,
0.316161 -1.21898 -0.580321,
0.312269 -1.23954 -0.580833,
0.279893 -1.27381 -0.561553,
0.274657 -1.28068 -0.550657,
0.270697 -1.28794 -0.542489,
0.280295 -1.26944 -0.562281,
0.28024 -1.2734 -0.562281,
0.284718 -1.26708 -0.466561,
0.279584 -1.2695 -0.471561,
0.290252 -1.26039 -0.461232,
0.312834 -1.23805 -0.452961,
0.320956 -1.23068 -0.455199,
0.328505 -1.22465 -0.457281,
0.338901 -1.18714 -0.45721,
0.33726 -1.18711 -0.456753,
0.316851 -1.21654 -0.452765,
0.304517 -1.24579 -0.454496,
0.294077 -1.25616 -0.457541,
0.296638 -1.25334 -0.456797,
0.311265 -1.23951 -0.452528,
0.315165 -1.21895 -0.452993,
0.295497 -1.24705 -0.457532,
0.279193 -1.27379 -0.472297,
0.274129 -1.28067 -0.483265,
0.270297 -1.28792 -0.491489,
0.279585 -1.26941 -0.471561,
0.27953 -1.27337 -0.471561,
-0.0406033 -1.28548 -0.769753,
-0.0338713 -1.28331 -0.771929,
-0.0439449 -1.26923 -0.781705,
-0.338523 -1.10863 -0.467785,
-0.326298 -1.15414 -0.453066,
-0.325753 -1.15415 -0.467985,
-0.328815 -1.14331 -0.467385,
-0.348112 -1.07395 -0.471657,
-0.352991 -1.05628 -0.473545,
-0.345823 -1.06599 -0.45187,
-0.235461 -1.2947 -0.517761,
-0.233472 -1.29512 -0.493697,
-0.251591 -1.26627 -0.482377,
-0.252379 -1.26627 -0.462325,
-0.22538 -1.304 -0.470521,
-0.347431 -1.07359 -0.572081,
-0.347327 -1.07398 -0.572121,
-0.342571 -1.07579 -0.591705,
-0.337678 -1.10867 -0.575817,
-0.327963 -1.14335 -0.576049,
-0.324912 -1.15418 -0.575393,
-0.325223 -1.15418 -0.590321,
-0.251458 -1.2663 -0.579841,
-0.250986 -1.2663 -0.559777,
0.378934 -1.08408 -0.566433,
0.379259 -1.08301 -0.566321,
0.374446 -1.08576 -0.586089,
0.368393 -1.11848 -0.570289,
0.354906 -1.16364 -0.585001,
0.354361 -1.16362 -0.570073,
0.357723 -1.15287 -0.570681,
0.254525 -1.30446 -0.568857,
0.277898 -1.27366 -0.575697,
0.277102 -1.27364 -0.555641,
0.258593 -1.30025 -0.557545,
0.270306 -1.28405 -0.541545,
0.260693 -1.29984 -0.532305,
0.367547 -1.11845 -0.46226,
0.356873 -1.15284 -0.462021,
0.353521 -1.16359 -0.462669,
0.353833 -1.1636 -0.447741,
0.376285 -1.074 -0.446188,
0.382998 -1.06832 -0.467593,
0.378148 -1.08404 -0.465977,
0.253231 -1.30558 -0.469905,
0.266668 -1.28849 -0.517017,
0.256921 -1.30475 -0.517089,
0.269921 -1.28403 -0.492441,
0.251855 -1.3069 -0.465945,
0.276978 -1.27363 -0.458181,
0.276498 -1.27362 -0.478249,
0.0634767 1.03111 -0.773985,
0.0817733 1.28824 -0.686209,
0.114468 1.32002 -0.678577,
0.10316 1.03135 -0.767937,
0.0604192 1.19229 -0.260257,
0.13519 1.06212 -0.756697,
0.146806 1.35161 -0.669657,
0.172128 1.42376 -0.646209,
0.176109 1.06259 -0.743905,
0.199845 1.1336 -0.716121,
0.196634 1.49554 -0.621105,
0.212722 1.5351 -0.603313,
0.233433 1.134 -0.695001,
0.256345 1.17288 -0.670497,
0.230925 1.6558 -0.580745,
0.288865 1.21305 -0.604209,
0.230619 1.65577 -0.572681,
0.296504 1.21295 -0.555929,
0.289829 1.21318 -0.596281,
0.165901 1.19076 -0.291463,
0.148458 1.60892 -0.32299,
0.182975 1.19067 -0.298442,
0.163798 1.60854 -0.332174,
0.214917 1.19001 -0.323104,
0.191362 1.60861 -0.377596,
0.24122 1.18996 -0.369745,
0.292305 1.1889 -0.483809,
0.234734 1.63165 -0.508297,
0.230116 1.6558 -0.508417,
0.289113 1.2132 -0.484593,
0.296917 1.21304 -0.523825,
-0.201855 1.21999 -0.528841,
-0.123323 1.66071 -0.511185,
-0.128477 1.63669 -0.511217,
-0.195107 1.21993 -0.488745,
-0.198723 1.19573 -0.487177,
-0.150925 1.19555 -0.372892,
-0.0872041 1.61236 -0.380786,
-0.123991 1.19465 -0.326745,
-0.0611121 1.61167 -0.333935,
-0.0959521 1.19461 -0.302282,
-0.0452689 1.61148 -0.325421,
-0.0757689 1.19409 -0.292112,
-0.200943 1.21986 -0.560921,
-0.122819 1.66069 -0.575449,
-0.193875 1.2199 -0.600057,
-0.12295 1.66072 -0.583505,
-0.192842 1.21975 -0.607977,
-0.160745 1.17872 -0.673729,
-0.107776 1.53952 -0.605681,
-0.138296 1.13922 -0.698121,
-0.0925401 1.49957 -0.623369,
-0.103438 1.13772 -0.721329,
-0.0696905 1.42712 -0.648105,
-0.0814169 1.06623 -0.749113,
0.0281322 1.19274 -0.260561,
-0.0459777 1.35429 -0.671161,
-0.0417449 1.0646 -0.761049,
-0.0143937 1.32187 -0.679737,
0.0175177 1.28912 -0.686713,
-0.0103257 1.03275 -0.771121,
0.0645262 1.0399 -0.772281,
0.0189682 1.61056 -0.301172,
-0.0291017 1.61123 -0.317617,
-0.0354721 1.1936 -0.276692,
-0.00543133 1.61102 -0.308144,
-0.0113153 1.19325 -0.268501,
-0.123811 1.58035 -0.591505,
-0.122694 1.66069 -0.591513,
-0.17938 1.21981 -0.649873,
-0.123591 1.62044 -0.590193,
-0.179611 1.18001 -0.652497,
-0.13363 1.61265 -0.511249,
-0.108554 1.61232 -0.430712,
-0.187039 1.19579 -0.447939,
-0.17281 1.19531 -0.408462,
-0.122563 1.61273 -0.470377,
0.239083 1.60746 -0.508329,
0.212749 1.60784 -0.428197,
0.224205 1.6074 -0.469001,
0.263224 1.18931 -0.405634,
0.2749 1.18896 -0.444325,
0.229627 1.57544 -0.588737,
0.230745 1.65577 -0.588745,
0.274282 1.21355 -0.645721,
0.230519 1.61552 -0.587417,
0.273297 1.17377 -0.648353,
0.131545 1.609 -0.316359,
0.0832237 1.60967 -0.300669,
0.101396 1.19169 -0.267543,
0.107758 1.60945 -0.307168,
0.125621 1.19135 -0.275548,
0.808601 0.756698 0.226887,
0.724478 1.31735 0.226063,
-0.638333 1.3363 0.215394,
-0.638528 1.3362 0.215392,
0.724669 1.31724 0.226065,
0.716194 0.707676 0.226178,
0.779925 0.741489 0.226667,
-0.415876 0.869453 -0.0312098,
-0.417439 0.756998 -0.031189,
-0.248315 -1.19131 -0.457756,
-0.207283 -1.33094 -0.425169,
-0.248087 -1.19132 -0.456861,
-0.248541 -1.18976 -0.457215,
-0.159817 -1.33159 -0.356233,
-0.208869 -1.19185 -0.371392,
-0.2094 -1.19184 -0.372155,
-0.209416 -1.19029 -0.371563,
0.258121 -1.19836 -0.408572,
0.258513 -1.19836 -0.409406,
0.28332 -1.19871 -0.499169,
0.2442 -1.33722 -0.461113,
0.283756 -1.19717 -0.499593,
0.283411 -1.19872 -0.500089,
0.252147 -1.33734 -0.544433,
0.276018 -1.19863 -0.592921,
0.27628 -1.19708 -0.593457,
0.275782 -1.19863 -0.593817,
0.231112 -1.33708 -0.625457,
0.237096 -1.19811 -0.678513,
0.237164 -1.19656 -0.679113,
0.236573 -1.1981 -0.679281,
0.183645 -1.33643 -0.694393,
0.115468 -1.33548 -0.742937,
0.170494 -1.19719 -0.746177,
0.171245 -1.1972 -0.745641,
0.171104 -1.19565 -0.746217,
0.0855197 -1.19602 -0.786441,
0.0864158 -1.19604 -0.786193,
-0.00717373 -1.19473 -0.795281,
-0.00809773 -1.19472 -0.795209,
-0.0486345 -1.3332 -0.758593,
-0.0982225 -1.19347 -0.771809,
-0.0987785 -1.1919 -0.771961,
-0.0990649 -1.19345 -0.771425,
-0.12476 -1.33214 -0.723809,
-0.17576 -1.19238 -0.718609,
-0.1844 -1.3313 -0.665089,
-0.17642 -1.19236 -0.717961,
-0.176327 -1.19081 -0.718553,
-0.230418 -1.1916 -0.642105,
-0.220362 -1.33079 -0.589513,
-0.230811 -1.1916 -0.641265,
-0.230935 -1.19004 -0.641841,
-0.255707 -1.19123 -0.550585,
-0.255616 -1.19123 -0.551505,
-0.256018 -1.18968 -0.551081,
-0.0238857 -1.2695 -0.780913,
-0.0106569 -1.27965 -0.774601,
-0.0259073 -1.28227 -0.772705,
-0.00993693 -1.2802 -0.774257,
-0.235424 -1.29447 -0.517713,
-0.235326 -1.29478 -0.517977,
-0.236013 -1.29146 -0.518665,
-0.235697 -1.29219 -0.516297,
-0.241565 -1.28142 -0.521001,
-0.245079 -1.27688 -0.496473,
-0.235707 -1.29185 -0.520945,
-0.235101 -1.29308 -0.524433,
-0.233503 -1.29577 -0.520929,
-0.229987 -1.29672 -0.569513,
-0.229743 -1.29679 -0.572857,
-0.244695 -1.27689 -0.545577,
0.0860884 -1.19447 -0.786673,
-0.00764493 -1.19317 -0.795617,
0.0348023 -1.33436 -0.765233,
0.208237 -1.33671 -0.385532,
0.204065 -1.19604 -0.33212,
0.258673 -1.1968 -0.40883,
0.346324 -0.958539 -0.751537,
0.314859 -0.834819 -0.799953,
0.24908 -0.957179 -0.851461,
0.293677 -0.831331 -0.820081,
0.303422 -0.957899 -0.807177,
0.207918 -0.830139 -0.882373,
-0.149661 -0.951667 -0.890709,
-0.264535 -0.950059 -0.811593,
-0.224083 -0.824131 -0.847981,
-0.210588 -0.950755 -0.856221,
-0.280677 -0.823235 -0.254601,
-0.312646 -0.949243 -0.298047,
-0.32945 -0.847859 -0.328045,
-0.348123 -0.948755 -0.358479,
-0.365653 -0.948523 -0.425993,
-0.358439 -0.847467 -0.391487,
-0.383175 -0.948291 -0.493505,
-0.382339 -0.820579 -0.481801,
-0.383609 -0.821859 -0.510657,
-0.0774209 0.776223 -0.840289,
0.356282 0.770251 -0.498937,
0.362667 0.770156 -0.539257,
0.356863 0.770231 -0.579657,
0.294871 0.771059 -0.735177,
0.164777 0.772856 -0.832169,
0.0452754 0.774508 -0.863333,
-0.0378673 0.775667 -0.853421,
0.00755483 0.00129655 -0.170699,
-0.0127425 0.00513047 -0.173394,
-0.0123905 0.00557039 -0.17356,
0.290281 0.771195 -0.346105,
0.268036 0.771428 -0.764945,
0.199875 0.772471 -0.267371,
0.23568 0.771965 -0.287545,
-0.311364 0.739309 -0.127332,
-0.729191 1.4126 0.21466,
0.817421 1.3911 0.226769,
-0.738015 0.778207 0.214778,
-0.71247 0.763723 0.214982,
-0.647003 0.726631 0.215505,
0.491453 0.744359 -0.0240729,
0.493017 0.85682 -0.0240938,
0.39351 -0.857923 -0.3856,
-0.299738 -0.823059 -0.773497,
-0.19567 -0.824523 -0.867549,
-0.0991122 -0.825875 -0.911661,
0.114858 -0.6553 -0.146769,
0.120928 -0.752947 -0.136617,
0.072447 -0.752267 -0.132765,
0.0728223 -0.752275 -0.133477,
0.0896653 -0.249715 -0.188891,
-0.161728 0.496811 -0.268189,
-0.312262 0.674813 -0.12732,
-0.326257 0.622934 -0.127414,
0.310645 0.716019 -0.122533,
-0.135122 0.154423 -0.221575,
-0.235971 0.723612 -0.126813,
-0.161138 0.505844 -0.268616,
0.231935 0.490861 -0.265485,
0.385549 0.66511 -0.121856,
0.2316 0.499758 -0.265927,
0.386445 0.729606 -0.121868,
-0.261347 0.321934 -0.126818,
-0.260681 0.321555 -0.126813,
-0.241835 0.310882 -0.126662,
-0.185098 0.163635 -0.2539,
-0.180936 0.227688 -0.256623,
0.398097 0.612864 -0.121743,
0.233455 0.482819 -0.265773,
0.244775 0.157155 -0.249057,
0.243673 0.231624 -0.253721,
0.244776 0.157147 -0.249057,
0.203304 0.190827 -0.230189,
0.221546 0.196618 -0.238754,
0.178424 0.485085 -0.238622,
0.178449 0.485108 -0.238639,
0.199747 0.146021 -0.22561,
-0.137991 0.155731 -0.222824,
-0.137631 0.509522 -0.252833,
-0.122383 0.776953 -0.266746,
-0.169677 0.205398 -0.246705,
-0.159861 0.206171 -0.239945,
-0.163394 0.4886 -0.268595,
-0.183723 0.163549 -0.252621,
-0.184863 0.163767 -0.253613,
-0.180839 0.229794 -0.256757,
-0.257332 -0.691577 -0.812481,
-0.261347 -0.69152 -0.808937,
-0.261755 -0.747747 -0.811665,
-0.259941 -0.498703 -0.799577,
-0.242162 -0.498953 -0.815265,
-0.241538 -0.490935 -0.815377,
-0.260232 -0.538879 -0.801529,
-0.245327 -0.539089 -0.814681,
-0.244695 -0.531061 -0.814801,
-0.260523 -0.579046 -0.803481,
-0.248485 -0.579215 -0.814105,
-0.247852 -0.571189 -0.814217,
-0.260815 -0.619213 -0.805425,
-0.251642 -0.619342 -0.813521,
-0.25101 -0.611314 -0.813641,
-0.261115 -0.659379 -0.807377,
-0.254807 -0.659468 -0.812945,
-0.254175 -0.651441 -0.813057,
-0.259649 -0.458537 -0.797633,
-0.330829 -0.304875 -0.663433,
-0.370917 -0.625675 -0.574649,
-0.369733 -0.60962 -0.576121,
-0.321523 0.0427833 -0.636209,
-0.371705 -0.625664 -0.571505,
-0.370618 -0.609607 -0.572569,
-0.372661 -0.625649 -0.566313,
-0.373172 -0.625641 -0.563153,
-0.371704 -0.609591 -0.566681,
-0.372295 -0.609581 -0.563097,
-0.373251 -0.625628 -0.495177,
-0.372438 -0.625638 -0.491865,
-0.329383 0.0325929 -0.482649,
-0.329231 0.0325909 -0.481745,
-0.328711 0.0429118 -0.482505,
0.381504 -0.740545 -0.352165,
0.379145 -0.708369 -0.350863,
0.381749 -0.740549 -0.352518,
0.382356 -0.740557 -0.353786,
0.379883 -0.70838 -0.351922,
0.336763 0.0336847 -0.338185,
0.381693 -0.708406 -0.355724,
0.415166 -0.636589 -0.483721,
0.417105 -0.636629 -0.556777,
0.416673 -0.620552 -0.556713,
0.399117 0.0327776 -0.553945,
0.395726 0.0328288 -0.532601,
0.416636 -0.636623 -0.560049,
0.415856 -0.636613 -0.563281,
0.420347 -0.757187 -0.557289,
0.416141 -0.620545 -0.560409,
0.396045 0.0328169 -0.575345,
0.415262 -0.620533 -0.564081,
0.389101 -0.314882 -0.647017,
0.384809 -0.21841 -0.651521,
0.306294 -0.699413 -0.805113,
0.306461 -0.466408 -0.797521,
0.306433 -0.506579 -0.798833,
0.306433 -0.498551 -0.798569,
0.306405 -0.546757 -0.800137,
0.306406 -0.538721 -0.799881,
0.306378 -0.586929 -0.801449,
0.306378 -0.578892 -0.801185,
0.306349 -0.627099 -0.802761,
0.30635 -0.619063 -0.802497,
0.306322 -0.667269 -0.804065,
0.306322 -0.659233 -0.803809,
0.30709 -0.699423 -0.803801,
0.310504 -0.466463 -0.790753,
0.309913 -0.506626 -0.793001,
0.310029 -0.4986 -0.792553,
0.309321 -0.546797 -0.795249,
0.309446 -0.538763 -0.794809,
0.308738 -0.586961 -0.797505,
0.308856 -0.578926 -0.797057,
0.308148 -0.627123 -0.799753,
0.308264 -0.619089 -0.799305,
0.307557 -0.667286 -0.802001,
0.307673 -0.659252 -0.801553,
0.305288 -0.699399 -0.806241,
0.304128 -0.699383 -0.807233,
0.306257 -0.755643 -0.806945,
0.29729 -0.237298 -0.800401,
0.292583 0.0342141 -0.796977,
0.296809 -0.506447 -0.808201,
0.301945 -0.506517 -0.803801,
0.301805 -0.498488 -0.803705,
0.30125 -0.466337 -0.803297,
0.298261 -0.293554 -0.801113,
0.288729 -0.293423 -0.809273,
0.298331 -0.546647 -0.808001,
0.302643 -0.546706 -0.804313,
0.302501 -0.538669 -0.804209,
0.299853 -0.586839 -0.807793,
0.303339 -0.586887 -0.804817,
0.303198 -0.578849 -0.804713,
0.301384 -0.62703 -0.807593,
0.304035 -0.627067 -0.805329,
0.303895 -0.619029 -0.805225,
0.302905 -0.667222 -0.807393,
0.304732 -0.667248 -0.805833,
0.304591 -0.65921 -0.805729,
0.288113 -0.277351 -0.809353,
0.297979 -0.277486 -0.800913,
0.297564 -0.253373 -0.800609,
0.286591 -0.237151 -0.809553,
0.265134 0.245205 -0.805305,
-0.248845 0.595047 -0.375276,
-0.324708 0.0887617 -0.481337,
-0.264506 0.77889 -0.463825,
-0.194539 0.251596 -0.807465,
-0.149841 0.777239 -0.797377,
-0.181794 0.777683 -0.768465,
-0.211098 0.778098 -0.740049,
-0.0607265 0.0391089 -0.896709,
-0.0808857 -0.750283 -0.914173,
-0.0816689 0.0394016 -0.889749,
-0.146873 -0.749363 -0.890789,
-0.199644 0.0410543 -0.823073,
-0.207751 -0.748507 -0.856221,
-0.182725 0.0408157 -0.838385,
-0.255998 0.0418471 -0.773345,
-0.264283 0.0419643 -0.759657,
-0.307139 -0.747107 -0.758353,
-0.380312 -0.746043 -0.493545,
-0.379815 -0.746059 -0.563561,
-0.322993 0.0428386 -0.448378,
-0.368747 -0.746187 -0.424498,
-0.309138 0.0426533 -0.40694,
-0.280495 0.0422671 -0.344235,
-0.310787 -0.746971 -0.297605,
-0.266167 -0.747579 -0.243653,
-0.215368 0.0413753 -0.267442,
-0.189056 0.0410136 -0.244978,
-0.170728 0.0407609 -0.232173,
-0.212925 -0.748315 -0.198199,
-0.140893 0.0403499 -0.21466,
-0.152545 -0.749147 -0.162756,
0.143998 0.0363921 -0.192723,
0.206693 0.0355148 -0.221367,
0.227621 0.0352226 -0.230725,
0.246578 0.0349569 -0.241408,
0.247785 -0.754723 -0.194625,
0.324613 0.0338568 -0.320784,
0.389186 0.0329323 -0.463977,
0.406157 -0.756963 -0.418746,
0.383724 0.0330125 -0.442845,
0.366949 0.0332013 -0.685217,
0.306799 0.0340194 -0.781209,
0.276287 0.0344381 -0.810921,
0.252959 -0.754915 -0.852645,
0.202602 0.0354535 -0.862749,
0.181749 0.0357414 -0.872565,
0.19258 -0.754083 -0.888085,
0.0520257 0.0375386 -0.907429,
0.0486876 -0.752083 -0.916965,
0.0729402 0.0372485 -0.903301,
-0.0387249 0.0388025 -0.899445,
0.0299929 0.0378461 -0.904917,
0.00368043 0.775088 -0.858597,
0.0847742 0.773961 -0.855533,
0.0937487 0.0369605 -0.898469,
0.160198 0.0360401 -0.880101,
0.124078 0.773421 -0.846413,
0.220132 0.035212 -0.850901,
0.237262 0.771854 -0.791273,
0.204149 0.772306 -0.813641,
0.317845 0.0338698 -0.762737,
0.365231 0.0332213 -0.702841,
0.315729 0.770779 -0.700297,
0.33464 0.770527 -0.661137,
0.37362 0.0331125 -0.663281,
0.390938 0.0328839 -0.596561,
0.347237 0.770359 -0.619713,
0.373873 0.0331532 -0.422244,
0.34598 0.770403 -0.459045,
0.366383 0.0332611 -0.400435,
0.313214 0.770875 -0.37896,
0.327364 0.770669 -0.420144,
0.311962 0.0340361 -0.30377,
0.262839 0.0347285 -0.255403,
0.266397 0.771533 -0.313975,
0.16037 0.773027 -0.249696,
0.122246 0.0366962 -0.185404,
0.0994971 0.0370128 -0.183592,
0.1193 0.773596 -0.23587,
0.0780466 0.037312 -0.178277,
0.0768367 0.0373286 -0.178177,
0.0787971 0.774162 -0.225843,
0.0549499 0.0376334 -0.176048,
0.0101905 0.0382567 -0.172485,
0.0374596 0.774741 -0.221809,
-0.0108953 0.0385496 -0.175086,
-0.0247521 0.0387413 -0.178914,
-0.00236413 0.775291 -0.226713,
-0.0453953 0.0390275 -0.184424,
-0.0413473 0.775827 -0.237128,
-0.0872642 0.0396074 -0.194072,
-0.119668 0.0400561 -0.206181,
-0.0823113 0.776394 -0.250731,
-0.157003 0.777425 -0.290913,
-0.231885 0.0416022 -0.282064,
-0.253933 0.0419038 -0.308726,
-0.268349 0.0421015 -0.325791,
-0.215404 0.778231 -0.350753,
-0.188186 0.777858 -0.318525,
-0.316928 0.0427581 -0.427358,
-0.253055 0.778738 -0.424131,
-0.238345 0.778544 -0.385579,
-0.274579 0.779026 -0.504833,
-0.33658 0.0430129 -0.526273,
-0.336327 0.0430032 -0.560873,
-0.279357 0.77908 -0.546481,
-0.33294 0.0429522 -0.581617,
-0.326671 0.0428589 -0.615641,
-0.272964 0.778985 -0.585649,
-0.263249 0.778846 -0.624489,
-0.315656 0.0426977 -0.658529,
-0.286037 0.0422741 -0.720777,
-0.276646 0.0421399 -0.741801,
-0.234432 0.778432 -0.706337,
-0.252164 0.778683 -0.666633,
-0.164596 0.0405613 -0.851589,
-0.101893 0.0396844 -0.880237,
-0.115611 0.776756 -0.822313,
0.0858967 -0.752459 -0.133836,
0.186907 -0.753867 -0.160056,
0.152895 -0.753395 -0.151229,
-0.350952 -0.931283 -0.672881,
-0.369931 -0.948499 -0.632377,
-0.363061 -0.896675 -0.648881,
-0.362381 -0.931115 -0.648865,
-0.35253 -0.850907 -0.672913,
-0.309993 -0.949355 -0.758345,
-0.351903 -0.883051 -0.672905,
-0.361189 -0.882923 -0.653385,
-0.356831 -0.850851 -0.663889,
-0.353077 -0.823235 -0.672929,
-0.342654 -0.746603 -0.698025,
-0.319747 -0.822779 -0.745393,
-0.0336681 -0.951803 -0.918205,
-0.0383753 -0.953163 -0.917789,
-0.0837065 -0.952531 -0.914181,
-0.0657225 -0.826347 -0.920333,
-0.0118585 -0.751243 -0.925837,
0.0320113 -0.846619 -0.928325,
0.0843832 -0.953443 -0.917277,
0.0553353 -0.954467 -0.925253,
0.189792 -0.956331 -0.888093,
0.0858792 -0.954891 -0.916813,
0.074448 -0.828291 -0.925477,
0.127001 -0.753171 -0.912589,
0.176761 -0.829707 -0.897197,
0.404332 -0.959227 -0.418385,
0.416673 -0.858259 -0.451985,
0.41984 -0.757163 -0.487281,
0.423376 -0.858363 -0.522233,
0.401924 -0.813187 -0.642921,
0.399734 -0.861363 -0.642921,
0.39828 -0.893483 -0.642929,
0.417773 -0.858299 -0.592577,
0.417576 -0.959435 -0.557257,
0.396089 -0.941667 -0.642929,
0.389823 -0.941579 -0.667081,
0.392005 -0.893395 -0.667081,
0.382532 -0.958971 -0.692281,
0.395137 -0.861307 -0.660633,
0.392191 -0.861267 -0.667089,
0.391241 -0.813043 -0.667105,
0.401434 -0.813179 -0.644801,
0.408772 -0.757035 -0.626337,
0.350812 -0.756259 -0.753233,
0.377316 -0.832459 -0.707689,
0.301789 -0.755483 -0.239173,
0.336828 -0.831835 -0.277911,
0.344394 -0.958371 -0.292416,
0.382687 -0.756627 -0.352817,
0.244766 0.157684 -0.24909,
0.232569 0.153405 -0.242233,
0.369563 0.337362 -0.121885,
0.394448 0.350434 -0.121694,
0.246366 0.157292 -0.250437,
0.325536 0.314152 -0.122223,
0.204893 0.145572 -0.228189,
0.199638 0.147778 -0.225679,
0.192064 0.145004 -0.222026,
0.305031 0.303278 -0.12238,
0.324183 0.313431 -0.122233,
-0.172464 0.160002 -0.244833,
-0.183709 0.163977 -0.252646,
-0.185148 0.163712 -0.253858,
-0.329907 0.360505 -0.127366,
-0.306053 0.347117 -0.127175,
0.178397 0.485054 -0.238639,
0.21005 0.502087 -0.253938,
0.232512 0.506194 -0.266903,
0.400513 0.786694 -0.121775,
0.310773 0.716127 -0.122456,
-0.129148 0.507729 -0.247702,
-0.110421 0.49277 -0.239071,
-0.139915 0.51001 -0.25421,
-0.236095 0.723729 -0.126738,
-0.32384 0.796763 -0.127446,
-0.161804 0.512295 -0.269681,
0.124235 -0.955283 -0.141813,
0.298977 -0.957731 -0.239136,
0.268213 -0.986491 -0.222021,
0.244789 -0.956971 -0.19485,
0.149194 -0.984707 -0.154666,
0.210501 -0.985683 -0.182272,
0.184095 -0.956115 -0.160018,
-0.0897785 -0.952307 -0.138208,
-0.120006 -0.981011 -0.156278,
-0.15523 -0.951403 -0.163002,
-0.183739 -0.980411 -0.185367,
-0.268759 -0.949835 -0.243833,
-0.238265 -0.979451 -0.22508,
-0.215737 -0.950563 -0.198161,
-0.256472 -0.823563 -0.230013,
-0.269013 -0.949835 -0.243583,
-0.215713 -0.950627 -0.198195,
-0.169993 -0.824755 -0.168445,
0.137038 -0.829019 -0.139148,
0.118116 -0.955195 -0.136581,
0.184069 -0.956179 -0.160061,
0.233595 -0.830371 -0.183261,
0.297741 -0.957747 -0.240103,
0.262008 -0.830771 -0.202838,
0.244997 -0.956971 -0.194554,
-0.138844 -0.825187 -0.153617,
-0.155383 -0.951395 -0.162677,
-0.0380449 -2.28132 0.189591,
-0.0532377 -2.23898 0.213566,
-0.167822 -2.44271 0.212729,
-0.125298 -2.42771 0.188952,
0.152598 -2.42378 0.215231,
0.0122538 -2.57613 0.214178,
0.0210848 -2.51497 0.190123,
0.107471 -2.43095 0.190775,
0.149192 -2.44712 0.215211,
0.0356855 -2.57336 0.21436,
-0.0473633 -2.32907 0.225687,
-0.0604361 -2.36728 0.215555,
-0.0686553 -2.34644 0.225526,
-0.0467649 -2.35145 0.215656,
-0.0849593 -2.30475 0.229399,
-0.0700689 -2.44814 0.225544,
-0.0612737 -2.42753 0.215565,
-0.0480481 -2.44375 0.215674,
-0.0663745 -2.29455 0.189374,
-0.11198 -2.33645 0.189029,
-0.119414 -2.35601 0.188977,
-0.0824066 -2.37007 0.185257,
-0.0683409 -2.34645 0.18536,
-0.0601217 -2.36731 0.175388,
-0.0470489 -2.32908 0.185522,
-0.0464505 -2.35146 0.175491,
-0.0224185 -2.27949 0.189714,
-0.0481129 -2.28435 0.189514,
-0.0210953 -2.32005 0.185723,
-0.0281801 -2.34124 0.175631,
-0.126848 -2.37557 0.188924,
-0.173333 -2.39585 0.212672,
-0.124431 -2.36535 0.18894,
-0.166521 -2.34916 0.212712,
-0.169935 -2.3725 0.212692,
-0.0412817 -2.5141 0.189635,
-0.0578689 -2.57207 0.213627,
-0.0345233 -2.57548 0.213811,
-0.0111777 -2.57887 0.213995,
-0.0697553 -2.44815 0.185379,
-0.0477337 -2.44375 0.175508,
-0.0675481 -2.38687 0.175336,
-0.0307017 -2.51471 0.189718,
-0.0232617 -2.47587 0.185751,
-0.0678393 -2.40779 0.17534,
-0.0875506 -2.39704 0.185225,
-0.12897 -2.39647 0.188914,
-0.12713 -2.41209 0.188933,
-0.120543 -2.43717 0.188992,
-0.113655 -2.45694 0.189051,
-0.0609593 -2.42755 0.175399,
-0.0831585 -2.42416 0.185267,
-0.0692321 -2.50008 0.189412,
-0.0512609 -2.51079 0.189555,
-0.0297545 -2.45448 0.175652,
-0.0489545 -2.46611 0.185547,
0.0494233 -2.50174 0.190341,
0.0950285 -2.45983 0.190686,
-0.0101513 -2.51864 0.189879,
0.102463 -2.44027 0.190738,
0.109744 -2.41538 0.190787,
0.0655088 -2.42623 0.186431,
0.0514436 -2.44984 0.186328,
0.0433903 -2.42899 0.176217,
0.0301516 -2.46721 0.186167,
0.0297185 -2.44483 0.176115,
0.00546659 -2.5168 0.190001,
0.0311527 -2.51195 0.190201,
0.00420683 -2.47624 0.185966,
0.0114484 -2.45505 0.175975,
-0.00920333 -2.45839 0.175814,
-0.00637453 -2.23347 0.213931,
0.0243219 -2.28219 0.19008,
0.040317 -2.24027 0.214299,
0.0169712 -2.23687 0.214115,
0.156004 -2.40043 0.215251,
0.153248 -2.37699 0.215223,
0.150492 -2.35357 0.215194,
0.108338 -2.36859 0.190763,
0.0528579 -2.34814 0.186309,
0.0310021 -2.35254 0.176097,
-0.00825533 -2.39815 0.161739,
0.0508167 -2.40943 0.176269,
-0.00752813 -2.33791 0.175791,
0.00637323 -2.32043 0.185937,
0.0137509 -2.28156 0.189997,
-0.00680013 -2.27765 0.189835,
0.0511079 -2.38851 0.176265,
0.0706619 -2.39925 0.186463,
0.112009 -2.39982 0.190801,
0.110471 -2.37887 0.190783,
0.0442283 -2.36875 0.176206,
0.0662617 -2.37212 0.186421,
0.103591 -2.35911 0.190723,
0.096704 -2.33935 0.190663,
0.0130229 -2.34182 0.175954,
0.0320576 -2.33018 0.186141,
0.0522813 -2.29619 0.190303,
0.0343013 -2.2855 0.190159,
0.0298374 -2.4672 0.226332,
0.0430761 -2.42898 0.216383,
0.0849702 -2.47217 0.230779,
0.0511295 -2.44983 0.226494,
0.0294043 -2.44483 0.21628,
0.0626095 -2.49393 0.23061,
0.0439141 -2.36875 0.216371,
0.096389 -2.33934 0.230829,
0.0869929 -2.32673 0.230751,
0.0525436 -2.34813 0.226475,
0.030688 -2.35253 0.216263,
0.065246 -2.30436 0.230575,
0.0529038 -2.29463 0.230475,
0.0317433 -2.33016 0.226307,
-0.0492681 -2.46609 0.225713,
0.06257 -0.954603 -0.12929,
0.0625812 -0.954419 -0.129265,
0.062438 -0.954419 -0.129233,
1.4958 -2.41098 0.450685,
1.50723 -2.42721 0.450779,
1.50774 -2.41918 0.45078,
1.49569 -2.41901 0.450686,
0.0187148 -0.880371 0.438675,
0.00248475 -0.891795 0.438552,
0.0105188 -0.891907 0.438615,
0.0106863 -0.879859 0.438613,
-1.52808 -2.36894 0.427009,
-1.51665 -2.38516 0.427103,
-1.51654 -2.37713 0.427102,
-1.52859 -2.37696 0.427008,
-0.711654 -2.79004 0.433521,
-0.712911 -2.78999 0.594192,
0.679633 -2.80939 0.444414,
0.762579 -2.61677 0.445008,
0.3767 -2.50745 0.361611,
0.768358 -2.20095 0.44493,
-0.396301 -2.28875 0.355498,
-1.47913 -1.98256 0.427279,
-1.61779 -2.3757 0.533429,
-1.55726 -1.96065 0.533772,
1.46927 -2.02354 0.450364,
1.51577 -2.41929 0.450843,
1.59526 -2.42037 0.558585,
1.53474 -2.83543 0.558225,
-0.448638 -3.9441 0.543039,
-1.49011 -2.7726 0.427424,
-1.53662 -2.37685 0.426944,
0.382954 -3.95566 0.549541,
-0.0336025 -4.00463 0.546304,
-0.425935 -3.86682 0.436073,
-0.112294 -2.33644 0.229195,
-0.0986305 -2.32059 0.229297,
-0.0928065 -2.31175 0.22934,
-0.0675905 -2.29295 0.229532,
-0.0383593 -2.28131 0.229757,
-0.0752561 -2.23163 0.253559,
-0.0533281 -2.22289 0.253729,
-0.0971745 -2.24034 0.253391,
-0.149623 -2.28706 0.252994,
-0.134999 -2.26855 0.253103,
-0.173575 -2.32725 0.252819,
-0.164247 -2.30559 0.252885,
-0.119795 -2.44231 0.229167,
-0.125612 -2.4277 0.229118,
-0.104573 -2.46954 0.229295,
-0.11397 -2.45692 0.229217,
-0.0828257 -2.49191 0.229471,
-0.0951761 -2.48215 0.229371,
-0.0415961 -2.51409 0.2298,
-0.0560441 -2.50787 0.229686,
-0.0704921 -2.50165 0.229571,
-0.0798593 -2.56272 0.253621,
-0.101527 -2.55339 0.253449,
-0.138553 -2.52415 0.253151,
-0.152657 -2.50523 0.253035,
-0.166761 -2.48632 0.252919,
-0.175483 -2.4644 0.252844,
-0.184203 -2.44247 0.252769,
-0.124745 -2.36534 0.229106,
-0.182903 -2.34893 0.252752,
-0.127444 -2.41207 0.229099,
-0.129284 -2.39646 0.229079,
-0.189715 -2.39561 0.252712,
-0.0348377 -2.57547 0.253977,
-0.0581833 -2.57206 0.253793,
-0.00711453 -2.27764 0.230001,
-0.00646493 -2.21738 0.254094,
-0.0683057 -2.16447 0.277691,
-0.126759 -2.18775 0.277241,
-0.1772 -2.22535 0.276858,
-0.289842 -2.11015 0.356278,
-0.219543 -2.51571 0.276611,
-0.181939 -2.56615 0.27692,
-0.00896333 -2.15702 0.68038,
-0.0156657 -2.63899 0.680469,
-0.0175809 -2.79966 0.639804,
-0.0779265 -2.62991 0.67998,
-0.135711 -2.60502 0.67952,
-0.217651 -2.74305 0.638222,
-0.185087 -2.56604 0.679123,
-0.299941 -2.67807 0.637559,
-0.222682 -2.51559 0.678814,
-0.362611 -2.59399 0.637043,
-0.245951 -2.45714 0.678614,
-0.253294 -2.39465 0.678538,
-0.244215 -2.33239 0.678592,
-0.398501 -2.28867 0.636673,
-0.219331 -2.27461 0.678769,
-0.180347 -2.22523 0.67906,
-0.129907 -2.18763 0.679443,
-0.0714529 -2.16436 0.679894,
0.053289 -2.16609 0.680871,
0.111072 -2.19098 0.68133,
0.160448 -2.22997 0.681727,
0.275947 -2.11796 0.641901,
0.198052 -2.28041 0.682037,
0.338617 -2.20202 0.642416,
0.221321 -2.33887 0.682236,
0.374499 -2.50736 0.642787,
0.228665 -2.40135 0.682311,
0.333033 -2.60367 0.64249,
0.219587 -2.46361 0.682259,
0.194701 -2.52139 0.68208,
0.15571 -2.57078 0.68179,
0.0468152 -2.63164 0.680956,
0.105268 -2.60837 0.681407,
0.27025 -2.68604 0.360831,
0.0119395 -2.57612 0.254344,
0.0499706 -2.63176 0.278755,
0.0353713 -2.57335 0.254526,
0.210291 -2.49262 0.279968,
0.178353 -2.54621 0.279734,
0.117041 -2.52771 0.255152,
0.0791936 -2.62013 0.278979,
0.168351 -2.42399 0.255523,
0.111695 -2.39981 0.230967,
0.108416 -2.6085 0.279205,
0.0792091 -2.55591 0.254864,
0.0500018 -2.50332 0.230514,
0.133641 -2.5897 0.279397,
0.158857 -2.57088 0.279589,
0.0752261 -2.48452 0.230706,
0.14629 -2.49067 0.25537,
0.0947143 -2.45983 0.230851,
0.164945 -2.44732 0.255503,
0.107156 -2.43094 0.23094,
0.171757 -2.40064 0.255543,
0.169002 -2.3772 0.255514,
0.0253054 -2.16167 0.278423,
-0.00581613 -2.15713 0.278179,
0.0853327 -2.17865 0.278898,
0.0564445 -2.16621 0.278668,
0.138912 -2.21059 0.279327,
0.11422 -2.1911 0.279128,
0.182398 -2.25531 0.27968,
0.163595 -2.23009 0.279526,
0.224468 -2.33898 0.280034,
0.212834 -2.30975 0.279935,
0.2012 -2.28053 0.279835,
-0.29774 -2.67815 0.356383,
-0.586312 -2.95819 0.434551,
-0.449423 -3.06628 0.435655,
-0.119138 -2.78461 0.357812,
-0.408995 -3.06685 0.431008,
-0.421731 -3.08815 0.435878,
-0.229116 -3.1711 0.437409,
-0.121338 -2.78452 0.638988,
-0.410311 -3.0668 0.599118,
-0.201783 -3.0697 0.608803,
-0.230374 -3.17105 0.59808,
0.0865564 -2.78742 0.640615,
0.185431 -3.17683 0.601336,
0.183984 -2.74864 0.641367,
0.268049 -2.68597 0.642006,
0.368158 -3.07763 0.605213,
0.380278 -3.09927 0.602837,
0.161009 -3.07478 0.419367,
0.186689 -3.17687 0.440664,
0.549665 -2.97399 0.443445,
0.409823 -3.07823 0.442382,
0.369473 -3.07767 0.437104,
0.381535 -3.09931 0.442167,
1.42413 -3.09231 0.557436,
1.41066 -3.09213 0.57073,
1.35806 -3.21428 0.570355,
0.678377 -2.80934 0.605085,
1.14686 -3.08846 0.581142,
0.408565 -3.07819 0.603052,
0.548408 -2.97393 0.604116,
1.35499 -3.15319 0.50336,
1.38143 -3.09173 0.503549,
1.33877 -3.09115 0.449655,
-1.37837 -3.05337 0.428381,
-0.587578 -2.95815 0.595222,
-1.56883 -2.79228 0.533927,
-1.45215 -3.05232 0.548316,
-1.46541 -3.05214 0.534812,
0.320573 -1.84314 0.409852,
-0.207539 -1.61927 0.437123,
-0.108349 -2.0087 0.357669,
0.208258 -1.62504 0.440378,
0.0995462 -2.01159 0.359296,
0.147598 -1.84075 0.395131,
0.000745147 -1.59479 0.438745,
-0.00421053 -1.99644 0.35848,
-0.00226413 -1.83866 0.390011,
-0.152188 -1.83658 0.392784,
-0.327007 -1.83411 0.612658,
0.571925 -1.84663 0.443289,
0.690803 -2.0061 0.444266,
-0.357026 -2.19235 0.63697,
-0.570515 -1.82217 0.434341,
-0.577217 -1.83066 0.434292,
-0.700484 -1.98676 0.433373,
0.565463 -1.83795 0.443236,
0.400873 -1.70799 0.441909,
0.195857 -2.05305 0.360063,
0.278148 -2.11803 0.360725,
0.556782 -1.84642 0.440744,
0.193657 -2.05297 0.641238,
0.318954 -1.84308 0.617715,
0.555497 -1.84638 0.60505,
-0.571782 -1.82212 0.595012,
-0.207977 -2.04739 0.638093,
-0.292043 -2.11006 0.637454,
-0.563331 -1.83082 0.59629,
-0.402385 -1.69682 0.43562,
-0.205777 -2.04747 0.356918,
-0.325381 -1.83416 0.404794,
-0.562036 -1.83087 0.431984,
-1.49579 -1.81787 0.534211,
-1.54539 -1.96403 0.547267,
-1.48252 -1.81805 0.547716,
-0.701741 -1.98671 0.594044,
0.570667 -1.84659 0.60396,
0.689546 -2.00604 0.604936,
0.965161 -1.85207 0.59102,
1.47534 -1.85917 0.570875,
1.48882 -1.85936 0.55758,
1.54631 -2.00381 0.558072,
-0.44536 -3.9321 0.556453,
-0.340918 -3.55041 0.581256,
-0.0335337 -3.99216 0.559693,
-0.0289809 -3.65115 0.583727,
0.285627 -3.55912 0.586161,
0.379793 -3.94358 0.562913,
-0.110549 -2.00861 0.638844,
-0.153971 -1.83651 0.620695,
-0.00641133 -1.99637 0.639656,
0.0973453 -2.0115 0.640472,
0.145815 -1.84067 0.623043,
-0.00410653 -1.8386 0.625421,
-1.17057 -1.31555 0.55001,
-1.06488 -1.21191 0.550807,
-1.18413 -1.31628 0.533741,
-1.18689 -1.31642 0.53649,
-1.39138 -1.57541 0.534958,
-1.0095 -1.25531 0.43074,
-0.755143 -1.06569 0.432675,
-0.795175 -0.995539 0.539453,
-1.07227 -1.30721 0.554463,
-1.06481 -1.21187 0.550807,
1.07407 -1.22794 0.551395,
1.07392 -1.22523 0.554155,
1.13507 -1.40268 0.447565,
1.32191 -1.65332 0.449101,
0.811345 -1.01787 0.552031,
1.07394 -1.22524 0.554155,
1.07471 -1.24166 0.567558,
1.39119 -1.6141 0.556743,
1.17748 -1.34819 0.568393,
1.14476 -3.4844 0.568764,
1.04239 -3.58398 0.567993,
1.15854 -3.48368 0.552684,
1.16128 -3.48355 0.555502,
1.36886 -3.22066 0.55704,
0.988633 -3.54083 0.447048,
0.772648 -3.80055 0.552545,
-1.0968 -3.56792 0.53506,
-1.09669 -3.57067 0.537858,
-1.15311 -3.39725 0.430245,
-1.34277 -3.14283 0.428686,
-0.833871 -3.77821 0.539968,
-1.09672 -3.57065 0.537858,
-1.0977 -3.55423 0.551237,
-1.41373 -3.18197 0.535255,
-1.19726 -3.45183 0.550428,
1.14477 -3.4844 0.568765,
1.04995 -3.48935 0.571677,
0.653172 -3.08159 0.597335,
1.04967 -3.48936 0.571683,
1.04234 -3.58403 0.567992,
0.766471 -3.78967 0.565894,
-0.450679 -3.06624 0.596325,
-0.422989 -3.08809 0.596548,
-0.827607 -3.76751 0.553413,
-1.40297 -3.1759 0.548737,
-1.18853 -3.05599 0.562857,
-0.695167 -3.06284 0.586779,
-0.578482 -1.8306 0.594962,
-0.972719 -1.82513 0.575847,
-1.3808 -1.58177 0.548443,
1.07955 -1.34035 0.571403,
1.17749 -1.34821 0.568393,
1.38023 -1.62016 0.57006,
-0.0747785 -2.63003 0.277778,
-0.132563 -2.60515 0.277319,
-0.21545 -2.74314 0.357047,
0.0554772 -2.65388 0.290215,
0.0887567 -2.7875 0.359439,
0.186185 -2.74871 0.360191,
-0.507761 -2.43937 0.375047,
-0.503977 -2.47157 0.375087,
-0.463744 -2.47213 0.367367,
0.446402 -2.45264 0.374483,
0.441724 -2.48472 0.374455,
0.481831 -2.48527 0.382805,
0.487841 -2.3568 0.382814,
0.484065 -2.32461 0.382776,
0.443958 -2.32406 0.374426,
-0.50642 -2.34298 0.37503,
-0.466187 -2.34354 0.367309,
-0.46151 -2.31147 0.367336,
-0.28669 -2.4264 0.296143,
-0.262493 -2.42674 0.284284,
-0.264858 -2.40662 0.28426,
-0.260601 -2.44283 0.284304,
-0.284797 -2.44248 0.296163,
-0.285796 -2.36214 0.296132,
-0.288719 -2.38218 0.296115,
-0.264523 -2.38251 0.284255,
-0.280533 -2.32605 0.296163,
-0.283457 -2.3461 0.296146,
-0.256596 -2.32813 0.284302,
-0.255842 -2.32639 0.284307,
-0.263113 -2.32629 0.287625,
-0.241069 -2.33251 0.276389,
-0.216192 -2.27473 0.276567,
-0.354826 -2.19243 0.355794,
-0.257748 -2.46295 0.284332,
-0.258447 -2.4612 0.284327,
-0.265011 -2.46285 0.287651,
-0.399191 -2.49666 0.355536,
-0.360411 -2.59408 0.355868,
0.237381 -2.46983 0.288209,
0.238135 -2.4681 0.288215,
0.222733 -2.46373 0.280057,
0.197849 -2.52152 0.279879,
0.335234 -2.60375 0.361315,
0.239279 -2.33327 0.288183,
0.246497 -2.33338 0.291615,
0.37959 -2.29954 0.361572,
0.340817 -2.20211 0.36124,
0.244032 -2.36951 0.288231,
0.246397 -2.38962 0.288256,
0.270406 -2.38995 0.300492,
0.239985 -2.33503 0.28819,
0.24214 -2.3534 0.288212,
0.266148 -2.35374 0.300448,
0.27007 -2.41406 0.300497,
0.246062 -2.41372 0.28826,
0.243138 -2.43377 0.288243,
0.244599 -2.46994 0.29164,
0.261883 -2.47017 0.300449,
0.264807 -2.45012 0.300467,
-0.413631 -2.39243 0.636585,
-0.401391 -2.49658 0.636712,
0.74889 -2.44026 0.609332,
0.761316 -2.61672 0.605677,
0.389637 -2.40359 0.642875,
0.37739 -2.29946 0.642748,
-0.772319 -2.35579 0.597403,
-0.784687 -2.17932 0.593451,
-1.60545 -2.37587 0.546918,
-0.810943 -2.34484 0.593185,
-0.808903 -2.34542 0.593311,
0.78669 -2.36761 0.605803,
0.788749 -2.36709 0.60571,
0.767103 -2.20091 0.6056,
1.53412 -2.00686 0.571378,
0.78758 -2.4512 0.605725,
0.785535 -2.45062 0.605818,
0.791577 -2.40919 0.605853,
1.5827 -2.42019 0.571879,
1.52265 -2.83204 0.57153,
-0.812111 -2.42896 0.5932,
-0.814943 -2.38685 0.593276,
-0.810055 -2.42844 0.593326,
-0.790463 -2.59515 0.593528,
-1.55686 -2.78922 0.547419,
-0.807647 -2.34547 0.43264,
-0.809687 -2.3449 0.432623,
-0.0630233 -3.19532 0.438716,
-0.0635977 -3.19736 0.438712,
-0.810855 -2.42901 0.432639,
-0.808799 -2.42848 0.432655,
-0.813687 -2.38691 0.432604,
0.020504 -3.19853 0.439371,
0.0199864 -3.19647 0.439366,
-0.0215937 -3.20135 0.439042,
-0.0316473 -3.92431 0.439175,
0.364085 -3.8778 0.442259,
0.734295 -3.73045 0.445112,
0.78679 -2.45067 0.445148,
0.788835 -2.45125 0.445163,
0.790003 -2.36714 0.445148,
0.787945 -2.36765 0.445133,
0.792832 -2.40924 0.445183,
0.0500194 -1.15332 0.0172199,
0.130626 -1.15444 -0.0183042,
0.129493 -1.23599 -0.018289,
0.0687912 -0.848483 -0.129373,
0.068065 -0.860995 -0.129703,
0.0748728 -0.822131 -0.129023,
-0.0519825 -0.750539 -0.134915,
0.0704624 -0.808555 -0.128247,
0.074857 -0.822083 -0.129015,
-0.0309785 -1.23356 -0.292694,
-0.0447393 -0.846483 -0.131153,
-0.0447521 -0.846131 -0.13101,
-0.261935 -0.968107 0.563919,
0.278754 -0.975619 0.568111,
0.234368 -1.22611 0.58112,
0.227571 -1.26451 0.583119,
-0.220029 -1.21678 0.577562,
0.426111 -0.851987 0.548967,
-0.259763 -0.823299 0.5436,
-0.405481 -0.840427 0.542465,
-0.384935 -0.918339 0.435528,
-0.0601345 -0.863091 0.460824,
0.282333 -0.860163 0.50902,
0.282434 -0.831043 0.547837,
0.0110768 -0.791459 0.545711,
0.0108622 -0.853339 0.463241,
0.010798 -0.871827 0.438611,
0.405085 -0.929323 0.441714,
-0.0251321 -1.31875 0.587547,
-0.0283593 -1.3172 0.587412,
0.00337715 -1.32138 0.588107,
-0.261939 -0.968107 0.564407,
-0.260041 -0.835747 0.556994,
-0.208795 -1.61922 0.597793,
0.00622587 -1.32181 0.588129,
0.00653651 -1.32182 0.588131,
0.0408732 -1.31827 0.58792,
0.228914 -1.14644 0.621239,
0.206895 -1.09111 0.621051,
0.171302 -1.04337 0.620758,
0.124576 -1.00647 0.620382,
0.0698885 -0.982923 0.619947,
0.0977349 -0.973099 0.604015,
-0.103491 -1.00331 0.618596,
-0.0814993 -0.970603 0.602612,
-0.151226 -1.03889 0.618233,
-0.188132 -1.08562 0.617958,
-0.211673 -1.14031 0.61779,
0.0309795 -1.04341 0.619341,
-0.0109537 -1.04283 0.619012,
-0.0481705 -0.981283 0.619023,
0.00494355 -0.974251 0.619436,
-0.220267 -1.19924 0.617739,
-0.213315 -1.25837 0.617811,
-0.262039 -0.968099 0.577093,
0.227273 -1.26449 0.621261,
0.235858 -1.20558 0.621311,
0.27865 -0.975619 0.581326,
0.564205 -1.83791 0.603906,
0.399625 -1.70794 0.60258,
0.804864 -1.02856 0.565384,
-0.403643 -1.69677 0.596291,
-0.789207 -1.0064 0.552904,
-0.402538 -0.852499 0.555884,
0.203983 -1.3192 0.587921,
0.167054 -1.36591 0.590551,
0.119301 -1.40152 0.592564,
0.0639672 -1.42353 0.593816,
0.00482699 -1.43048 0.59422,
0.00928698 -0.974315 0.568647,
0.0316645 -0.977307 0.568815,
0.0702867 -0.982939 0.569118,
0.124967 -1.00649 0.570418,
0.171681 -1.04339 0.572474,
0.207254 -1.09112 0.575142,
0.278749 -0.975619 0.56864,
0.229251 -1.14644 0.578235,
0.239253 -1.19848 0.581151,
0.227557 -1.26451 0.584848,
0.23617 -1.20559 0.581548,
0.279018 -0.975627 0.568642,
0.281856 -0.864435 0.56241,
0.422616 -0.863971 0.562344,
0.207009 -1.62499 0.601048,
-0.000543408 -1.59474 0.603429,
0.00181851 -1.43004 0.594197,
0.00835331 -0.974427 0.568656,
0.0107988 -0.803915 0.559104,
0.282157 -0.843483 0.561239,
0.110911 -0.358468 -0.162202,
0.110901 -0.357938 -0.162228,
0.10036 0.0112309 -0.182024,
0.10715 -0.231355 -0.167165,
0.0989863 0.0184881 -0.182373,
0.0778571 0.0101172 -0.176625,
0.0780348 0.0101902 -0.176673,
0.0777957 -0.752347 -0.131733,
0.0778569 0.0101004 -0.176625,
0.0556379 0.00660655 -0.174253,
0.0766867 0.00994918 -0.176525,
0.0131256 0.00104279 -0.170504,
0.0556378 0.00659766 -0.174253,
0.0131254 0.00102679 -0.170504,
0.0725631 -0.752275 -0.130372,
0.00755467 0.00127975 -0.170699,
-0.0123905 0.00507494 -0.173349,
-0.0461017 -0.750619 -0.134349,
-0.0127305 0.00534055 -0.173403,
-0.0124025 0.00533551 -0.173543,
-0.0454345 0.0193377 -0.183285,
-0.0255265 0.0110089 -0.177493,
-0.0456305 0.019214 -0.183185,
-0.0454345 0.0193545 -0.183285,
-0.0467321 -0.750611 -0.138577,
-0.0776745 -0.407117 -0.159373,
-0.0655673 0.0393076 -0.186874,
-0.0633041 -0.122313 -0.176289,
-0.0785385 -0.439155 -0.157397,
-0.0784625 -0.375223 -0.161882,
-0.0754617 -0.325689 -0.164384,
-0.0869657 -0.750059 -0.138245,
-0.0526049 -0.855027 -0.131623,
-0.0545081 -0.750507 -0.135153,
-0.0413665 -0.952979 -0.131162,
-0.0442513 -0.942147 -0.131666,
-0.0426033 -0.912923 -0.130453,
-0.0435881 -0.882579 -0.129882,
-0.0526449 -0.854891 -0.131632,
-0.117102 -2.2345 0.70143,
-0.129591 -2.25287 0.701337,
-0.163796 -2.33901 0.701095,
-0.0592529 -2.18529 0.701867,
-0.102322 -2.21205 0.701539,
-0.0821345 -2.19922 0.701693,
-0.0657649 -2.21311 0.724797,
-0.153915 -2.30476 0.701162,
-0.142443 -2.28221 0.701245,
-0.168623 -2.36427 0.701064,
-0.172343 -2.40112 0.701047,
-0.133781 -2.55177 0.705742,
-0.102443 -2.57941 0.705995,
-0.0650249 -2.59797 0.706293,
-0.165987 -2.49415 0.705473,
-0.156901 -2.51699 0.705551,
-0.173098 -2.45299 0.705405,
-0.17023 -2.47739 0.705435,
-0.12172 -2.56419 0.70584,
-0.0875785 -2.58827 0.706114,
-0.0483729 -2.60268 0.706425,
-0.172858 -2.4357 0.705402,
-0.148462 -2.53208 0.705621,
-0.0240641 -2.60623 0.706616,
0.146467 -2.45743 0.707907,
0.142921 -2.48174 0.707887,
0.138206 -2.49839 0.707855,
0.128497 -2.52095 0.707785,
0.0176288 -2.6036 0.706942,
-0.00676973 -2.60647 0.706752,
0.0572187 -2.59027 0.707248,
0.0343969 -2.59935 0.707071,
0.0920084 -2.56715 0.707513,
0.0723248 -2.58184 0.707364,
0.119642 -2.53581 0.70772,
0.104419 -2.55509 0.707607,
0.144528 -2.36863 0.703516,
0.140397 -2.34323 0.703476,
0.108609 -2.25617 0.703202,
0.0966267 -2.23747 0.703103,
0.0401689 -2.18667 0.702646,
0.12064 -2.28587 0.703305,
0.131482 -2.30873 0.703396,
0.0626628 -2.20123 0.702827,
0.082486 -2.21462 0.702986,
0.147222 -2.40556 0.703548,
0.146707 -2.44014 0.707903,
-0.166516 -2.43703 0.67923,
-0.168941 -2.41641 0.679204,
-0.171359 -2.39579 0.679179,
0.0267184 -2.5522 0.680776,
0.0867193 -2.4762 0.681223,
0.146729 -2.40021 0.68167,
-0.0579865 -2.50172 0.741769,
-0.0495681 -2.50741 0.741837,
0.0209167 -2.50839 0.742389,
0.0294896 -2.50295 0.742454,
-0.128212 -2.40172 0.732777,
-0.144329 -2.4146 0.724242,
-0.0187849 -2.21133 0.733578,
-0.0234377 -2.23808 0.741962,
-0.0483569 -2.24279 0.741768,
-0.0709785 -2.26701 0.741599,
-0.089693 -2.30436 0.741464,
-0.103172 -2.34798 0.741371,
-0.110492 -2.39558 0.741328,
-0.112459 -2.41504 0.741318,
-0.00973453 -2.18721 0.725228,
-0.0362729 -2.23545 0.741861,
-0.0270369 -2.18696 0.725093,
-0.0316897 -2.21371 0.733477,
-0.0438369 -2.19351 0.724964,
-0.0484985 -2.22027 0.733348,
-0.0604497 -2.25016 0.741676,
-0.0506057 -2.2002 0.724912,
-0.0605825 -2.22763 0.733256,
-0.0757497 -2.24052 0.73314,
-0.0815849 -2.28887 0.741522,
-0.0809321 -2.22601 0.724683,
-0.0862089 -2.25234 0.733062,
-0.0934217 -2.24438 0.72459,
-0.0988377 -2.28075 0.732971,
-0.0979497 -2.32988 0.741406,
-0.105911 -2.26274 0.724498,
-0.106955 -2.29624 0.732912,
-0.125062 -2.29523 0.724358,
-0.116065 -2.32887 0.732851,
-0.143965 -2.38839 0.724237,
-0.108534 -2.37611 0.741337,
-0.126246 -2.38226 0.732787,
-0.136674 -2.3278 0.724276,
-0.121279 -2.34695 0.732816,
-0.141509 -2.35306 0.724246,
0.102536 -2.29839 0.72614,
0.0455533 -2.21466 0.725669,
0.0241795 -2.19446 0.725496,
-0.00149053 -2.21157 0.733713,
-0.0105401 -2.23569 0.742063,
0.113246 -2.33127 0.726233,
0.092476 -2.33176 0.734483,
0.0789332 -2.35051 0.742796,
0.0835023 -2.37878 0.74284,
0.0843037 -2.26538 0.725988,
0.0666724 -2.30654 0.742688,
0.0842841 -2.2989 0.73441,
0.0742157 -2.33227 0.742754,
0.060356 -2.22798 0.725789,
0.0589979 -2.29082 0.742623,
0.0307586 -2.20134 0.725549,
0.0279551 -2.22134 0.733947,
0.0398383 -2.22902 0.734042,
0.0389475 -2.25155 0.742455,
0.00756771 -2.18744 0.725363,
0.0113349 -2.21431 0.733814,
0.0151805 -2.23615 0.742264,
0.00228475 -2.23844 0.742164,
0.118842 -2.39204 0.726295,
0.0971847 -2.35 0.734526,
0.117368 -2.35666 0.726273,
0.101176 -2.38542 0.734567,
0.0723296 -2.24668 0.725888,
0.076601 -2.2832 0.734345,
0.0546417 -2.24234 0.734161,
0.0647671 -2.25444 0.734244,
0.0490031 -2.26867 0.742538,
0.0863516 -2.4178 0.742874,
0.102592 -2.40493 0.734584,
0.118477 -2.41826 0.7263,
-0.107562 -2.53819 0.726161,
-0.0806353 -2.55945 0.726378,
-0.0491265 -2.57301 0.726629,
-0.128698 -2.43631 0.733363,
-0.144761 -2.44473 0.725843,
-0.140751 -2.4788 0.725884,
-0.12807 -2.51068 0.725992,
-0.0745505 -2.52392 0.741646,
-0.0799369 -2.54127 0.733776,
-0.0955001 -2.55059 0.72626,
-0.0901193 -2.53323 0.733693,
-0.0657785 -2.56831 0.726497,
-0.0650721 -2.55013 0.733895,
-0.0643681 -2.53195 0.741728,
-0.0524489 -2.53709 0.741823,
-0.0531609 -2.55526 0.733989,
-0.127421 -2.46649 0.733382,
-0.145002 -2.46204 0.725846,
-0.128938 -2.4536 0.733366,
-0.112878 -2.44517 0.741324,
-0.111361 -2.45806 0.741339,
-0.136517 -2.49558 0.725922,
-0.118384 -2.49532 0.733461,
-0.123179 -2.48326 0.73342,
-0.109853 -2.47095 0.741355,
-0.10505 -2.483 0.741396,
-0.100247 -2.49506 0.741436,
-0.0924897 -2.50546 0.7415,
-0.0847417 -2.51586 0.741564,
-0.10218 -2.52082 0.733595,
-0.119631 -2.52579 0.726063,
-0.109937 -2.51043 0.733531,
-0.0324825 -2.57772 0.72676,
-0.0365089 -2.55997 0.734121,
-0.0405385 -2.54221 0.741918,
-0.0276921 -2.54408 0.742019,
-0.00196973 -2.54444 0.74222,
0.0638757 -2.50763 0.742724,
0.0770553 -2.48553 0.742821,
0.0840498 -2.46078 0.742869,
0.0229718 -2.53814 0.742414,
0.0454308 -2.52559 0.742586,
0.0719192 -2.49746 0.742784,
0.0901564 -2.49822 0.735094,
0.0995272 -2.51384 0.727775,
0.0813017 -2.51309 0.735029,
0.113097 -2.48234 0.727872,
0.108391 -2.49899 0.72784,
0.0952849 -2.48631 0.735131,
0.0821838 -2.47361 0.742858,
0.1 -2.46965 0.735163,
0.0859326 -2.44794 0.74288,
0.102107 -2.43951 0.73517,
0.118045 -2.44839 0.7279,
0.117805 -2.46569 0.727903,
0.101866 -2.45681 0.735173,
-0.0151801 -2.57796 0.726896,
-0.0236625 -2.56183 0.734222,
-0.0148545 -2.54596 0.742119,
-0.00636894 -2.56208 0.734357,
0.00212163 -2.5782 0.727032,
0.0188903 -2.57396 0.727161,
0.00651571 -2.56057 0.734458,
0.0109149 -2.54293 0.74232,
0.0232927 -2.55632 0.734588,
0.0350285 -2.53333 0.742507,
0.0356662 -2.56972 0.727291,
0.0353499 -2.55152 0.73468,
0.0504547 -2.54307 0.734796,
0.0507638 -2.56127 0.727407,
0.0558419 -2.51782 0.742665,
0.0732586 -2.52326 0.734969,
0.0906725 -2.52871 0.72771,
0.0782704 -2.54077 0.727616,
0.0658694 -2.55283 0.727523,
0.060857 -2.53533 0.734875,
-0.0447513 -2.51067 0.741876,
0.0160115 -2.51151 0.742352,
0.0380621 -2.30736 0.742464,
-0.0611249 -2.30598 0.741688,
-0.0344313 -2.30635 0.810803,
-0.0329017 -2.30637 0.776355,
-0.0459801 -2.30619 0.741806,
-0.0115273 -2.30667 0.742076,
0.022917 -2.30715 0.742345,
0.00930851 -2.30695 0.776691,
0.0565169 -2.46159 0.755206,
0.0381076 -2.48543 0.755069,
0.0117612 -2.50214 0.754867,
0.0110044 -2.45051 0.799475,
0.0198403 -2.43891 0.79954,
-0.0474545 -2.43797 0.799012,
-0.0389457 -2.44981 0.799083,
-0.0404473 -2.50142 0.754459,
-0.0134009 -2.50681 0.754672,
-0.0663185 -2.48398 0.754252,
-0.0840577 -2.45963 0.754106,
0.0317559 -2.30727 0.776868,
0.00758043 -2.40511 0.811227,
0.0215436 -2.37332 0.776748,
0.0252883 -2.38357 0.776779,
0.0157678 -2.36116 0.7767,
0.00384371 -2.39487 0.811195,
0.0102976 -2.30696 0.811155,
-0.00200253 -2.38721 0.811147,
0.0275303 -2.3938 0.776795,
0.027542 -2.40539 0.798763,
0.051605 -2.39247 0.777043,
0.0499872 -2.36755 0.777027,
0.0689419 -2.36616 0.742723,
0.0429769 -2.49438 0.742557,
0.0242837 -2.4749 0.77726,
0.0108052 -2.48347 0.777156,
0.0163207 -2.44559 0.799516,
0.0397003 -2.45672 0.777371,
0.0296 -2.46999 0.777299,
0.0432196 -2.45004 0.777403,
0.0246568 -2.4246 0.799572,
-0.0707849 -2.44846 0.776508,
-0.0674537 -2.45523 0.776532,
-0.0441233 -2.44475 0.799044,
-0.0393129 -2.48276 0.776763,
-0.0577257 -2.46878 0.776611,
-0.0525481 -2.47383 0.77666,
-0.0712297 -2.49279 0.741663,
-0.0752505 -2.36581 0.776043,
-0.0936193 -2.3639 0.74145,
-0.0518721 -2.42354 0.798971,
-0.0775689 -2.39067 0.776036,
-0.0120665 -2.30666 0.810987,
-0.0170161 -2.38298 0.811027,
-0.0243673 -2.3869 0.810971,
-0.0469769 -2.37237 0.776211,
-0.0408657 -2.36038 0.776252,
-0.0304249 -2.39439 0.810932,
-0.0542089 -2.40424 0.798124,
-0.0510057 -2.38251 0.776179,
-0.0344529 -2.40451 0.810899,
-0.0535321 -2.39267 0.776163,
-0.0553585 -2.30606 0.776179,
-0.0617129 -2.33549 0.776139,
-0.0762697 -2.30577 0.741569,
-0.000787415 -2.45799 0.799379,
-0.0109081 -2.48886 0.776988,
-0.0273665 -2.45763 0.79918,
-0.0999513 -2.38871 0.741407,
-0.0770673 -2.40227 0.776043,
-0.0872961 -2.33907 0.741492,
-0.0817329 -2.31885 0.74153,
-0.0732361 -2.35564 0.776059,
0.0633025 -2.34117 0.742672,
0.0482564 -2.35734 0.777011,
0.0372984 -2.33687 0.776916,
0.0532153 -2.30757 0.742583,
0.0583131 -2.32079 0.742626,
0.0744308 -2.41764 0.742781,
0.0507809 -2.40406 0.777043,
0.0745808 -2.39114 0.742774,
0.0487201 -2.43368 0.777435,
0.0502186 -2.4173 0.777108,
0.0741875 -2.43514 0.742784,
0.0649281 -2.43459 0.755264,
-0.100782 -2.43271 0.741414,
-0.100539 -2.41521 0.741411,
-0.0769145 -2.42428 0.776451,
-0.0917065 -2.43241 0.754038]
}
IndexedFaceSet {
 
    coordIndex [ 4653, 4652, 4651, -1,
4651, 4650, 4653, -1,
4649, 4648, 4647, -1,
4647, 4646, 4649, -1,
4645, 4644, 4643, -1,
4642, 4641, 4640, -1,
4642, 4639, 4638, -1,
4637, 4636, 4635, -1,
4634, 4633, 4651, -1,
4632, 4631, 4630, -1,
4629, 4628, 4627, -1,
4626, 4625, 4624, -1,
4626, 4623, 4625, -1,
4622, 4621, 4620, -1,
4624, 4625, 4622, -1,
4622, 4619, 4621, -1,
4619, 4618, 4617, -1,
4633, 4634, 4616, -1,
4626, 4616, 4623, -1,
4615, 4623, 4634, -1,
4633, 4616, 4614, -1,
4623, 4616, 4634, -1,
4614, 4616, 4613, -1,
4628, 4629, 4636, -1,
4637, 4628, 4636, -1,
4635, 4613, 4637, -1,
4614, 4613, 4635, -1,
4612, 4611, 4610, -1,
4652, 4615, 4634, -1,
4631, 4632, 4609, -1,
4609, 4632, 4611, -1,
4610, 4608, 4607, -1,
4606, 4615, 4652, -1,
4646, 4647, 4605, -1,
4604, 4646, 4605, -1,
4603, 4602, 4601, -1,
4600, 4599, 4630, -1,
4631, 4600, 4630, -1,
4598, 4603, 4599, -1,
4605, 4647, 4644, -1,
4597, 4638, 4596, -1,
4638, 4639, 4596, -1,
4639, 4642, 4640, -1,
4597, 4596, 4595, -1,
4594, 4644, 4595, -1,
4645, 4597, 4595, -1,
4605, 4644, 4594, -1,
4593, 4594, 4595, -1,
4645, 4595, 4644, -1,
4592, 4591, 4617, -1,
4590, 4589, 4592, -1,
4588, 4587, 4590, -1,
4590, 4587, 4589, -1,
4593, 4586, 4594, -1,
4593, 4588, 4586, -1,
4641, 4585, 4640, -1,
4653, 4584, 4606, -1,
4606, 4652, 4653, -1,
4584, 4583, 4610, -1,
4610, 4607, 4584, -1,
4609, 4582, 4631, -1,
4609, 4581, 4582, -1,
4611, 4580, 4610, -1,
4611, 4632, 4580, -1,
4580, 4608, 4610, -1,
4579, 4615, 4606, -1,
4606, 4607, 4579, -1,
4607, 4608, 4579, -1,
4604, 4605, 4578, -1,
4578, 4602, 4604, -1,
4578, 4601, 4602, -1,
4599, 4577, 4630, -1,
4599, 4603, 4577, -1,
4603, 4601, 4577, -1,
4643, 4644, 4647, -1,
4647, 4648, 4643, -1,
4631, 4582, 4576, -1,
4576, 4600, 4631, -1,
4603, 4575, 4574, -1,
4574, 4602, 4603, -1,
4604, 4574, 4649, -1,
4649, 4646, 4604, -1,
4573, 4572, 4571, -1,
4570, 4569, 4571, -1,
4569, 4627, 4568, -1,
4567, 4627, 4569, -1,
4566, 4573, 4585, -1,
4573, 4591, 4585, -1,
4567, 4629, 4627, -1,
4570, 4567, 4569, -1,
4572, 4573, 4566, -1,
4566, 4585, 4641, -1,
4598, 4576, 4565, -1,
4598, 4599, 4576, -1,
4599, 4600, 4576, -1,
4612, 4581, 4611, -1,
4612, 4564, 4581, -1,
4581, 4609, 4611, -1,
4604, 4602, 4574, -1,
4652, 4634, 4651, -1,
4584, 4607, 4606, -1,
4563, 4562, 4561, -1,
4561, 4560, 4559, -1,
4563, 4561, 4559, -1,
4559, 4558, 4563, -1,
4557, 4562, 4556, -1,
4555, 4554, 4557, -1,
4555, 4557, 4556, -1,
4556, 4553, 4555, -1,
4552, 4551, 4550, -1,
4549, 4554, 4552, -1,
4550, 4548, 4549, -1,
4549, 4552, 4550, -1,
4547, 4546, 4545, -1,
4547, 4545, 4544, -1,
4544, 4548, 4547, -1,
4543, 4542, 4541, -1,
4543, 4541, 4540, -1,
4540, 4539, 4543, -1,
4538, 4537, 4536, -1,
4536, 4535, 4534, -1,
4534, 4542, 4538, -1,
4534, 4538, 4536, -1,
4533, 4560, 4532, -1,
4532, 4535, 4531, -1,
4533, 4532, 4531, -1,
4531, 4530, 4533, -1,
4556, 4562, 4563, -1,
4563, 4558, 4529, -1,
4556, 4563, 4529, -1,
4529, 4553, 4556, -1,
4555, 4553, 4528, -1,
4528, 4551, 4552, -1,
4552, 4554, 4555, -1,
4555, 4528, 4552, -1,
4538, 4542, 4543, -1,
4543, 4539, 4527, -1,
4527, 4537, 4538, -1,
4538, 4543, 4527, -1,
4536, 4537, 4526, -1,
4526, 4530, 4531, -1,
4531, 4535, 4536, -1,
4536, 4526, 4531, -1,
4559, 4560, 4533, -1,
4525, 4558, 4559, -1,
4533, 4530, 4525, -1,
4533, 4525, 4559, -1,
4524, 4546, 4547, -1,
4550, 4551, 4524, -1,
4547, 4548, 4550, -1,
4550, 4524, 4547, -1,
4545, 4546, 4523, -1,
4523, 4522, 4521, -1,
4521, 4520, 4545, -1,
4545, 4523, 4521, -1,
4519, 4518, 4517, -1,
4517, 4516, 4515, -1,
4519, 4517, 4515, -1,
4515, 4514, 4519, -1,
4513, 4512, 4511, -1,
4510, 4514, 4513, -1,
4511, 4509, 4510, -1,
4510, 4513, 4511, -1,
4508, 4507, 4506, -1,
4506, 4505, 4504, -1,
4504, 4512, 4508, -1,
4508, 4506, 4504, -1,
4503, 4522, 4502, -1,
4502, 4501, 4500, -1,
4500, 4499, 4503, -1,
4503, 4502, 4500, -1,
4498, 4497, 4496, -1,
4495, 4516, 4498, -1,
4496, 4501, 4495, -1,
4496, 4495, 4498, -1,
4494, 4518, 4519, -1,
4510, 4509, 4494, -1,
4519, 4514, 4510, -1,
4519, 4510, 4494, -1,
4511, 4512, 4504, -1,
4493, 4509, 4511, -1,
4493, 4511, 4504, -1,
4504, 4505, 4493, -1,
4492, 4505, 4506, -1,
4506, 4507, 4491, -1,
4506, 4491, 4492, -1,
4545, 4520, 4544, -1,
4521, 4522, 4503, -1,
4503, 4499, 4490, -1,
4490, 4520, 4521, -1,
4521, 4503, 4490, -1,
4496, 4497, 4489, -1,
4489, 4499, 4500, -1,
4500, 4501, 4496, -1,
4500, 4496, 4489, -1,
4488, 4497, 4498, -1,
4498, 4516, 4517, -1,
4488, 4498, 4517, -1,
4517, 4518, 4488, -1,
4541, 4487, 4486, -1,
4541, 4486, 4540, -1,
4540, 4486, 4485, -1,
4539, 4540, 4485, -1,
4484, 4483, 4482, -1,
4481, 4480, 4483, -1,
4479, 4478, 4477, -1,
4487, 4476, 4486, -1,
4475, 4474, 4473, -1,
4475, 4473, 4472, -1,
4471, 4470, 4469, -1,
4470, 4468, 4469, -1,
4467, 4483, 4484, -1,
4484, 4482, 4471, -1,
4483, 4466, 4482, -1,
4465, 4464, 4463, -1,
4463, 4464, 4481, -1,
4464, 4462, 4481, -1,
4461, 4477, 4460, -1,
4460, 4477, 4459, -1,
4477, 4458, 4459, -1,
4485, 4486, 4476, -1,
4457, 4456, 4472, -1,
4474, 4469, 4473, -1,
4469, 4455, 4472, -1,
4469, 4468, 4455, -1,
4471, 4482, 4470, -1,
4482, 4466, 4454, -1,
4467, 4481, 4483, -1,
4483, 4480, 4466, -1,
4481, 4462, 4480, -1,
4465, 4459, 4453, -1,
4464, 4453, 4462, -1,
4459, 4458, 4453, -1,
4476, 4478, 4479, -1,
4479, 4477, 4461, -1,
4478, 4458, 4477, -1,
4452, 4451, 4450, -1,
4449, 4448, 4451, -1,
4447, 4449, 4452, -1,
4446, 4445, 4450, -1,
4444, 4443, 4445, -1,
4442, 4444, 4445, -1,
4441, 4440, 4443, -1,
4439, 4438, 4440, -1,
4437, 4439, 4441, -1,
4436, 4435, 4434, -1,
4433, 4435, 4436, -1,
4432, 4431, 4434, -1,
4432, 4430, 4429, -1,
4428, 4430, 4432, -1,
4457, 4456, 4427, -1,
4426, 4425, 4448, -1,
4451, 4446, 4450, -1,
4424, 4442, 4446, -1,
4448, 4424, 4451, -1,
4444, 4441, 4443, -1,
4423, 4437, 4441, -1,
4442, 4423, 4444, -1,
4439, 4436, 4438, -1,
4422, 4433, 4436, -1,
4437, 4422, 4439, -1,
4435, 4432, 4434, -1,
4433, 4421, 4428, -1,
4420, 4457, 4419, -1,
4420, 4430, 4428, -1,
4418, 4417, 4447, -1,
4449, 4451, 4452, -1,
4441, 4439, 4440, -1,
4422, 4436, 4439, -1,
4507, 4426, 4491, -1,
4491, 4426, 4417, -1,
4492, 4491, 4417, -1,
4492, 4417, 4418, -1,
4416, 4415, 4565, -1,
4564, 4414, 4413, -1,
4412, 4411, 4410, -1,
4409, 4408, 4407, -1,
4541, 4406, 4405, -1,
4541, 4405, 4487, -1,
4454, 4404, 4403, -1,
4402, 4401, 4453, -1,
4468, 4403, 4400, -1,
4399, 4404, 4466, -1,
4401, 4398, 4462, -1,
4397, 4402, 4458, -1,
4405, 4396, 4476, -1,
4468, 4400, 4455, -1,
4466, 4404, 4454, -1,
4454, 4403, 4468, -1,
4462, 4398, 4399, -1,
4458, 4402, 4453, -1,
4453, 4401, 4462, -1,
4476, 4396, 4478, -1,
4396, 4397, 4458, -1,
4487, 4405, 4476, -1,
4395, 4394, 4560, -1,
4393, 4392, 4562, -1,
4391, 4390, 4554, -1,
4389, 4388, 4548, -1,
4387, 4386, 4535, -1,
4385, 4384, 4542, -1,
4392, 4395, 4560, -1,
4390, 4393, 4562, -1,
4388, 4391, 4554, -1,
4383, 4389, 4548, -1,
4542, 4384, 4406, -1,
4535, 4386, 4385, -1,
4394, 4387, 4535, -1,
4382, 4518, 4494, -1,
4509, 4493, 4505, -1,
4505, 4492, 4381, -1,
4389, 4544, 4520, -1,
4380, 4520, 4490, -1,
4379, 4499, 4489, -1,
4378, 4497, 4488, -1,
4377, 4505, 4376, -1,
4375, 4509, 4374, -1,
4383, 4520, 4380, -1,
4373, 4499, 4379, -1,
4372, 4497, 4378, -1,
4371, 4518, 4382, -1,
4418, 4447, 4370, -1,
4369, 4452, 4450, -1,
4447, 4452, 4369, -1,
4445, 4443, 4368, -1,
4450, 4445, 4367, -1,
4443, 4440, 4438, -1,
4366, 4434, 4365, -1,
4438, 4366, 4364, -1,
4434, 4431, 4363, -1,
4370, 4447, 4369, -1,
4362, 4450, 4367, -1,
4368, 4443, 4361, -1,
4360, 4438, 4364, -1,
4434, 4363, 4365, -1,
4367, 4445, 4368, -1,
4366, 4365, 4364, -1,
4492, 4418, 4370, -1,
4492, 4370, 4381, -1,
4359, 4358, 4357, -1,
4356, 4359, 4357, -1,
4356, 4357, 4355, -1,
4354, 4353, 4352, -1,
4351, 4350, 4349, -1,
4354, 4348, 4351, -1,
4347, 4351, 4348, -1,
4352, 4354, 4346, -1,
4345, 4344, 4343, -1,
4345, 4342, 4341, -1,
4345, 4340, 4342, -1,
4345, 4354, 4339, -1,
4354, 4338, 4337, -1,
4338, 4336, 4337, -1,
4338, 4335, 4334, -1,
4335, 4333, 4332, -1,
4335, 4331, 4330, -1,
4335, 4329, 4331, -1,
4328, 4327, 4326, -1,
4328, 4325, 4327, -1,
4328, 4324, 4323, -1,
4328, 4322, 4324, -1,
4322, 4328, 4321, -1,
4320, 4319, 4318, -1,
4317, 4316, 4315, -1,
4314, 4320, 4313, -1,
4314, 4313, 4312, -1,
4315, 4314, 4312, -1,
4313, 4320, 4318, -1,
4311, 4310, 4309, -1,
4308, 4311, 4309, -1,
4308, 4309, 4307, -1,
4306, 4308, 4307, -1,
4305, 4306, 4307, -1,
4304, 4305, 4307, -1,
4303, 4304, 4307, -1,
4302, 4303, 4307, -1,
4301, 4302, 4307, -1,
4300, 4317, 4315, -1,
4299, 4300, 4315, -1,
4298, 4299, 4315, -1,
4297, 4298, 4315, -1,
4296, 4297, 4315, -1,
4310, 4296, 4315, -1,
4310, 4315, 4312, -1,
4313, 4318, 4301, -1,
4313, 4301, 4307, -1,
4312, 4313, 4307, -1,
4312, 4307, 4309, -1,
4312, 4309, 4310, -1,
4295, 4294, 4293, -1,
4292, 4291, 4290, -1,
4289, 4288, 4287, -1,
4286, 4285, 4284, -1,
4283, 4282, 4281, -1,
4283, 4281, 4280, -1,
4286, 4284, 4279, -1,
4286, 4279, 4278, -1,
4286, 4278, 4277, -1,
4286, 4277, 4276, -1,
4276, 4277, 4275, -1,
4276, 4275, 4282, -1,
4276, 4282, 4283, -1,
4274, 4273, 4272, -1,
4274, 4272, 4271, -1,
4274, 4271, 4289, -1,
4289, 4271, 4270, -1,
4289, 4270, 4269, -1,
4289, 4269, 4288, -1,
4274, 4283, 4273, -1,
4268, 4267, 4266, -1,
4265, 4316, 4317, -1,
4319, 4264, 4263, -1,
4262, 4261, 4260, -1,
4259, 4258, 4257, -1,
4256, 4255, 4254, -1,
4256, 4257, 4253, -1,
4252, 4251, 4250, -1,
4320, 4255, 4256, -1,
4249, 4255, 4320, -1,
4319, 4256, 4250, -1,
4250, 4251, 4295, -1,
4285, 4286, 4248, -1,
4287, 4247, 4246, -1,
4289, 4246, 4245, -1,
4286, 4244, 4248, -1,
4243, 4242, 4241, -1,
4328, 4240, 4239, -1,
4353, 4354, 4238, -1,
4237, 4236, 4235, -1,
4234, 4233, 4232, -1,
4231, 4230, 4229, -1,
4231, 4228, 4227, -1,
4226, 4225, 4224, -1,
4223, 4222, 4221, -1,
4220, 4219, 4218, -1,
4223, 4217, 4216, -1,
4220, 4215, 4214, -1,
4213, 4212, 4211, -1,
4210, 4209, 4211, -1,
4208, 4207, 4206, -1,
4206, 4205, 4204, -1,
4207, 4203, 4202, -1,
4206, 4201, 4200, -1,
4210, 4199, 4198, -1,
4197, 4210, 4198, -1,
4196, 4199, 4195, -1,
4202, 4194, 4193, -1,
4192, 4205, 4191, -1,
4212, 4190, 4189, -1,
4188, 4187, 4186, -1,
4185, 4184, 4183, -1,
4182, 4181, 4180, -1,
4179, 4178, 4177, -1,
4176, 4175, 4174, -1,
4174, 4180, 4173, -1,
4172, 4171, 4170, -1,
4169, 4186, 4168, -1,
4167, 4166, 4165, -1,
4164, 4163, 4165, -1,
4162, 4161, 4160, -1,
4159, 4158, 4157, -1,
4156, 4155, 4159, -1,
4154, 4153, 4152, -1,
4151, 4150, 4164, -1,
4149, 4148, 4147, -1,
4146, 4145, 4144, -1,
4143, 4142, 4141, -1,
4140, 4139, 4138, -1,
4137, 4136, 4135, -1,
4134, 4133, 4132, -1,
4131, 4130, 4129, -1,
4128, 4127, 4126, -1,
4125, 4124, 4123, -1,
4122, 4121, 4120, -1,
4119, 4118, 4117, -1,
4116, 4115, 4114, -1,
4113, 4112, 4111, -1,
4110, 4120, 4109, -1,
4108, 4107, 4106, -1,
4109, 4105, 4104, -1,
4106, 4103, 4102, -1,
4101, 4226, 4100, -1,
4099, 4098, 4097, -1,
4096, 4116, 4101, -1,
4095, 4098, 4099, -1,
4094, 4128, 4093, -1,
4092, 4091, 4090, -1,
4093, 4089, 4088, -1,
4090, 4087, 4086, -1,
4294, 4085, 4084, -1,
4083, 4082, 4081, -1,
4080, 4079, 4078, -1,
4077, 4294, 4083, -1,
4076, 4079, 4080, -1,
4075, 4074, 4073, -1,
4073, 4072, 4075, -1,
4075, 4071, 4070, -1,
4070, 4072, 4075, -1,
4069, 4068, 4067, -1,
4067, 4066, 4069, -1,
4067, 4065, 4064, -1,
4064, 4066, 4067, -1,
4203, 4063, 4062, -1,
4062, 4093, 4128, -1,
4202, 4203, 4061, -1,
4128, 4060, 4061, -1,
4059, 4060, 4058, -1,
4057, 4123, 4124, -1,
4196, 4057, 4124, -1,
4125, 4056, 4124, -1,
4055, 4056, 4054, -1,
4080, 4054, 4056, -1,
4053, 4052, 4051, -1,
4050, 4052, 4053, -1,
4049, 4048, 4047, -1,
4293, 4046, 4049, -1,
4045, 4044, 4043, -1,
4291, 4044, 4045, -1,
4042, 4041, 4040, -1,
4039, 4038, 4042, -1,
4037, 4036, 4053, -1,
4035, 4053, 4036, -1,
4057, 4034, 4048, -1,
4046, 4123, 4049, -1,
4059, 4058, 4045, -1,
4290, 4045, 4058, -1,
4033, 4176, 4041, -1,
4038, 4032, 4042, -1,
4316, 4315, 4074, -1,
4316, 4265, 4071, -1,
4044, 4074, 4073, -1,
4315, 4074, 4044, -1,
4031, 4047, 4070, -1,
4265, 4293, 4031, -1,
4030, 4029, 4028, -1,
4027, 4029, 4030, -1,
4026, 4025, 4028, -1,
4027, 4024, 4026, -1,
4052, 4030, 4023, -1,
4022, 4030, 4052, -1,
4021, 4040, 4025, -1,
4024, 4039, 4021, -1,
4020, 4109, 4120, -1,
4019, 4213, 4018, -1,
4120, 4121, 4019, -1,
4213, 4019, 4121, -1,
4121, 4122, 4017, -1,
4017, 4122, 4117, -1,
4016, 4105, 4109, -1,
4015, 4014, 4013, -1,
4012, 4011, 4113, -1,
4010, 4009, 4012, -1,
4008, 4007, 4010, -1,
4208, 4192, 4009, -1,
4099, 4006, 4007, -1,
4208, 4007, 4006, -1,
4005, 4004, 4003, -1,
4002, 4003, 4004, -1,
4001, 4000, 4004, -1,
4004, 4000, 4133, -1,
3999, 4011, 3998, -1,
4012, 3997, 3996, -1,
3995, 3999, 3998, -1,
3998, 3996, 3994, -1,
3993, 3992, 3991, -1,
3991, 3992, 3990, -1,
4118, 3991, 4117, -1,
4017, 4117, 3991, -1,
3989, 3988, 3987, -1,
3987, 4131, 3986, -1,
3988, 3985, 3987, -1,
3984, 3983, 4131, -1,
3982, 3981, 3980, -1,
3979, 3978, 3982, -1,
3977, 3976, 3979, -1,
3975, 3974, 3977, -1,
3973, 3972, 3975, -1,
3975, 3974, 3977, -1,
3977, 3976, 3979, -1,
3979, 3978, 3982, -1,
3982, 3981, 3980, -1,
3980, 3971, 3970, -1,
3969, 3968, 4170, -1,
3967, 3966, 4171, -1,
3965, 3964, 3963, -1,
3962, 3961, 3960, -1,
3959, 3970, 3958, -1,
3961, 3960, 3957, -1,
3956, 3964, 3963, -1,
3966, 4171, 3955, -1,
3968, 4170, 3954, -1,
3953, 3952, 3951, -1,
4041, 4176, 3982, -1,
4171, 4172, 3950, -1,
3964, 3950, 4134, -1,
3949, 3948, 3994, -1,
3947, 3949, 3996, -1,
3946, 3947, 3997, -1,
3945, 3946, 3944, -1,
3943, 3945, 3942, -1,
4194, 3941, 3943, -1,
3940, 3939, 3941, -1,
3938, 3937, 3939, -1,
4043, 3936, 3937, -1,
4073, 3935, 3936, -1,
4072, 4070, 3934, -1,
4070, 4047, 3933, -1,
4047, 4048, 3932, -1,
4048, 4034, 3931, -1,
4034, 3930, 3929, -1,
3930, 4189, 3928, -1,
4189, 4190, 3927, -1,
3927, 4190, 3926, -1,
3925, 3926, 3924, -1,
3923, 3924, 3922, -1,
3921, 3922, 3990, -1,
3920, 3990, 3919, -1,
3948, 3918, 3919, -1,
4072, 3917, 3935, -1,
4028, 4025, 3975, -1,
4025, 4040, 3977, -1,
4040, 4041, 3979, -1,
3916, 4130, 4131, -1,
3915, 3916, 3983, -1,
3914, 3913, 4161, -1,
4051, 3912, 3913, -1,
4023, 3911, 3912, -1,
4028, 3973, 3911, -1,
3973, 3910, 3909, -1,
3908, 3907, 4129, -1,
3906, 3905, 3904, -1,
4160, 3903, 3902, -1,
3901, 3900, 3899, -1,
3899, 3898, 3897, -1,
3897, 3896, 4130, -1,
3896, 3895, 3908, -1,
3894, 3893, 3892, -1,
3891, 3890, 3894, -1,
3889, 3888, 3891, -1,
3887, 3886, 3889, -1,
4161, 3885, 3884, -1,
3913, 3883, 3882, -1,
3912, 3881, 3883, -1,
3911, 3880, 3879, -1,
3911, 3880, 3878, -1,
3912, 3881, 3877, -1,
3913, 3876, 3875, -1,
4161, 3885, 3874, -1,
3873, 4224, 3872, -1,
4224, 4225, 3871, -1,
3870, 3869, 4018, -1,
4018, 4213, 4197, -1,
4106, 3868, 4064, -1,
3868, 3872, 4066, -1,
3871, 4069, 4066, -1,
4118, 4119, 4064, -1,
3999, 3995, 4068, -1,
3871, 4101, 4116, -1,
3867, 3866, 4207, -1,
3865, 3866, 3867, -1,
3864, 4063, 3866, -1,
4063, 4203, 4207, -1,
4249, 4314, 4292, -1,
4314, 4315, 4291, -1,
4083, 4294, 4295, -1,
3863, 3862, 4197, -1,
3861, 3870, 3862, -1,
4037, 4162, 3860, -1,
4057, 4196, 3930, -1,
4059, 3940, 4194, -1,
4033, 3859, 4175, -1,
3858, 3857, 3856, -1,
4172, 3856, 4002, -1,
3942, 3944, 4009, -1,
3944, 3997, 4012, -1,
3926, 3855, 4017, -1,
4190, 4212, 3855, -1,
4167, 3983, 3984, -1,
4166, 4167, 3854, -1,
3853, 3852, 3851, -1,
3852, 3853, 3850, -1,
3849, 3848, 3847, -1,
3848, 3849, 3846, -1,
3845, 3844, 3843, -1,
3844, 3845, 3842, -1,
3841, 3840, 3839, -1,
3894, 3890, 3838, -1,
3837, 3836, 3835, -1,
3835, 3834, 3837, -1,
3833, 3832, 3831, -1,
3831, 3830, 3833, -1,
3835, 3832, 3833, -1,
3835, 3833, 3834, -1,
3829, 3828, 3827, -1,
3827, 3826, 3829, -1,
3827, 3825, 3967, -1,
3967, 3826, 3827, -1,
3824, 3828, 3829, -1,
3829, 3962, 3824, -1,
3823, 3822, 3821, -1,
3823, 3821, 3820, -1,
3819, 3818, 3817, -1,
3819, 3817, 3816, -1,
3815, 3814, 3813, -1,
3815, 3813, 3812, -1,
3811, 3810, 3809, -1,
3811, 3809, 3808, -1,
3812, 3813, 3807, -1,
3812, 3807, 3806, -1,
3817, 3818, 3815, -1,
3815, 3812, 3817, -1,
3816, 3817, 3812, -1,
3816, 3812, 3806, -1,
3805, 3804, 3816, -1,
3816, 3806, 3805, -1,
3820, 3821, 3805, -1,
3805, 3806, 3820, -1,
3809, 3810, 3823, -1,
3823, 3820, 3809, -1,
3808, 3809, 3820, -1,
3820, 3806, 3808, -1,
3803, 3802, 3801, -1,
3801, 3800, 3814, -1,
3801, 3814, 3815, -1,
3801, 3815, 3803, -1,
3799, 3798, 3797, -1,
3811, 3796, 3799, -1,
3799, 3797, 3810, -1,
3799, 3810, 3811, -1,
3795, 3806, 3794, -1,
3794, 3793, 3795, -1,
3793, 3794, 3792, -1,
3792, 3791, 3793, -1,
3794, 3806, 3790, -1,
3790, 3789, 3794, -1,
3790, 3806, 3788, -1,
3788, 3787, 3790, -1,
3788, 3806, 3807, -1,
3807, 3786, 3788, -1,
3786, 3807, 3785, -1,
3785, 3784, 3786, -1,
3783, 3795, 3793, -1,
3793, 3791, 3783, -1,
3813, 3814, 3785, -1,
3813, 3785, 3807, -1,
3786, 3784, 3782, -1,
3786, 3782, 3788, -1,
3792, 3794, 3789, -1,
3789, 3781, 3792, -1,
3780, 3779, 3778, -1,
3778, 3777, 3780, -1,
3776, 3775, 3774, -1,
3776, 3774, 3773, -1,
3772, 3771, 3770, -1,
3770, 3769, 3772, -1,
3768, 3795, 3783, -1,
3783, 3767, 3768, -1,
3766, 3806, 3769, -1,
3766, 3769, 3770, -1,
3772, 3769, 3776, -1,
3776, 3773, 3772, -1,
3769, 3806, 3775, -1,
3775, 3776, 3769, -1,
3775, 3806, 3765, -1,
3765, 3764, 3775, -1,
3765, 3806, 3779, -1,
3779, 3780, 3765, -1,
3778, 3779, 3768, -1,
3768, 3767, 3778, -1,
3779, 3806, 3795, -1,
3795, 3768, 3779, -1,
3783, 3763, 3762, -1,
3762, 3761, 3760, -1,
3762, 3760, 3767, -1,
3767, 3783, 3762, -1,
3759, 3758, 3757, -1,
3771, 3756, 3759, -1,
3759, 3757, 3755, -1,
3755, 3771, 3759, -1,
3754, 3753, 3808, -1,
3808, 3806, 3754, -1,
3753, 3754, 3752, -1,
3752, 3751, 3753, -1,
3750, 3749, 3754, -1,
3754, 3806, 3750, -1,
3748, 3747, 3750, -1,
3750, 3806, 3748, -1,
3748, 3806, 3766, -1,
3748, 3766, 3746, -1,
3755, 3745, 3746, -1,
3746, 3766, 3755, -1,
3811, 3808, 3753, -1,
3811, 3753, 3751, -1,
3755, 3766, 3770, -1,
3755, 3770, 3771, -1,
3744, 3748, 3746, -1,
3744, 3746, 3745, -1,
3752, 3754, 3749, -1,
3752, 3749, 3743, -1,
3890, 3742, 3838, -1,
3889, 3741, 3740, -1,
3740, 3888, 3889, -1,
3740, 3742, 3890, -1,
3890, 3888, 3740, -1,
3739, 3738, 3737, -1,
3739, 3737, 3875, -1,
3874, 3875, 3737, -1,
3737, 3736, 3874, -1,
3739, 3877, 3735, -1,
3735, 3738, 3739, -1,
3821, 3804, 3805, -1,
3804, 3817, 3816, -1,
3798, 3823, 3797, -1,
3802, 3803, 3818, -1,
3819, 3802, 3818, -1,
3798, 3822, 3823, -1,
3822, 3804, 3821, -1,
3819, 3816, 3804, -1,
3788, 3782, 3787, -1,
3787, 3781, 3789, -1,
3781, 3734, 3792, -1,
3784, 3733, 3782, -1,
3732, 3733, 3784, -1,
3792, 3734, 3731, -1,
3786, 3787, 3788, -1,
3790, 3787, 3789, -1,
3731, 3734, 3730, -1,
3814, 3800, 3729, -1,
3756, 3771, 3772, -1,
3765, 3780, 3764, -1,
3776, 3775, 3764, -1,
3778, 3760, 3761, -1,
3728, 3773, 3727, -1,
3773, 3774, 3727, -1,
3777, 3778, 3761, -1,
3764, 3780, 3777, -1,
3775, 3764, 3774, -1,
3744, 3747, 3748, -1,
3743, 3749, 3747, -1,
3726, 3752, 3743, -1,
3744, 3745, 3758, -1,
3758, 3745, 3757, -1,
3726, 3725, 3752, -1,
3747, 3748, 3746, -1,
3749, 3750, 3747, -1,
3796, 3811, 3751, -1,
3724, 3723, 4359, -1,
3724, 4359, 4356, -1,
4355, 3724, 4356, -1,
3722, 3721, 3720, -1,
3722, 3719, 3721, -1,
3722, 3718, 3719, -1,
3717, 3716, 3718, -1,
3718, 3716, 3719, -1,
3724, 3715, 3723, -1,
3724, 3714, 3715, -1,
3713, 3712, 3714, -1,
3714, 3712, 3715, -1,
3711, 3710, 3709, -1,
3711, 3708, 3710, -1,
3708, 3707, 3706, -1,
3705, 3706, 3707, -1,
3711, 3707, 3708, -1,
3704, 3703, 3702, -1,
3703, 3701, 3700, -1,
3699, 3700, 3701, -1,
3704, 3701, 3703, -1,
3704, 3702, 3698, -1,
3697, 3696, 3695, -1,
3694, 3697, 3695, -1,
3695, 3693, 3692, -1,
3695, 3692, 3694, -1,
3691, 3690, 3689, -1,
3691, 3689, 3688, -1,
3688, 3687, 3691, -1,
3686, 3685, 3684, -1,
3686, 3684, 3683, -1,
3683, 3682, 3686, -1,
3681, 3680, 3679, -1,
3681, 3679, 3678, -1,
3681, 3678, 3677, -1,
3677, 3676, 3681, -1,
3675, 3674, 3673, -1,
3673, 3672, 3671, -1,
3673, 3671, 3675, -1,
3670, 3669, 3668, -1,
3670, 3668, 3667, -1,
3666, 3665, 3664, -1,
3664, 3663, 3662, -1,
3666, 3664, 3662, -1,
3666, 3662, 3661, -1,
3661, 3660, 3659, -1,
3661, 3659, 3666, -1,
3658, 3657, 3659, -1,
3659, 3657, 3656, -1,
3655, 3659, 3656, -1,
3654, 3655, 3656, -1,
3654, 3656, 3653, -1,
3664, 3654, 3653, -1,
3658, 3659, 3660, -1,
3653, 3658, 3660, -1,
3653, 3660, 3652, -1,
3664, 3653, 3652, -1,
3664, 3652, 3651, -1,
3651, 3663, 3664, -1,
3650, 3649, 3648, -1,
3650, 3648, 3647, -1,
3647, 3655, 3650, -1,
3646, 3645, 3644, -1,
3643, 3642, 3646, -1,
3643, 3646, 3644, -1,
3641, 3643, 3640, -1,
3644, 3641, 3640, -1,
3644, 3640, 3643, -1,
3639, 3638, 3637, -1,
3639, 3637, 3636, -1,
3639, 3636, 3635, -1,
3639, 3635, 3634, -1,
3634, 3635, 3641, -1,
3634, 3641, 3639, -1,
3633, 3632, 3631, -1,
3630, 3629, 3628, -1,
3627, 3633, 3631, -1,
3626, 3630, 3628, -1,
3625, 3624, 3623, -1,
3622, 3625, 3623, -1,
3622, 3623, 3627, -1,
3628, 3622, 3627, -1,
3627, 3631, 3626, -1,
3627, 3626, 3628, -1,
3723, 4352, 4359, -1,
3716, 3717, 4240, -1,
3716, 4240, 4328, -1,
3621, 3620, 3716, -1,
3716, 4328, 3619, -1,
3619, 3621, 3716, -1,
3618, 3617, 3616, -1,
3615, 3614, 3613, -1,
3615, 3612, 3611, -1,
3610, 3615, 3611, -1,
3609, 3608, 3607, -1,
3606, 3605, 3604, -1,
3603, 3606, 3604, -1,
3602, 3601, 3600, -1,
3599, 3598, 3597, -1,
3599, 3596, 3595, -1,
3594, 3599, 3595, -1,
3593, 3592, 3591, -1,
3590, 3593, 3591, -1,
3590, 4347, 3589, -1,
3588, 3587, 3586, -1,
3585, 3584, 3583, -1,
3582, 3581, 3580, -1,
3579, 3578, 3577, -1,
3576, 3579, 3577, -1,
3575, 3574, 3573, -1,
3572, 3571, 3570, -1,
3569, 3572, 3568, -1,
3567, 3566, 3565, -1,
3564, 3567, 3565, -1,
3563, 3562, 3561, -1,
3560, 3559, 3558, -1,
3557, 3556, 3555, -1,
3554, 3557, 3555, -1,
3553, 3552, 3551, -1,
3550, 3549, 3548, -1,
3555, 3549, 3550, -1,
3555, 3645, 3549, -1,
3556, 3645, 3555, -1,
3556, 3547, 3645, -1,
3546, 3547, 3556, -1,
3545, 3547, 3546, -1,
3558, 3547, 3545, -1,
3558, 3544, 3547, -1,
3543, 3544, 3558, -1,
3562, 3665, 3542, -1,
3541, 3665, 3562, -1,
3541, 3664, 3665, -1,
3540, 3539, 3538, -1,
3568, 3539, 3540, -1,
3570, 3539, 3568, -1,
3573, 3667, 3537, -1,
3574, 3667, 3573, -1,
3574, 3536, 3667, -1,
3535, 3536, 3574, -1,
3534, 3536, 3535, -1,
3533, 3536, 3534, -1,
3533, 3620, 3536, -1,
3532, 3620, 3533, -1,
3591, 3531, 4352, -1,
3592, 3531, 3591, -1,
3530, 3531, 3592, -1,
3530, 3529, 3531, -1,
3528, 3529, 3530, -1,
3527, 3529, 3528, -1,
3526, 3529, 3527, -1,
3526, 3525, 3529, -1,
3595, 3525, 3526, -1,
3596, 3525, 3595, -1,
3596, 3524, 3525, -1,
3597, 3524, 3596, -1,
3523, 3524, 3597, -1,
3522, 3524, 3523, -1,
3600, 3521, 3522, -1,
3520, 3521, 3600, -1,
3604, 3519, 3518, -1,
3612, 3632, 3611, -1,
3612, 3517, 3632, -1,
3613, 3517, 3612, -1,
3516, 3517, 3613, -1,
3515, 3517, 3516, -1,
3514, 3513, 3512, -1,
3616, 3513, 3514, -1,
3616, 3511, 3513, -1,
3617, 3511, 3616, -1,
3510, 3511, 3617, -1,
3510, 3509, 3511, -1,
3508, 3509, 3510, -1,
3551, 3509, 3508, -1,
3551, 3638, 3509, -1,
3552, 3638, 3551, -1,
3552, 3549, 3638, -1,
3548, 3549, 3552, -1,
3507, 3515, 3516, -1,
3507, 3506, 3515, -1,
3563, 3541, 3562, -1,
3563, 3564, 3541, -1,
3505, 3514, 3512, -1,
3515, 3506, 3504, -1,
3520, 3503, 3502, -1,
3598, 3602, 3501, -1,
3558, 3559, 3500, -1,
3544, 3543, 3499, -1,
3498, 3497, 3496, -1,
3495, 3494, 3493, -1,
3492, 3491, 3490, -1,
3489, 3488, 3487, -1,
3486, 3485, 3484, -1,
3483, 3482, 3481, -1,
3480, 3479, 3478, -1,
3477, 3476, 3499, -1,
3475, 3474, 3473, -1,
3472, 3471, 3494, -1,
3470, 3469, 3491, -1,
3468, 3467, 3488, -1,
3466, 3465, 3485, -1,
3464, 3463, 3479, -1,
3561, 3462, 3481, -1,
3475, 3473, 3461, -1,
3460, 3459, 3471, -1,
3458, 3457, 3469, -1,
3456, 3455, 3467, -1,
3454, 3453, 3465, -1,
3452, 3451, 3463, -1,
3542, 3450, 3462, -1,
3475, 3461, 3449, -1,
3665, 3475, 3449, -1,
3541, 3565, 3448, -1,
3566, 3664, 3447, -1,
3664, 3566, 3446, -1,
3445, 3444, 3446, -1,
3443, 3442, 3441, -1,
3440, 3443, 3441, -1,
3440, 3439, 3438, -1,
3649, 3443, 3437, -1,
3539, 3649, 3436, -1,
3539, 3570, 3435, -1,
3434, 3433, 3435, -1,
3670, 3432, 3431, -1,
3537, 3430, 3433, -1,
3670, 3431, 3429, -1,
3667, 3670, 3429, -1,
3520, 3428, 3427, -1,
3428, 3426, 3427, -1,
3518, 3425, 3424, -1,
3604, 3518, 3424, -1,
3604, 3605, 3423, -1,
3607, 3422, 3423, -1,
3519, 3421, 3420, -1,
3608, 3419, 3422, -1,
3519, 3420, 3418, -1,
3417, 3416, 3419, -1,
3519, 3418, 3415, -1,
3632, 3519, 3415, -1,
3611, 3632, 3414, -1,
3517, 3515, 3413, -1,
3412, 3411, 3410, -1,
3409, 3408, 3407, -1,
3406, 3405, 3404, -1,
3403, 3402, 3401, -1,
3400, 3399, 3398, -1,
3397, 3396, 3395, -1,
3513, 3397, 3395, -1,
3394, 3684, 3393, -1,
3526, 3527, 3392, -1,
3594, 3394, 3391, -1,
3528, 3390, 3389, -1,
3388, 3694, 3387, -1,
3528, 3530, 3386, -1,
3385, 3384, 3383, -1,
3576, 3384, 3688, -1,
3534, 3382, 3381, -1,
3534, 3535, 3380, -1,
3379, 3378, 3675, -1,
3377, 3376, 3674, -1,
3391, 3375, 3374, -1,
3373, 3372, 3371, -1,
3690, 3370, 3369, -1,
3370, 3368, 3367, -1,
3696, 3697, 3366, -1,
3365, 3373, 3364, -1,
3363, 3687, 3679, -1,
3362, 3361, 3360, -1,
3376, 3377, 3367, -1,
3359, 3358, 3357, -1,
3356, 3355, 3619, -1,
3519, 3623, 3624, -1,
3712, 3525, 3529, -1,
3721, 3536, 3667, -1,
3354, 3509, 3511, -1,
3513, 3353, 3511, -1,
3517, 3352, 3397, -1,
3443, 3654, 3664, -1,
3539, 3648, 3649, -1,
3351, 3539, 3670, -1,
3350, 3349, 3368, -1,
3371, 3373, 3348, -1,
3347, 3346, 3685, -1,
3345, 3350, 3370, -1,
3344, 3696, 3343, -1,
3343, 3366, 3360, -1,
3575, 3342, 3379, -1,
3342, 3341, 3688, -1,
3593, 3388, 3692, -1,
3340, 3477, 3543, -1,
3569, 3540, 3538, -1,
3339, 3537, 3434, -1,
3591, 4352, 4349, -1,
3589, 4343, 4344, -1,
3587, 3589, 4341, -1,
3586, 3587, 4342, -1,
3586, 3338, 4339, -1,
3586, 3337, 4337, -1,
3584, 3586, 4337, -1,
3584, 3336, 4334, -1,
3584, 4332, 4333, -1,
3583, 4330, 4331, -1,
3581, 4331, 4329, -1,
3580, 4326, 4327, -1,
3580, 4327, 4325, -1,
3577, 3578, 4325, -1,
3532, 3577, 4324, -1,
3335, 3553, 3551, -1,
3553, 3334, 3548, -1,
3334, 3554, 3550, -1,
3557, 3333, 3546, -1,
3333, 3560, 3545, -1,
3340, 3332, 3542, -1,
3332, 3563, 3561, -1,
3567, 3331, 3445, -1,
3330, 3329, 3440, -1,
3339, 3575, 3573, -1,
3579, 3582, 3580, -1,
3582, 3585, 3583, -1,
3585, 3588, 3586, -1,
3588, 3590, 3589, -1,
3601, 3503, 3520, -1,
3609, 3610, 3417, -1,
3614, 3507, 3516, -1,
3505, 3618, 3616, -1,
3618, 3328, 3510, -1,
3328, 3335, 3508, -1,
3519, 3518, 3327, -1,
3521, 3326, 3518, -1,
3325, 3327, 3326, -1,
3518, 3326, 3327, -1,
3521, 3326, 3324, -1,
3325, 3323, 3326, -1,
3322, 3324, 3323, -1,
3326, 3323, 3324, -1,
3647, 3648, 3351, -1,
3351, 3648, 3539, -1,
3649, 3650, 3443, -1,
3655, 3654, 3650, -1,
3443, 3650, 3654, -1,
3322, 3321, 3320, -1,
3524, 3319, 3321, -1,
3713, 3320, 3319, -1,
3321, 3319, 3320, -1,
3632, 3633, 3517, -1,
3627, 3352, 3633, -1,
3517, 3633, 3352, -1,
3318, 3317, 3316, -1,
3397, 3352, 3317, -1,
3627, 3316, 3352, -1,
3317, 3352, 3316, -1,
3318, 3353, 3317, -1,
3397, 3317, 3513, -1,
3353, 3513, 3317, -1,
3636, 3354, 3315, -1,
3511, 3353, 3354, -1,
3318, 3315, 3353, -1,
3354, 3353, 3315, -1,
3636, 3637, 3354, -1,
3638, 3509, 3637, -1,
3637, 3509, 3354, -1,
3641, 3644, 3639, -1,
3645, 3549, 3644, -1,
3638, 3639, 3549, -1,
3644, 3549, 3639, -1,
3642, 3314, 3646, -1,
3544, 3547, 3314, -1,
3645, 3646, 3547, -1,
3314, 3547, 3646, -1,
3313, 3312, 3311, -1,
3544, 3314, 3312, -1,
3642, 3311, 3314, -1,
3312, 3314, 3311, -1,
3544, 3312, 3475, -1,
3313, 3310, 3312, -1,
3665, 3475, 3310, -1,
3312, 3310, 3475, -1,
3313, 3310, 3309, -1,
3665, 3666, 3310, -1,
3659, 3309, 3666, -1,
3310, 3666, 3309, -1,
3669, 3720, 3668, -1,
3667, 3668, 3721, -1,
3720, 3721, 3668, -1,
3620, 3536, 3719, -1,
3719, 3536, 3721, -1,
3620, 3719, 3716, -1,
3529, 3531, 3715, -1,
4352, 3723, 3531, -1,
3715, 3531, 3723, -1,
3529, 3715, 3712, -1,
3713, 3319, 3712, -1,
3524, 3525, 3319, -1,
3319, 3525, 3712, -1,
3308, 3307, 3306, -1,
3305, 3304, 3303, -1,
3302, 3301, 3300, -1,
3299, 3298, 3300, -1,
3302, 3298, 3297, -1,
3299, 3297, 3298, -1,
3296, 3295, 3297, -1,
3299, 3294, 3293, -1,
3299, 3292, 3291, -1,
3296, 3294, 3291, -1,
3290, 3289, 3288, -1,
3287, 3288, 3289, -1,
3286, 3285, 3284, -1,
3283, 3282, 3285, -1,
3281, 3285, 3282, -1,
3283, 3280, 3282, -1,
3281, 3282, 3280, -1,
3279, 3278, 3280, -1,
3277, 3280, 3278, -1,
3279, 3276, 3278, -1,
3277, 3278, 3276, -1,
3275, 3276, 3274, -1,
3279, 3273, 3274, -1,
3273, 3272, 3274, -1,
3275, 3274, 3272, -1,
3271, 3272, 3270, -1,
3273, 3304, 3270, -1,
3304, 3269, 3270, -1,
3303, 3268, 3267, -1,
3305, 3267, 3268, -1,
3266, 3265, 3264, -1,
3263, 3264, 3265, -1,
3262, 3265, 3261, -1,
3260, 3261, 3265, -1,
3262, 3261, 3259, -1,
3260, 3259, 3261, -1,
3258, 3259, 3257, -1,
3256, 3257, 3259, -1,
3258, 3257, 3255, -1,
3256, 3255, 3257, -1,
3254, 3255, 3253, -1,
3252, 3253, 3255, -1,
3251, 3250, 3249, -1,
3308, 3249, 3250, -1,
3251, 3249, 3248, -1,
3308, 3248, 3249, -1,
3247, 3246, 3245, -1,
3244, 3245, 3246, -1,
3243, 3242, 3246, -1,
3241, 3246, 3242, -1,
3243, 3240, 3242, -1,
3241, 3242, 3240, -1,
3293, 3291, 3294, -1,
3286, 3284, 3240, -1,
3240, 3284, 3293, -1,
3239, 3238, 3343, -1,
3237, 3673, 3674, -1,
3236, 3680, 3676, -1,
3235, 3345, 3690, -1,
3234, 3695, 3696, -1,
3233, 3348, 3373, -1,
3232, 3363, 3680, -1,
3346, 3362, 3685, -1,
3231, 3674, 3376, -1,
3346, 3239, 3361, -1,
3231, 3376, 3368, -1,
3230, 3229, 3228, -1,
3227, 3228, 3229, -1,
3226, 3229, 3230, -1,
3579, 3230, 3228, -1,
3225, 3224, 3223, -1,
3222, 3223, 3224, -1,
3221, 3224, 3225, -1,
3563, 3225, 3223, -1,
3220, 3219, 3218, -1,
3217, 3218, 3219, -1,
3571, 3219, 3220, -1,
3216, 3220, 3218, -1,
3215, 3214, 3213, -1,
3602, 3213, 3214, -1,
3212, 3214, 3215, -1,
3211, 3215, 3213, -1,
3210, 3209, 3208, -1,
3207, 3208, 3209, -1,
3206, 3209, 3210, -1,
3614, 3210, 3208, -1,
3205, 3204, 3203, -1,
3202, 3203, 3204, -1,
3201, 3204, 3205, -1,
3590, 3205, 3203, -1,
3200, 3199, 3553, -1,
3335, 3553, 3199, -1,
3198, 3199, 3200, -1,
3334, 3200, 3553, -1,
3199, 3197, 3196, -1,
3195, 3196, 3197, -1,
3198, 3197, 3199, -1,
3335, 3199, 3196, -1,
3194, 3205, 3588, -1,
3590, 3588, 3205, -1,
3201, 3205, 3194, -1,
3585, 3194, 3588, -1,
3196, 3193, 3328, -1,
3618, 3328, 3193, -1,
3195, 3193, 3196, -1,
3335, 3196, 3328, -1,
3193, 3192, 3191, -1,
3190, 3191, 3192, -1,
3195, 3192, 3193, -1,
3618, 3193, 3191, -1,
3191, 3189, 3505, -1,
3506, 3505, 3189, -1,
3190, 3189, 3191, -1,
3618, 3191, 3505, -1,
3189, 3188, 3187, -1,
3206, 3187, 3188, -1,
3190, 3188, 3189, -1,
3506, 3189, 3187, -1,
3187, 3210, 3507, -1,
3614, 3507, 3210, -1,
3206, 3210, 3187, -1,
3506, 3187, 3507, -1,
3208, 3186, 3615, -1,
3610, 3615, 3186, -1,
3207, 3186, 3208, -1,
3614, 3208, 3615, -1,
3186, 3185, 3184, -1,
3183, 3184, 3185, -1,
3207, 3185, 3186, -1,
3610, 3186, 3184, -1,
3184, 3182, 3609, -1,
3606, 3609, 3182, -1,
3183, 3182, 3184, -1,
3610, 3184, 3609, -1,
3203, 3181, 3593, -1,
3388, 3593, 3181, -1,
3202, 3181, 3203, -1,
3590, 3203, 3593, -1,
3181, 3180, 3179, -1,
3178, 3179, 3180, -1,
3202, 3180, 3181, -1,
3388, 3181, 3179, -1,
3594, 3177, 3179, -1,
3178, 3179, 3177, -1,
3599, 3177, 3594, -1,
3388, 3594, 3179, -1,
3176, 3177, 3175, -1,
3599, 3175, 3177, -1,
3178, 3177, 3176, -1,
3212, 3176, 3175, -1,
3175, 3598, 3214, -1,
3602, 3214, 3598, -1,
3599, 3598, 3175, -1,
3212, 3175, 3214, -1,
3213, 3601, 3174, -1,
3503, 3174, 3601, -1,
3602, 3601, 3213, -1,
3211, 3213, 3174, -1,
3173, 3172, 3174, -1,
3211, 3174, 3172, -1,
3171, 3172, 3173, -1,
3503, 3173, 3174, -1,
3170, 3173, 3603, -1,
3503, 3603, 3173, -1,
3171, 3173, 3170, -1,
3606, 3170, 3603, -1,
3169, 3168, 3329, -1,
3569, 3329, 3168, -1,
3167, 3168, 3169, -1,
3330, 3169, 3329, -1,
3168, 3166, 3165, -1,
3216, 3165, 3166, -1,
3167, 3166, 3168, -1,
3569, 3168, 3165, -1,
3165, 3572, 3220, -1,
3571, 3220, 3572, -1,
3569, 3572, 3165, -1,
3216, 3165, 3220, -1,
3164, 3339, 3219, -1,
3571, 3219, 3339, -1,
3575, 3339, 3164, -1,
3217, 3164, 3219, -1,
3163, 3162, 3164, -1,
3575, 3164, 3162, -1,
3161, 3162, 3163, -1,
3217, 3163, 3164, -1,
3162, 3160, 3342, -1,
3341, 3342, 3160, -1,
3161, 3160, 3162, -1,
3575, 3162, 3342, -1,
3160, 3159, 3158, -1,
3226, 3158, 3159, -1,
3161, 3159, 3160, -1,
3341, 3160, 3158, -1,
3158, 3230, 3576, -1,
3579, 3576, 3230, -1,
3226, 3230, 3158, -1,
3341, 3158, 3576, -1,
3157, 3156, 3331, -1,
3330, 3331, 3156, -1,
3155, 3156, 3157, -1,
3567, 3157, 3331, -1,
3154, 3153, 3157, -1,
3155, 3157, 3153, -1,
3222, 3153, 3154, -1,
3567, 3154, 3157, -1,
3223, 3154, 3564, -1,
3567, 3564, 3154, -1,
3222, 3154, 3223, -1,
3563, 3223, 3564, -1,
3152, 3225, 3332, -1,
3563, 3332, 3225, -1,
3221, 3225, 3152, -1,
3340, 3152, 3332, -1,
3151, 3150, 3152, -1,
3221, 3152, 3150, -1,
3149, 3150, 3151, -1,
3340, 3151, 3152, -1,
3559, 3148, 3151, -1,
3149, 3151, 3148, -1,
3560, 3148, 3559, -1,
3340, 3559, 3151, -1,
3147, 3146, 3148, -1,
3149, 3148, 3146, -1,
3145, 3146, 3147, -1,
3560, 3147, 3148, -1,
3333, 3144, 3147, -1,
3145, 3147, 3144, -1,
3557, 3144, 3333, -1,
3560, 3333, 3147, -1,
3228, 3143, 3582, -1,
3585, 3582, 3143, -1,
3227, 3143, 3228, -1,
3579, 3228, 3582, -1,
3142, 3141, 3144, -1,
3145, 3144, 3141, -1,
3140, 3141, 3142, -1,
3557, 3142, 3144, -1,
3554, 3139, 3142, -1,
3140, 3142, 3139, -1,
3334, 3139, 3554, -1,
3557, 3554, 3142, -1,
3138, 3137, 3136, -1,
3135, 3138, 3136, -1,
3134, 3133, 3135, -1,
3132, 3134, 3135, -1,
3135, 3136, 3132, -1,
3131, 3130, 3129, -1,
3128, 3127, 3126, -1,
3128, 3126, 3125, -1,
3129, 3128, 3125, -1,
3129, 3125, 3131, -1,
3133, 3134, 3124, -1,
3123, 3133, 3124, -1,
3123, 3124, 3122, -1,
3121, 3123, 3122, -1,
3120, 3121, 3122, -1,
3120, 3122, 3119, -1,
3118, 3117, 3116, -1,
3115, 3118, 3116, -1,
3115, 3116, 3114, -1,
3114, 3113, 3112, -1,
3114, 3112, 3115, -1,
3111, 3110, 3301, -1,
3302, 3111, 3301, -1,
3109, 3108, 3107, -1,
3109, 3107, 3106, -1,
3105, 3109, 3106, -1,
3105, 3106, 3104, -1,
3105, 3104, 3103, -1,
3102, 3101, 3100, -1,
3099, 3102, 3100, -1,
3099, 3100, 3296, -1,
3296, 3098, 3099, -1,
3097, 3096, 3095, -1,
3094, 3093, 3092, -1,
3097, 3095, 3091, -1,
3092, 3097, 3091, -1,
3091, 3094, 3092, -1,
3090, 3287, 3089, -1,
3090, 3089, 3088, -1,
3138, 3087, 3086, -1,
3085, 3135, 3133, -1,
3084, 3135, 3085, -1,
3084, 3138, 3135, -1,
3138, 3083, 3087, -1,
3138, 3084, 3083, -1,
3082, 3081, 3080, -1,
3079, 3078, 3082, -1,
3082, 3080, 3077, -1,
3077, 3079, 3082, -1,
3080, 3076, 3075, -1,
3074, 3073, 3072, -1,
3075, 3074, 3072, -1,
3075, 3072, 3071, -1,
3071, 3080, 3075, -1,
3082, 3078, 3070, -1,
3069, 3082, 3070, -1,
3069, 3070, 3068, -1,
3068, 3087, 3069, -1,
3067, 3121, 3066, -1,
3123, 3065, 3133, -1,
3123, 3064, 3065, -1,
3121, 3064, 3123, -1,
3121, 3063, 3064, -1,
3063, 3121, 3067, -1,
3062, 3061, 3060, -1,
3060, 3059, 3058, -1,
3057, 3062, 3060, -1,
3060, 3058, 3057, -1,
3056, 3055, 3062, -1,
3054, 3053, 3052, -1,
3054, 3052, 3056, -1,
3056, 3062, 3051, -1,
3056, 3051, 3054, -1,
3050, 3059, 3060, -1,
3050, 3060, 3049, -1,
3049, 3067, 3048, -1,
3049, 3048, 3050, -1,
3047, 3046, 3045, -1,
3047, 3045, 3044, -1,
3043, 3047, 3046, -1,
3043, 3046, 3042, -1,
3043, 3042, 3041, -1,
3043, 3041, 3040, -1,
3052, 3043, 3040, -1,
3052, 3040, 3039, -1,
3052, 3039, 3038, -1,
3052, 3038, 3053, -1,
3037, 3044, 3045, -1,
3037, 3045, 3036, -1,
3036, 3037, 3035, -1,
3034, 3036, 3035, -1,
3035, 3033, 3032, -1,
3035, 3032, 3034, -1,
3033, 3035, 3074, -1,
3031, 3033, 3074, -1,
3074, 3073, 3030, -1,
3074, 3030, 3031, -1,
3029, 3028, 3027, -1,
3026, 3029, 3025, -1,
3024, 3023, 3022, -1,
3021, 3020, 3019, -1,
3125, 3018, 3017, -1,
3126, 3016, 3018, -1,
3035, 3016, 3126, -1,
3074, 3015, 3075, -1,
3014, 3013, 3012, -1,
3026, 3011, 3010, -1,
3009, 3014, 3008, -1,
3007, 3115, 3112, -1,
3006, 3118, 3115, -1,
3043, 3052, 3005, -1,
3052, 3056, 3005, -1,
3121, 3010, 3011, -1,
3138, 3135, 3133, -1,
3047, 3043, 3006, -1,
3044, 3047, 3004, -1,
3004, 3006, 3007, -1,
3003, 3004, 3002, -1,
3002, 3007, 3001, -1,
3000, 3002, 2999, -1,
2998, 2999, 2997, -1,
2996, 2995, 2994, -1,
2996, 2993, 2995, -1,
2992, 2994, 2995, -1,
3009, 2995, 2993, -1,
3014, 3009, 2991, -1,
3037, 2990, 3016, -1,
3044, 3003, 2990, -1,
2990, 2989, 3018, -1,
3003, 3000, 2989, -1,
2989, 3021, 3017, -1,
3000, 2998, 3021, -1,
2998, 2988, 3020, -1,
2996, 2987, 2986, -1,
2996, 2986, 2993, -1,
3023, 3024, 2986, -1,
3024, 2991, 2993, -1,
3029, 3026, 2991, -1,
3254, 2985, 2984, -1,
3254, 2983, 2982, -1,
3258, 2981, 2980, -1,
2979, 2978, 2977, -1,
2976, 2975, 2974, -1,
2973, 2972, 2971, -1,
2973, 2970, 2969, -1,
2976, 2971, 2968, -1,
2967, 2966, 2965, -1,
2964, 2963, 2962, -1,
2967, 2961, 2966, -1,
2960, 2959, 2961, -1,
2958, 2957, 2956, -1,
2958, 2955, 2954, -1,
2957, 2953, 2956, -1,
2952, 2954, 2951, -1,
2950, 2949, 2948, -1,
2950, 2947, 2949, -1,
2960, 2950, 2948, -1,
2946, 2945, 2947, -1,
2944, 2952, 2943, -1,
2944, 2942, 2941, -1,
2952, 2951, 2940, -1,
2939, 2938, 2937, -1,
2946, 2936, 2935, -1,
2934, 2933, 2932, -1,
2934, 2931, 2936, -1,
2933, 2930, 2929, -1,
2928, 2927, 2926, -1,
2979, 2928, 2925, -1,
2964, 2962, 2924, -1,
2927, 2923, 2926, -1,
2922, 2964, 2924, -1,
2921, 2920, 2919, -1,
3128, 2940, 2943, -1,
3116, 2918, 2917, -1,
2999, 3001, 2965, -1,
3001, 3112, 2916, -1,
2997, 2915, 2963, -1,
2988, 2997, 2914, -1,
3017, 2913, 2974, -1,
3020, 2912, 2925, -1,
2988, 2911, 2912, -1,
3116, 2935, 2945, -1,
3120, 2910, 2930, -1,
3120, 3119, 2980, -1,
3128, 3129, 2953, -1,
3137, 2941, 2938, -1,
3137, 2909, 2908, -1,
3111, 2907, 2906, -1,
2905, 3302, 3295, -1,
2904, 3302, 2905, -1,
2904, 3111, 3302, -1,
3111, 2903, 2907, -1,
3111, 2904, 2903, -1,
2902, 2901, 2900, -1,
2899, 2898, 2902, -1,
2902, 2900, 2897, -1,
2897, 2899, 2902, -1,
2900, 2896, 2895, -1,
2894, 2893, 2892, -1,
2895, 2894, 2892, -1,
2895, 2892, 2891, -1,
2891, 2900, 2895, -1,
2902, 2898, 2890, -1,
2889, 2902, 2890, -1,
2889, 2890, 2888, -1,
2888, 2907, 2889, -1,
2887, 3100, 2886, -1,
3296, 2885, 3295, -1,
3296, 2884, 2885, -1,
3100, 2884, 3296, -1,
3100, 2883, 2884, -1,
2883, 3100, 2887, -1,
2882, 2881, 2880, -1,
2880, 2879, 2878, -1,
2877, 2882, 2880, -1,
2880, 2878, 2877, -1,
2876, 2875, 2882, -1,
2874, 2873, 2872, -1,
2874, 2872, 2876, -1,
2876, 2882, 2871, -1,
2876, 2871, 2874, -1,
2870, 2879, 2880, -1,
2870, 2880, 2869, -1,
2869, 2887, 2868, -1,
2869, 2868, 2870, -1,
2867, 2866, 2865, -1,
2867, 2865, 2864, -1,
2863, 2867, 2866, -1,
2863, 2866, 2862, -1,
2863, 2862, 2861, -1,
2863, 2861, 2860, -1,
2872, 2863, 2860, -1,
2872, 2860, 2859, -1,
2872, 2859, 2858, -1,
2872, 2858, 2873, -1,
2857, 2864, 2865, -1,
2857, 2865, 2856, -1,
2856, 2857, 2855, -1,
2854, 2856, 2855, -1,
2855, 2853, 2852, -1,
2855, 2852, 2854, -1,
2853, 2855, 2894, -1,
2851, 2853, 2894, -1,
2894, 2893, 2850, -1,
2894, 2850, 2851, -1,
2849, 2848, 2847, -1,
2846, 2849, 2847, -1,
2845, 2844, 2843, -1,
3106, 2842, 2841, -1,
3107, 2840, 2842, -1,
2855, 2840, 3107, -1,
2894, 2839, 2895, -1,
2838, 2837, 2836, -1,
2846, 2835, 2834, -1,
2833, 2838, 2832, -1,
2831, 3095, 2830, -1,
2829, 2831, 2830, -1,
2828, 3091, 3095, -1,
2827, 3094, 3091, -1,
2863, 2872, 2826, -1,
2872, 2876, 2826, -1,
3100, 2834, 2835, -1,
3111, 3302, 3295, -1,
2867, 2863, 2827, -1,
2864, 2867, 2825, -1,
2825, 2827, 2828, -1,
2824, 2825, 2823, -1,
2823, 2828, 2831, -1,
2822, 2823, 2829, -1,
2821, 2829, 2820, -1,
2819, 2818, 2817, -1,
2819, 2816, 2818, -1,
2815, 2817, 2818, -1,
2833, 2818, 2816, -1,
2838, 2833, 2814, -1,
2857, 2813, 2840, -1,
2864, 2824, 2813, -1,
2813, 2812, 2842, -1,
2824, 2822, 2812, -1,
2812, 2811, 2841, -1,
2822, 2821, 2811, -1,
2821, 2810, 2809, -1,
2819, 2808, 2807, -1,
2819, 2807, 2816, -1,
2844, 2845, 2807, -1,
2845, 2814, 2816, -1,
2849, 2846, 2814, -1,
2806, 2805, 2804, -1,
2803, 2802, 2801, -1,
2800, 2799, 2805, -1,
2800, 2803, 2798, -1,
2797, 2796, 2795, -1,
2794, 2793, 2792, -1,
2794, 2797, 2795, -1,
2791, 2792, 2790, -1,
2803, 2789, 2802, -1,
2791, 2790, 2788, -1,
2787, 2791, 2786, -1,
3281, 2785, 2784, -1,
2785, 2783, 2782, -1,
2781, 2780, 2779, -1,
2778, 2777, 2776, -1,
2775, 2778, 2779, -1,
2774, 2773, 2772, -1,
2778, 2771, 2770, -1,
2769, 2768, 2767, -1,
2769, 2774, 2772, -1,
2766, 2769, 2767, -1,
2771, 2765, 2770, -1,
2787, 2764, 2765, -1,
2763, 2766, 2762, -1,
2763, 2761, 2789, -1,
2766, 2760, 2759, -1,
2758, 2757, 2756, -1,
2775, 2755, 2757, -1,
2754, 2753, 2752, -1,
2774, 2751, 2773, -1,
2753, 2750, 2752, -1,
2749, 2748, 2747, -1,
3109, 2801, 2798, -1,
3092, 2746, 2745, -1,
2820, 2744, 2743, -1,
2742, 2810, 2820, -1,
2811, 2809, 2741, -1,
2841, 2740, 2768, -1,
2809, 2739, 2751, -1,
2810, 2742, 2750, -1,
3092, 2788, 2786, -1,
3101, 2738, 2796, -1,
3101, 3102, 2737, -1,
3109, 3105, 2762, -1,
3110, 2804, 2736, -1,
3110, 2735, 2734, -1,
2733, 2732, 2731, -1,
2733, 2730, 2732, -1,
2733, 2729, 2730, -1,
2728, 2727, 2726, -1,
2725, 2724, 2728, -1,
2728, 2726, 2723, -1,
2723, 2725, 2728, -1,
2726, 2722, 2721, -1,
2720, 2719, 2718, -1,
2721, 2720, 2718, -1,
2721, 2718, 2717, -1,
2717, 2726, 2721, -1,
2728, 2724, 2716, -1,
2715, 2728, 2716, -1,
2715, 2716, 2714, -1,
2714, 2732, 2715, -1,
2713, 3287, 2712, -1,
3287, 2711, 2710, -1,
2711, 3287, 2713, -1,
2709, 2708, 2707, -1,
2707, 2706, 2705, -1,
2704, 2709, 2707, -1,
2707, 2705, 2704, -1,
2703, 2702, 2709, -1,
2701, 2700, 2699, -1,
2701, 2699, 2703, -1,
2703, 2709, 2698, -1,
2703, 2698, 2701, -1,
2697, 2706, 2707, -1,
2697, 2707, 2696, -1,
2696, 2713, 2695, -1,
2696, 2695, 2697, -1,
2694, 2693, 2692, -1,
2694, 2692, 2691, -1,
2690, 2694, 2693, -1,
2690, 2693, 2689, -1,
2690, 2689, 2688, -1,
2690, 2688, 2687, -1,
2699, 2690, 2687, -1,
2699, 2687, 2686, -1,
2699, 2686, 2685, -1,
2699, 2685, 2700, -1,
2684, 2691, 2692, -1,
2684, 2692, 2683, -1,
2683, 2684, 2682, -1,
2681, 2683, 2682, -1,
2682, 2680, 2679, -1,
2682, 2679, 2681, -1,
2680, 2682, 2720, -1,
2678, 2680, 2720, -1,
2720, 2719, 2677, -1,
2720, 2677, 2678, -1,
2676, 2675, 2674, -1,
2673, 2676, 2674, -1,
2672, 2671, 2670, -1,
2669, 2668, 2667, -1,
2682, 2668, 2669, -1,
2720, 2666, 2721, -1,
2665, 2664, 2663, -1,
2673, 2662, 2661, -1,
2660, 2665, 2659, -1,
2658, 2657, 2656, -1,
2690, 2699, 2655, -1,
2699, 2703, 2655, -1,
2694, 2690, 2658, -1,
2691, 2694, 2654, -1,
2654, 2658, 2653, -1,
2652, 2654, 2651, -1,
2650, 2651, 2649, -1,
2648, 2647, 2646, -1,
2648, 2645, 2647, -1,
2644, 2646, 2647, -1,
2660, 2647, 2645, -1,
2665, 2660, 2643, -1,
2684, 2642, 2668, -1,
2691, 2652, 2642, -1,
2642, 2641, 2667, -1,
2652, 2650, 2641, -1,
2650, 2640, 2639, -1,
2648, 2638, 2637, -1,
2648, 2637, 2645, -1,
2671, 2672, 2637, -1,
2672, 2643, 2645, -1,
2676, 2673, 2643, -1,
2636, 2635, 2634, -1,
2635, 2633, 2632, -1,
2635, 2631, 2634, -1,
2630, 2629, 2628, -1,
2627, 2626, 2625, -1,
2627, 2628, 2626, -1,
2624, 2623, 2622, -1,
2621, 2620, 2619, -1,
2624, 2618, 2620, -1,
2623, 2617, 2622, -1,
2616, 2615, 2614, -1,
2613, 2616, 2612, -1,
2611, 2610, 2609, -1,
2613, 2608, 2610, -1,
2607, 2621, 2606, -1,
2605, 2604, 2603, -1,
2607, 2602, 2604, -1,
2633, 2601, 2600, -1,
2599, 2598, 2597, -1,
2621, 2596, 2606, -1,
2595, 2597, 2594, -1,
2593, 2592, 2591, -1,
2590, 2589, 2588, -1,
2633, 2587, 2586, -1,
2590, 2585, 2584, -1,
2589, 2590, 2584, -1,
2583, 2582, 2581, -1,
2616, 2580, 2615, -1,
2583, 2579, 2580, -1,
2590, 2578, 2585, -1,
2633, 2586, 2577, -1,
2636, 2576, 2575, -1,
2576, 2633, 2577, -1,
2574, 2573, 2572, -1,
2636, 2571, 2570, -1,
2630, 2569, 2573, -1,
2568, 2567, 2566, -1,
3263, 3305, 2565, -1,
2640, 2564, 2563, -1,
2641, 2639, 2562, -1,
2640, 2649, 2561, -1,
2651, 2653, 2560, -1,
2733, 2559, 2558, -1,
2557, 2556, 2669, -1,
2555, 2554, 2553, -1,
3287, 2661, 2662, -1,
2552, 2603, 2598, -1,
3090, 2551, 2617, -1,
2653, 2656, 2594, -1,
2564, 2570, 2550, -1,
2667, 2549, 2593, -1,
2564, 2550, 2563, -1,
2552, 2619, 2596, -1,
3090, 2548, 2551, -1,
3090, 3088, 2547, -1,
2557, 2588, 2581, -1,
2546, 2545, 2566, -1,
2555, 2566, 2567, -1,
3287, 2544, 2543, -1,
2710, 2543, 2542, -1,
2541, 2542, 2540, -1,
2733, 2729, 2539, -1,
2729, 2538, 2537, -1,
2538, 2536, 2537, -1,
2535, 2534, 2533, -1,
2532, 2533, 2534, -1,
2532, 2534, 2531, -1,
2535, 2531, 2534, -1,
2530, 2529, 2528, -1,
2527, 2526, 2525, -1,
3841, 3839, 2525, -1,
2524, 2523, 2522, -1,
3698, 2527, 3839, -1,
2521, 2520, 2519, -1,
2518, 2517, 2519, -1,
2516, 2515, 2518, -1,
2516, 2514, 2513, -1,
3655, 3647, 2512, -1,
3623, 3519, 3327, -1,
3630, 3626, 3631, -1,
2511, 3241, 2510, -1,
3241, 3244, 2510, -1,
3244, 2509, 2510, -1,
2508, 2509, 3244, -1,
2508, 2507, 2509, -1,
2516, 2507, 2508, -1,
2506, 2521, 2515, -1,
2506, 2505, 2521, -1,
3306, 2505, 2506, -1,
2504, 2505, 3306, -1,
3251, 2504, 3306, -1,
2503, 2981, 3258, -1,
3262, 2503, 3258, -1,
2502, 2503, 3262, -1,
3262, 3263, 2502, -1,
3263, 2568, 2502, -1,
3271, 3275, 2501, -1,
3275, 2500, 2501, -1,
3275, 3277, 2500, -1,
2500, 3277, 2499, -1,
3277, 3281, 2499, -1,
2498, 2497, 2496, -1,
2495, 2496, 2497, -1,
2494, 2497, 2498, -1,
2493, 2498, 2496, -1,
2497, 3709, 3710, -1,
2494, 3709, 2497, -1,
2495, 2497, 3710, -1,
2492, 3710, 3708, -1,
2495, 3710, 2492, -1,
2491, 2492, 3708, -1,
2491, 3708, 3706, -1,
2490, 3702, 3703, -1,
2489, 3702, 2490, -1,
2488, 2490, 3703, -1,
2488, 3703, 3700, -1,
2487, 3700, 2486, -1,
3699, 2486, 3700, -1,
2488, 3700, 2487, -1,
2485, 2487, 2486, -1,
2484, 2922, 2483, -1,
2482, 2483, 2922, -1,
2964, 2922, 2484, -1,
2481, 2484, 2483, -1,
2480, 2483, 2479, -1,
2482, 2479, 2483, -1,
2481, 2483, 2480, -1,
2478, 2480, 2479, -1,
2477, 2480, 2476, -1,
2478, 2476, 2480, -1,
2481, 2480, 2477, -1,
2475, 2477, 2476, -1,
2474, 2476, 2473, -1,
2478, 2473, 2476, -1,
2475, 2476, 2474, -1,
2472, 2474, 2473, -1,
2474, 2471, 2470, -1,
2469, 2470, 2471, -1,
2472, 2471, 2474, -1,
2475, 2474, 2470, -1,
2471, 2468, 2467, -1,
2466, 2467, 2468, -1,
2472, 2468, 2471, -1,
2469, 2471, 2467, -1,
2467, 2465, 2464, -1,
2630, 2464, 2465, -1,
2466, 2465, 2467, -1,
2469, 2467, 2464, -1,
2465, 2463, 2462, -1,
2461, 2462, 2463, -1,
2466, 2463, 2465, -1,
2630, 2465, 2462, -1,
2462, 2460, 2636, -1,
2459, 2636, 2460, -1,
2461, 2460, 2462, -1,
2630, 2462, 2636, -1,
2460, 2458, 2457, -1,
2456, 2457, 2458, -1,
2461, 2458, 2460, -1,
2459, 2460, 2457, -1,
2457, 2455, 2454, -1,
2453, 2454, 2455, -1,
2456, 2455, 2457, -1,
2459, 2457, 2454, -1,
2455, 2452, 2451, -1,
2450, 2451, 2452, -1,
2456, 2452, 2455, -1,
2453, 2455, 2451, -1,
2451, 2449, 2448, -1,
2447, 2448, 2449, -1,
2450, 2449, 2451, -1,
2453, 2451, 2448, -1,
2446, 2445, 2449, -1,
2447, 2449, 2445, -1,
2444, 2445, 2446, -1,
2450, 2446, 2449, -1,
2445, 2443, 2442, -1,
2441, 2442, 2443, -1,
2444, 2443, 2445, -1,
2447, 2445, 2442, -1,
2778, 2440, 2771, -1,
2439, 2771, 2440, -1,
2775, 2440, 2778, -1,
2493, 2438, 2440, -1,
2439, 2440, 2438, -1,
2496, 2438, 2493, -1,
2775, 2493, 2440, -1,
2438, 2437, 2436, -1,
2435, 2436, 2437, -1,
2496, 2437, 2438, -1,
2439, 2438, 2436, -1,
2437, 2495, 2434, -1,
2492, 2434, 2495, -1,
2496, 2495, 2437, -1,
2435, 2437, 2434, -1,
2433, 2434, 2432, -1,
2492, 2432, 2434, -1,
2435, 2434, 2433, -1,
2431, 2433, 2432, -1,
2432, 2491, 2430, -1,
2429, 2430, 2491, -1,
2492, 2491, 2432, -1,
2431, 2432, 2430, -1,
2428, 2427, 2426, -1,
2490, 2426, 2427, -1,
2425, 2427, 2428, -1,
2424, 2428, 2426, -1,
2426, 2488, 2423, -1,
2487, 2423, 2488, -1,
2490, 2488, 2426, -1,
2424, 2426, 2423, -1,
2422, 2423, 2421, -1,
2487, 2421, 2423, -1,
2424, 2423, 2422, -1,
2420, 2422, 2421, -1,
2419, 2421, 2485, -1,
2487, 2485, 2421, -1,
2420, 2421, 2419, -1,
2418, 2419, 2485, -1,
2417, 2419, 2416, -1,
2418, 2416, 2419, -1,
2420, 2419, 2417, -1,
2957, 2417, 2416, -1,
2976, 2416, 2979, -1,
2418, 2979, 2416, -1,
2957, 2416, 2976, -1,
2484, 2967, 2964, -1,
2960, 2967, 2415, -1,
2484, 2415, 2967, -1,
2414, 2960, 2415, -1,
2413, 2415, 2481, -1,
2484, 2481, 2415, -1,
2414, 2415, 2413, -1,
2477, 2413, 2481, -1,
2412, 2413, 2411, -1,
2477, 2411, 2413, -1,
2414, 2413, 2412, -1,
2410, 2412, 2411, -1,
2411, 2475, 2409, -1,
2470, 2409, 2475, -1,
2477, 2475, 2411, -1,
2410, 2411, 2409, -1,
2409, 2408, 2407, -1,
2406, 2407, 2408, -1,
2470, 2408, 2409, -1,
2410, 2409, 2407, -1,
2408, 2469, 2405, -1,
2464, 2405, 2469, -1,
2470, 2469, 2408, -1,
2406, 2408, 2405, -1,
2405, 2574, 2582, -1,
2590, 2582, 2574, -1,
2464, 2574, 2405, -1,
2406, 2405, 2582, -1,
2464, 2630, 2574, -1,
2605, 2633, 2576, -1,
2576, 2459, 2404, -1,
2454, 2404, 2459, -1,
2636, 2459, 2576, -1,
2605, 2576, 2404, -1,
2404, 2403, 2402, -1,
2401, 2402, 2403, -1,
2454, 2403, 2404, -1,
2605, 2404, 2402, -1,
2403, 2453, 2400, -1,
2448, 2400, 2453, -1,
2454, 2453, 2403, -1,
2401, 2403, 2400, -1,
2400, 2399, 2398, -1,
2397, 2398, 2399, -1,
2448, 2399, 2400, -1,
2401, 2400, 2398, -1,
2447, 2396, 2399, -1,
2397, 2399, 2396, -1,
2442, 2396, 2447, -1,
2448, 2447, 2399, -1,
2396, 2395, 2394, -1,
2766, 2394, 2395, -1,
2442, 2395, 2396, -1,
2397, 2396, 2394, -1,
2441, 2769, 2395, -1,
2766, 2395, 2769, -1,
2774, 2769, 2441, -1,
2442, 2441, 2395, -1,
2393, 2791, 2787, -1,
2392, 2435, 2391, -1,
2433, 2391, 2435, -1,
2436, 2435, 2392, -1,
2390, 2392, 2391, -1,
2389, 2391, 2388, -1,
2433, 2388, 2391, -1,
2390, 2391, 2389, -1,
2387, 2389, 2388, -1,
2388, 2431, 2386, -1,
2385, 2386, 2431, -1,
2433, 2431, 2388, -1,
2387, 2388, 2386, -1,
2384, 2383, 2382, -1,
2428, 2382, 2383, -1,
2381, 2383, 2384, -1,
2380, 2384, 2382, -1,
2382, 2424, 2379, -1,
2422, 2379, 2424, -1,
2428, 2424, 2382, -1,
2380, 2382, 2379, -1,
2378, 2379, 2377, -1,
2422, 2377, 2379, -1,
2380, 2379, 2378, -1,
2376, 2378, 2377, -1,
2375, 2377, 2420, -1,
2422, 2420, 2377, -1,
2376, 2377, 2375, -1,
2417, 2375, 2420, -1,
2374, 2375, 2958, -1,
2417, 2958, 2375, -1,
2376, 2375, 2374, -1,
2952, 2374, 2958, -1,
2417, 2957, 2958, -1,
2946, 2950, 2373, -1,
2960, 2373, 2950, -1,
2372, 2946, 2373, -1,
2371, 2373, 2414, -1,
2960, 2414, 2373, -1,
2372, 2373, 2371, -1,
2412, 2371, 2414, -1,
2370, 2371, 2369, -1,
2412, 2369, 2371, -1,
2372, 2371, 2370, -1,
2368, 2370, 2369, -1,
2369, 2410, 2367, -1,
2407, 2367, 2410, -1,
2412, 2410, 2369, -1,
2368, 2369, 2367, -1,
2367, 2366, 2365, -1,
2364, 2365, 2366, -1,
2407, 2366, 2367, -1,
2368, 2367, 2365, -1,
2366, 2406, 2583, -1,
2582, 2583, 2406, -1,
2407, 2406, 2366, -1,
2364, 2366, 2583, -1,
2364, 2583, 2616, -1,
2402, 2607, 2605, -1,
2607, 2363, 2362, -1,
2361, 2362, 2363, -1,
2402, 2363, 2607, -1,
2621, 2607, 2362, -1,
2363, 2401, 2360, -1,
2398, 2360, 2401, -1,
2402, 2401, 2363, -1,
2361, 2363, 2360, -1,
2360, 2359, 2358, -1,
2357, 2358, 2359, -1,
2398, 2359, 2360, -1,
2361, 2360, 2358, -1,
2397, 2356, 2359, -1,
2357, 2359, 2356, -1,
2394, 2356, 2397, -1,
2398, 2397, 2359, -1,
2356, 2763, 2355, -1,
2803, 2355, 2763, -1,
2394, 2763, 2356, -1,
2357, 2356, 2355, -1,
2394, 2766, 2763, -1,
2354, 2797, 2794, -1,
2393, 2353, 2794, -1,
2354, 2794, 2353, -1,
2352, 2353, 2393, -1,
2791, 2393, 2794, -1,
2353, 2351, 2350, -1,
2349, 2350, 2351, -1,
2352, 2351, 2353, -1,
2354, 2353, 2350, -1,
2390, 2348, 2351, -1,
2349, 2351, 2348, -1,
2389, 2348, 2390, -1,
2352, 2390, 2351, -1,
2347, 2348, 2346, -1,
2389, 2346, 2348, -1,
2349, 2348, 2347, -1,
2345, 2347, 2346, -1,
2346, 2387, 2344, -1,
2343, 2344, 2387, -1,
2389, 2387, 2346, -1,
2345, 2346, 2344, -1,
2342, 2341, 2340, -1,
2384, 2340, 2341, -1,
2339, 2341, 2342, -1,
2338, 2342, 2340, -1,
2340, 2380, 2337, -1,
2378, 2337, 2380, -1,
2384, 2380, 2340, -1,
2338, 2340, 2337, -1,
2336, 2337, 2335, -1,
2378, 2335, 2337, -1,
2338, 2337, 2336, -1,
2334, 2336, 2335, -1,
2333, 2335, 2376, -1,
2378, 2376, 2335, -1,
2334, 2335, 2333, -1,
2374, 2333, 2376, -1,
2332, 2333, 2944, -1,
2374, 2944, 2333, -1,
2334, 2333, 2332, -1,
2939, 2332, 2944, -1,
2374, 2952, 2944, -1,
2331, 2933, 2934, -1,
2330, 2934, 2372, -1,
2946, 2372, 2934, -1,
2331, 2934, 2330, -1,
2370, 2330, 2372, -1,
2329, 2330, 2328, -1,
2370, 2328, 2330, -1,
2331, 2330, 2329, -1,
2327, 2329, 2328, -1,
2326, 2328, 2368, -1,
2370, 2368, 2328, -1,
2327, 2328, 2326, -1,
2365, 2326, 2368, -1,
2326, 2325, 2324, -1,
2323, 2324, 2325, -1,
2365, 2325, 2326, -1,
2327, 2326, 2324, -1,
2325, 2364, 2613, -1,
2616, 2613, 2364, -1,
2365, 2364, 2325, -1,
2323, 2325, 2613, -1,
2323, 2613, 2611, -1,
2362, 2624, 2621, -1,
2624, 2322, 2321, -1,
2320, 2321, 2322, -1,
2362, 2322, 2624, -1,
2623, 2624, 2321, -1,
2322, 2361, 2319, -1,
2358, 2319, 2361, -1,
2362, 2361, 2322, -1,
2320, 2322, 2319, -1,
2319, 2318, 2317, -1,
2316, 2317, 2318, -1,
2358, 2318, 2319, -1,
2320, 2319, 2317, -1,
2357, 2315, 2318, -1,
2316, 2318, 2315, -1,
2355, 2315, 2357, -1,
2358, 2357, 2318, -1,
2315, 2800, 2314, -1,
2806, 2314, 2800, -1,
2355, 2800, 2315, -1,
2316, 2315, 2314, -1,
2355, 2803, 2800, -1,
2313, 2758, 2753, -1,
2312, 2758, 2313, -1,
2311, 2313, 2753, -1,
2758, 2310, 2775, -1,
2493, 2775, 2310, -1,
2312, 2310, 2758, -1,
2309, 2498, 2310, -1,
2493, 2310, 2498, -1,
2494, 2498, 2309, -1,
2312, 2309, 2310, -1,
2308, 2754, 2443, -1,
2441, 2443, 2754, -1,
2311, 2754, 2308, -1,
2444, 2308, 2443, -1,
2311, 2753, 2754, -1,
2441, 2754, 2774, -1,
2307, 2486, 2306, -1,
3699, 2306, 2486, -1,
2485, 2486, 2307, -1,
2305, 2307, 2306, -1,
2418, 2307, 2304, -1,
2305, 2304, 2307, -1,
2485, 2307, 2418, -1,
2979, 2418, 2304, -1,
2928, 2304, 2303, -1,
2305, 2303, 2304, -1,
2979, 2304, 2928, -1,
2302, 2928, 2303, -1,
2302, 2927, 2928, -1,
2922, 2927, 2301, -1,
2302, 2301, 2927, -1,
2482, 2922, 2301, -1,
2300, 2299, 2298, -1,
2297, 2298, 2299, -1,
2296, 2299, 2300, -1,
2491, 2300, 2298, -1,
3706, 2295, 2300, -1,
2296, 2300, 2295, -1,
3705, 2295, 3706, -1,
2491, 3706, 2300, -1,
3698, 3702, 2527, -1,
2489, 2527, 3702, -1,
2294, 2293, 2292, -1,
2291, 2292, 2293, -1,
2290, 2293, 2294, -1,
2431, 2294, 2292, -1,
2430, 2289, 2294, -1,
2290, 2294, 2289, -1,
2429, 2289, 2430, -1,
2431, 2430, 2294, -1,
2288, 2287, 2286, -1,
2489, 2427, 2287, -1,
2425, 2287, 2427, -1,
2490, 2427, 2489, -1,
2288, 2489, 2287, -1,
2285, 2284, 2283, -1,
2528, 2283, 2284, -1,
2282, 2284, 2285, -1,
2387, 2285, 2283, -1,
2386, 2281, 2285, -1,
2282, 2285, 2281, -1,
2385, 2281, 2386, -1,
2387, 2386, 2285, -1,
2280, 2279, 2281, -1,
2282, 2281, 2279, -1,
2291, 2279, 2280, -1,
2385, 2280, 2281, -1,
2425, 2383, 2524, -1,
2381, 2524, 2383, -1,
2428, 2383, 2425, -1,
2522, 2425, 2524, -1,
2278, 2277, 2276, -1,
2275, 2276, 2277, -1,
2274, 2277, 2278, -1,
2345, 2278, 2276, -1,
2344, 2273, 2278, -1,
2274, 2278, 2273, -1,
2343, 2273, 2344, -1,
2345, 2344, 2278, -1,
2272, 2271, 2270, -1,
2533, 2270, 2271, -1,
2269, 2271, 2272, -1,
2339, 2272, 2270, -1,
2268, 2267, 2295, -1,
2296, 2295, 2267, -1,
2266, 2267, 2268, -1,
3705, 2268, 2295, -1,
2265, 2526, 2527, -1,
2288, 2526, 2265, -1,
2489, 2265, 2527, -1,
2264, 2263, 2289, -1,
2290, 2289, 2263, -1,
2297, 2263, 2264, -1,
2429, 2264, 2289, -1,
2262, 2261, 2287, -1,
2286, 2287, 2261, -1,
2522, 2261, 2262, -1,
2425, 2262, 2287, -1,
2260, 2259, 2524, -1,
2523, 2524, 2259, -1,
2531, 2259, 2260, -1,
2381, 2260, 2524, -1,
2258, 2257, 2273, -1,
2274, 2273, 2257, -1,
2256, 2257, 2258, -1,
2343, 2258, 2273, -1,
2529, 2530, 2258, -1,
2256, 2258, 2530, -1,
2343, 2529, 2258, -1,
2341, 2270, 2532, -1,
2533, 2532, 2270, -1,
2339, 2270, 2341, -1,
2384, 2341, 2532, -1,
2255, 2392, 2352, -1,
2390, 2352, 2392, -1,
2436, 2392, 2255, -1,
2393, 2255, 2352, -1,
2439, 2255, 2787, -1,
2393, 2787, 2255, -1,
2436, 2255, 2439, -1,
2771, 2439, 2787, -1,
2254, 2253, 2252, -1,
2252, 2251, 2250, -1,
2250, 2249, 2248, -1,
2247, 2246, 2248, -1,
2245, 2244, 2246, -1,
2243, 2242, 2244, -1,
2241, 2240, 2242, -1,
2239, 2240, 2238, -1,
2237, 2239, 2236, -1,
2235, 2237, 2234, -1,
2233, 2235, 2232, -1,
2231, 2230, 2233, -1,
2229, 2228, 2230, -1,
2227, 2226, 2228, -1,
2225, 2224, 2226, -1,
2223, 2222, 2224, -1,
2222, 2221, 2220, -1,
2220, 2219, 2254, -1,
2253, 2251, 2252, -1,
2251, 2249, 2250, -1,
2247, 2248, 2249, -1,
2245, 2246, 2247, -1,
2243, 2244, 2245, -1,
2241, 2242, 2243, -1,
2238, 2240, 2241, -1,
2236, 2239, 2238, -1,
2234, 2237, 2236, -1,
2232, 2235, 2234, -1,
2231, 2233, 2232, -1,
2231, 2229, 2230, -1,
2229, 2227, 2228, -1,
2227, 2225, 2226, -1,
2225, 2223, 2224, -1,
2223, 2221, 2222, -1,
2221, 2219, 2220, -1,
2219, 2253, 2254, -1,
3629, 2218, 3624, -1,
3717, 2217, 4236, -1,
2216, 3359, 2215, -1,
2214, 2213, 2212, -1,
2211, 2210, 2209, -1,
2208, 2207, 2206, -1,
2205, 2204, 2203, -1,
2205, 2202, 2201, -1,
2200, 2199, 2198, -1,
2197, 2196, 2195, -1,
2195, 2194, 2193, -1,
2192, 2191, 2190, -1,
2189, 2188, 2190, -1,
2187, 2186, 2185, -1,
2184, 2183, 2182, -1,
2181, 2187, 2180, -1,
2179, 2178, 2177, -1,
2176, 2177, 2175, -1,
2174, 2173, 2172, -1,
2172, 2173, 2171, -1,
2170, 2169, 2168, -1,
2167, 2168, 2166, -1,
2165, 2164, 2163, -1,
2162, 2163, 2161, -1,
2160, 2159, 2158, -1,
2157, 2156, 2159, -1,
2157, 2155, 2154, -1,
2153, 2152, 2151, -1,
2152, 2153, 2150, -1,
2149, 2148, 2147, -1,
2146, 2145, 2144, -1,
2143, 2142, 2144, -1,
2141, 2140, 2139, -1,
2138, 2140, 2137, -1,
2136, 2137, 2140, -1,
2135, 2134, 2133, -1,
2134, 2132, 2131, -1,
2130, 2129, 2128, -1,
2128, 2127, 2126, -1,
2125, 2124, 2123, -1,
2124, 2122, 2121, -1,
2120, 2119, 2118, -1,
2119, 2117, 2116, -1,
3345, 2115, 3350, -1,
3238, 2114, 3344, -1,
2113, 3236, 2112, -1,
2111, 2110, 3346, -1,
2109, 2108, 3345, -1,
2107, 3234, 3344, -1,
2110, 2106, 2105, -1,
3348, 3233, 2104, -1,
2103, 3231, 2102, -1,
3236, 2113, 2101, -1,
3346, 2100, 3239, -1,
3349, 2102, 3231, -1,
2099, 2098, 2097, -1,
2096, 2095, 2099, -1,
2099, 2097, 2096, -1,
2094, 2096, 2097, -1,
2097, 2093, 2094, -1,
2092, 2091, 2090, -1,
2090, 2089, 2088, -1,
2088, 2092, 2090, -1,
2092, 2088, 2087, -1,
2087, 2086, 2092, -1,
2085, 2084, 2083, -1,
2082, 2085, 2083, -1,
2081, 2080, 2079, -1,
2078, 2080, 2081, -1,
2077, 2076, 2075, -1,
2074, 2073, 2072, -1,
2071, 2070, 2069, -1,
2068, 2067, 2066, -1,
2065, 2068, 2066, -1,
2065, 2064, 2063, -1,
2063, 2062, 2061, -1,
2060, 2071, 2059, -1,
2058, 2057, 2056, -1,
2055, 2054, 2064, -1,
2053, 2071, 2060, -1,
2076, 2052, 2051, -1,
2050, 2049, 2048, -1,
2047, 2046, 2097, -1,
2046, 2047, 2045, -1,
2046, 2044, 2093, -1,
2043, 2042, 2041, -1,
2040, 2099, 2095, -1,
2041, 2094, 2093, -1,
2042, 2043, 2039, -1,
2043, 2038, 2039, -1,
2037, 2036, 2035, -1,
2036, 2034, 2035, -1,
2033, 2078, 2032, -1,
2033, 2080, 2078, -1,
2054, 2064, 2063, -1,
2063, 2031, 2054, -1,
2063, 2068, 2062, -1,
2063, 2030, 2068, -1,
2030, 2029, 2068, -1,
2028, 2027, 2026, -1,
2025, 2028, 2024, -1,
2023, 2022, 2026, -1,
2021, 2020, 2019, -1,
2019, 2020, 2018, -1,
2018, 2017, 2016, -1,
2040, 2015, 2014, -1,
2019, 2013, 2012, -1,
2016, 2011, 2010, -1,
2010, 2013, 2019, -1,
2040, 2014, 2009, -1,
2012, 2013, 2008, -1,
2010, 2011, 2007, -1,
2006, 2008, 2013, -1,
2040, 2009, 2005, -1,
2004, 2008, 2003, -1,
2003, 2008, 2006, -1,
2006, 2007, 2002, -1,
2043, 2005, 2001, -1,
2003, 2000, 1999, -1,
1998, 2000, 2003, -1,
2002, 1997, 1998, -1,
2037, 1996, 1999, -1,
1995, 1994, 1993, -1,
1992, 1991, 2000, -1,
1990, 1989, 1988, -1,
1997, 1987, 1986, -1,
1999, 2000, 1991, -1,
2036, 2037, 1999, -1,
1985, 1984, 1983, -1,
1982, 1981, 1980, -1,
1979, 1978, 1977, -1,
1976, 1980, 1981, -1,
2042, 1975, 1974, -1,
1977, 1978, 2075, -1,
1985, 1989, 1973, -1,
1973, 1989, 1990, -1,
1990, 1993, 1972, -1,
2042, 1971, 1970, -1,
1969, 1980, 1968, -1,
1968, 1980, 1976, -1,
1976, 1977, 1967, -1,
2041, 1974, 1966, -1,
1967, 1977, 1965, -1,
1968, 1964, 1963, -1,
1967, 1962, 1961, -1,
1961, 1964, 1968, -1,
1960, 1959, 1963, -1,
1973, 1981, 1982, -1,
1972, 1978, 1979, -1,
1979, 1981, 1973, -1,
2042, 1970, 1975, -1,
2018, 2020, 1958, -1,
1957, 1956, 1964, -1,
1961, 1962, 1955, -1,
1963, 1964, 1956, -1,
2021, 1954, 1953, -1,
2017, 2018, 1952, -1,
1960, 1963, 1951, -1,
2041, 1966, 1950, -1,
1949, 2015, 2040, -1,
2042, 2039, 1948, -1,
2039, 1947, 1948, -1,
2043, 1946, 1945, -1,
2043, 2001, 1946, -1,
1944, 1943, 1942, -1,
1941, 2160, 1942, -1,
1940, 1939, 1938, -1,
2116, 2117, 1937, -1,
1936, 2033, 1935, -1,
2122, 1936, 1934, -1,
1933, 1932, 1931, -1,
2127, 1931, 1932, -1,
2131, 2132, 1930, -1,
1929, 1928, 2084, -1,
1931, 1929, 2085, -1,
1939, 1940, 2081, -1,
1935, 1927, 1934, -1,
2150, 1926, 1925, -1,
1925, 1926, 1924, -1,
1927, 1923, 2147, -1,
2150, 1925, 2148, -1,
1923, 1927, 1935, -1,
1922, 2083, 2084, -1,
1944, 1922, 1928, -1,
1940, 1938, 1932, -1,
1924, 1943, 1921, -1,
1920, 2139, 1919, -1,
2052, 1918, 1917, -1,
1918, 1920, 1916, -1,
2058, 1915, 1914, -1,
1919, 2139, 1913, -1,
1912, 1911, 1910, -1,
2156, 1909, 1908, -1,
1907, 1910, 1911, -1,
1906, 1905, 2053, -1,
1904, 2030, 2054, -1,
1903, 1902, 1901, -1,
1901, 1900, 1899, -1,
2073, 1902, 1903, -1,
1899, 1900, 1898, -1,
1897, 2055, 1896, -1,
1898, 1897, 1910, -1,
1895, 1894, 1893, -1,
1905, 1892, 2070, -1,
1891, 1890, 1889, -1,
1888, 1887, 1886, -1,
1890, 1894, 1895, -1,
1885, 1886, 1887, -1,
1914, 2139, 2140, -1,
2141, 1884, 1883, -1,
2052, 2077, 1883, -1,
1913, 2139, 2140, -1,
1884, 2141, 1920, -1,
2074, 2051, 1917, -1,
1882, 2143, 1881, -1,
1880, 1879, 1878, -1,
2069, 1878, 1879, -1,
1877, 2149, 1876, -1,
1880, 1893, 1894, -1,
1911, 1875, 2158, -1,
2156, 1908, 2159, -1,
1875, 1911, 1912, -1,
2146, 1874, 1904, -1,
2030, 1904, 1874, -1,
1906, 1873, 1872, -1,
2138, 1871, 1906, -1,
2138, 1870, 1914, -1,
1870, 1872, 2056, -1,
1880, 1869, 1868, -1,
2033, 2032, 1868, -1,
1880, 1868, 1879, -1,
2032, 2069, 1879, -1,
2033, 1869, 1923, -1,
2147, 1923, 1869, -1,
2029, 1867, 1866, -1,
2158, 1866, 1867, -1,
2158, 1865, 1866, -1,
2066, 2068, 1866, -1,
2158, 1864, 1865, -1,
1863, 2066, 1865, -1,
2158, 1875, 1864, -1,
1863, 1864, 1875, -1,
2029, 1922, 1867, -1,
1944, 2158, 1867, -1,
1862, 2014, 2015, -1,
1861, 2154, 2155, -1,
1941, 1860, 2155, -1,
2016, 2017, 2154, -1,
1862, 2012, 2009, -1,
1859, 1858, 1861, -1,
1859, 1860, 1941, -1,
1943, 1857, 1942, -1,
1861, 1858, 2011, -1,
2004, 2005, 2009, -1,
1859, 1857, 1856, -1,
1855, 1854, 1858, -1,
1924, 1856, 1857, -1,
2011, 1858, 1854, -1,
1853, 1854, 1855, -1,
1855, 1856, 1852, -1,
1924, 1852, 1856, -1,
2002, 2007, 1854, -1,
2004, 1996, 2037, -1,
2153, 1851, 1853, -1,
1924, 1926, 1852, -1,
1850, 1852, 1926, -1,
1853, 1851, 1997, -1,
1997, 1851, 1849, -1,
1969, 1974, 1975, -1,
1970, 1971, 2036, -1,
1848, 2151, 2152, -1,
1877, 1847, 2152, -1,
1972, 1993, 2151, -1,
1974, 1969, 1959, -1,
1846, 1899, 1909, -1,
1962, 1967, 1845, -1,
1903, 1846, 2157, -1,
1909, 1899, 1844, -1,
1843, 1982, 1975, -1,
1891, 1886, 1848, -1,
1891, 1847, 1877, -1,
1894, 1890, 1876, -1,
1842, 1841, 1840, -1,
1839, 2049, 2050, -1,
2017, 1838, 1837, -1,
1840, 1836, 1835, -1,
2015, 1949, 1834, -1,
2049, 1839, 1842, -1,
1971, 1948, 2036, -1,
2036, 1948, 1947, -1,
1945, 1946, 2035, -1,
2037, 2035, 1946, -1,
1833, 1882, 1917, -1,
1885, 2075, 1978, -1,
1978, 1972, 1885, -1,
1972, 1848, 1885, -1,
1848, 1886, 1885, -1,
1832, 1839, 1831, -1,
1830, 1842, 1839, -1,
1829, 1841, 1842, -1,
1828, 1827, 1826, -1,
1825, 1824, 1827, -1,
1823, 1822, 1821, -1,
1820, 1819, 1818, -1,
1817, 1816, 1815, -1,
1814, 1813, 1812, -1,
1811, 1810, 1809, -1,
1808, 1807, 1806, -1,
1805, 1804, 1803, -1,
1805, 1808, 1802, -1,
1802, 1808, 1801, -1,
1819, 1820, 1800, -1,
1799, 1798, 1797, -1,
1796, 1804, 1804, -1,
1795, 1818, 1819, -1,
1794, 1813, 1793, -1,
1792, 1791, 1790, -1,
1789, 2091, 2092, -1,
1788, 1787, 1786, -1,
1788, 2092, 2086, -1,
1785, 1784, 2089, -1,
1784, 2089, 2090, -1,
1783, 1782, 1786, -1,
1782, 1781, 1785, -1,
1785, 1781, 1780, -1,
1779, 1778, 1777, -1,
1777, 1778, 1776, -1,
1775, 1774, 1820, -1,
1775, 1820, 1821, -1,
1773, 1802, 1772, -1,
1802, 1773, 1771, -1,
1802, 1770, 1808, -1,
1802, 1808, 1769, -1,
1769, 1808, 1824, -1,
1768, 1767, 1766, -1,
1765, 1764, 1767, -1,
1763, 1762, 1766, -1,
1761, 1760, 1759, -1,
1759, 1758, 1757, -1,
1757, 1758, 1756, -1,
1784, 1755, 1754, -1,
1759, 1760, 1753, -1,
1756, 1758, 1752, -1,
1752, 1758, 1759, -1,
1784, 1751, 1755, -1,
1753, 1750, 1749, -1,
1752, 1748, 1747, -1,
1748, 1752, 1746, -1,
1784, 1785, 1745, -1,
1750, 1744, 1743, -1,
1743, 1742, 1748, -1,
1748, 1742, 1741, -1,
1785, 1740, 1745, -1,
1743, 1744, 1739, -1,
1738, 1742, 1743, -1,
1741, 1742, 1738, -1,
1779, 1739, 1744, -1,
1737, 1736, 1735, -1,
1734, 1738, 1733, -1,
1736, 1737, 1732, -1,
1731, 1738, 1734, -1,
1739, 1730, 1729, -1,
1777, 1728, 1727, -1,
1728, 1726, 1732, -1,
1725, 1724, 1723, -1,
1722, 1721, 1720, -1,
1721, 1722, 1719, -1,
1782, 1783, 1718, -1,
1720, 1812, 1813, -1,
1728, 1717, 1716, -1,
1716, 1715, 1736, -1,
1736, 1715, 1714, -1,
1782, 1713, 1712, -1,
1724, 1711, 1710, -1,
1710, 1709, 1721, -1,
1721, 1709, 1708, -1,
1783, 1707, 1718, -1,
1708, 1706, 1705, -1,
1710, 1711, 1704, -1,
1708, 1709, 1703, -1,
1703, 1709, 1710, -1,
1702, 1704, 1711, -1,
1716, 1717, 1725, -1,
1714, 1715, 1722, -1,
1722, 1715, 1716, -1,
1782, 1701, 1713, -1,
1757, 1700, 1699, -1,
1698, 1703, 1697, -1,
1703, 1698, 1696, -1,
1704, 1695, 1694, -1,
1761, 1693, 1699, -1,
1692, 1691, 1690, -1,
1702, 1689, 1791, -1,
1783, 2087, 1688, -1,
1687, 1686, 2089, -1,
1782, 1712, 1685, -1,
1781, 1685, 1684, -1,
1785, 1780, 1683, -1,
1785, 1682, 1740, -1,
2207, 2208, 1681, -1,
2203, 1681, 2208, -1,
1680, 1679, 1678, -1,
2161, 1678, 1679, -1,
1677, 1676, 1675, -1,
1674, 2166, 1673, -1,
1672, 1671, 1670, -1,
1669, 2171, 1668, -1,
2175, 1667, 1666, -1,
1667, 1828, 1826, -1,
1671, 1672, 1825, -1,
1678, 1677, 1775, -1,
1675, 1676, 1665, -1,
1664, 1663, 1662, -1,
1663, 1665, 1676, -1,
1665, 1663, 1661, -1,
1664, 1661, 1663, -1,
1660, 1775, 1675, -1,
1659, 1666, 1826, -1,
2207, 1658, 1657, -1,
1680, 1672, 1670, -1,
1656, 1655, 1654, -1,
2186, 1653, 1652, -1,
1651, 1793, 1650, -1,
1649, 1650, 1653, -1,
1799, 1648, 1647, -1,
1652, 1646, 1645, -1,
1644, 1643, 1642, -1,
1641, 1640, 1639, -1,
1638, 1639, 1640, -1,
1637, 1636, 1818, -1,
1635, 1634, 1796, -1,
1633, 1632, 1631, -1,
1631, 1632, 1630, -1,
1629, 1628, 1633, -1,
1630, 1627, 1626, -1,
1634, 1643, 1644, -1,
1626, 1627, 1638, -1,
1625, 1624, 1623, -1,
1624, 1795, 1622, -1,
1621, 1620, 1619, -1,
1620, 1621, 1618, -1,
1617, 1619, 1625, -1,
1815, 1816, 1616, -1,
1647, 1615, 2180, -1,
2187, 2181, 1614, -1,
1651, 1649, 1613, -1,
1612, 2184, 2180, -1,
1613, 1649, 2186, -1,
1814, 1611, 1610, -1,
1610, 1611, 2188, -1,
2194, 1609, 1608, -1,
1809, 1607, 1608, -1,
2196, 1606, 2195, -1,
2194, 2195, 1606, -1,
1642, 1640, 1605, -1,
1641, 1605, 1640, -1,
1604, 1803, 1804, -1,
2192, 1603, 1635, -1,
1769, 1771, 1602, -1,
1637, 1615, 1601, -1,
2184, 1615, 1637, -1,
2184, 1612, 1647, -1,
1615, 1647, 1648, -1,
2194, 1600, 1599, -1,
1775, 1599, 1600, -1,
2194, 1607, 1600, -1,
1774, 1600, 1607, -1,
1775, 1660, 1599, -1,
2193, 2194, 1599, -1,
1824, 1808, 1598, -1,
2206, 1597, 1598, -1,
2206, 1598, 1596, -1,
1807, 1596, 1598, -1,
2206, 1596, 1595, -1,
1594, 1595, 1596, -1,
2206, 1595, 1604, -1,
1594, 1803, 1604, -1,
1824, 1597, 1659, -1,
2207, 1659, 1597, -1,
1760, 1761, 1593, -1,
1592, 1591, 2204, -1,
2203, 2204, 1591, -1,
1756, 1592, 1590, -1,
1760, 1755, 1751, -1,
1589, 1591, 1592, -1,
1589, 1588, 1681, -1,
1658, 1681, 1588, -1,
1592, 1756, 1587, -1,
1750, 1753, 1751, -1,
1589, 1586, 1585, -1,
1586, 1589, 1584, -1,
1656, 1658, 1588, -1,
1587, 1747, 1583, -1,
1582, 1581, 1586, -1,
1586, 1581, 1580, -1,
1656, 1585, 1580, -1,
1741, 1582, 1583, -1,
1750, 1745, 1740, -1,
2200, 1581, 1582, -1,
1656, 1580, 1662, -1,
1581, 2200, 1664, -1,
1582, 1741, 1731, -1,
1731, 1579, 1578, -1,
1724, 1725, 1701, -1,
1713, 1717, 1728, -1,
1577, 1576, 2197, -1,
2196, 2197, 1576, -1,
1714, 1577, 1575, -1,
1718, 1707, 1702, -1,
1632, 2205, 1641, -1,
1574, 2202, 1633, -1,
1633, 2202, 2205, -1,
1639, 1638, 1627, -1,
1717, 1713, 1701, -1,
1621, 1576, 1577, -1,
1621, 1617, 1606, -1,
1573, 1606, 1617, -1,
1572, 1790, 1791, -1,
1571, 1570, 1569, -1,
1692, 1590, 1568, -1,
1689, 1702, 1707, -1,
1754, 1593, 1569, -1,
1567, 1790, 1572, -1,
1712, 1777, 1685, -1,
1777, 1776, 1684, -1,
1683, 1778, 1682, -1,
1779, 1740, 1682, -1,
1611, 1771, 1769, -1,
1815, 1566, 1565, -1,
1566, 1815, 1714, -1,
1714, 1815, 1577, -1,
1577, 1815, 1618, -1,
1564, 1563, 1570, -1,
1562, 1564, 1571, -1,
1561, 1562, 1572, -1,
2109, 2113, 2103, -1,
2107, 1560, 2110, -1,
1559, 1558, 1763, -1,
1764, 1557, 1556, -1,
1555, 1556, 1558, -1,
1554, 1553, 1552, -1,
1551, 1554, 1550, -1,
1553, 2025, 2023, -1,
3145, 1549, 1548, -1,
3140, 1549, 3145, -1,
1547, 3227, 3226, -1,
1547, 3226, 3161, -1,
1547, 3161, 3217, -1,
1547, 3216, 3217, -1,
1547, 3167, 3216, -1,
3221, 3155, 3222, -1,
3149, 3155, 3221, -1,
3149, 1548, 3155, -1,
3145, 1548, 3149, -1,
3195, 1546, 3190, -1,
3190, 1546, 3183, -1,
3190, 3183, 3206, -1,
3206, 3183, 3207, -1,
1547, 3171, 3211, -1,
1547, 3211, 3212, -1,
1547, 3212, 3178, -1,
1547, 3178, 3202, -1,
1547, 3202, 3201, -1,
1547, 3201, 3227, -1,
3198, 1545, 3195, -1,
3195, 1545, 1546, -1,
1551, 2025, 1553, -1,
2022, 1550, 1552, -1,
1544, 2113, 1543, -1,
1542, 2108, 1541, -1,
1540, 2107, 1539, -1,
1538, 2110, 1537, -1,
1557, 1763, 1558, -1,
1764, 1555, 1559, -1,
1536, 1535, 4574, -1,
1534, 1536, 4575, -1,
1533, 1532, 4583, -1,
4576, 4582, 1531, -1,
1530, 4584, 4653, -1,
1530, 1533, 4584, -1,
4653, 4650, 1530, -1,
4583, 1532, 4612, -1,
4583, 4584, 1533, -1,
1529, 1531, 4582, -1,
4582, 4581, 1529, -1,
4581, 4564, 1529, -1,
4575, 4598, 1534, -1,
1536, 4574, 4575, -1,
1535, 4649, 4574, -1,
1535, 4648, 4649, -1,
1528, 1527, 4160, -1,
1526, 1525, 1524, -1,
3907, 1523, 4129, -1,
1522, 1521, 1523, -1,
1524, 1520, 3906, -1,
1527, 1528, 3906, -1,
1519, 1518, 3970, -1,
1522, 3951, 1517, -1,
1516, 3958, 3970, -1,
3951, 3952, 1517, -1,
3958, 1516, 4170, -1,
3971, 3980, 1519, -1,
1515, 1514, 1513, -1,
3801, 1513, 1514, -1,
1515, 1513, 1512, -1,
3801, 1512, 1513, -1,
3799, 3796, 1511, -1,
1510, 1509, 1511, -1,
3799, 1509, 1508, -1,
1510, 1507, 1508, -1,
3729, 1506, 1505, -1,
1515, 1504, 1505, -1,
3729, 3800, 1514, -1,
1515, 1506, 1514, -1,
1503, 1502, 1501, -1,
1500, 1501, 1502, -1,
1503, 1501, 1499, -1,
1500, 1499, 1501, -1,
1510, 1498, 1497, -1,
1496, 1497, 1498, -1,
1510, 1511, 1498, -1,
1496, 1498, 1511, -1,
3759, 1495, 1494, -1,
1503, 1493, 1494, -1,
3759, 3756, 1502, -1,
1503, 1495, 1502, -1,
3907, 3762, 1522, -1,
3762, 3763, 1522, -1,
3730, 1522, 3763, -1,
3951, 1522, 3730, -1,
1492, 4622, 4625, -1,
1492, 4625, 1491, -1,
1492, 4619, 4622, -1,
1492, 4618, 4619, -1,
1490, 1492, 1489, -1,
1490, 1489, 4632, -1,
4580, 4632, 1489, -1,
1489, 1492, 1488, -1,
4580, 1489, 1488, -1,
1488, 4608, 4580, -1,
1492, 1490, 4632, -1,
4579, 4608, 1488, -1,
4615, 4579, 1488, -1,
1488, 1492, 1491, -1,
1488, 1491, 4615, -1,
1487, 1492, 1486, -1,
4605, 1487, 1486, -1,
1486, 4601, 4578, -1,
4578, 4605, 1486, -1,
1490, 4630, 4577, -1,
1486, 1492, 1490, -1,
4577, 4601, 1486, -1,
4577, 1486, 1490, -1,
4630, 1492, 1490, -1,
1492, 4592, 4618, -1,
1492, 4590, 4592, -1,
1492, 1487, 4586, -1,
1492, 4586, 4590, -1,
1490, 4632, 4630, -1,
1491, 4623, 4615, -1,
1491, 4625, 4623, -1,
1487, 4594, 4586, -1,
1487, 4605, 4594, -1,
4571, 4569, 4617, -1,
4571, 1485, 4617, -1,
1484, 1483, 1482, -1,
1484, 1482, 4427, -1,
4427, 4472, 1484, -1,
4400, 1481, 1480, -1,
1480, 4472, 4455, -1,
1480, 4455, 4400, -1,
1479, 1478, 4363, -1,
1479, 4363, 4431, -1,
4431, 4429, 1479, -1,
1482, 4429, 4427, -1,
4365, 4363, 1478, -1,
1477, 4365, 1476, -1,
4364, 1477, 1475, -1,
4364, 1475, 1474, -1,
4361, 1474, 1473, -1,
4361, 1473, 1472, -1,
4362, 1471, 1470, -1,
4367, 1472, 1471, -1,
1470, 1469, 1468, -1,
4382, 1467, 1466, -1,
4378, 1465, 1464, -1,
1463, 1462, 1461, -1,
4388, 4389, 1460, -1,
1459, 4390, 4391, -1,
4392, 4393, 1459, -1,
4394, 4395, 1458, -1,
1457, 4396, 4405, -1,
4402, 4397, 1456, -1,
1456, 4397, 1457, -1,
4398, 4401, 1455, -1,
1454, 4398, 1453, -1,
4404, 4399, 1454, -1,
1452, 4404, 1451, -1,
4403, 1452, 1450, -1,
4403, 1450, 1481, -1,
1449, 1448, 4384, -1,
4385, 1447, 1449, -1,
1449, 4384, 4385, -1,
4376, 1468, 1446, -1,
1446, 1445, 4377, -1,
4377, 4376, 1446, -1,
1448, 4405, 4406, -1,
1452, 4403, 4404, -1,
1454, 4399, 4398, -1,
1455, 4401, 4402, -1,
1457, 4397, 4396, -1,
1444, 1443, 1447, -1,
1458, 4395, 4392, -1,
1459, 4393, 4390, -1,
1442, 4391, 4388, -1,
4384, 1448, 4406, -1,
4386, 1447, 4385, -1,
1444, 4387, 4394, -1,
1467, 4382, 4375, -1,
4374, 4377, 1445, -1,
4376, 4381, 1468, -1,
1460, 4389, 4383, -1,
1461, 4380, 4373, -1,
1463, 4379, 4372, -1,
1465, 4378, 4371, -1,
1467, 4375, 4374, -1,
1460, 4383, 4380, -1,
1470, 4369, 4362, -1,
1472, 4367, 4368, -1,
1474, 4361, 4360, -1,
1477, 4364, 4365, -1,
1468, 4381, 4370, -1,
1441, 1440, 1439, -1,
1438, 1437, 1436, -1,
4621, 4568, 4627, -1,
4621, 4619, 4568, -1,
4626, 4624, 4620, -1,
4593, 4595, 4596, -1,
4589, 4591, 4592, -1,
4589, 4585, 4591, -1,
4569, 4568, 4617, -1,
4573, 4617, 4591, -1,
4428, 1435, 1434, -1,
4546, 1531, 1529, -1,
1433, 1432, 4572, -1,
4474, 4475, 1431, -1,
4457, 4420, 1434, -1,
4428, 4421, 1430, -1,
4421, 4433, 4422, -1,
4422, 4437, 4423, -1,
1429, 4442, 4424, -1,
4507, 1428, 4650, -1,
4514, 1427, 1532, -1,
4414, 4612, 1427, -1,
4415, 4553, 4558, -1,
1531, 4546, 4551, -1,
4530, 4526, 4537, -1,
4539, 4485, 1426, -1,
1425, 4597, 4645, -1,
4484, 1424, 4566, -1,
4474, 1423, 1422, -1,
4457, 4571, 1431, -1,
1421, 1420, 1419, -1,
4353, 1421, 1419, -1,
4354, 4353, 1419, -1,
4350, 2213, 4345, -1,
4350, 4345, 4354, -1,
4349, 4350, 4354, -1,
1418, 4349, 4354, -1,
1418, 4354, 1419, -1,
1419, 4350, 4349, -1,
1419, 4349, 1418, -1,
1417, 2216, 4321, -1,
1417, 4321, 1416, -1,
1415, 1417, 1416, -1,
1416, 4321, 1414, -1,
1416, 1414, 1413, -1,
1413, 1415, 1416, -1,
1412, 1411, 1410, -1,
1412, 1409, 1408, -1,
1409, 1407, 4323, -1,
2213, 4350, 4351, -1,
1406, 1405, 4348, -1,
2216, 4323, 4324, -1,
1404, 1414, 4321, -1,
4345, 1421, 4353, -1,
1403, 1402, 1401, -1,
1400, 4284, 1399, -1,
1399, 4285, 1398, -1,
1397, 1396, 1395, -1,
1394, 1393, 1396, -1,
1392, 1398, 1393, -1,
4277, 1391, 1390, -1,
4275, 4277, 1390, -1,
4282, 4275, 1389, -1,
1400, 4284, 4285, -1,
1388, 4279, 4284, -1,
4277, 4278, 4279, -1,
4270, 1387, 1386, -1,
4273, 4280, 1385, -1,
4272, 1385, 1384, -1,
4271, 1384, 1383, -1,
1382, 1381, 1380, -1,
1381, 1379, 1378, -1,
4269, 1386, 1377, -1,
4288, 1377, 1376, -1,
4287, 1376, 1375, -1,
1374, 1395, 1373, -1,
1372, 1371, 1370, -1,
1371, 4276, 4274, -1,
1374, 1373, 1379, -1,
1386, 1377, 4288, -1,
1375, 1382, 1369, -1,
1368, 4286, 4276, -1,
4276, 1371, 1368, -1,
4274, 4289, 1367, -1,
1367, 1370, 4274, -1,
1366, 1365, 1364, -1,
1363, 1362, 1364, -1,
1362, 4254, 1364, -1,
1361, 1366, 1364, -1,
1361, 4254, 4255, -1,
1367, 1360, 4320, -1,
1361, 1360, 1359, -1,
1367, 4289, 1359, -1,
1358, 1357, 4253, -1,
1372, 4253, 1357, -1,
1356, 1357, 1355, -1,
1354, 1355, 1357, -1,
1363, 1365, 4257, -1,
1358, 4253, 4257, -1,
1353, 1354, 1355, -1,
1368, 4286, 1353, -1,
1352, 1351, 4248, -1,
1350, 4246, 4247, -1,
4282, 4283, 1349, -1,
4283, 4301, 4318, -1,
4273, 1348, 4301, -1,
4273, 1347, 1346, -1,
4284, 1345, 1344, -1,
4285, 1343, 1342, -1,
1398, 1341, 1340, -1,
1393, 1339, 1338, -1,
1396, 1337, 1336, -1,
1395, 1335, 4317, -1,
4277, 1334, 1333, -1,
4278, 1332, 1331, -1,
4279, 1331, 1330, -1,
1329, 4269, 4288, -1,
1328, 4270, 4269, -1,
1327, 4271, 4270, -1,
1326, 4272, 4271, -1,
1325, 4273, 4272, -1,
1378, 1373, 1324, -1,
1380, 1378, 1323, -1,
1369, 1380, 1322, -1,
1321, 1320, 1369, -1,
1319, 4287, 1320, -1,
1318, 4288, 4287, -1,
4282, 1317, 1316, -1,
4275, 1315, 1314, -1,
1313, 1312, 1311, -1,
1310, 1309, 2514, -1,
1308, 1307, 1306, -1,
1306, 1307, 1305, -1,
1304, 1311, 1303, -1,
1302, 1301, 1312, -1,
1419, 1420, 1312, -1,
1300, 1306, 1299, -1,
1298, 1299, 1306, -1,
1297, 1299, 1301, -1,
1298, 1419, 1301, -1,
1296, 1303, 4234, -1,
4233, 4234, 1303, -1,
1306, 1307, 1305, -1,
1295, 1305, 1307, -1,
1414, 1404, 4233, -1,
4232, 1294, 1404, -1,
4233, 1404, 1294, -1,
1293, 1406, 1298, -1,
1419, 1298, 1406, -1,
1305, 1295, 1292, -1,
4234, 1307, 1308, -1,
1308, 1291, 4234, -1,
4234, 4232, 1307, -1,
4232, 1294, 1290, -1,
1290, 1289, 4232, -1,
1289, 1307, 4232, -1,
1288, 1295, 1289, -1,
1287, 1288, 1286, -1,
1285, 1284, 1283, -1,
1282, 1283, 1284, -1,
1281, 1401, 1402, -1,
1280, 1279, 1287, -1,
1285, 1402, 1278, -1,
1281, 1277, 1401, -1,
1276, 1279, 1280, -1,
1275, 1274, 1273, -1,
1272, 1271, 1270, -1,
1507, 1269, 1268, -1,
3798, 3799, 1508, -1,
1267, 1512, 1266, -1,
3802, 1265, 1266, -1,
1264, 1265, 3831, -1,
3819, 3831, 1265, -1,
1263, 3967, 1262, -1,
3967, 3782, 3733, -1,
1504, 1263, 1262, -1,
3733, 3729, 1505, -1,
1261, 1499, 1260, -1,
3727, 1259, 1260, -1,
1258, 1259, 3889, -1,
3774, 3889, 1259, -1,
1257, 3874, 1256, -1,
3874, 3744, 3758, -1,
1493, 1257, 1256, -1,
3758, 3759, 1494, -1,
1255, 1497, 1254, -1,
3726, 1253, 1254, -1,
1269, 3836, 1268, -1,
3798, 1268, 3836, -1,
1252, 1253, 3877, -1,
3726, 3877, 1253, -1,
3726, 3743, 3877, -1,
3743, 3747, 3737, -1,
3737, 3877, 3743, -1,
3740, 3764, 3777, -1,
3777, 3894, 3740, -1,
3894, 3777, 3761, -1,
3761, 3908, 3894, -1,
3734, 3781, 3962, -1,
3962, 3953, 3734, -1,
3781, 3787, 3827, -1,
3827, 3962, 3781, -1,
3833, 3804, 3822, -1,
3822, 3836, 3833, -1,
3836, 3822, 3798, -1,
3747, 3744, 3874, -1,
3764, 3740, 3889, -1,
3761, 3762, 3907, -1,
3730, 3734, 3953, -1,
3787, 3782, 3967, -1,
3804, 3833, 3831, -1,
1251, 1410, 1411, -1,
2213, 1250, 1249, -1,
2216, 1408, 4323, -1,
1248, 3169, 3156, -1,
3330, 3156, 3169, -1,
3167, 3169, 1248, -1,
3155, 1248, 3156, -1,
1247, 3170, 3182, -1,
3606, 3182, 3170, -1,
3171, 3170, 1247, -1,
3183, 1247, 3182, -1,
3200, 1246, 3139, -1,
3140, 3139, 1246, -1,
3198, 1246, 3200, -1,
3334, 3200, 3139, -1,
3143, 1245, 3194, -1,
3201, 3194, 1245, -1,
3227, 1245, 3143, -1,
3585, 3143, 3194, -1,
3216, 3167, 1244, -1,
1548, 1243, 1242, -1,
3140, 3198, 1243, -1,
3155, 1548, 1244, -1,
1241, 1240, 1239, -1,
1241, 1239, 1238, -1,
1241, 1238, 1237, -1,
1241, 1237, 1236, -1,
1241, 1236, 1235, -1,
1234, 1241, 1235, -1,
1233, 1234, 1235, -1,
1232, 1233, 1235, -1,
1231, 1232, 1235, -1,
1231, 1235, 1230, -1,
1229, 1228, 1227, -1,
1229, 1226, 1228, -1,
1225, 1228, 1226, -1,
1224, 1228, 1225, -1,
1241, 1228, 1224, -1,
1241, 1223, 1228, -1,
1241, 1222, 1223, -1,
1241, 1238, 1222, -1,
1241, 1238, 1221, -1,
1220, 1241, 1221, -1,
1546, 1242, 3171, -1,
3167, 3171, 1242, -1,
1219, 1546, 1242, -1,
3140, 1219, 1545, -1,
1218, 3211, 3171, -1,
1217, 1478, 1479, -1,
1482, 1483, 1217, -1,
1479, 4429, 1482, -1,
1482, 1217, 1479, -1,
1480, 1481, 1216, -1,
1216, 1483, 1484, -1,
1484, 4472, 1480, -1,
1480, 1216, 1484, -1,
1215, 1214, 1213, -1,
1212, 1211, 1210, -1,
1209, 1208, 1207, -1,
1206, 1207, 1208, -1,
1205, 1204, 1203, -1,
1202, 1201, 1200, -1,
1199, 1198, 1197, -1,
1196, 1195, 1194, -1,
1193, 1192, 1191, -1,
1190, 1189, 1188, -1,
1187, 1186, 1185, -1,
1184, 1183, 1182, -1,
1181, 1180, 1179, -1,
1178, 1177, 1176, -1,
1175, 1174, 1173, -1,
1172, 1171, 1170, -1,
1169, 1168, 1167, -1,
1166, 1165, 1164, -1,
1163, 1162, 1161, -1,
1160, 1159, 1158, -1,
1157, 1156, 1155, -1,
1154, 1153, 1152, -1,
1151, 1150, 1149, -1,
1148, 1147, 1146, -1,
1145, 1144, 1143, -1,
1142, 1141, 1140, -1,
1139, 1138, 1137, -1,
1136, 1135, 1134, -1,
1133, 1132, 1131, -1,
1130, 4013, 4014, -1,
4014, 1129, 1128, -1,
1127, 1126, 1125, -1,
1124, 1125, 1126, -1,
1123, 1122, 1121, -1,
1120, 1119, 1118, -1,
1118, 1117, 1116, -1,
1115, 1114, 1113, -1,
1112, 1111, 1110, -1,
1109, 1108, 1112, -1,
1107, 1106, 1105, -1,
1105, 1104, 1103, -1,
1102, 1101, 1100, -1,
1099, 1098, 1133, -1,
1097, 1096, 1095, -1,
1095, 1129, 1094, -1,
1093, 1092, 1091, -1,
1090, 1089, 1088, -1,
1087, 1086, 1090, -1,
1085, 1084, 1083, -1,
1082, 1081, 1085, -1,
1080, 1079, 1078, -1,
1124, 1077, 1076, -1,
1075, 1074, 1077, -1,
1073, 1072, 1131, -1,
1071, 1070, 4132, -1,
1069, 1068, 1067, -1,
1066, 1065, 1069, -1,
1064, 1063, 1062, -1,
1061, 1060, 1071, -1,
1059, 1058, 1057, -1,
3504, 1056, 1055, -1,
1054, 1053, 1052, -1,
1051, 1050, 1049, -1,
1048, 1047, 1046, -1,
1045, 1044, 1043, -1,
3502, 1042, 1041, -1,
1040, 1039, 1038, -1,
1037, 1036, 1035, -1,
1034, 1033, 1032, -1,
1031, 1030, 1029, -1,
1028, 1027, 1026, -1,
1025, 1024, 1023, -1,
3501, 1022, 1021, -1,
1026, 1027, 1020, -1,
1019, 1024, 1025, -1,
1018, 1017, 3501, -1,
1016, 1015, 1014, -1,
1013, 1012, 1011, -1,
1010, 1009, 1008, -1,
1007, 1006, 1005, -1,
1004, 1003, 1016, -1,
1002, 1001, 1012, -1,
1000, 999, 998, -1,
997, 996, 995, -1,
994, 993, 992, -1,
991, 990, 989, -1,
988, 987, 986, -1,
985, 984, 983, -1,
982, 981, 980, -1,
979, 978, 977, -1,
976, 975, 974, -1,
973, 972, 3500, -1,
3500, 972, 971, -1,
3483, 970, 969, -1,
968, 967, 966, -1,
3474, 965, 964, -1,
963, 962, 961, -1,
960, 959, 958, -1,
957, 956, 955, -1,
954, 953, 952, -1,
951, 950, 949, -1,
3497, 3482, 3483, -1,
3476, 3498, 968, -1,
3493, 3494, 3473, -1,
3490, 3491, 3495, -1,
3487, 3488, 3492, -1,
3484, 3485, 3489, -1,
3478, 3479, 3486, -1,
948, 3481, 3480, -1,
947, 3482, 3497, -1,
946, 3498, 3476, -1,
3494, 3471, 3461, -1,
3491, 3469, 3472, -1,
3488, 3467, 3470, -1,
3485, 3465, 3468, -1,
3479, 3463, 3466, -1,
3481, 3462, 3464, -1,
3471, 3459, 3449, -1,
3469, 3457, 3460, -1,
3467, 3455, 3458, -1,
3465, 3453, 3456, -1,
3463, 3451, 3454, -1,
3462, 3450, 3452, -1,
3449, 3459, 945, -1,
3460, 3457, 944, -1,
3458, 3455, 943, -1,
3456, 3453, 942, -1,
3454, 3451, 941, -1,
3452, 3450, 940, -1,
939, 938, 937, -1,
936, 935, 934, -1,
3447, 933, 932, -1,
3448, 931, 930, -1,
934, 929, 928, -1,
927, 926, 3447, -1,
925, 924, 3446, -1,
3446, 3444, 3441, -1,
3444, 923, 922, -1,
3437, 921, 920, -1,
3437, 3438, 919, -1,
918, 917, 916, -1,
915, 914, 913, -1,
912, 3436, 911, -1,
910, 909, 908, -1,
913, 914, 907, -1,
906, 3436, 912, -1,
3432, 905, 904, -1,
3433, 3431, 3432, -1,
3430, 3429, 3431, -1,
903, 3429, 3430, -1,
902, 901, 900, -1,
899, 3427, 898, -1,
898, 3427, 3426, -1,
897, 896, 895, -1,
894, 893, 892, -1,
3425, 891, 890, -1,
889, 888, 887, -1,
3426, 886, 885, -1,
884, 883, 882, -1,
881, 880, 879, -1,
878, 3424, 3425, -1,
877, 3424, 878, -1,
3421, 876, 875, -1,
3423, 3422, 3420, -1,
3422, 3419, 3418, -1,
3419, 3416, 3415, -1,
874, 873, 872, -1,
871, 870, 869, -1,
868, 867, 866, -1,
865, 3415, 3416, -1,
864, 863, 862, -1,
861, 860, 871, -1,
866, 859, 858, -1,
3396, 857, 856, -1,
855, 854, 853, -1,
852, 851, 850, -1,
849, 848, 847, -1,
846, 845, 844, -1,
843, 842, 841, -1,
840, 839, 838, -1,
837, 836, 835, -1,
3410, 3411, 3395, -1,
3407, 3408, 3412, -1,
3404, 3405, 3409, -1,
3401, 3402, 3406, -1,
3398, 3399, 3403, -1,
3413, 834, 3400, -1,
3395, 3411, 833, -1,
3412, 3408, 832, -1,
3409, 3405, 831, -1,
3406, 3402, 830, -1,
3403, 3399, 829, -1,
3400, 834, 828, -1,
827, 3630, 3631, -1,
826, 825, 824, -1,
3622, 823, 3629, -1,
3628, 823, 3622, -1,
822, 821, 820, -1,
819, 822, 818, -1,
817, 816, 815, -1,
814, 815, 816, -1,
813, 812, 811, -1,
810, 811, 812, -1,
3652, 3660, 3663, -1,
3662, 3663, 3660, -1,
3653, 3656, 3657, -1,
809, 808, 807, -1,
806, 805, 804, -1,
806, 804, 803, -1,
803, 802, 801, -1,
803, 804, 802, -1,
801, 802, 800, -1,
799, 798, 804, -1,
804, 798, 800, -1,
797, 800, 796, -1,
801, 800, 797, -1,
1394, 795, 794, -1,
1397, 795, 1394, -1,
793, 794, 801, -1,
1392, 801, 792, -1,
793, 801, 1392, -1,
1394, 794, 793, -1,
792, 791, 1399, -1,
1392, 792, 1399, -1,
1399, 791, 1400, -1,
1400, 790, 1388, -1,
791, 790, 1400, -1,
789, 1390, 1391, -1,
788, 1391, 1388, -1,
790, 788, 1388, -1,
788, 789, 1391, -1,
787, 1389, 1390, -1,
786, 4281, 1389, -1,
789, 787, 1390, -1,
787, 786, 1389, -1,
786, 785, 4281, -1,
784, 788, 783, -1,
797, 796, 783, -1,
796, 784, 783, -1,
798, 782, 781, -1,
784, 780, 788, -1,
798, 779, 780, -1,
780, 779, 778, -1,
780, 778, 788, -1,
779, 777, 778, -1,
781, 785, 777, -1,
779, 781, 777, -1,
800, 798, 780, -1,
782, 785, 781, -1,
776, 775, 782, -1,
782, 775, 785, -1,
776, 774, 775, -1,
773, 772, 774, -1,
773, 774, 776, -1,
771, 772, 773, -1,
798, 776, 782, -1,
798, 771, 773, -1,
770, 769, 771, -1,
771, 769, 772, -1,
785, 4280, 4281, -1,
768, 4280, 785, -1,
767, 1385, 768, -1,
766, 1384, 767, -1,
768, 1385, 4280, -1,
767, 1384, 1385, -1,
772, 1383, 766, -1,
765, 1387, 772, -1,
772, 1387, 1383, -1,
766, 1383, 1384, -1,
764, 1386, 765, -1,
1386, 1387, 765, -1,
1377, 1386, 764, -1,
1376, 1377, 763, -1,
763, 1377, 764, -1,
1382, 1375, 762, -1,
1375, 1376, 761, -1,
1376, 763, 761, -1,
1375, 761, 762, -1,
1381, 1382, 760, -1,
1382, 762, 760, -1,
761, 759, 758, -1,
759, 769, 770, -1,
761, 758, 757, -1,
756, 757, 755, -1,
756, 761, 757, -1,
754, 756, 755, -1,
754, 755, 799, -1,
757, 758, 770, -1,
799, 755, 757, -1,
759, 770, 758, -1,
1397, 753, 752, -1,
751, 752, 753, -1,
750, 749, 748, -1,
799, 805, 748, -1,
750, 747, 746, -1,
799, 746, 747, -1,
1379, 745, 744, -1,
750, 744, 745, -1,
1379, 743, 742, -1,
750, 742, 743, -1,
741, 740, 739, -1,
1381, 760, 739, -1,
741, 738, 737, -1,
1381, 737, 738, -1,
1397, 1374, 736, -1,
751, 735, 736, -1,
1374, 734, 733, -1,
750, 751, 732, -1,
731, 750, 748, -1,
805, 806, 731, -1,
1370, 1367, 1362, -1,
1362, 1363, 1370, -1,
1356, 1368, 1371, -1,
1371, 1372, 1356, -1,
1305, 1310, 730, -1,
1305, 1310, 1311, -1,
1312, 1310, 1305, -1,
1301, 1312, 1306, -1,
1307, 1311, 730, -1,
1292, 1282, 729, -1,
728, 1290, 1294, -1,
728, 1294, 1404, -1,
728, 1409, 1412, -1,
1282, 1412, 727, -1,
726, 725, 724, -1,
724, 723, 722, -1,
724, 722, 726, -1,
721, 720, 3389, -1,
721, 3389, 3390, -1,
3390, 719, 721, -1,
725, 726, 718, -1,
724, 3676, 717, -1,
716, 715, 3371, -1,
3389, 720, 3686, -1,
724, 725, 714, -1,
3237, 714, 725, -1,
713, 712, 720, -1,
721, 3371, 711, -1,
3686, 720, 712, -1,
2112, 3676, 724, -1,
2183, 1625, 1619, -1,
1620, 2181, 2182, -1,
2190, 710, 1626, -1,
2188, 1631, 710, -1,
2163, 2167, 1674, -1,
2177, 2172, 1669, -1,
1871, 2137, 1889, -1,
1888, 1889, 2137, -1,
2144, 2145, 1898, -1,
1881, 2144, 1900, -1,
2118, 2116, 2122, -1,
2133, 2131, 2127, -1,
709, 708, 712, -1,
707, 714, 706, -1,
713, 711, 705, -1,
3347, 712, 708, -1,
704, 2112, 707, -1,
706, 714, 3237, -1,
703, 702, 701, -1,
700, 699, 2105, -1,
698, 697, 2104, -1,
2101, 696, 2109, -1,
695, 2114, 2100, -1,
2100, 2114, 3238, -1,
694, 2102, 2115, -1,
2115, 2102, 3349, -1,
693, 2126, 2132, -1,
2130, 693, 2134, -1,
2126, 692, 1921, -1,
1931, 2127, 2131, -1,
691, 2133, 2128, -1,
2123, 2121, 2117, -1,
690, 2123, 2119, -1,
2117, 2121, 689, -1,
1936, 2122, 2116, -1,
688, 2118, 2124, -1,
2135, 691, 2129, -1,
2120, 688, 2125, -1,
1901, 1902, 1833, -1,
2074, 1833, 1902, -1,
2136, 1883, 1887, -1,
687, 1887, 1883, -1,
1895, 1905, 1906, -1,
1897, 1898, 2145, -1,
2173, 2176, 686, -1,
2174, 2179, 2176, -1,
2171, 686, 685, -1,
1671, 1667, 2175, -1,
2178, 684, 2172, -1,
2168, 2162, 683, -1,
2169, 2165, 2162, -1,
683, 1654, 1655, -1,
1677, 1678, 2161, -1,
2164, 2170, 2167, -1,
2179, 2174, 684, -1,
2165, 2169, 2170, -1,
1631, 2188, 1611, -1,
1814, 1629, 682, -1,
2181, 1620, 1616, -1,
1816, 1817, 1614, -1,
1625, 2183, 1637, -1,
1634, 1635, 1603, -1,
708, 709, 705, -1,
681, 706, 680, -1,
2106, 1560, 700, -1,
2106, 700, 2105, -1,
702, 703, 2108, -1,
4220, 4214, 679, -1,
4231, 678, 677, -1,
4231, 4227, 676, -1,
4220, 675, 674, -1,
4223, 4216, 673, -1,
4223, 672, 671, -1,
670, 669, 668, -1,
670, 667, 666, -1,
4210, 665, 4195, -1,
4206, 4200, 664, -1,
4206, 663, 4191, -1,
4210, 4211, 662, -1,
4065, 670, 661, -1,
670, 660, 661, -1,
4068, 3995, 667, -1,
670, 659, 667, -1,
3993, 660, 668, -1,
3995, 658, 657, -1,
4065, 4067, 670, -1,
670, 4067, 4068, -1,
3993, 656, 655, -1,
654, 655, 656, -1,
653, 656, 657, -1,
653, 657, 658, -1,
653, 658, 652, -1,
3995, 652, 658, -1,
3994, 3919, 651, -1,
3919, 653, 651, -1,
3919, 654, 653, -1,
3990, 654, 3919, -1,
650, 649, 672, -1,
4000, 4001, 4222, -1,
650, 3986, 648, -1,
4000, 649, 648, -1,
647, 646, 645, -1,
644, 643, 642, -1,
641, 640, 639, -1,
638, 637, 636, -1,
4127, 635, 634, -1,
633, 632, 4084, -1,
631, 630, 629, -1,
628, 627, 630, -1,
4115, 626, 4112, -1,
626, 4111, 4112, -1,
625, 631, 4110, -1,
625, 4107, 4108, -1,
624, 623, 622, -1,
621, 4104, 639, -1,
620, 619, 618, -1,
4103, 625, 622, -1,
617, 616, 615, -1,
614, 4100, 636, -1,
4098, 613, 612, -1,
611, 610, 636, -1,
613, 626, 4096, -1,
613, 4098, 4095, -1,
609, 635, 4094, -1,
609, 4091, 4092, -1,
608, 607, 606, -1,
605, 4088, 645, -1,
4087, 609, 604, -1,
603, 602, 645, -1,
635, 601, 634, -1,
600, 4084, 4085, -1,
599, 598, 597, -1,
596, 4081, 642, -1,
595, 594, 593, -1,
4079, 592, 597, -1,
592, 600, 4077, -1,
592, 4079, 4076, -1,
1832, 591, 2095, -1,
1832, 2095, 2096, -1,
1830, 1832, 2096, -1,
1830, 2096, 2094, -1,
2094, 590, 1830, -1,
1564, 2088, 2089, -1,
1564, 2089, 1563, -1,
2088, 1564, 1562, -1,
1562, 1688, 2087, -1,
1562, 2087, 2088, -1,
1830, 589, 1829, -1,
1830, 590, 589, -1,
1562, 1561, 588, -1,
1562, 588, 1688, -1,
4197, 587, 586, -1,
585, 584, 583, -1,
582, 587, 4197, -1,
583, 584, 581, -1,
585, 4197, 581, -1,
582, 583, 586, -1,
580, 579, 578, -1,
577, 576, 575, -1,
574, 578, 575, -1,
580, 577, 4207, -1,
577, 580, 574, -1,
4207, 575, 578, -1,
4066, 573, 572, -1,
571, 570, 569, -1,
568, 573, 4066, -1,
569, 570, 567, -1,
571, 4066, 567, -1,
568, 569, 572, -1,
4207, 579, 566, -1,
577, 565, 564, -1,
564, 565, 563, -1,
577, 4207, 563, -1,
580, 564, 566, -1,
582, 587, 562, -1,
585, 561, 560, -1,
559, 562, 560, -1,
585, 582, 559, -1,
4197, 560, 562, -1,
568, 573, 558, -1,
571, 557, 556, -1,
555, 558, 556, -1,
571, 568, 555, -1,
4066, 556, 558, -1,
4319, 554, 553, -1,
552, 551, 550, -1,
549, 554, 4319, -1,
550, 551, 548, -1,
552, 4319, 548, -1,
549, 550, 553, -1,
549, 554, 547, -1,
552, 546, 545, -1,
544, 547, 545, -1,
552, 549, 544, -1,
4319, 545, 547, -1,
543, 542, 3849, -1,
3849, 3846, 543, -1,
542, 541, 540, -1,
540, 3849, 542, -1,
3853, 539, 538, -1,
538, 537, 3853, -1,
536, 535, 3844, -1,
3844, 3843, 536, -1,
3844, 535, 534, -1,
534, 533, 3844, -1,
532, 539, 3853, -1,
3853, 3850, 532, -1,
3849, 542, 541, -1,
541, 540, 3849, -1,
3849, 540, 3847, -1,
541, 542, 543, -1,
531, 3848, 3849, -1,
543, 3846, 530, -1,
529, 531, 528, -1,
541, 529, 3847, -1,
527, 3852, 3851, -1,
526, 3851, 537, -1,
527, 539, 3853, -1,
539, 527, 526, -1,
3853, 537, 3851, -1,
525, 524, 523, -1,
524, 536, 3843, -1,
525, 3845, 3844, -1,
535, 536, 524, -1,
3844, 3845, 523, -1,
525, 3845, 3842, -1,
522, 3842, 533, -1,
535, 525, 522, -1,
3844, 533, 3842, -1,
527, 521, 520, -1,
521, 532, 3850, -1,
539, 532, 521, -1,
3853, 3852, 520, -1,
531, 3848, 3847, -1,
531, 542, 3849, -1,
542, 531, 529, -1,
3849, 540, 3847, -1,
3849, 3848, 530, -1,
542, 543, 528, -1,
531, 528, 530, -1,
519, 518, 517, -1,
517, 516, 519, -1,
515, 518, 519, -1,
519, 514, 515, -1,
513, 519, 512, -1,
513, 512, 511, -1,
510, 511, 516, -1,
513, 518, 519, -1,
518, 513, 510, -1,
519, 516, 511, -1,
513, 509, 508, -1,
509, 515, 514, -1,
518, 515, 509, -1,
519, 512, 508, -1,
507, 506, 505, -1,
504, 503, 502, -1,
501, 506, 507, -1,
502, 503, 500, -1,
504, 507, 500, -1,
501, 502, 505, -1,
499, 498, 497, -1,
496, 495, 494, -1,
495, 496, 499, -1,
494, 497, 498, -1,
496, 493, 498, -1,
495, 492, 497, -1,
3120, 491, 490, -1,
3116, 3117, 3005, -1,
3128, 3076, 3075, -1,
3137, 489, 488, -1,
3101, 487, 486, -1,
3092, 3093, 2826, -1,
3109, 2896, 2895, -1,
3110, 485, 484, -1,
3090, 483, 482, -1,
2552, 481, 2655, -1,
2557, 2722, 2721, -1,
2555, 480, 479, -1,
478, 477, 476, -1,
1995, 1988, 1991, -1,
1995, 1992, 1986, -1,
475, 1994, 1987, -1,
474, 473, 1984, -1,
1991, 1988, 472, -1,
1952, 1958, 1956, -1,
1837, 1838, 1955, -1,
1957, 1955, 1838, -1,
471, 1951, 1954, -1,
1956, 1958, 470, -1,
469, 468, 467, -1,
466, 469, 1849, -1,
465, 464, 463, -1,
462, 461, 460, -1,
1737, 1734, 459, -1,
1737, 458, 1579, -1,
1578, 1579, 458, -1,
457, 1727, 1730, -1,
459, 456, 455, -1,
1700, 1698, 454, -1,
453, 1696, 1691, -1,
1698, 1700, 1690, -1,
452, 451, 1695, -1,
454, 450, 449, -1,
448, 2198, 447, -1,
446, 445, 444, -1,
443, 2201, 1568, -1,
2201, 442, 441, -1,
2039, 2038, 1945, -1,
440, 1950, 1835, -1,
1945, 2035, 2034, -1,
1835, 1950, 439, -1,
1781, 1684, 1683, -1,
438, 437, 436, -1,
1683, 1684, 1776, -1,
436, 435, 434, -1,
433, 1231, 1230, -1,
432, 1229, 1227, -1,
4624, 4622, 4620, -1,
4619, 4617, 4568, -1,
4592, 4617, 4618, -1,
4588, 4590, 4586, -1,
4475, 4472, 4456, -1,
4475, 4456, 4457, -1,
4471, 4469, 4474, -1,
4471, 4474, 1433, -1,
4463, 4481, 4467, -1,
4460, 4459, 4465, -1,
4485, 4476, 4479, -1,
4485, 4479, 4461, -1,
4485, 4461, 431, -1,
4457, 4472, 4427, -1,
4457, 4427, 4419, -1,
4469, 4472, 4473, -1,
4482, 4454, 4468, -1,
4482, 4468, 4470, -1,
4465, 4453, 4464, -1,
4442, 4445, 4446, -1,
4436, 4434, 4366, -1,
4436, 4366, 4438, -1,
4432, 4429, 4431, -1,
4457, 4427, 4429, -1,
4457, 4429, 4419, -1,
4426, 4448, 4449, -1,
4426, 4449, 4447, -1,
4426, 4447, 4417, -1,
4424, 4446, 4451, -1,
4423, 4441, 4444, -1,
4433, 4428, 4432, -1,
4433, 4432, 4435, -1,
4420, 4419, 4429, -1,
4420, 4429, 4430, -1,
4412, 4410, 430, -1,
4412, 430, 429, -1,
4412, 429, 428, -1,
4412, 428, 427, -1,
4412, 427, 426, -1,
4412, 426, 425, -1,
4412, 425, 424, -1,
4412, 424, 423, -1,
4412, 423, 422, -1,
4409, 4407, 421, -1,
4409, 421, 420, -1,
4409, 420, 419, -1,
4409, 419, 418, -1,
4409, 418, 417, -1,
4409, 417, 416, -1,
4409, 416, 415, -1,
4409, 415, 414, -1,
4409, 414, 413, -1,
4462, 4399, 4466, -1,
4462, 4466, 4480, -1,
4396, 4458, 4478, -1,
4392, 4560, 4561, -1,
4392, 4561, 4562, -1,
4390, 4562, 4557, -1,
4390, 4557, 4554, -1,
4388, 4554, 4549, -1,
4388, 4549, 4548, -1,
4383, 4548, 4544, -1,
4542, 4406, 4541, -1,
4535, 4385, 4542, -1,
4535, 4542, 4534, -1,
4394, 4535, 4532, -1,
4394, 4532, 4560, -1,
4382, 4494, 4509, -1,
4382, 4509, 4375, -1,
4509, 4505, 4377, -1,
4509, 4377, 4374, -1,
4505, 4381, 4376, -1,
4389, 4520, 4383, -1,
4380, 4490, 4499, -1,
4380, 4499, 4373, -1,
4379, 4489, 4497, -1,
4379, 4497, 4372, -1,
4378, 4488, 4518, -1,
4378, 4518, 4371, -1,
4369, 4450, 4362, -1,
4443, 4438, 4360, -1,
4443, 4360, 4361, -1,
4354, 4351, 4346, -1,
4345, 4343, 4354, -1,
4345, 4339, 3338, -1,
4354, 4337, 3337, -1,
4338, 4334, 3336, -1,
4328, 4326, 4335, -1,
4328, 4323, 1408, -1,
4328, 1408, 4325, -1,
4295, 4293, 4265, -1,
4292, 4290, 634, -1,
4292, 634, 601, -1,
4283, 4281, 4280, -1,
4283, 4280, 4273, -1,
4268, 4266, 4262, -1,
4268, 4262, 733, -1,
4268, 733, 412, -1,
4268, 412, 411, -1,
4268, 411, 410, -1,
4268, 410, 409, -1,
4265, 4317, 408, -1,
4265, 408, 407, -1,
4265, 407, 406, -1,
4265, 406, 405, -1,
4265, 405, 404, -1,
4265, 404, 403, -1,
4265, 403, 4263, -1,
4265, 4263, 4264, -1,
4265, 4264, 4295, -1,
4319, 4263, 403, -1,
4319, 403, 404, -1,
4319, 404, 402, -1,
4319, 402, 401, -1,
4319, 401, 400, -1,
4319, 400, 399, -1,
4319, 399, 398, -1,
4319, 398, 397, -1,
4319, 397, 396, -1,
4319, 396, 4318, -1,
4262, 4260, 395, -1,
4262, 395, 733, -1,
4259, 4257, 1365, -1,
4259, 1365, 1364, -1,
4259, 1364, 4254, -1,
4259, 4254, 4255, -1,
4259, 4255, 4249, -1,
4256, 4254, 1364, -1,
4256, 1364, 1365, -1,
4256, 1365, 4257, -1,
4256, 4253, 1357, -1,
4256, 1357, 1355, -1,
4256, 1355, 4250, -1,
4252, 4250, 1355, -1,
4252, 1355, 1357, -1,
4252, 1357, 4253, -1,
4252, 4253, 4257, -1,
4252, 4257, 4258, -1,
4320, 4256, 4319, -1,
4249, 4320, 4314, -1,
4319, 4250, 4264, -1,
4250, 4295, 4264, -1,
4285, 4248, 1351, -1,
4287, 4246, 4289, -1,
4243, 4241, 2513, -1,
4243, 2513, 394, -1,
4243, 394, 393, -1,
4243, 393, 392, -1,
4328, 4239, 391, -1,
4328, 391, 4335, -1,
4353, 4238, 4338, -1,
4353, 4338, 4242, -1,
4353, 4242, 4358, -1,
4237, 4235, 390, -1,
4237, 390, 389, -1,
4237, 389, 4239, -1,
4226, 4224, 3873, -1,
4226, 3873, 388, -1,
4226, 388, 640, -1,
4226, 640, 641, -1,
4226, 641, 4104, -1,
4226, 4104, 4105, -1,
4226, 4105, 4016, -1,
4226, 4016, 3869, -1,
4226, 3869, 4220, -1,
4226, 4220, 4218, -1,
4226, 4218, 4219, -1,
4226, 4219, 387, -1,
4226, 387, 3854, -1,
4226, 3854, 3984, -1,
4226, 3984, 3985, -1,
4226, 3985, 3988, -1,
4226, 3988, 3989, -1,
4226, 3989, 4216, -1,
4226, 4216, 4217, -1,
4226, 4217, 4223, -1,
4226, 4223, 4221, -1,
4226, 4221, 4222, -1,
4226, 4222, 4001, -1,
4213, 4211, 4209, -1,
4213, 4209, 4210, -1,
4213, 4210, 4197, -1,
4208, 4206, 4204, -1,
4208, 4204, 4205, -1,
4208, 4205, 4192, -1,
4207, 4202, 4200, -1,
4207, 4200, 4201, -1,
4207, 4201, 4206, -1,
4197, 4198, 4199, -1,
4197, 4199, 4196, -1,
4197, 4196, 4055, -1,
4196, 4195, 665, -1,
4196, 665, 4189, -1,
4196, 4189, 3930, -1,
4202, 4193, 663, -1,
4202, 663, 664, -1,
4202, 664, 4200, -1,
4192, 4191, 663, -1,
4192, 663, 4193, -1,
4192, 4193, 3942, -1,
4212, 4189, 665, -1,
4212, 665, 662, -1,
4212, 662, 4211, -1,
4188, 4186, 4169, -1,
4188, 4169, 386, -1,
4185, 4183, 385, -1,
4182, 4180, 4174, -1,
4182, 4174, 384, -1,
4179, 4177, 383, -1,
4176, 4174, 4173, -1,
4176, 4173, 4180, -1,
4176, 4180, 3980, -1,
4176, 3980, 3982, -1,
4172, 4170, 4169, -1,
4172, 4169, 4168, -1,
4172, 4168, 4186, -1,
4172, 4186, 3858, -1,
4167, 4165, 4163, -1,
4167, 4163, 4164, -1,
4167, 4164, 1525, -1,
4167, 1525, 3915, -1,
4162, 4160, 4157, -1,
4162, 4157, 4158, -1,
4162, 4158, 4159, -1,
4162, 4159, 3860, -1,
4156, 4159, 4157, -1,
4156, 4157, 382, -1,
4154, 4152, 381, -1,
4151, 4164, 4165, -1,
4151, 4165, 380, -1,
4149, 4147, 379, -1,
4146, 4144, 378, -1,
4143, 4141, 377, -1,
4140, 4138, 376, -1,
4137, 4135, 375, -1,
4134, 4132, 1070, -1,
4134, 1070, 1071, -1,
4134, 1071, 3952, -1,
4134, 3952, 3960, -1,
4131, 4129, 1067, -1,
4131, 1067, 1068, -1,
4131, 1068, 1069, -1,
4131, 1069, 3986, -1,
4128, 4126, 634, -1,
4128, 634, 4290, -1,
4128, 4290, 4058, -1,
4128, 4058, 4060, -1,
4125, 4123, 4046, -1,
4125, 4046, 4084, -1,
4125, 4084, 632, -1,
4125, 632, 633, -1,
4122, 4120, 629, -1,
4122, 629, 630, -1,
4119, 4117, 4122, -1,
4119, 4122, 630, -1,
4119, 630, 627, -1,
4119, 627, 628, -1,
4116, 4114, 4112, -1,
4116, 4112, 4113, -1,
4116, 4113, 4011, -1,
4116, 4011, 3999, -1,
4113, 4111, 4008, -1,
4113, 4008, 4010, -1,
4110, 4109, 624, -1,
4108, 4106, 4119, -1,
4109, 4104, 621, -1,
4109, 621, 618, -1,
4109, 618, 622, -1,
4109, 622, 623, -1,
4109, 623, 624, -1,
4106, 4102, 374, -1,
4106, 374, 622, -1,
4106, 622, 618, -1,
4106, 618, 619, -1,
4106, 619, 620, -1,
4106, 620, 640, -1,
4106, 640, 388, -1,
4101, 4100, 614, -1,
4101, 614, 373, -1,
4101, 373, 610, -1,
4101, 610, 612, -1,
4101, 612, 615, -1,
4101, 615, 616, -1,
4101, 616, 617, -1,
4099, 4097, 612, -1,
4099, 612, 610, -1,
4099, 610, 611, -1,
4099, 611, 637, -1,
4099, 637, 372, -1,
4096, 4101, 371, -1,
4095, 4099, 4008, -1,
4094, 4093, 608, -1,
4092, 4090, 4292, -1,
4093, 4088, 605, -1,
4093, 605, 370, -1,
4093, 370, 602, -1,
4093, 602, 604, -1,
4093, 604, 606, -1,
4093, 606, 607, -1,
4093, 607, 608, -1,
4090, 4086, 604, -1,
4090, 604, 602, -1,
4090, 602, 603, -1,
4090, 603, 646, -1,
4090, 646, 369, -1,
4294, 4084, 4046, -1,
4294, 4046, 4293, -1,
4083, 4081, 596, -1,
4083, 596, 593, -1,
4083, 593, 597, -1,
4083, 597, 598, -1,
4083, 598, 599, -1,
4080, 4078, 368, -1,
4080, 368, 597, -1,
4080, 597, 593, -1,
4080, 593, 594, -1,
4080, 594, 595, -1,
4080, 595, 643, -1,
4080, 643, 367, -1,
4077, 4083, 366, -1,
4076, 4080, 4125, -1,
4203, 4062, 4061, -1,
4062, 4128, 4061, -1,
4202, 4061, 4060, -1,
4202, 4060, 4059, -1,
4196, 4124, 4056, -1,
4196, 4056, 4055, -1,
4055, 4054, 3863, -1,
4080, 4056, 4125, -1,
4053, 4051, 3914, -1,
4050, 4053, 4035, -1,
4049, 4047, 4031, -1,
4293, 4049, 4031, -1,
4045, 4043, 3938, -1,
4291, 4045, 4290, -1,
4042, 4040, 4021, -1,
4039, 4042, 4021, -1,
4037, 4053, 3914, -1,
4037, 3914, 4162, -1,
4057, 4048, 4049, -1,
4057, 4049, 4123, -1,
4059, 4045, 3938, -1,
4059, 3938, 3940, -1,
4033, 4041, 4042, -1,
4033, 4042, 4032, -1,
4316, 4074, 4075, -1,
4316, 4071, 4075, -1,
4044, 4073, 4043, -1,
4315, 4044, 4291, -1,
4031, 4070, 4071, -1,
4265, 4031, 4071, -1,
4030, 4028, 4023, -1,
4027, 4030, 4022, -1,
4026, 4028, 4029, -1,
4027, 4026, 4029, -1,
4052, 4023, 4051, -1,
4022, 4052, 4050, -1,
4021, 4025, 4026, -1,
4024, 4021, 4026, -1,
4020, 4120, 4019, -1,
4019, 4018, 4020, -1,
4213, 4121, 3855, -1,
4213, 3855, 4212, -1,
4121, 4017, 3855, -1,
4016, 4109, 4020, -1,
4016, 4020, 1126, -1,
4016, 1126, 1127, -1,
4016, 1127, 365, -1,
4016, 365, 1125, -1,
4015, 4013, 1130, -1,
4015, 1130, 364, -1,
4015, 364, 4006, -1,
4015, 4006, 4099, -1,
4015, 4099, 372, -1,
4010, 4012, 4113, -1,
4208, 4009, 4010, -1,
4208, 4010, 4007, -1,
4099, 4007, 4008, -1,
4208, 4006, 3867, -1,
4002, 4004, 4134, -1,
4002, 4134, 3950, -1,
4001, 4004, 4005, -1,
4004, 4133, 4134, -1,
4012, 3996, 3998, -1,
4012, 3998, 4011, -1,
3995, 3998, 363, -1,
3998, 3994, 363, -1,
3993, 3991, 4118, -1,
3991, 3990, 3922, -1,
4017, 3991, 3922, -1,
4017, 3922, 3924, -1,
3989, 3987, 650, -1,
3987, 3986, 650, -1,
3984, 4131, 3987, -1,
3984, 3987, 3985, -1,
3982, 3980, 362, -1,
3982, 362, 361, -1,
3982, 361, 360, -1,
3982, 360, 3831, -1,
3982, 3831, 359, -1,
3979, 3982, 359, -1,
3979, 359, 3831, -1,
3979, 3831, 3832, -1,
3979, 3832, 358, -1,
3977, 3979, 358, -1,
3977, 358, 3835, -1,
3977, 3835, 3836, -1,
3977, 3836, 357, -1,
3975, 3977, 357, -1,
3975, 357, 3836, -1,
3975, 3836, 356, -1,
3975, 356, 355, -1,
3975, 355, 354, -1,
3973, 3975, 354, -1,
3973, 354, 355, -1,
3973, 355, 353, -1,
3973, 353, 3909, -1,
3973, 3909, 3910, -1,
3975, 3977, 357, -1,
3975, 357, 352, -1,
3975, 352, 354, -1,
3977, 3979, 351, -1,
3977, 351, 357, -1,
3979, 3982, 359, -1,
3979, 359, 350, -1,
3979, 350, 351, -1,
3982, 3980, 362, -1,
3982, 362, 349, -1,
3982, 349, 359, -1,
3980, 3970, 3959, -1,
3980, 3959, 348, -1,
3980, 348, 361, -1,
3980, 361, 362, -1,
3969, 4170, 3954, -1,
3969, 3954, 4171, -1,
3969, 4171, 3966, -1,
3969, 3966, 3967, -1,
3969, 3967, 347, -1,
3967, 4171, 3955, -1,
3967, 3955, 3964, -1,
3967, 3964, 3965, -1,
3967, 3965, 3826, -1,
3965, 3963, 3960, -1,
3965, 3960, 3961, -1,
3965, 3961, 3962, -1,
3965, 3962, 3829, -1,
3962, 3960, 3957, -1,
3962, 3957, 3952, -1,
3962, 3952, 3953, -1,
3962, 3953, 346, -1,
3962, 346, 345, -1,
3959, 3958, 4170, -1,
3959, 4170, 3968, -1,
3959, 3968, 3969, -1,
3959, 3969, 344, -1,
3961, 3957, 3952, -1,
3961, 3952, 3953, -1,
3961, 3953, 343, -1,
3956, 3963, 3960, -1,
3956, 3960, 3961, -1,
3966, 3955, 3964, -1,
3966, 3964, 3956, -1,
3966, 3956, 342, -1,
3968, 3954, 4171, -1,
3968, 4171, 3966, -1,
3968, 3966, 341, -1,
4041, 3982, 3979, -1,
4171, 3950, 3964, -1,
3964, 4134, 3960, -1,
3949, 3994, 3996, -1,
3947, 3996, 3997, -1,
3946, 3997, 3944, -1,
3945, 3944, 3942, -1,
3943, 3942, 4193, -1,
4194, 3943, 4193, -1,
3940, 3941, 4194, -1,
3938, 3939, 3940, -1,
4043, 3937, 3938, -1,
4073, 3936, 4043, -1,
4072, 3934, 3917, -1,
4070, 3933, 3934, -1,
4047, 3932, 3933, -1,
4048, 3931, 3932, -1,
4034, 3929, 3931, -1,
3930, 3928, 3929, -1,
4189, 3927, 3928, -1,
3927, 3926, 3925, -1,
3925, 3924, 3923, -1,
3923, 3922, 3921, -1,
3921, 3990, 3920, -1,
3920, 3919, 3918, -1,
3948, 3919, 3994, -1,
4072, 3935, 4073, -1,
4028, 3975, 3973, -1,
4025, 3977, 3975, -1,
4040, 3979, 3977, -1,
3916, 4131, 3983, -1,
3915, 3983, 4167, -1,
3914, 4161, 4162, -1,
4051, 3913, 3914, -1,
4023, 3912, 4051, -1,
4028, 3911, 4023, -1,
3973, 3909, 340, -1,
3973, 340, 3878, -1,
3973, 3878, 3880, -1,
3973, 3880, 3911, -1,
3973, 3911, 339, -1,
3906, 3904, 3887, -1,
3906, 3887, 3901, -1,
3906, 3901, 1525, -1,
3906, 1525, 1526, -1,
4160, 3902, 338, -1,
4160, 338, 3905, -1,
4160, 3905, 3906, -1,
4160, 3906, 1528, -1,
3901, 3899, 3915, -1,
3901, 3915, 337, -1,
3901, 337, 1525, -1,
3899, 3897, 3916, -1,
3899, 3916, 336, -1,
3899, 336, 3915, -1,
3897, 4130, 335, -1,
3897, 335, 3916, -1,
3896, 3908, 4129, -1,
3896, 4129, 334, -1,
3896, 334, 4130, -1,
3894, 3892, 3908, -1,
3894, 3908, 4129, -1,
3894, 4129, 334, -1,
3894, 334, 4130, -1,
3894, 4130, 3896, -1,
3891, 3894, 3896, -1,
3891, 3896, 4130, -1,
3891, 4130, 335, -1,
3891, 335, 3916, -1,
3889, 3891, 3916, -1,
3889, 3916, 336, -1,
3889, 336, 3915, -1,
3889, 3915, 3899, -1,
3887, 3889, 3899, -1,
3887, 3899, 3915, -1,
3887, 3915, 337, -1,
3887, 337, 1525, -1,
3887, 1525, 3901, -1,
4161, 3884, 3903, -1,
4161, 3903, 4160, -1,
4161, 4160, 333, -1,
3913, 3882, 3885, -1,
3913, 3885, 4161, -1,
3913, 4161, 332, -1,
3912, 3883, 3913, -1,
3912, 3913, 331, -1,
3911, 3879, 3881, -1,
3911, 3881, 3912, -1,
3911, 3912, 330, -1,
3911, 3878, 329, -1,
3911, 329, 3877, -1,
3911, 3877, 3881, -1,
3911, 3881, 3912, -1,
3911, 3912, 330, -1,
3912, 3877, 3739, -1,
3912, 3739, 3876, -1,
3912, 3876, 3913, -1,
3912, 3913, 331, -1,
3913, 3875, 3874, -1,
3913, 3874, 3885, -1,
3913, 3885, 4161, -1,
3913, 4161, 332, -1,
4161, 3874, 328, -1,
4161, 328, 3902, -1,
4161, 3902, 3903, -1,
4161, 3903, 4160, -1,
4161, 4160, 333, -1,
3873, 3872, 3868, -1,
4224, 3871, 3872, -1,
3870, 4018, 3862, -1,
4018, 4197, 3862, -1,
4106, 4064, 4119, -1,
3868, 4066, 4064, -1,
3871, 4066, 3872, -1,
4118, 4064, 4065, -1,
4118, 4065, 3993, -1,
3999, 4068, 4069, -1,
3999, 4069, 4116, -1,
3871, 4116, 4069, -1,
3867, 4207, 4208, -1,
3865, 3867, 327, -1,
3864, 3866, 3865, -1,
4063, 4207, 3866, -1,
4249, 4292, 4090, -1,
4314, 4291, 4292, -1,
4083, 4295, 4251, -1,
3863, 4197, 4055, -1,
3861, 3862, 3863, -1,
4037, 3860, 326, -1,
4057, 3930, 4034, -1,
4059, 4194, 4202, -1,
4033, 4175, 4176, -1,
3858, 3856, 4172, -1,
4172, 4002, 3950, -1,
3942, 4009, 4192, -1,
3944, 4012, 4009, -1,
3926, 4017, 3924, -1,
4190, 3855, 3926, -1,
4167, 3984, 3854, -1,
4166, 3854, 387, -1,
3853, 3851, 537, -1,
3852, 3850, 520, -1,
3849, 3847, 540, -1,
3848, 3846, 530, -1,
3845, 3843, 523, -1,
3844, 3842, 533, -1,
3731, 3730, 3763, -1,
3731, 3763, 3783, -1,
3731, 3783, 3791, -1,
3814, 3729, 3733, -1,
3814, 3733, 3732, -1,
3814, 3732, 3785, -1,
3756, 3772, 3728, -1,
3756, 3728, 3727, -1,
3756, 3727, 1500, -1,
3796, 3751, 3725, -1,
3796, 3725, 3726, -1,
3796, 3726, 1496, -1,
3615, 3613, 3612, -1,
3610, 3611, 3417, -1,
3603, 3604, 325, -1,
3602, 3600, 3522, -1,
3599, 3597, 3596, -1,
3594, 3595, 3526, -1,
3590, 3591, 4347, -1,
3576, 3577, 3532, -1,
3572, 3570, 3568, -1,
3569, 3568, 3540, -1,
3564, 3565, 3541, -1,
3560, 3558, 3545, -1,
3554, 3555, 3550, -1,
3505, 3512, 1054, -1,
3505, 1054, 1055, -1,
3505, 1055, 1056, -1,
3505, 1056, 3504, -1,
3505, 3504, 3506, -1,
3515, 3504, 1052, -1,
3515, 1052, 1053, -1,
3515, 1053, 1054, -1,
3515, 1054, 3512, -1,
3520, 3502, 1032, -1,
3520, 1032, 1033, -1,
3520, 1033, 1034, -1,
3520, 1034, 3428, -1,
3598, 3501, 1017, -1,
3598, 1017, 1018, -1,
3598, 1018, 324, -1,
3598, 324, 1021, -1,
3598, 1021, 1026, -1,
3598, 1026, 323, -1,
3598, 323, 1020, -1,
3598, 1020, 1027, -1,
3598, 1027, 1024, -1,
3598, 1024, 1019, -1,
3598, 1019, 322, -1,
3598, 322, 1025, -1,
3598, 1025, 3523, -1,
3598, 3523, 3597, -1,
3558, 3500, 321, -1,
3558, 321, 971, -1,
3558, 971, 972, -1,
3558, 972, 3543, -1,
3544, 3499, 966, -1,
3544, 966, 967, -1,
3544, 967, 968, -1,
3544, 968, 3496, -1,
3544, 3496, 969, -1,
3544, 969, 970, -1,
3544, 970, 3483, -1,
3544, 3483, 948, -1,
3544, 948, 949, -1,
3544, 949, 950, -1,
3544, 950, 951, -1,
3544, 951, 3478, -1,
3544, 3478, 952, -1,
3544, 952, 953, -1,
3544, 953, 954, -1,
3544, 954, 3484, -1,
3544, 3484, 955, -1,
3544, 955, 956, -1,
3544, 956, 957, -1,
3544, 957, 3487, -1,
3544, 3487, 958, -1,
3544, 958, 959, -1,
3544, 959, 960, -1,
3544, 960, 3490, -1,
3544, 3490, 961, -1,
3544, 961, 962, -1,
3544, 962, 963, -1,
3544, 963, 3493, -1,
3544, 3493, 964, -1,
3544, 964, 965, -1,
3544, 965, 3474, -1,
3544, 3474, 3475, -1,
3498, 3496, 968, -1,
3495, 3493, 963, -1,
3492, 3490, 960, -1,
3489, 3487, 957, -1,
3486, 3484, 954, -1,
3483, 3481, 948, -1,
3480, 3478, 951, -1,
3477, 3499, 3543, -1,
3472, 3494, 3495, -1,
3470, 3491, 3492, -1,
3468, 3488, 3489, -1,
3466, 3485, 3486, -1,
3464, 3479, 3480, -1,
3561, 3481, 3482, -1,
3561, 3482, 947, -1,
3561, 947, 320, -1,
3561, 320, 3497, -1,
3561, 3497, 3498, -1,
3561, 3498, 946, -1,
3561, 946, 319, -1,
3561, 319, 3476, -1,
3561, 3476, 3477, -1,
3460, 3471, 3472, -1,
3458, 3469, 3470, -1,
3456, 3467, 3468, -1,
3454, 3465, 3466, -1,
3452, 3463, 3464, -1,
3542, 3462, 3561, -1,
3665, 3449, 318, -1,
3665, 318, 945, -1,
3665, 945, 3459, -1,
3665, 3459, 3460, -1,
3665, 3460, 317, -1,
3665, 317, 944, -1,
3665, 944, 3457, -1,
3665, 3457, 3458, -1,
3665, 3458, 316, -1,
3665, 316, 943, -1,
3665, 943, 3455, -1,
3665, 3455, 3456, -1,
3665, 3456, 315, -1,
3665, 315, 942, -1,
3665, 942, 3453, -1,
3665, 3453, 3454, -1,
3665, 3454, 314, -1,
3665, 314, 941, -1,
3665, 941, 3451, -1,
3665, 3451, 3452, -1,
3665, 3452, 313, -1,
3665, 313, 940, -1,
3665, 940, 3450, -1,
3665, 3450, 3542, -1,
3541, 3448, 937, -1,
3541, 937, 938, -1,
3541, 938, 939, -1,
3541, 939, 934, -1,
3541, 934, 935, -1,
3541, 935, 936, -1,
3541, 936, 312, -1,
3541, 312, 311, -1,
3541, 311, 932, -1,
3541, 932, 933, -1,
3541, 933, 3447, -1,
3541, 3447, 3664, -1,
3566, 3447, 926, -1,
3566, 926, 927, -1,
3566, 927, 311, -1,
3566, 311, 312, -1,
3566, 312, 928, -1,
3566, 928, 929, -1,
3566, 929, 934, -1,
3566, 934, 939, -1,
3566, 939, 930, -1,
3566, 930, 931, -1,
3566, 931, 3448, -1,
3566, 3448, 3565, -1,
3664, 3446, 924, -1,
3664, 924, 925, -1,
3664, 925, 3442, -1,
3664, 3442, 3443, -1,
3445, 3446, 3566, -1,
3440, 3441, 922, -1,
3440, 922, 923, -1,
3440, 923, 3444, -1,
3440, 3444, 3445, -1,
3440, 3438, 920, -1,
3440, 920, 921, -1,
3440, 921, 3437, -1,
3440, 3437, 3443, -1,
3649, 3437, 310, -1,
3649, 310, 919, -1,
3649, 919, 3438, -1,
3649, 3438, 3439, -1,
3539, 3436, 906, -1,
3539, 906, 309, -1,
3539, 309, 912, -1,
3539, 912, 913, -1,
3539, 913, 308, -1,
3539, 308, 907, -1,
3539, 907, 914, -1,
3539, 914, 3538, -1,
3539, 3435, 904, -1,
3539, 904, 905, -1,
3539, 905, 3432, -1,
3539, 3432, 3670, -1,
3434, 3435, 3570, -1,
3537, 3433, 3434, -1,
3667, 3429, 903, -1,
3667, 903, 307, -1,
3667, 307, 3430, -1,
3667, 3430, 3537, -1,
3520, 3427, 899, -1,
3520, 899, 306, -1,
3520, 306, 898, -1,
3520, 898, 3521, -1,
3604, 3424, 877, -1,
3604, 877, 305, -1,
3604, 305, 878, -1,
3604, 878, 325, -1,
3604, 3423, 875, -1,
3604, 875, 876, -1,
3604, 876, 3421, -1,
3604, 3421, 3519, -1,
3607, 3423, 3605, -1,
3608, 3422, 3607, -1,
3417, 3419, 3608, -1,
3632, 3415, 865, -1,
3632, 865, 304, -1,
3632, 304, 3416, -1,
3632, 3416, 3417, -1,
3632, 3417, 864, -1,
3632, 864, 872, -1,
3632, 872, 873, -1,
3632, 873, 874, -1,
3632, 874, 303, -1,
3632, 303, 869, -1,
3632, 869, 870, -1,
3632, 870, 871, -1,
3632, 871, 866, -1,
3632, 866, 867, -1,
3632, 867, 868, -1,
3632, 868, 3414, -1,
3611, 3414, 858, -1,
3611, 858, 859, -1,
3611, 859, 866, -1,
3611, 866, 871, -1,
3611, 871, 860, -1,
3611, 860, 861, -1,
3611, 861, 303, -1,
3611, 303, 874, -1,
3611, 874, 862, -1,
3611, 862, 863, -1,
3611, 863, 864, -1,
3611, 864, 3417, -1,
3517, 3413, 841, -1,
3517, 841, 842, -1,
3517, 842, 843, -1,
3517, 843, 3398, -1,
3517, 3398, 844, -1,
3517, 844, 845, -1,
3517, 845, 846, -1,
3517, 846, 3401, -1,
3517, 3401, 847, -1,
3517, 847, 848, -1,
3517, 848, 849, -1,
3517, 849, 3404, -1,
3517, 3404, 850, -1,
3517, 850, 851, -1,
3517, 851, 852, -1,
3517, 852, 3407, -1,
3517, 3407, 853, -1,
3517, 853, 854, -1,
3517, 854, 855, -1,
3517, 855, 3410, -1,
3517, 3410, 856, -1,
3517, 856, 857, -1,
3517, 857, 3396, -1,
3517, 3396, 3397, -1,
3412, 3410, 855, -1,
3409, 3407, 852, -1,
3406, 3404, 849, -1,
3403, 3401, 846, -1,
3400, 3398, 843, -1,
3513, 3395, 302, -1,
3513, 302, 833, -1,
3513, 833, 3411, -1,
3513, 3411, 3412, -1,
3513, 3412, 301, -1,
3513, 301, 832, -1,
3513, 832, 3408, -1,
3513, 3408, 3409, -1,
3513, 3409, 300, -1,
3513, 300, 831, -1,
3513, 831, 3405, -1,
3513, 3405, 3406, -1,
3513, 3406, 299, -1,
3513, 299, 830, -1,
3513, 830, 3402, -1,
3513, 3402, 3403, -1,
3513, 3403, 298, -1,
3513, 298, 829, -1,
3513, 829, 3399, -1,
3513, 3399, 3400, -1,
3513, 3400, 297, -1,
3513, 297, 828, -1,
3513, 828, 834, -1,
3513, 834, 3512, -1,
3394, 3393, 3392, -1,
3526, 3392, 3393, -1,
3526, 3393, 3684, -1,
3526, 3684, 3394, -1,
3526, 3394, 3594, -1,
3594, 3391, 296, -1,
3594, 296, 3360, -1,
3594, 3360, 3366, -1,
3594, 3366, 295, -1,
3594, 295, 3697, -1,
3594, 3697, 294, -1,
3594, 294, 3694, -1,
3594, 3694, 3388, -1,
3528, 3389, 293, -1,
3528, 293, 292, -1,
3528, 292, 291, -1,
3528, 291, 3527, -1,
3388, 3387, 3692, -1,
3528, 3386, 715, -1,
3528, 715, 290, -1,
3528, 290, 716, -1,
3528, 716, 3390, -1,
3385, 3383, 289, -1,
3385, 289, 3679, -1,
3385, 3679, 288, -1,
3576, 3688, 3341, -1,
3534, 3381, 717, -1,
3534, 717, 3678, -1,
3534, 3678, 3533, -1,
3534, 3380, 718, -1,
3534, 718, 287, -1,
3534, 287, 726, -1,
3534, 726, 286, -1,
3377, 3674, 285, -1,
3377, 285, 284, -1,
3391, 3374, 3685, -1,
3391, 3685, 3362, -1,
3373, 3371, 283, -1,
3373, 283, 3386, -1,
3373, 3386, 3364, -1,
3690, 3369, 3689, -1,
3370, 3367, 3369, -1,
3696, 3366, 3343, -1,
3365, 3364, 3693, -1,
3363, 3679, 3680, -1,
3362, 3360, 3391, -1,
3376, 3367, 3368, -1,
3359, 3357, 3619, -1,
3359, 3619, 3355, -1,
3519, 3624, 2218, -1,
3519, 2218, 3629, -1,
3519, 3629, 3630, -1,
3519, 3630, 827, -1,
3519, 827, 282, -1,
3519, 282, 826, -1,
3519, 826, 3631, -1,
3519, 3631, 3632, -1,
3350, 3368, 3370, -1,
3371, 3348, 711, -1,
3347, 3685, 3686, -1,
3345, 3370, 3690, -1,
3344, 3343, 3238, -1,
3343, 3360, 3361, -1,
3575, 3379, 3675, -1,
3575, 3675, 3378, -1,
3575, 3378, 3535, -1,
3575, 3535, 3574, -1,
3342, 3688, 3689, -1,
3342, 3689, 3369, -1,
3342, 3369, 3367, -1,
3342, 3367, 3377, -1,
3342, 3377, 3379, -1,
3593, 3692, 281, -1,
3593, 281, 3364, -1,
3593, 3364, 280, -1,
3593, 280, 3530, -1,
3593, 3530, 3592, -1,
3340, 3543, 972, -1,
3340, 972, 973, -1,
3340, 973, 279, -1,
3340, 279, 3500, -1,
3340, 3500, 3559, -1,
3569, 3538, 985, -1,
3569, 985, 992, -1,
3569, 992, 993, -1,
3569, 993, 994, -1,
3569, 994, 988, -1,
3569, 988, 995, -1,
3569, 995, 996, -1,
3569, 996, 997, -1,
3569, 997, 3329, -1,
3339, 3434, 1013, -1,
3339, 1013, 1011, -1,
3339, 1011, 1012, -1,
3339, 1012, 278, -1,
3339, 278, 1014, -1,
3339, 1014, 1015, -1,
3339, 1015, 1016, -1,
3339, 1016, 1000, -1,
3339, 1000, 1008, -1,
3339, 1008, 1009, -1,
3339, 1009, 1010, -1,
3339, 1010, 3571, -1,
3591, 4349, 4350, -1,
3591, 4350, 4351, -1,
3591, 4351, 4347, -1,
3587, 4341, 4342, -1,
3586, 4342, 4340, -1,
3584, 4337, 4336, -1,
3584, 4333, 3583, -1,
3583, 4331, 3581, -1,
3581, 4329, 3580, -1,
3580, 4325, 3578, -1,
3577, 4325, 1408, -1,
3577, 1408, 4323, -1,
3577, 4323, 4324, -1,
3532, 4324, 4322, -1,
3335, 3551, 3508, -1,
3553, 3548, 3552, -1,
3334, 3550, 3548, -1,
3557, 3546, 3556, -1,
3333, 3545, 3546, -1,
3340, 3542, 3477, -1,
3332, 3561, 3542, -1,
3567, 3445, 3566, -1,
3330, 3440, 3439, -1,
3339, 3573, 3537, -1,
3579, 3580, 3578, -1,
3582, 3583, 3581, -1,
3585, 3586, 3584, -1,
3588, 3589, 3587, -1,
3601, 3520, 3600, -1,
3609, 3417, 3608, -1,
3614, 3516, 3613, -1,
3505, 3616, 3514, -1,
3618, 3510, 3617, -1,
3328, 3508, 3510, -1,
3302, 3300, 3298, -1,
3302, 3297, 3295, -1,
3296, 3297, 3293, -1,
3296, 3293, 3294, -1,
3299, 3293, 3297, -1,
3299, 3291, 3294, -1,
3296, 3291, 3292, -1,
3296, 3292, 3098, -1,
3287, 3289, 3089, -1,
3283, 3285, 3286, -1,
3281, 3280, 3277, -1,
3279, 3280, 3283, -1,
3277, 3276, 3275, -1,
3279, 3274, 3276, -1,
3275, 3272, 3271, -1,
3273, 3270, 3272, -1,
3305, 3268, 3263, -1,
3263, 3265, 3262, -1,
3260, 3265, 3266, -1,
3262, 3259, 3258, -1,
3256, 3259, 3260, -1,
3258, 3255, 3254, -1,
3252, 3255, 3256, -1,
3308, 3250, 3252, -1,
3251, 3248, 3306, -1,
3244, 3246, 3241, -1,
3243, 3246, 3247, -1,
3241, 3240, 2785, -1,
3286, 3240, 3243, -1,
3240, 3293, 3294, -1,
3240, 3294, 3291, -1,
3240, 3291, 2785, -1,
3239, 3343, 3361, -1,
3237, 3674, 3231, -1,
3236, 3676, 2112, -1,
3235, 3690, 3691, -1,
3234, 3696, 3344, -1,
3233, 3373, 3365, -1,
3232, 3680, 3236, -1,
3346, 3361, 3362, -1,
3231, 3368, 3349, -1,
3026, 3025, 277, -1,
3026, 277, 3011, -1,
3024, 3022, 276, -1,
3024, 276, 3029, -1,
3021, 3019, 2913, -1,
3021, 2913, 3017, -1,
3125, 3017, 3131, -1,
3126, 3018, 3125, -1,
3035, 3126, 3127, -1,
3035, 3127, 3015, -1,
3035, 3015, 3074, -1,
3026, 3010, 275, -1,
3026, 275, 3014, -1,
3009, 3008, 274, -1,
3009, 274, 2992, -1,
3007, 3112, 3001, -1,
3006, 3115, 3007, -1,
3043, 3005, 3117, -1,
3043, 3117, 3118, -1,
3043, 3118, 3006, -1,
3121, 3011, 3133, -1,
3121, 3133, 3123, -1,
3138, 3133, 3011, -1,
3138, 3011, 277, -1,
3047, 3006, 3004, -1,
3044, 3004, 3003, -1,
3004, 3007, 3002, -1,
3003, 3002, 3000, -1,
3002, 3001, 2999, -1,
3000, 2999, 2998, -1,
2998, 2997, 2988, -1,
2992, 2995, 3009, -1,
3009, 2993, 2991, -1,
3014, 2991, 3026, -1,
3037, 3016, 3035, -1,
3044, 2990, 3037, -1,
2990, 3018, 3016, -1,
3003, 2989, 2990, -1,
2989, 3017, 3018, -1,
3000, 3021, 2989, -1,
2998, 3020, 3021, -1,
3023, 2986, 2987, -1,
3024, 2993, 2986, -1,
3029, 2991, 3024, -1,
3254, 2984, 273, -1,
3254, 273, 3251, -1,
3258, 2980, 3119, -1,
3258, 3119, 272, -1,
3258, 272, 3254, -1,
2979, 2977, 2976, -1,
2976, 2974, 2971, -1,
2973, 2971, 2974, -1,
2973, 2974, 2975, -1,
2973, 2969, 2977, -1,
2973, 2977, 271, -1,
2976, 2968, 3129, -1,
2976, 3129, 2953, -1,
2976, 2953, 2957, -1,
2967, 2965, 2915, -1,
2967, 2915, 2963, -1,
2967, 2963, 2964, -1,
2960, 2961, 2967, -1,
2958, 2956, 2955, -1,
2958, 2954, 2952, -1,
2960, 2948, 3114, -1,
2960, 3114, 2916, -1,
2960, 2916, 2959, -1,
2946, 2947, 2950, -1,
2944, 2943, 2942, -1,
2944, 2941, 2938, -1,
2944, 2938, 2939, -1,
2952, 2940, 2943, -1,
2946, 2935, 2945, -1,
2934, 2932, 2931, -1,
2934, 2936, 2946, -1,
2933, 2929, 2932, -1,
2928, 2926, 2911, -1,
2928, 2911, 2912, -1,
2928, 2912, 2925, -1,
2979, 2925, 2978, -1,
2922, 2924, 2914, -1,
2922, 2914, 2923, -1,
2922, 2923, 2927, -1,
3128, 2943, 2942, -1,
3128, 2942, 2941, -1,
3128, 2941, 3137, -1,
3128, 3137, 270, -1,
3128, 270, 269, -1,
3116, 2917, 3120, -1,
3116, 3120, 2929, -1,
3116, 2929, 2932, -1,
3116, 2932, 2931, -1,
3116, 2931, 2936, -1,
3116, 2936, 2935, -1,
2999, 2965, 2915, -1,
2999, 2915, 2997, -1,
3001, 2916, 2959, -1,
3001, 2959, 2961, -1,
3001, 2961, 2966, -1,
3001, 2966, 2965, -1,
2997, 2963, 2962, -1,
2997, 2962, 2924, -1,
2997, 2924, 2914, -1,
2988, 2914, 2923, -1,
2988, 2923, 2926, -1,
2988, 2926, 2911, -1,
3017, 2974, 2971, -1,
3017, 2971, 2968, -1,
3017, 2968, 3131, -1,
3020, 2925, 2978, -1,
3020, 2978, 2977, -1,
3020, 2977, 2969, -1,
3020, 2969, 3019, -1,
2988, 2912, 3020, -1,
3116, 2945, 2947, -1,
3116, 2947, 2949, -1,
3116, 2949, 2948, -1,
3116, 2948, 3114, -1,
3120, 2930, 2929, -1,
3120, 2980, 268, -1,
3120, 268, 267, -1,
3120, 267, 2910, -1,
3128, 2953, 2956, -1,
3128, 2956, 2955, -1,
3128, 2955, 2954, -1,
3128, 2954, 2951, -1,
3128, 2951, 2940, -1,
3137, 2938, 2937, -1,
3137, 2937, 2909, -1,
3137, 2908, 266, -1,
3137, 266, 3136, -1,
2846, 2847, 265, -1,
2846, 265, 2835, -1,
2845, 2843, 264, -1,
2845, 264, 2849, -1,
3106, 2841, 3104, -1,
3107, 2842, 3106, -1,
2855, 3107, 3108, -1,
2855, 3108, 2839, -1,
2855, 2839, 2894, -1,
2846, 2834, 2837, -1,
2846, 2837, 2838, -1,
2833, 2832, 263, -1,
2833, 263, 2815, -1,
2829, 2830, 2744, -1,
2829, 2744, 2820, -1,
2828, 3095, 2831, -1,
2827, 3091, 2828, -1,
2863, 2826, 3093, -1,
2863, 3093, 3094, -1,
2863, 3094, 2827, -1,
3100, 2835, 3295, -1,
3100, 3295, 3296, -1,
3111, 3295, 2835, -1,
3111, 2835, 265, -1,
2867, 2827, 2825, -1,
2864, 2825, 2824, -1,
2825, 2828, 2823, -1,
2824, 2823, 2822, -1,
2823, 2831, 2829, -1,
2822, 2829, 2821, -1,
2821, 2820, 2810, -1,
2815, 2818, 2833, -1,
2833, 2816, 2814, -1,
2838, 2814, 2846, -1,
2857, 2840, 2855, -1,
2864, 2813, 2857, -1,
2813, 2842, 2840, -1,
2824, 2812, 2813, -1,
2812, 2841, 2842, -1,
2822, 2811, 2812, -1,
2821, 2809, 2811, -1,
2844, 2807, 2808, -1,
2845, 2816, 2807, -1,
2849, 2814, 2845, -1,
2806, 2804, 2736, -1,
2803, 2801, 2798, -1,
2800, 2805, 2806, -1,
2800, 2798, 2799, -1,
2794, 2792, 2791, -1,
2794, 2795, 262, -1,
2794, 262, 2793, -1,
2791, 2788, 2786, -1,
2787, 2786, 2764, -1,
3281, 2784, 261, -1,
3281, 261, 3301, -1,
3281, 3301, 260, -1,
2781, 2779, 2743, -1,
2781, 2743, 259, -1,
2775, 2779, 2755, -1,
2778, 2770, 3097, -1,
2778, 3097, 258, -1,
2769, 2772, 2741, -1,
2769, 2741, 2740, -1,
2769, 2740, 2768, -1,
2766, 2767, 2760, -1,
2787, 2765, 2771, -1,
2763, 2762, 2761, -1,
2763, 2789, 2803, -1,
2766, 2759, 3105, -1,
2766, 3105, 2762, -1,
2758, 2756, 2742, -1,
2758, 2742, 2750, -1,
2758, 2750, 2753, -1,
2775, 2757, 2758, -1,
2754, 2752, 2739, -1,
2754, 2739, 2751, -1,
2754, 2751, 2774, -1,
3109, 2798, 2799, -1,
3109, 2799, 2805, -1,
3109, 2805, 2804, -1,
3109, 2804, 3110, -1,
3109, 3110, 257, -1,
3109, 257, 256, -1,
3092, 2745, 3101, -1,
3092, 3101, 262, -1,
3092, 262, 2793, -1,
3092, 2793, 2792, -1,
3092, 2792, 2790, -1,
3092, 2790, 2788, -1,
2820, 2743, 2779, -1,
2820, 2779, 2755, -1,
2820, 2755, 2757, -1,
2820, 2757, 2756, -1,
2742, 2820, 2756, -1,
2811, 2741, 2740, -1,
2811, 2740, 2841, -1,
2841, 2768, 2767, -1,
2841, 2767, 2760, -1,
2841, 2760, 2759, -1,
2841, 2759, 3104, -1,
2809, 2751, 2773, -1,
2809, 2773, 2772, -1,
2809, 2772, 2741, -1,
2810, 2750, 2752, -1,
2810, 2752, 2739, -1,
2810, 2739, 2809, -1,
3092, 2786, 2764, -1,
3092, 2764, 2765, -1,
3092, 2765, 2770, -1,
3092, 2770, 3097, -1,
3101, 2796, 2795, -1,
3101, 2795, 262, -1,
3101, 2737, 255, -1,
3101, 255, 2738, -1,
3109, 2762, 2761, -1,
3109, 2761, 2789, -1,
3109, 2789, 2802, -1,
3109, 2802, 2801, -1,
3110, 2736, 2735, -1,
3110, 2734, 254, -1,
3110, 254, 260, -1,
3110, 260, 3301, -1,
2673, 2674, 253, -1,
2673, 253, 2662, -1,
2672, 2670, 252, -1,
2672, 252, 2676, -1,
2669, 2667, 251, -1,
2682, 2669, 2556, -1,
2682, 2556, 2666, -1,
2682, 2666, 2720, -1,
2673, 2661, 250, -1,
2673, 250, 2665, -1,
2660, 2659, 249, -1,
2660, 249, 2644, -1,
2658, 2656, 2653, -1,
2690, 2655, 481, -1,
2690, 481, 2657, -1,
2690, 2657, 2658, -1,
2694, 2658, 2654, -1,
2691, 2654, 2652, -1,
2654, 2653, 2651, -1,
2652, 2651, 2650, -1,
2650, 2649, 2640, -1,
2644, 2647, 2660, -1,
2660, 2645, 2643, -1,
2665, 2643, 2673, -1,
2684, 2668, 2682, -1,
2691, 2642, 2684, -1,
2642, 2667, 2668, -1,
2652, 2641, 2642, -1,
2650, 2639, 2641, -1,
2671, 2637, 2638, -1,
2672, 2645, 2637, -1,
2676, 2643, 2672, -1,
2636, 2634, 248, -1,
2635, 2632, 2631, -1,
2630, 2628, 2627, -1,
2627, 2625, 2590, -1,
2624, 2622, 2618, -1,
2621, 2619, 2596, -1,
2624, 2620, 2621, -1,
2616, 2614, 2612, -1,
2613, 2612, 2608, -1,
2613, 2610, 2611, -1,
2607, 2606, 2602, -1,
2605, 2603, 2598, -1,
2605, 2598, 2599, -1,
2605, 2599, 2560, -1,
2605, 2560, 2601, -1,
2605, 2601, 2633, -1,
2607, 2604, 2605, -1,
2633, 2600, 2587, -1,
2599, 2597, 2595, -1,
2590, 2588, 2581, -1,
2590, 2581, 2582, -1,
2589, 2584, 2562, -1,
2589, 2562, 2549, -1,
2589, 2549, 2593, -1,
2589, 2593, 2591, -1,
2583, 2581, 2579, -1,
2583, 2580, 2616, -1,
2636, 2575, 2571, -1,
2576, 2577, 2561, -1,
2576, 2561, 2575, -1,
2574, 2572, 2578, -1,
2574, 2578, 2590, -1,
2636, 2570, 2550, -1,
2636, 2550, 2563, -1,
2636, 2563, 2569, -1,
2636, 2569, 2630, -1,
2630, 2573, 2574, -1,
2568, 2566, 2545, -1,
3263, 2565, 247, -1,
3263, 247, 2567, -1,
3263, 2567, 2568, -1,
2640, 2563, 2569, -1,
2640, 2569, 2573, -1,
2640, 2573, 2572, -1,
2640, 2572, 2639, -1,
2641, 2562, 2549, -1,
2641, 2549, 2667, -1,
2640, 2561, 2575, -1,
2640, 2575, 2571, -1,
2640, 2571, 2570, -1,
2640, 2570, 2564, -1,
2651, 2560, 2601, -1,
2651, 2601, 2600, -1,
2651, 2600, 2649, -1,
2733, 2558, 246, -1,
2733, 246, 2662, -1,
2733, 2662, 253, -1,
2557, 2669, 251, -1,
2557, 251, 2592, -1,
2557, 2592, 2591, -1,
2557, 2591, 2589, -1,
2557, 2589, 2588, -1,
2555, 2553, 2557, -1,
2555, 2557, 2614, -1,
2555, 2614, 2612, -1,
2555, 2612, 2608, -1,
2555, 2608, 2610, -1,
2555, 2610, 2609, -1,
2555, 2609, 2546, -1,
3287, 2662, 246, -1,
3287, 246, 2544, -1,
2552, 2598, 2597, -1,
2552, 2597, 2594, -1,
2552, 2594, 2656, -1,
2552, 2656, 2657, -1,
2552, 2657, 481, -1,
3090, 2617, 2622, -1,
3090, 2622, 2618, -1,
3090, 2618, 2620, -1,
3090, 2620, 2619, -1,
3090, 2619, 2552, -1,
3090, 2552, 245, -1,
3090, 245, 244, -1,
2653, 2594, 2595, -1,
2653, 2595, 2599, -1,
2653, 2599, 2560, -1,
2667, 2593, 2592, -1,
2667, 2592, 251, -1,
2552, 2596, 2606, -1,
2552, 2606, 2602, -1,
2552, 2602, 2604, -1,
2552, 2604, 2603, -1,
3090, 2547, 243, -1,
3090, 243, 2548, -1,
2557, 2581, 2579, -1,
2557, 2579, 2580, -1,
2557, 2580, 2615, -1,
2557, 2615, 2614, -1,
2546, 2566, 2555, -1,
2555, 2567, 247, -1,
3287, 2543, 2710, -1,
2710, 2542, 2541, -1,
2733, 2539, 2559, -1,
2729, 2537, 2539, -1,
2527, 2525, 3839, -1,
3698, 3839, 3840, -1,
2521, 2519, 2517, -1,
2521, 2517, 2518, -1,
2521, 2518, 2515, -1,
2516, 2518, 2514, -1,
2516, 2513, 242, -1,
2516, 242, 2507, -1,
3623, 3327, 3325, -1,
3717, 4236, 4237, -1,
2214, 2212, 241, -1,
2211, 2209, 240, -1,
2211, 240, 239, -1,
2211, 239, 238, -1,
2208, 2206, 1605, -1,
2205, 2203, 2208, -1,
2205, 2208, 1605, -1,
2205, 1605, 1641, -1,
2205, 2201, 443, -1,
2205, 443, 237, -1,
2205, 237, 236, -1,
2205, 236, 235, -1,
2205, 235, 234, -1,
2205, 234, 233, -1,
2205, 233, 1568, -1,
2205, 1568, 1590, -1,
2205, 1590, 2204, -1,
2200, 2198, 232, -1,
2200, 232, 231, -1,
2200, 231, 230, -1,
2200, 230, 444, -1,
2200, 444, 445, -1,
2200, 445, 446, -1,
2200, 446, 448, -1,
2200, 448, 1575, -1,
2200, 1575, 2197, -1,
2197, 2195, 1661, -1,
2197, 1661, 1664, -1,
2197, 1664, 2200, -1,
2195, 2193, 1661, -1,
2192, 2190, 1603, -1,
2189, 2190, 2191, -1,
2187, 2185, 2180, -1,
2184, 2182, 2180, -1,
2181, 2180, 2182, -1,
2179, 2177, 2176, -1,
2176, 2175, 686, -1,
2174, 2172, 684, -1,
2172, 2171, 1669, -1,
2170, 2168, 2167, -1,
2167, 2166, 1674, -1,
2165, 2163, 2162, -1,
2162, 2161, 683, -1,
2160, 2158, 1944, -1,
2157, 2159, 2160, -1,
2157, 2160, 1941, -1,
2157, 1941, 2155, -1,
2157, 2154, 461, -1,
2157, 461, 229, -1,
2157, 229, 228, -1,
2157, 228, 227, -1,
2157, 227, 463, -1,
2157, 463, 464, -1,
2157, 464, 465, -1,
2157, 465, 462, -1,
2157, 462, 226, -1,
2153, 2151, 469, -1,
2153, 469, 466, -1,
2153, 466, 225, -1,
2153, 225, 224, -1,
2153, 224, 223, -1,
2153, 223, 222, -1,
2153, 222, 221, -1,
2153, 221, 1849, -1,
2153, 1849, 1851, -1,
2152, 2150, 2148, -1,
2152, 2148, 2149, -1,
2152, 2149, 1877, -1,
2149, 2147, 1880, -1,
2146, 2144, 2142, -1,
2143, 2144, 1881, -1,
2141, 2139, 1920, -1,
2138, 2137, 1871, -1,
2136, 2140, 2141, -1,
2135, 2133, 691, -1,
2134, 2131, 2133, -1,
2130, 2128, 693, -1,
2128, 2126, 693, -1,
2125, 2123, 690, -1,
2124, 2121, 2123, -1,
2120, 2118, 688, -1,
2119, 2116, 2118, -1,
2113, 2112, 704, -1,
2113, 704, 680, -1,
2113, 680, 3237, -1,
2113, 3237, 3231, -1,
2113, 3231, 2103, -1,
2111, 3346, 3347, -1,
2111, 3347, 220, -1,
2111, 220, 705, -1,
2111, 705, 711, -1,
2111, 711, 3348, -1,
2109, 3345, 3235, -1,
2107, 3344, 1560, -1,
2110, 2105, 699, -1,
2110, 699, 3344, -1,
2110, 3344, 2114, -1,
2110, 2114, 695, -1,
2110, 695, 219, -1,
2110, 219, 2100, -1,
2110, 2100, 3346, -1,
3348, 2104, 697, -1,
3348, 697, 698, -1,
3348, 698, 2111, -1,
2103, 2102, 694, -1,
2103, 694, 218, -1,
2103, 218, 2115, -1,
2103, 2115, 3345, -1,
2103, 3345, 701, -1,
2103, 701, 702, -1,
2103, 702, 217, -1,
3236, 2101, 216, -1,
3236, 216, 215, -1,
3236, 215, 3232, -1,
2082, 2083, 2029, -1,
2078, 2081, 1940, -1,
2078, 1940, 1933, -1,
2078, 1933, 2082, -1,
2078, 2082, 2029, -1,
2078, 2029, 2062, -1,
2078, 2062, 2063, -1,
2078, 2063, 2064, -1,
2078, 2064, 2054, -1,
2078, 2054, 2030, -1,
2078, 2030, 2031, -1,
2078, 2031, 214, -1,
2078, 214, 2056, -1,
2078, 2056, 1872, -1,
2078, 1872, 1873, -1,
2078, 1873, 213, -1,
2078, 213, 2060, -1,
2077, 2075, 1885, -1,
2077, 1885, 687, -1,
2074, 2072, 1845, -1,
2074, 1845, 1965, -1,
2074, 1965, 212, -1,
2071, 2069, 211, -1,
2065, 2066, 210, -1,
2065, 210, 1896, -1,
2065, 2063, 2068, -1,
2063, 2061, 2068, -1,
2060, 2059, 2078, -1,
2058, 2056, 214, -1,
2055, 2064, 2065, -1,
2055, 2065, 1896, -1,
2055, 1896, 1896, -1,
2053, 2060, 213, -1,
2076, 2051, 212, -1,
2050, 2048, 209, -1,
2047, 2097, 2098, -1,
2046, 2045, 2044, -1,
2046, 2093, 2097, -1,
2043, 2041, 2094, -1,
2043, 2094, 2093, -1,
2043, 2093, 2044, -1,
2043, 2044, 2047, -1,
2043, 2047, 2098, -1,
2043, 2098, 2095, -1,
2043, 2095, 2040, -1,
2041, 2093, 2044, -1,
2041, 2044, 2045, -1,
2041, 2045, 2042, -1,
2028, 2026, 2024, -1,
2025, 2024, 1551, -1,
2023, 2026, 2027, -1,
2021, 2019, 1862, -1,
2019, 2018, 208, -1,
2018, 2016, 208, -1,
2019, 2012, 1862, -1,
2016, 2010, 208, -1,
2010, 2019, 208, -1,
2012, 2008, 2004, -1,
2010, 2007, 2006, -1,
2006, 2013, 2010, -1,
2040, 2005, 2043, -1,
2004, 2003, 1996, -1,
2003, 2006, 207, -1,
2006, 2002, 207, -1,
2003, 1999, 1996, -1,
1998, 2003, 207, -1,
2002, 1998, 207, -1,
1995, 1993, 1990, -1,
1992, 2000, 1998, -1,
1990, 1988, 1995, -1,
1997, 1986, 1992, -1,
1997, 1992, 1998, -1,
1999, 1991, 206, -1,
1999, 206, 205, -1,
1999, 205, 204, -1,
1999, 204, 203, -1,
1999, 203, 473, -1,
2036, 1999, 473, -1,
2036, 473, 474, -1,
2036, 474, 1984, -1,
2036, 1984, 1985, -1,
1985, 1983, 202, -1,
1985, 202, 201, -1,
1985, 201, 472, -1,
1985, 472, 1988, -1,
1985, 1988, 1989, -1,
1982, 1980, 1969, -1,
1979, 1977, 1976, -1,
1976, 1981, 1979, -1,
2042, 1974, 2041, -1,
1977, 2075, 2076, -1,
1977, 2076, 212, -1,
1977, 212, 1965, -1,
1985, 1973, 1843, -1,
1973, 1990, 200, -1,
1990, 1972, 200, -1,
1969, 1968, 1959, -1,
1968, 1976, 199, -1,
1976, 1967, 199, -1,
1967, 1965, 198, -1,
1967, 198, 1845, -1,
1968, 1963, 1959, -1,
1967, 1961, 199, -1,
1961, 1968, 199, -1,
1973, 1982, 1843, -1,
1972, 1979, 200, -1,
1979, 1973, 200, -1,
2018, 1958, 1952, -1,
1957, 1964, 1961, -1,
1961, 1955, 1957, -1,
1963, 1956, 197, -1,
1963, 197, 196, -1,
1963, 196, 195, -1,
1963, 195, 194, -1,
1963, 194, 1951, -1,
2021, 1953, 193, -1,
2021, 193, 192, -1,
2021, 192, 470, -1,
2021, 470, 1958, -1,
2021, 1958, 2020, -1,
2017, 1952, 191, -1,
2017, 191, 1838, -1,
1960, 1951, 471, -1,
1960, 471, 1954, -1,
1960, 1954, 2021, -1,
1960, 2021, 190, -1,
1960, 190, 1834, -1,
1960, 1834, 2050, -1,
1960, 2050, 209, -1,
1960, 209, 1840, -1,
2041, 1950, 440, -1,
2041, 440, 189, -1,
2041, 189, 1835, -1,
2041, 1835, 1836, -1,
2041, 1836, 188, -1,
2041, 188, 589, -1,
2041, 589, 590, -1,
2041, 590, 2094, -1,
1949, 2040, 2095, -1,
1949, 2095, 187, -1,
2042, 1948, 1971, -1,
2043, 1945, 2038, -1,
1944, 1942, 2160, -1,
2116, 1937, 1938, -1,
2116, 1938, 1939, -1,
1936, 1935, 1934, -1,
2122, 1934, 689, -1,
2122, 689, 2121, -1,
2127, 1932, 692, -1,
2127, 692, 2126, -1,
2131, 1930, 1928, -1,
2131, 1928, 1929, -1,
1929, 2084, 2085, -1,
1931, 2085, 2082, -1,
1931, 2082, 1933, -1,
1939, 2081, 2079, -1,
1939, 2079, 2033, -1,
1939, 2033, 1936, -1,
1925, 1924, 186, -1,
1925, 186, 689, -1,
1925, 689, 1934, -1,
1925, 1934, 1927, -1,
1927, 2147, 2148, -1,
1927, 2148, 1925, -1,
1923, 1935, 2033, -1,
1922, 2084, 1928, -1,
1944, 1928, 1930, -1,
1944, 1930, 1921, -1,
1944, 1921, 1943, -1,
1940, 1932, 1933, -1,
1924, 1921, 692, -1,
1924, 692, 1932, -1,
1924, 1932, 1938, -1,
1924, 1938, 1937, -1,
1924, 1937, 186, -1,
1920, 1919, 1916, -1,
2052, 1917, 2051, -1,
1918, 1916, 1917, -1,
2058, 1914, 2057, -1,
1919, 1913, 1914, -1,
1919, 1914, 1915, -1,
1919, 1915, 185, -1,
1907, 1911, 1908, -1,
1907, 1908, 1909, -1,
1906, 2053, 213, -1,
1906, 213, 1873, -1,
1904, 2054, 2055, -1,
1904, 2055, 1897, -1,
1903, 1901, 1846, -1,
1901, 1899, 1846, -1,
2073, 1903, 2072, -1,
1899, 1898, 1844, -1,
1897, 1896, 1912, -1,
1897, 1912, 1910, -1,
1898, 1910, 1907, -1,
1898, 1907, 1844, -1,
1895, 1893, 1892, -1,
1895, 1892, 1905, -1,
1905, 2070, 2053, -1,
1891, 1889, 1888, -1,
1888, 1886, 1891, -1,
1890, 1895, 1889, -1,
1885, 1887, 687, -1,
1914, 2140, 1870, -1,
2141, 1883, 2136, -1,
2052, 1883, 1884, -1,
2052, 1884, 1918, -1,
1913, 2140, 2138, -1,
1884, 1920, 1918, -1,
2074, 1917, 1882, -1,
2074, 1882, 1833, -1,
1882, 1881, 1833, -1,
1880, 1878, 1893, -1,
1880, 1894, 1876, -1,
1880, 1876, 2149, -1,
1911, 2158, 2159, -1,
1911, 2159, 1908, -1,
1875, 1912, 1896, -1,
1875, 1896, 210, -1,
2146, 1904, 2145, -1,
2030, 1874, 2031, -1,
1906, 1872, 1870, -1,
2138, 1906, 1870, -1,
2138, 1914, 1913, -1,
1870, 2056, 2057, -1,
1870, 2057, 1914, -1,
2033, 1868, 1869, -1,
2032, 1879, 1868, -1,
2147, 1869, 1880, -1,
2029, 1866, 2068, -1,
2066, 1866, 1865, -1,
1863, 1865, 1864, -1,
1863, 1875, 210, -1,
1944, 1867, 1922, -1,
1862, 2015, 190, -1,
1862, 190, 2021, -1,
1861, 2155, 1860, -1,
2016, 2154, 1861, -1,
1862, 2009, 2014, -1,
1859, 1861, 1860, -1,
1859, 1941, 1942, -1,
1859, 1942, 1857, -1,
1861, 2011, 2016, -1,
2004, 2009, 2012, -1,
1859, 1856, 1855, -1,
1855, 1858, 1859, -1,
1924, 1857, 1943, -1,
2011, 1854, 2007, -1,
1853, 1855, 1850, -1,
1855, 1852, 1850, -1,
2002, 1854, 1853, -1,
2004, 2037, 2001, -1,
2004, 2001, 2005, -1,
2153, 1853, 1850, -1,
1850, 1926, 2150, -1,
1850, 2150, 2153, -1,
1853, 1997, 2002, -1,
1997, 1849, 184, -1,
1997, 184, 467, -1,
1997, 467, 468, -1,
1997, 468, 469, -1,
1997, 469, 2151, -1,
1997, 2151, 1993, -1,
1997, 1993, 1994, -1,
1997, 1994, 475, -1,
1997, 475, 1987, -1,
1969, 1975, 1982, -1,
1970, 2036, 1985, -1,
1970, 1985, 1843, -1,
1848, 2152, 1847, -1,
1972, 2151, 1848, -1,
1974, 1959, 1960, -1,
1974, 1960, 1966, -1,
1846, 1909, 2156, -1,
1846, 2156, 2157, -1,
1962, 1845, 2072, -1,
1962, 2072, 1903, -1,
1962, 1903, 226, -1,
1903, 2157, 226, -1,
1909, 1844, 1907, -1,
1843, 1975, 1970, -1,
1891, 1848, 1847, -1,
1891, 1877, 1876, -1,
1891, 1876, 1890, -1,
1842, 1840, 209, -1,
1842, 209, 2048, -1,
1839, 2050, 1834, -1,
1839, 1834, 1831, -1,
2017, 1837, 1955, -1,
2017, 1955, 1962, -1,
2017, 1962, 226, -1,
2017, 226, 462, -1,
2017, 462, 183, -1,
2017, 183, 182, -1,
2017, 182, 460, -1,
2017, 460, 461, -1,
2017, 461, 2154, -1,
1840, 1835, 181, -1,
1840, 181, 439, -1,
1840, 439, 1950, -1,
1840, 1950, 1966, -1,
1840, 1966, 1960, -1,
2015, 1834, 190, -1,
2049, 1842, 2048, -1,
2036, 1947, 2034, -1,
2037, 1946, 2001, -1,
1833, 1917, 2058, -1,
1833, 2058, 214, -1,
1833, 214, 2030, -1,
1833, 2030, 2031, -1,
1832, 1831, 591, -1,
1830, 1839, 1832, -1,
1829, 1842, 1830, -1,
1825, 1827, 1828, -1,
1820, 1818, 1636, -1,
1820, 1636, 1601, -1,
1820, 1601, 1797, -1,
1820, 1797, 1798, -1,
1820, 1798, 1771, -1,
1820, 1771, 1769, -1,
1820, 1769, 1773, -1,
1820, 1773, 1772, -1,
1820, 1772, 1802, -1,
1820, 1802, 1770, -1,
1820, 1770, 1824, -1,
1820, 1824, 1825, -1,
1820, 1825, 1672, -1,
1820, 1672, 1680, -1,
1820, 1680, 1823, -1,
1820, 1823, 1821, -1,
1817, 1815, 1565, -1,
1817, 1565, 1794, -1,
1814, 1812, 1706, -1,
1814, 1706, 1628, -1,
1814, 1628, 1629, -1,
1811, 1809, 1622, -1,
1805, 1803, 1807, -1,
1805, 1807, 1808, -1,
1805, 1802, 1772, -1,
1802, 1801, 1770, -1,
1819, 1800, 1811, -1,
1799, 1797, 1648, -1,
1796, 1804, 1805, -1,
1796, 1805, 1772, -1,
1796, 1772, 1773, -1,
1795, 1819, 1811, -1,
1794, 1793, 1651, -1,
1792, 1790, 1567, -1,
1789, 2092, 1788, -1,
1788, 1786, 1789, -1,
1788, 2086, 1787, -1,
1785, 2089, 2091, -1,
1785, 2091, 1789, -1,
1785, 1789, 1787, -1,
1785, 1787, 2086, -1,
1785, 2086, 2087, -1,
1785, 2087, 1783, -1,
1785, 1783, 1782, -1,
1783, 1786, 1787, -1,
1783, 1787, 2086, -1,
1783, 2086, 2087, -1,
1768, 1766, 1762, -1,
1765, 1767, 1768, -1,
1763, 1766, 1557, -1,
1761, 1759, 1693, -1,
1759, 1757, 1693, -1,
1757, 1756, 1692, -1,
1759, 1753, 1746, -1,
1756, 1752, 1587, -1,
1752, 1759, 1746, -1,
1753, 1749, 1746, -1,
1752, 1747, 1587, -1,
1748, 1746, 1749, -1,
1784, 1745, 1751, -1,
1750, 1743, 1749, -1,
1743, 1748, 1749, -1,
1748, 1741, 1747, -1,
1743, 1739, 1733, -1,
1738, 1743, 1733, -1,
1741, 1738, 1731, -1,
1737, 1735, 458, -1,
1734, 1733, 459, -1,
1736, 1732, 1726, -1,
1731, 1734, 180, -1,
1731, 180, 1579, -1,
1739, 1729, 179, -1,
1739, 179, 455, -1,
1739, 455, 456, -1,
1739, 456, 459, -1,
1739, 459, 1733, -1,
1777, 1727, 457, -1,
1777, 457, 1730, -1,
1777, 1730, 1739, -1,
1777, 1739, 1779, -1,
1728, 1732, 178, -1,
1728, 178, 177, -1,
1728, 177, 176, -1,
1728, 176, 175, -1,
1728, 175, 1727, -1,
1725, 1723, 1719, -1,
1722, 1720, 1566, -1,
1721, 1719, 1723, -1,
1782, 1718, 1701, -1,
1720, 1813, 1794, -1,
1720, 1794, 1565, -1,
1720, 1565, 1566, -1,
1728, 1716, 1726, -1,
1716, 1736, 1726, -1,
1736, 1714, 1735, -1,
1724, 1710, 1723, -1,
1710, 1721, 1723, -1,
1721, 1708, 1720, -1,
1708, 1705, 1812, -1,
1708, 1812, 1720, -1,
1710, 1704, 1697, -1,
1708, 1703, 1574, -1,
1703, 1710, 1697, -1,
1716, 1725, 1719, -1,
1714, 1722, 1566, -1,
1722, 1716, 1719, -1,
1757, 1699, 1693, -1,
1698, 1697, 454, -1,
1703, 1696, 1574, -1,
1704, 1694, 174, -1,
1704, 174, 449, -1,
1704, 449, 450, -1,
1704, 450, 454, -1,
1704, 454, 1697, -1,
1761, 1699, 173, -1,
1761, 173, 172, -1,
1761, 172, 171, -1,
1761, 171, 170, -1,
1761, 170, 451, -1,
1692, 1690, 1700, -1,
1692, 1700, 1757, -1,
1702, 1791, 1792, -1,
1702, 1792, 1569, -1,
1702, 1569, 1593, -1,
1702, 1593, 1761, -1,
1702, 1761, 451, -1,
1702, 451, 452, -1,
1702, 452, 1695, -1,
1702, 1695, 1704, -1,
1783, 1688, 588, -1,
1783, 588, 169, -1,
1783, 169, 168, -1,
1783, 168, 436, -1,
1783, 436, 437, -1,
1783, 437, 438, -1,
1783, 438, 167, -1,
1783, 167, 1707, -1,
1687, 2089, 1784, -1,
1687, 1784, 1754, -1,
1782, 1685, 1781, -1,
1785, 1683, 1682, -1,
2207, 1681, 1658, -1,
2161, 1679, 1654, -1,
2161, 1654, 683, -1,
1677, 1675, 1775, -1,
1674, 1673, 1676, -1,
1674, 1676, 1677, -1,
1669, 1668, 1670, -1,
1669, 1670, 1671, -1,
2175, 1666, 685, -1,
2175, 685, 686, -1,
1667, 1826, 1666, -1,
1671, 1825, 1828, -1,
1671, 1828, 1667, -1,
1678, 1775, 1822, -1,
1678, 1822, 1823, -1,
1678, 1823, 1680, -1,
1663, 1676, 1673, -1,
1663, 1673, 1655, -1,
1663, 1655, 1656, -1,
1663, 1656, 1662, -1,
1665, 1661, 2193, -1,
1665, 2193, 1660, -1,
1660, 1675, 1665, -1,
1659, 1826, 1827, -1,
2207, 1657, 685, -1,
2207, 685, 1666, -1,
2207, 1666, 1659, -1,
1680, 1670, 1679, -1,
1656, 1654, 1679, -1,
1656, 1679, 1670, -1,
1656, 1670, 1668, -1,
1656, 1668, 1657, -1,
1656, 1657, 1658, -1,
2186, 1652, 2185, -1,
1651, 1650, 1649, -1,
1649, 1653, 2186, -1,
1799, 1647, 1645, -1,
1652, 1645, 1647, -1,
1652, 1647, 1612, -1,
1652, 1612, 2185, -1,
1638, 1640, 1642, -1,
1638, 1642, 1643, -1,
1637, 1818, 1795, -1,
1637, 1795, 1624, -1,
1635, 1796, 1773, -1,
1635, 1773, 1769, -1,
1633, 1631, 682, -1,
1631, 1630, 710, -1,
1629, 1633, 682, -1,
1630, 1626, 710, -1,
1634, 1644, 1804, -1,
1634, 1804, 1796, -1,
1626, 1638, 1643, -1,
1626, 1643, 1634, -1,
1625, 1623, 1609, -1,
1625, 1609, 1573, -1,
1624, 1622, 1623, -1,
1621, 1619, 1617, -1,
1620, 1618, 1616, -1,
1617, 1625, 1573, -1,
1815, 1616, 1618, -1,
1647, 2180, 2185, -1,
2187, 1614, 1613, -1,
1651, 1613, 1614, -1,
1651, 1614, 1817, -1,
1612, 2180, 2185, -1,
1613, 2186, 2187, -1,
1814, 1610, 1650, -1,
1814, 1650, 1793, -1,
1610, 2188, 2189, -1,
2194, 1608, 1607, -1,
2194, 1606, 1573, -1,
2194, 1573, 1609, -1,
1642, 1605, 2206, -1,
1642, 2206, 1604, -1,
1604, 1804, 1644, -1,
1604, 1644, 1642, -1,
2192, 1635, 1602, -1,
1769, 1602, 1635, -1,
1637, 1601, 1636, -1,
2184, 1637, 2183, -1,
2184, 1647, 1615, -1,
1615, 1648, 1797, -1,
1615, 1797, 1601, -1,
1775, 1600, 1774, -1,
1774, 1607, 1809, -1,
2193, 1599, 1660, -1,
1824, 1598, 1597, -1,
1807, 1598, 1808, -1,
1594, 1596, 1807, -1,
1594, 1604, 1595, -1,
2207, 1597, 2206, -1,
1760, 1593, 1754, -1,
1760, 1754, 1755, -1,
1592, 2204, 1590, -1,
1756, 1590, 1692, -1,
1760, 1751, 1753, -1,
1589, 1592, 1584, -1,
1589, 1681, 2203, -1,
1589, 2203, 1591, -1,
1592, 1587, 1584, -1,
1750, 1751, 1745, -1,
1589, 1585, 1588, -1,
1586, 1584, 1583, -1,
1656, 1588, 1585, -1,
1587, 1583, 1584, -1,
1582, 1586, 1583, -1,
1586, 1580, 1585, -1,
1741, 1583, 1747, -1,
1750, 1740, 1779, -1,
1750, 1779, 1744, -1,
2200, 1582, 2199, -1,
1581, 1664, 1662, -1,
1581, 1662, 1580, -1,
1582, 1731, 2199, -1,
1731, 1578, 458, -1,
1731, 458, 1735, -1,
1731, 1735, 1575, -1,
1731, 1575, 448, -1,
1731, 448, 166, -1,
1731, 166, 165, -1,
1731, 165, 447, -1,
1731, 447, 2198, -1,
1731, 2198, 2199, -1,
1724, 1701, 1718, -1,
1713, 1728, 1777, -1,
1713, 1777, 1712, -1,
1577, 2197, 1575, -1,
1714, 1575, 1735, -1,
1718, 1702, 1711, -1,
1718, 1711, 1724, -1,
1632, 1641, 1639, -1,
1632, 1639, 1630, -1,
1574, 1633, 1628, -1,
1574, 1628, 1706, -1,
1574, 1706, 1708, -1,
1633, 2205, 1632, -1,
1639, 1627, 1630, -1,
1717, 1701, 1725, -1,
1621, 1577, 1618, -1,
1621, 1606, 2196, -1,
1621, 2196, 1576, -1,
1572, 1791, 1689, -1,
1572, 1689, 164, -1,
1571, 1569, 1792, -1,
1571, 1792, 1567, -1,
1692, 1568, 163, -1,
1692, 163, 441, -1,
1692, 441, 442, -1,
1692, 442, 2201, -1,
1692, 2201, 2202, -1,
1692, 2202, 1574, -1,
1692, 1574, 1696, -1,
1692, 1696, 453, -1,
1692, 453, 1691, -1,
1689, 1707, 167, -1,
1689, 167, 434, -1,
1689, 434, 435, -1,
1689, 435, 436, -1,
1689, 436, 168, -1,
1754, 1569, 1687, -1,
1567, 1572, 1571, -1,
1777, 1684, 1685, -1,
1779, 1682, 1778, -1,
1611, 1769, 1798, -1,
1611, 1798, 1799, -1,
1611, 1799, 1650, -1,
1611, 1650, 1610, -1,
1564, 1570, 1571, -1,
1562, 1571, 1572, -1,
1561, 1572, 164, -1,
2109, 2103, 2108, -1,
2107, 2110, 2111, -1,
1559, 1763, 1765, -1,
1764, 1556, 1555, -1,
1555, 1558, 1559, -1,
1554, 1552, 1550, -1,
1551, 1550, 2022, -1,
1553, 2023, 1552, -1,
1551, 1553, 1554, -1,
2022, 1552, 2023, -1,
1544, 1543, 2103, -1,
1542, 1541, 2109, -1,
1540, 1539, 1560, -1,
1538, 1537, 2111, -1,
1557, 1558, 1556, -1,
1764, 1559, 1765, -1,
4576, 1531, 4565, -1,
1522, 1523, 3907, -1,
1524, 3906, 1526, -1,
1527, 3906, 1520, -1,
1519, 3970, 3971, -1,
1522, 1517, 1521, -1,
1516, 3970, 1518, -1,
3801, 1514, 3800, -1,
1515, 1512, 1267, -1,
3799, 1511, 1509, -1,
1510, 1508, 1509, -1,
1515, 1505, 1506, -1,
3729, 1514, 1506, -1,
1500, 1502, 3756, -1,
1503, 1499, 1261, -1,
1510, 1497, 1255, -1,
1496, 1511, 3796, -1,
1503, 1494, 1495, -1,
3759, 1502, 1495, -1,
4571, 4617, 1485, -1,
4571, 4617, 4573, -1,
4365, 1478, 1476, -1,
4364, 1474, 4360, -1,
4361, 1472, 4368, -1,
4367, 1471, 4362, -1,
1470, 1468, 4370, -1,
1470, 4370, 4369, -1,
4382, 1466, 1465, -1,
4382, 1465, 4371, -1,
4378, 1464, 1463, -1,
4378, 1463, 4372, -1,
1463, 1461, 4373, -1,
1463, 4373, 4379, -1,
4388, 1460, 162, -1,
4388, 162, 1442, -1,
1459, 4391, 1442, -1,
1459, 1442, 161, -1,
4392, 1459, 160, -1,
4392, 160, 1458, -1,
4394, 1458, 159, -1,
4394, 159, 1444, -1,
1457, 4405, 1448, -1,
1457, 1448, 158, -1,
4402, 1456, 1455, -1,
4398, 1455, 1453, -1,
4404, 1454, 1451, -1,
4403, 1481, 4400, -1,
1444, 1447, 4386, -1,
1444, 4386, 4387, -1,
1467, 4374, 1445, -1,
1467, 1445, 157, -1,
1460, 4380, 1461, -1,
1460, 1461, 156, -1,
4626, 4620, 4621, -1,
4626, 4621, 4627, -1,
4626, 4627, 4628, -1,
4626, 4628, 4637, -1,
4626, 4637, 4613, -1,
4626, 4613, 4616, -1,
4593, 4596, 4639, -1,
4593, 4639, 4640, -1,
4593, 4640, 4585, -1,
4593, 4585, 4589, -1,
4593, 4589, 4587, -1,
4593, 4587, 4588, -1,
4428, 1434, 4420, -1,
4546, 1529, 4564, -1,
4546, 4564, 4414, -1,
4546, 4414, 4501, -1,
4546, 4501, 4522, -1,
1433, 4572, 1424, -1,
1433, 1424, 4484, -1,
1433, 4484, 4471, -1,
4474, 1431, 1423, -1,
4457, 1434, 4571, -1,
4428, 1430, 155, -1,
4428, 155, 1435, -1,
4421, 4422, 154, -1,
4421, 154, 4570, -1,
4421, 4570, 1430, -1,
4422, 4423, 4442, -1,
4422, 4442, 1429, -1,
4422, 1429, 4635, -1,
4422, 4635, 4636, -1,
4422, 4636, 4629, -1,
4422, 4629, 4567, -1,
4422, 4567, 154, -1,
1429, 4424, 4448, -1,
1429, 4448, 4425, -1,
1429, 4425, 4426, -1,
1429, 4426, 153, -1,
1429, 153, 4651, -1,
1429, 4651, 4633, -1,
1429, 4633, 4614, -1,
4507, 4650, 153, -1,
4507, 153, 4426, -1,
4514, 1532, 1533, -1,
4514, 1533, 1530, -1,
4514, 1530, 1428, -1,
4514, 1428, 4507, -1,
4514, 4507, 4508, -1,
4514, 4508, 4512, -1,
4514, 4512, 4513, -1,
4414, 1427, 4514, -1,
4414, 4514, 4516, -1,
4414, 4516, 4501, -1,
4415, 4558, 4530, -1,
4415, 4530, 152, -1,
4415, 152, 4598, -1,
1531, 4551, 4553, -1,
1531, 4553, 4415, -1,
1531, 4415, 4565, -1,
4530, 4537, 4527, -1,
4530, 4527, 4539, -1,
4530, 4539, 151, -1,
4530, 151, 1535, -1,
4530, 1535, 1536, -1,
4530, 1536, 1534, -1,
4530, 1534, 152, -1,
4539, 1426, 4648, -1,
4539, 4648, 151, -1,
1425, 4645, 4643, -1,
1425, 4643, 1426, -1,
1425, 1426, 4485, -1,
1425, 4485, 431, -1,
1425, 431, 4461, -1,
1425, 4461, 4460, -1,
1425, 4460, 4465, -1,
4484, 4566, 4641, -1,
4484, 4641, 4642, -1,
4484, 4642, 4638, -1,
4484, 4638, 1425, -1,
4484, 1425, 4465, -1,
4484, 4465, 4463, -1,
4484, 4463, 4467, -1,
4474, 1422, 1432, -1,
4474, 1432, 1433, -1,
4457, 1431, 4475, -1,
1412, 1410, 727, -1,
1412, 1408, 150, -1,
1412, 150, 149, -1,
1412, 149, 148, -1,
1412, 148, 147, -1,
1412, 147, 146, -1,
1412, 146, 145, -1,
1412, 145, 144, -1,
1412, 144, 143, -1,
1412, 143, 142, -1,
1412, 142, 141, -1,
1412, 141, 140, -1,
1412, 140, 139, -1,
1412, 139, 1249, -1,
1412, 1249, 1250, -1,
1409, 4323, 1408, -1,
2213, 4351, 4348, -1,
2213, 4348, 1405, -1,
1406, 4348, 4351, -1,
1406, 4351, 4350, -1,
1406, 4350, 1419, -1,
2216, 4324, 4322, -1,
2216, 4322, 4321, -1,
1404, 4321, 4322, -1,
1404, 4322, 4324, -1,
1404, 4324, 4323, -1,
4345, 4353, 4354, -1,
1403, 1401, 138, -1,
1399, 1398, 1392, -1,
1397, 1395, 1374, -1,
1394, 1396, 1397, -1,
1392, 1393, 1394, -1,
1392, 1394, 793, -1,
4275, 1390, 1389, -1,
4282, 1389, 4281, -1,
1400, 4285, 1399, -1,
1388, 4284, 1400, -1,
4277, 4279, 1388, -1,
4277, 1388, 1391, -1,
4270, 1386, 4269, -1,
4273, 1385, 4272, -1,
4272, 1384, 4271, -1,
4271, 1383, 1387, -1,
4271, 1387, 4270, -1,
1382, 1380, 1369, -1,
1381, 1378, 1380, -1,
4269, 1377, 4288, -1,
4288, 1376, 4287, -1,
4287, 1375, 1369, -1,
4287, 1369, 1320, -1,
1374, 1373, 1378, -1,
1374, 1378, 1379, -1,
1372, 1370, 1363, -1,
1371, 4274, 1370, -1,
1363, 1364, 1365, -1,
1361, 1364, 4254, -1,
1361, 4255, 4320, -1,
1361, 4320, 1360, -1,
1367, 4320, 4255, -1,
1367, 4255, 4254, -1,
1367, 4254, 1362, -1,
1367, 1359, 1360, -1,
1372, 1357, 1356, -1,
1354, 1357, 1358, -1,
1363, 4257, 4253, -1,
1363, 4253, 1372, -1,
1358, 4257, 1365, -1,
1358, 1365, 1366, -1,
1353, 1355, 4250, -1,
1353, 4250, 4264, -1,
1368, 1353, 4264, -1,
1368, 4264, 4250, -1,
1368, 4250, 1355, -1,
1368, 1355, 1356, -1,
4282, 1349, 137, -1,
4283, 4318, 136, -1,
4273, 4301, 4283, -1,
4284, 1344, 4285, -1,
4285, 1342, 1398, -1,
1398, 1340, 1393, -1,
1393, 1338, 1396, -1,
1396, 1336, 1395, -1,
1395, 4317, 1324, -1,
1395, 1324, 1373, -1,
4277, 1333, 4278, -1,
4278, 1331, 4279, -1,
4279, 1330, 4284, -1,
1329, 4288, 135, -1,
1328, 4269, 1329, -1,
1327, 4270, 134, -1,
1326, 4271, 133, -1,
1325, 4272, 132, -1,
1378, 1324, 131, -1,
1380, 1323, 130, -1,
1369, 1322, 129, -1,
1321, 1369, 128, -1,
1319, 1320, 127, -1,
1318, 4287, 126, -1,
4282, 1316, 4275, -1,
4275, 1314, 4277, -1,
1313, 1311, 1304, -1,
1310, 2514, 2518, -1,
1310, 2518, 125, -1,
1310, 125, 730, -1,
1308, 1306, 1300, -1,
1306, 1305, 1293, -1,
1304, 1303, 1296, -1,
1302, 1312, 1313, -1,
1419, 1312, 1301, -1,
1300, 1299, 1297, -1,
1298, 1306, 1293, -1,
1297, 1301, 1302, -1,
1298, 1301, 1299, -1,
1296, 4234, 1291, -1,
4233, 1303, 1414, -1,
1306, 1305, 729, -1,
1306, 729, 1406, -1,
1306, 1406, 1293, -1,
1295, 1307, 1289, -1,
4233, 1294, 4232, -1,
1305, 1292, 124, -1,
1288, 1289, 1286, -1,
1287, 1286, 123, -1,
1285, 1283, 1281, -1,
1282, 1284, 728, -1,
1281, 1402, 1285, -1,
1280, 1287, 123, -1,
1276, 1280, 122, -1,
1275, 1273, 121, -1,
1272, 1270, 120, -1,
1507, 1268, 119, -1,
1507, 119, 1508, -1,
3798, 1508, 119, -1,
3798, 119, 1268, -1,
1267, 1266, 1265, -1,
1267, 1265, 1264, -1,
3802, 1266, 1512, -1,
3802, 1512, 3801, -1,
3819, 1265, 3802, -1,
3967, 3733, 1262, -1,
1504, 1262, 118, -1,
1504, 118, 1505, -1,
3733, 1505, 118, -1,
3733, 118, 1262, -1,
1261, 1260, 1259, -1,
1261, 1259, 1258, -1,
3727, 1260, 1499, -1,
3727, 1499, 1500, -1,
3774, 1259, 3727, -1,
3874, 3758, 1256, -1,
1493, 1256, 117, -1,
1493, 117, 1494, -1,
3758, 1494, 117, -1,
3758, 117, 1256, -1,
1255, 1254, 1253, -1,
1255, 1253, 1252, -1,
3726, 1254, 1497, -1,
3726, 1497, 1496, -1,
3747, 3874, 3737, -1,
3764, 3889, 3774, -1,
3761, 3907, 3908, -1,
3730, 3953, 3951, -1,
3787, 3967, 3827, -1,
3804, 3831, 3819, -1,
2213, 1249, 139, -1,
2213, 139, 140, -1,
2213, 140, 141, -1,
2213, 141, 142, -1,
2213, 142, 143, -1,
2213, 143, 144, -1,
2213, 144, 145, -1,
2213, 145, 146, -1,
2213, 146, 147, -1,
2213, 147, 148, -1,
2213, 148, 149, -1,
2213, 149, 150, -1,
2213, 150, 1408, -1,
2213, 1408, 2216, -1,
2213, 2216, 116, -1,
2213, 116, 2210, -1,
2213, 2210, 2211, -1,
2213, 2211, 115, -1,
3216, 1244, 1242, -1,
3216, 1242, 114, -1,
3216, 114, 113, -1,
1548, 1242, 1244, -1,
3140, 1243, 1549, -1,
3155, 1244, 3167, -1,
1546, 3171, 3183, -1,
3167, 1242, 1244, -1,
1219, 1242, 1244, -1,
3140, 1545, 3198, -1,
1218, 3171, 1242, -1,
1218, 1242, 1244, -1,
1218, 1244, 112, -1,
1215, 1213, 1212, -1,
1212, 1210, 1215, -1,
1209, 1207, 111, -1,
1206, 1208, 110, -1,
1205, 1203, 109, -1,
1202, 1200, 108, -1,
1199, 1197, 107, -1,
1196, 1194, 106, -1,
1193, 1191, 105, -1,
1190, 1188, 104, -1,
1187, 1185, 103, -1,
1184, 1182, 102, -1,
1181, 1179, 101, -1,
1178, 1176, 100, -1,
1175, 1173, 99, -1,
1172, 1170, 98, -1,
1169, 1167, 97, -1,
1166, 1164, 96, -1,
1163, 1161, 95, -1,
1160, 1158, 94, -1,
1157, 1155, 93, -1,
1154, 1152, 92, -1,
1151, 1149, 91, -1,
1148, 1146, 90, -1,
1145, 1143, 89, -1,
1142, 1140, 88, -1,
1139, 1137, 87, -1,
1136, 1134, 86, -1,
1133, 1131, 85, -1,
1133, 85, 84, -1,
1133, 84, 83, -1,
1130, 4014, 364, -1,
4014, 1128, 364, -1,
1127, 1125, 365, -1,
1124, 1126, 82, -1,
1123, 1121, 81, -1,
1120, 1118, 80, -1,
1118, 1116, 79, -1,
1118, 79, 1121, -1,
1118, 1121, 78, -1,
1115, 1113, 77, -1,
1112, 1110, 1114, -1,
1109, 1112, 76, -1,
1107, 1105, 75, -1,
1105, 1103, 74, -1,
1102, 1100, 1104, -1,
1099, 1133, 73, -1,
1097, 1095, 72, -1,
1095, 1094, 71, -1,
1093, 1091, 70, -1,
1090, 1088, 1092, -1,
1087, 1090, 69, -1,
1085, 1083, 68, -1,
1082, 1085, 67, -1,
1080, 1078, 1084, -1,
1124, 1076, 66, -1,
1075, 1077, 65, -1,
1073, 1131, 64, -1,
1066, 1069, 1067, -1,
1066, 1067, 63, -1,
1064, 1062, 62, -1,
1061, 1071, 4132, -1,
1061, 4132, 61, -1,
1059, 1057, 60, -1,
3504, 1055, 1054, -1,
1054, 1052, 3504, -1,
1051, 1049, 59, -1,
1048, 1046, 58, -1,
1045, 1043, 57, -1,
3502, 1041, 1034, -1,
1040, 1038, 56, -1,
1037, 1035, 55, -1,
1034, 1032, 3502, -1,
1031, 1029, 54, -1,
1028, 1026, 53, -1,
1025, 1023, 52, -1,
1026, 1020, 323, -1,
1019, 1025, 322, -1,
1018, 3501, 1021, -1,
1018, 1021, 324, -1,
1016, 1014, 278, -1,
1010, 1008, 1000, -1,
1007, 1005, 51, -1,
1004, 1016, 278, -1,
1002, 1012, 1013, -1,
1002, 1013, 50, -1,
1000, 998, 1010, -1,
997, 995, 988, -1,
994, 992, 985, -1,
991, 989, 49, -1,
988, 986, 997, -1,
985, 983, 994, -1,
982, 980, 48, -1,
979, 977, 47, -1,
976, 974, 46, -1,
973, 3500, 279, -1,
3500, 971, 321, -1,
3483, 969, 3496, -1,
968, 966, 3499, -1,
3474, 964, 3493, -1,
963, 961, 3490, -1,
960, 958, 3487, -1,
957, 955, 3484, -1,
954, 952, 3478, -1,
951, 949, 948, -1,
3497, 3483, 3496, -1,
3476, 968, 3499, -1,
3493, 3473, 3474, -1,
3490, 3495, 963, -1,
3487, 3492, 960, -1,
3484, 3489, 957, -1,
3478, 3486, 954, -1,
948, 3480, 951, -1,
947, 3497, 320, -1,
946, 3476, 319, -1,
3494, 3461, 3473, -1,
3491, 3472, 3495, -1,
3488, 3470, 3492, -1,
3485, 3468, 3489, -1,
3479, 3466, 3486, -1,
3481, 3464, 3480, -1,
3471, 3449, 3461, -1,
3469, 3460, 3472, -1,
3467, 3458, 3470, -1,
3465, 3456, 3468, -1,
3463, 3454, 3466, -1,
3462, 3452, 3464, -1,
3449, 945, 318, -1,
3460, 944, 317, -1,
3458, 943, 316, -1,
3456, 942, 315, -1,
3454, 941, 314, -1,
3452, 940, 313, -1,
939, 937, 3448, -1,
936, 934, 312, -1,
3447, 932, 311, -1,
3448, 930, 939, -1,
934, 928, 312, -1,
927, 3447, 311, -1,
925, 3446, 3442, -1,
3446, 3441, 3442, -1,
3444, 922, 3441, -1,
3437, 920, 3438, -1,
3437, 919, 310, -1,
918, 916, 45, -1,
915, 913, 44, -1,
912, 911, 43, -1,
913, 907, 308, -1,
906, 912, 309, -1,
3432, 904, 3435, -1,
3433, 3432, 3435, -1,
3430, 3431, 3433, -1,
903, 3430, 307, -1,
902, 900, 42, -1,
899, 898, 306, -1,
898, 3426, 41, -1,
897, 895, 884, -1,
894, 892, 881, -1,
3425, 890, 40, -1,
3426, 885, 41, -1,
884, 882, 897, -1,
881, 879, 894, -1,
878, 3425, 40, -1,
877, 878, 305, -1,
3421, 875, 3423, -1,
3423, 3420, 3421, -1,
3422, 3418, 3420, -1,
3419, 3415, 3418, -1,
874, 872, 864, -1,
871, 869, 303, -1,
868, 866, 3414, -1,
865, 3416, 304, -1,
864, 862, 874, -1,
861, 871, 303, -1,
866, 858, 3414, -1,
3396, 856, 3410, -1,
855, 853, 3407, -1,
852, 850, 3404, -1,
849, 847, 3401, -1,
846, 844, 3398, -1,
843, 841, 3413, -1,
840, 838, 39, -1,
837, 835, 38, -1,
3410, 3395, 3396, -1,
3407, 3412, 855, -1,
3404, 3409, 852, -1,
3401, 3406, 849, -1,
3398, 3403, 846, -1,
3413, 3400, 843, -1,
3395, 833, 302, -1,
3412, 832, 301, -1,
3409, 831, 300, -1,
3406, 830, 299, -1,
3403, 829, 298, -1,
3400, 828, 297, -1,
827, 3631, 824, -1,
827, 824, 825, -1,
827, 825, 282, -1,
3622, 3629, 3624, -1,
3622, 3624, 3625, -1,
822, 820, 818, -1,
817, 815, 37, -1,
814, 816, 36, -1,
813, 811, 35, -1,
3652, 3663, 3651, -1,
3662, 3660, 3661, -1,
3653, 3657, 3658, -1,
809, 807, 34, -1,
799, 804, 805, -1,
804, 800, 802, -1,
800, 780, 784, -1,
800, 784, 796, -1,
798, 782, 781, -1,
798, 781, 779, -1,
798, 773, 776, -1,
757, 770, 771, -1,
757, 771, 798, -1,
799, 757, 798, -1,
799, 798, 805, -1,
1397, 752, 795, -1,
799, 748, 749, -1,
799, 747, 754, -1,
1379, 744, 1374, -1,
750, 743, 741, -1,
1381, 739, 740, -1,
1381, 738, 1379, -1,
1397, 736, 735, -1,
1374, 733, 732, -1,
750, 732, 733, -1,
750, 733, 734, -1,
731, 748, 4262, -1,
805, 731, 4262, -1,
805, 4262, 748, -1,
1305, 730, 1307, -1,
1305, 1311, 730, -1,
1305, 730, 1307, -1,
1312, 1305, 1306, -1,
1301, 1306, 1299, -1,
1307, 730, 1303, -1,
1307, 1303, 4234, -1,
1292, 729, 124, -1,
728, 1404, 1407, -1,
728, 1407, 1409, -1,
728, 1412, 1282, -1,
1282, 727, 1406, -1,
1282, 1406, 729, -1,
725, 718, 3673, -1,
724, 717, 3381, -1,
716, 3371, 721, -1,
3389, 3686, 292, -1,
724, 714, 707, -1,
3237, 725, 3673, -1,
713, 720, 721, -1,
721, 711, 713, -1,
3686, 712, 3347, -1,
2112, 724, 707, -1,
2183, 1619, 2182, -1,
1620, 2182, 1619, -1,
2190, 1626, 1603, -1,
2188, 710, 2190, -1,
2163, 1674, 2161, -1,
2177, 1669, 2175, -1,
1871, 1889, 1895, -1,
1888, 2137, 2136, -1,
2144, 1898, 1900, -1,
1881, 1900, 1901, -1,
2118, 2122, 2124, -1,
2133, 2127, 2128, -1,
709, 712, 713, -1,
707, 706, 681, -1,
713, 705, 709, -1,
3347, 708, 220, -1,
704, 707, 681, -1,
706, 3237, 680, -1,
698, 2104, 2107, -1,
698, 2107, 33, -1,
2101, 2109, 215, -1,
2101, 215, 216, -1,
695, 2100, 219, -1,
2100, 3238, 3239, -1,
694, 2115, 218, -1,
2115, 3349, 3350, -1,
693, 2132, 2134, -1,
2130, 2134, 2135, -1,
2126, 1921, 1930, -1,
2126, 1930, 2132, -1,
1931, 2131, 1929, -1,
691, 2128, 2129, -1,
2123, 2117, 2119, -1,
690, 2119, 2120, -1,
2117, 689, 186, -1,
2117, 186, 1937, -1,
1936, 2116, 1939, -1,
688, 2124, 2125, -1,
2135, 2129, 2130, -1,
2120, 2125, 690, -1,
1901, 1833, 1881, -1,
2074, 1902, 2073, -1,
2136, 1887, 1888, -1,
687, 1883, 2077, -1,
1895, 1906, 1871, -1,
1897, 2145, 1904, -1,
2173, 686, 2171, -1,
2174, 2176, 2173, -1,
2171, 685, 1657, -1,
2171, 1657, 1668, -1,
1671, 2175, 1669, -1,
2178, 2172, 2177, -1,
2168, 683, 2166, -1,
2169, 2162, 2168, -1,
683, 1655, 1673, -1,
683, 1673, 2166, -1,
1677, 2161, 1674, -1,
2164, 2167, 2163, -1,
2179, 684, 2178, -1,
2165, 2170, 2164, -1,
1631, 1611, 682, -1,
1814, 682, 1611, -1,
2181, 1616, 1614, -1,
1816, 1614, 1616, -1,
1625, 1637, 1624, -1,
1634, 1603, 1626, -1,
708, 705, 220, -1,
681, 680, 704, -1,
702, 2108, 217, -1,
4220, 679, 675, -1,
4231, 677, 4230, -1,
4231, 676, 678, -1,
4220, 674, 4219, -1,
4223, 673, 672, -1,
4223, 671, 4222, -1,
670, 668, 660, -1,
670, 666, 669, -1,
4210, 4195, 4199, -1,
4206, 664, 663, -1,
4206, 4191, 4205, -1,
4210, 662, 665, -1,
4065, 661, 660, -1,
4065, 660, 3993, -1,
4068, 667, 659, -1,
4068, 659, 670, -1,
3993, 668, 669, -1,
3993, 669, 657, -1,
3993, 657, 656, -1,
3995, 657, 669, -1,
3995, 669, 666, -1,
3995, 666, 667, -1,
654, 656, 653, -1,
653, 652, 651, -1,
650, 672, 673, -1,
650, 673, 4216, -1,
650, 4216, 3989, -1,
4000, 4222, 671, -1,
4000, 671, 672, -1,
4000, 672, 649, -1,
650, 648, 649, -1,
4000, 648, 4133, -1,
647, 645, 4088, -1,
644, 642, 4081, -1,
641, 639, 4104, -1,
638, 636, 4100, -1,
4127, 634, 4126, -1,
633, 4084, 600, -1,
628, 630, 631, -1,
4115, 4112, 4114, -1,
625, 4110, 624, -1,
625, 4108, 631, -1,
624, 622, 625, -1,
621, 639, 618, -1,
620, 618, 639, -1,
620, 639, 640, -1,
4103, 622, 374, -1,
4103, 374, 4102, -1,
617, 615, 612, -1,
617, 612, 613, -1,
614, 636, 610, -1,
614, 610, 373, -1,
4098, 612, 4097, -1,
611, 636, 637, -1,
613, 4096, 371, -1,
613, 4095, 626, -1,
609, 4094, 608, -1,
609, 4092, 635, -1,
608, 606, 604, -1,
608, 604, 609, -1,
605, 645, 602, -1,
605, 602, 370, -1,
4087, 604, 4086, -1,
603, 645, 646, -1,
599, 597, 592, -1,
596, 642, 593, -1,
595, 593, 642, -1,
595, 642, 643, -1,
4079, 597, 368, -1,
4079, 368, 4078, -1,
592, 4077, 366, -1,
592, 4076, 600, -1,
4197, 586, 581, -1,
585, 583, 582, -1,
582, 4197, 585, -1,
583, 581, 586, -1,
585, 581, 584, -1,
582, 586, 587, -1,
580, 578, 574, -1,
577, 575, 4207, -1,
574, 575, 576, -1,
580, 4207, 579, -1,
577, 574, 576, -1,
4207, 578, 579, -1,
4066, 572, 567, -1,
571, 569, 568, -1,
568, 4066, 571, -1,
569, 567, 572, -1,
571, 567, 570, -1,
568, 572, 573, -1,
4207, 566, 563, -1,
577, 564, 580, -1,
564, 563, 566, -1,
577, 563, 565, -1,
580, 566, 579, -1,
582, 562, 559, -1,
585, 560, 4197, -1,
559, 560, 561, -1,
585, 559, 561, -1,
4197, 562, 587, -1,
568, 558, 555, -1,
571, 556, 4066, -1,
555, 556, 557, -1,
571, 555, 557, -1,
4066, 558, 573, -1,
4319, 553, 548, -1,
552, 550, 549, -1,
549, 4319, 552, -1,
550, 548, 553, -1,
552, 548, 551, -1,
549, 553, 554, -1,
549, 547, 544, -1,
552, 545, 4319, -1,
544, 545, 546, -1,
552, 544, 546, -1,
4319, 547, 554, -1,
3849, 3847, 3848, -1,
3849, 3848, 530, -1,
3849, 530, 3846, -1,
541, 543, 528, -1,
541, 528, 531, -1,
541, 531, 529, -1,
543, 530, 528, -1,
529, 528, 530, -1,
529, 530, 3848, -1,
529, 3848, 3847, -1,
541, 3847, 540, -1,
527, 3851, 526, -1,
526, 537, 538, -1,
527, 3853, 3852, -1,
539, 526, 538, -1,
3853, 3851, 3852, -1,
525, 523, 3845, -1,
524, 3843, 523, -1,
525, 3844, 535, -1,
535, 524, 525, -1,
3844, 523, 3843, -1,
525, 3842, 522, -1,
522, 533, 534, -1,
535, 522, 534, -1,
3844, 3842, 3845, -1,
527, 520, 3852, -1,
521, 3850, 520, -1,
539, 521, 527, -1,
3853, 520, 3850, -1,
531, 3847, 529, -1,
531, 3849, 3848, -1,
542, 529, 541, -1,
3849, 3847, 3848, -1,
3849, 530, 3846, -1,
542, 528, 531, -1,
531, 530, 3848, -1,
513, 511, 510, -1,
510, 516, 517, -1,
513, 519, 512, -1,
518, 510, 517, -1,
519, 511, 512, -1,
513, 508, 512, -1,
509, 514, 508, -1,
518, 509, 513, -1,
519, 508, 514, -1,
507, 505, 500, -1,
504, 502, 501, -1,
501, 507, 504, -1,
502, 500, 505, -1,
504, 500, 503, -1,
501, 505, 506, -1,
499, 497, 492, -1,
496, 494, 493, -1,
495, 499, 492, -1,
494, 498, 493, -1,
496, 498, 499, -1,
495, 497, 494, -1,
3120, 490, 32, -1,
3120, 32, 31, -1,
3116, 3005, 3056, -1,
3116, 3056, 3055, -1,
3128, 3075, 3015, -1,
3128, 3015, 3127, -1,
3137, 488, 30, -1,
3137, 30, 29, -1,
3101, 486, 28, -1,
3101, 28, 27, -1,
3092, 2826, 2876, -1,
3092, 2876, 2875, -1,
3109, 2895, 2839, -1,
3109, 2839, 3108, -1,
3110, 484, 26, -1,
3110, 26, 25, -1,
3090, 482, 24, -1,
3090, 24, 23, -1,
2552, 2655, 2703, -1,
2552, 2703, 2702, -1,
2557, 2721, 2666, -1,
2557, 2666, 2556, -1,
2555, 479, 22, -1,
2555, 22, 21, -1,
478, 476, 20, -1,
478, 20, 19, -1,
478, 19, 18, -1,
478, 18, 17, -1,
478, 17, 16, -1,
478, 16, 15, -1,
478, 15, 14, -1,
478, 14, 13, -1,
478, 13, 12, -1,
478, 12, 11, -1,
478, 11, 10, -1,
478, 10, 9, -1,
478, 9, 8, -1,
478, 8, 7, -1,
478, 7, 6, -1,
478, 6, 5, -1,
478, 5, 4, -1,
478, 4, 3, -1,
478, 3, 2, -1,
478, 2, 1, -1,
478, 1, 0, -1,
1995, 1991, 1992, -1,
1995, 1986, 1987, -1,
1995, 1987, 1994, -1,
1991, 472, 201, -1,
1991, 201, 202, -1,
1991, 202, 1983, -1,
1991, 1983, 1984, -1,
1991, 1984, 473, -1,
1991, 473, 203, -1,
1991, 203, 204, -1,
1991, 204, 205, -1,
1991, 205, 206, -1,
1952, 1956, 1957, -1,
1957, 1838, 191, -1,
1957, 191, 1952, -1,
1956, 470, 192, -1,
1956, 192, 193, -1,
1956, 193, 1953, -1,
1956, 1953, 1954, -1,
1956, 1954, 1951, -1,
1956, 1951, 194, -1,
1956, 194, 195, -1,
1956, 195, 196, -1,
1956, 196, 197, -1,
469, 467, 184, -1,
469, 184, 1849, -1,
466, 1849, 221, -1,
466, 221, 222, -1,
466, 222, 223, -1,
466, 223, 224, -1,
466, 224, 225, -1,
465, 463, 227, -1,
465, 227, 228, -1,
465, 228, 229, -1,
465, 229, 461, -1,
465, 461, 462, -1,
462, 460, 182, -1,
462, 182, 183, -1,
1737, 459, 1732, -1,
1737, 1579, 180, -1,
1737, 180, 1734, -1,
459, 455, 179, -1,
459, 179, 1729, -1,
459, 1729, 1730, -1,
459, 1730, 1727, -1,
459, 1727, 175, -1,
459, 175, 176, -1,
459, 176, 177, -1,
459, 177, 178, -1,
459, 178, 1732, -1,
1700, 454, 1699, -1,
1698, 1690, 1691, -1,
1698, 1691, 1696, -1,
454, 449, 174, -1,
454, 174, 1694, -1,
454, 1694, 1695, -1,
454, 1695, 451, -1,
454, 451, 170, -1,
454, 170, 171, -1,
454, 171, 172, -1,
454, 172, 173, -1,
454, 173, 1699, -1,
448, 447, 165, -1,
448, 165, 166, -1,
446, 444, 230, -1,
446, 230, 231, -1,
446, 231, 232, -1,
446, 232, 2198, -1,
446, 2198, 448, -1,
443, 1568, 233, -1,
443, 233, 234, -1,
443, 234, 235, -1,
443, 235, 236, -1,
443, 236, 237, -1,
2201, 441, 163, -1,
2201, 163, 1568, -1,
2039, 1945, 1947, -1,
440, 1835, 189, -1,
1945, 2034, 1947, -1,
1835, 439, 181, -1,
1781, 1683, 1780, -1,
438, 436, 167, -1,
1683, 1776, 1778, -1,
436, 434, 167, -1]
    materialIndex [ 1, 1, 1, 1, 1, 1, 1, 1, 1, 1, 1, 1, 1, 1, 1, 1, 1, 1, 1, 1, 1, 1, 1, 1, 1, 1, 1, 1, 1, 1, 1, 1, 1, 1, 1, 1, 1, 1, 1, 1, 1, 1, 1, 1, 1, 1, 1, 1, 1, 1, 1, 1, 1, 1, 1, 1, 1, 1, 1, 1, 1, 1, 1, 1, 1, 1, 1, 1, 1, 1, 1, 1, 1, 1, 1, 1, 1, 1, 1, 1, 1, 1, 1, 1, 1, 1, 1, 1, 1, 1, 1, 1, 1, 1, 1, 1, 1, 1, 1, 1, 1, 1, 1, 1, 1, 1, 1, 1, 1, 1, 1, 1, 1, 1, 1, 1, 1, 1, 1, 1, 1, 1, 1, 1, 1, 1, 1, 1, 1, 1, 1, 1, 1, 1, 1, 1, 1, 1, 1, 1, 1, 1, 1, 1, 1, 1, 1, 1, 1, 1, 1, 1, 1, 1, 1, 1, 1, 1, 1, 1, 1, 1, 1, 1, 1, 1, 1, 1, 1, 1, 1, 1, 1, 1, 1, 1, 1, 1, 1, 1, 1, 1, 1, 1, 1, 1, 1, 1, 1, 1, 1, 1, 1, 1, 1, 1, 1, 1, 1, 1, 1, 1, 1, 1, 1, 1, 1, 1, 1, 1, 1, 1, 1, 1, 1, 1, 1, 1, 1, 1, 1, 1, 1, 1, 1, 1, 1, 1, 1, 1, 1, 1, 1, 1, 1, 1, 1, 1, 1, 1, 1, 1, 1, 1, 1, 1, 1, 1, 1, 1, 1, 1, 1, 1, 1, 1, 1, 1, 1, 1, 1, 1, 1, 1, 1, 1, 1, 1, 1, 1, 1, 1, 1, 1, 1, 1, 1, 1, 1, 1, 1, 1, 1, 1, 1, 1, 1, 1, 1, 1, 1, 1, 1, 1, 1, 1, 1, 1, 1, 1, 1, 1, 1, 1, 1, 1, 1, 1, 1, 1, 1, 1, 1, 1, 1, 1, 1, 1, 1, 1, 1, 1, 1, 1, 1, 1, 1, 1, 1, 1, 1, 1, 1, 1, 1, 1, 1, 1, 1, 1, 1, 1, 1, 1, 1, 1, 1, 1, 1, 1, 1, 1, 1, 1, 1, 1, 1, 1, 1, 1, 1, 1, 1, 1, 1, 1, 1, 1, 1, 1, 1, 1, 1, 1, 1, 1, 1, 1, 1, 1, 1, 1, 1, 1, 1, 1, 1, 1, 1, 1, 1, 1, 1, 1, 1, 1, 1, 1, 1, 1, 1, 1, 1, 1, 1, 1, 1, 1, 1, 1, 1, 1, 1, 1, 1, 1, 1, 1, 1, 1, 1, 1, 1, 1, 1, 1, 1, 1, 1, 1, 1, 1, 1, 1, 1, 1, 1, 1, 1, 1, 1, 1, 1, 1, 1, 1, 1, 1, 1, 1, 1, 1, 1, 1, 1, 1, 1, 1, 1, 1, 1, 1, 1, 1, 1, 1, 1, 1, 1, 1, 1, 1, 1, 1, 1, 1, 1, 1, 1, 1, 1, 1, 1, 1, 1, 1, 1, 1, 1, 1, 1, 1, 1, 1, 1, 1, 1, 1, 1, 1, 1, 1, 1, 1, 1, 1, 1, 1, 1, 1, 1, 1, 1, 1, 1, 1, 1, 1, 1, 1, 1, 1, 1, 1, 1, 1, 1, 1, 1, 1, 1, 1, 1, 1, 1, 1, 1, 1, 1, 1, 1, 1, 1, 1, 1, 1, 1, 1, 1, 1, 1, 1, 1, 1, 1, 1, 1, 1, 1, 1, 1, 1, 1, 1, 1, 1, 1, 1, 1, 1, 1, 1, 1, 1, 1, 1, 1, 1, 1, 1, 1, 1, 1, 1, 1, 1, 1, 1, 1, 1, 1, 1, 1, 1, 1, 1, 1, 1, 1, 1, 1, 1, 1, 1, 1, 1, 1, 1, 1, 1, 1, 1, 1, 1, 1, 1, 1, 1, 1, 1, 1, 1, 1, 1, 1, 1, 1, 1, 1, 1, 1, 1, 1, 1, 1, 1, 1, 1, 1, 1, 1, 1, 1, 1, 1, 1, 1, 1, 1, 1, 1, 1, 1, 1, 1, 1, 1, 1, 1, 1, 1, 1, 1, 1, 1, 1, 1, 1, 1, 1, 1, 1, 1, 1, 1, 1, 1, 1, 1, 1, 1, 1, 1, 1, 1, 1, 1, 1, 1, 1, 1, 1, 1, 1, 1, 1, 1, 1, 1, 1, 1, 1, 1, 1, 1, 1, 1, 1, 1, 1, 1, 1, 1, 1, 1, 1, 1, 1, 1, 1, 1, 1, 1, 1, 1, 1, 1, 1, 1, 1, 1, 1, 1, 1, 1, 1, 1, 1, 1, 1, 1, 1, 1, 1, 1, 1, 1, 1, 1, 1, 1, 1, 1, 1, 1, 1, 1, 1, 1, 1, 1, 1, 1, 1, 1, 1, 1, 1, 1, 1, 1, 1, 1, 1, 1, 1, 1, 1, 1, 1, 1, 1, 1, 1, 1, 1, 1, 1, 1, 1, 1, 1, 1, 1, 1, 1, 1, 1, 1, 1, 1, 1, 1, 1, 1, 1, 1, 1, 1, 1, 1, 1, 1, 1, 1, 1, 1, 1, 1, 1, 1, 1, 1, 1, 1, 1, 1, 1, 1, 1, 1, 1, 1, 1, 1, 1, 1, 1, 1, 1, 1, 1, 1, 1, 1, 1, 1, 1, 1, 1, 1, 1, 1, 1, 1, 1, 1, 1, 1, 1, 1, 1, 1, 1, 1, 1, 1, 1, 1, 1, 1, 1, 1, 1, 1, 1, 1, 1, 1, 1, 1, 1, 1, 1, 1, 1, 1, 1, 1, 1, 1, 1, 1, 1, 1, 1, 1, 1, 1, 1, 1, 1, 1, 1, 1, 1, 1, 1, 1, 1, 1, 1, 1, 1, 1, 1, 1, 1, 1, 1, 1, 1, 1, 1, 1, 1, 1, 1, 1, 1, 1, 1, 1, 1, 1, 1, 1, 1, 1, 1, 1, 1, 1, 1, 1, 1, 1, 1, 1, 1, 1, 1, 1, 1, 1, 1, 1, 1, 1, 1, 1, 1, 1, 1, 1, 1, 1, 1, 1, 1, 1, 1, 1, 1, 1, 1, 1, 1, 1, 1, 1, 1, 1, 1, 1, 1, 1, 1, 1, 1, 1, 1, 1, 1, 1, 1, 1, 1, 1, 1, 1, 1, 1, 1, 1, 1, 1, 1, 1, 1, 1, 1, 1, 1, 1, 1, 1, 1, 1, 1, 1, 1, 1, 1, 1, 1, 1, 1, 1, 1, 1, 1, 1, 1, 1, 1, 1, 1, 1, 1, 1, 1, 1, 1, 1, 1, 1, 1, 1, 1, 1, 1, 1, 1, 1, 1, 1, 1, 1, 1, 1, 1, 1, 1, 1, 1, 1, 1, 1, 1, 1, 1, 1, 1, 1, 1, 1, 1, 1, 1, 1, 1, 1, 1, 1, 1, 1, 1, 1, 1, 1, 1, 1, 1, 1, 1, 1, 1, 1, 1, 1, 1, 1, 1, 1, 1, 1, 1, 1, 1, 1, 1, 1, 1, 1, 1, 1, 1, 1, 1, 1, 1, 1, 1, 1, 1, 1, 1, 1, 1, 1, 1, 1, 1, 1, 1, 1, 1, 1, 1, 1, 1, 1, 1, 1, 1, 1, 1, 1, 1, 1, 1, 1, 1, 1, 1, 1, 1, 1, 1, 1, 1, 1, 1, 1, 1, 1, 1, 1, 1, 1, 1, 1, 1, 1, 1, 1, 1, 1, 1, 1, 1, 1, 1, 1, 1, 1, 1, 1, 1, 1, 1, 1, 1, 1, 1, 1, 1, 1, 1, 1, 1, 1, 1, 1, 1, 1, 1, 1, 1, 1, 1, 1, 1, 1, 1, 1, 1, 1, 1, 1, 1, 1, 1, 1, 1, 1, 1, 1, 1, 1, 1, 1, 1, 1, 1, 1, 1, 1, 1, 1, 1, 1, 1, 1, 1, 1, 1, 1, 1, 1, 1, 1, 1, 1, 1, 1, 1, 1, 1, 1, 1, 1, 1, 1, 1, 1, 1, 1, 1, 1, 1, 1, 1, 1, 1, 1, 1, 1, 1, 1, 1, 1, 1, 1, 1, 1, 1, 1, 1, 1, 1, 1, 1, 1, 1, 1, 1, 1, 1, 1, 1, 1, 1, 1, 1, 1, 1, 1, 1, 1, 1, 1, 1, 1, 1, 1, 1, 1, 1, 1, 1, 1, 1, 1, 1, 1, 1, 1, 1, 1, 1, 1, 1, 1, 1, 1, 1, 1, 1, 1, 1, 1, 1, 1, 1, 1, 1, 1, 1, 1, 1, 1, 1, 1, 1, 1, 1, 1, 1, 1, 1, 1, 1, 1, 1, 1, 1, 1, 1, 1, 1, 1, 1, 1, 1, 1, 1, 1, 1, 1, 1, 1, 1, 1, 1, 1, 1, 1, 1, 1, 1, 1, 1, 1, 1, 1, 1, 1, 1, 1, 1, 1, 1, 1, 1, 1, 1, 1, 1, 1, 1, 1, 1, 1, 1, 1, 1, 1, 1, 1, 1, 1, 1, 1, 1, 1, 1, 1, 1, 1, 1, 1, 1, 1, 1, 1, 1, 1, 1, 1, 1, 1, 1, 1, 1, 1, 1, 1, 1, 1, 1, 1, 1, 1, 1, 1, 1, 1, 1, 1, 1, 1, 1, 1, 1, 1, 1, 1, 1, 1, 1, 1, 1, 1, 1, 1, 1, 1, 1, 1, 1, 1, 1, 1, 1, 1, 1, 1, 1, 1, 1, 1, 1, 1, 1, 1, 1, 1, 1, 1, 1, 1, 1, 1, 1, 1, 1, 1, 1, 1, 1, 1, 1, 1, 1, 1, 1, 1, 1, 1, 1, 1, 1, 1, 1, 1, 1, 1, 1, 1, 1, 1, 1, 1, 1, 1, 1, 1, 1, 1, 1, 1, 1, 1, 1, 1, 1, 1, 1, 1, 1, 1, 1, 1, 1, 1, 1, 1, 1, 1, 1, 1, 1, 1, 1, 1, 1, 1, 1, 1, 1, 1, 1, 1, 1, 1, 1, 1, 1, 1, 1, 1, 1, 1, 1, 1, 1, 1, 1, 1, 1, 1, 1, 1, 1, 1, 1, 1, 1, 1, 1, 1, 1, 1, 1, 1, 1, 1, 1, 1, 1, 1, 1, 1, 1, 1, 1, 1, 1, 1, 1, 1, 1, 1, 1, 1, 1, 1, 1, 1, 1, 1, 1, 1, 1, 1, 1, 1, 1, 1, 1, 1, 1, 1, 1, 1, 1, 1, 1, 1, 1, 1, 1, 1, 1, 1, 1, 1, 1, 1, 1, 1, 1, 1, 1, 1, 1, 1, 1, 1, 1, 1, 1, 1, 1, 1, 1, 1, 1, 1, 1, 1, 1, 1, 1, 1, 1, 1, 1, 1, 1, 1, 1, 1, 1, 1, 1, 1, 1, 1, 1, 1, 1, 1, 1, 1, 1, 1, 1, 1, 1, 1, 1, 1, 1, 1, 1, 1, 1, 1, 1, 1, 1, 1, 1, 1, 1, 1, 1, 1, 1, 1, 1, 1, 1, 1, 1, 1, 1, 1, 1, 1, 1, 1, 1, 1, 1, 1, 1, 1, 1, 1, 1, 1, 1, 1, 1, 1, 1, 1, 1, 1, 1, 1, 1, 1, 1, 1, 1, 1, 1, 1, 1, 1, 1, 1, 1, 1, 1, 1, 1, 1, 1, 1, 1, 1, 1, 1, 1, 1, 1, 1, 1, 1, 1, 1, 1, 1, 1, 1, 1, 1, 1, 1, 1, 1, 1, 1, 1, 1, 1, 1, 1, 1, 1, 1, 1, 1, 1, 1, 1, 1, 1, 1, 1, 1, 1, 1, 1, 1, 1, 1, 1, 1, 1, 1, 1, 1, 1, 1, 1, 1, 1, 1, 1, 1, 1, 1, 1, 1, 1, 1, 1, 1, 1, 1, 1, 1, 1, 1, 1, 1, 1, 1, 1, 1, 1, 1, 1, 1, 1, 1, 1, 1, 1, 1, 1, 1, 1, 1, 1, 1, 1, 1, 1, 1, 1, 1, 1, 1, 1, 1, 1, 1, 1, 1, 1, 1, 1, 1, 1, 1, 1, 1, 1, 1, 1, 1, 1, 1, 1, 1, 1, 1, 1, 1, 1, 1, 1, 1, 1, 1, 1, 1, 1, 1, 1, 1, 1, 1, 1, 1, 1, 1, 1, 1, 1, 1, 1, 1, 1, 1, 1, 1, 1, 1, 1, 1, 1, 1, 1, 1, 1, 1, 1, 1, 1, 1, 1, 1, 1, 1, 1, 1, 1, 1, 1, 1, 1, 1, 1, 1, 1, 1, 1, 1, 1, 1, 1, 1, 1, 1, 1, 1, 1, 1, 1, 1, 1, 1, 1, 1, 1, 1, 1, 1, 1, 1, 1, 1, 1, 1, 1, 1, 1, 1, 1, 1, 1, 1, 1, 1, 1, 1, 1, 1, 1, 1, 1, 1, 1, 1, 1, 1, 1, 1, 1, 1, 1, 1, 1, 1, 1, 1, 1, 1, 1, 1, 1, 1, 1, 1, 1, 1, 1, 1, 1, 1, 1, 1, 1, 1, 1, 1, 1, 1, 1, 1, 1, 1, 1, 1, 1, 1, 1, 1, 1, 1, 1, 1, 1, 1, 1, 1, 1, 1, 1, 1, 1, 1, 1, 1, 1, 1, 1, 1, 1, 1, 1, 1, 1, 1, 1, 1, 1, 1, 1, 1, 1, 1, 1, 1, 1, 1, 1, 1, 1, 1, 1, 1, 1, 1, 1, 1, 1, 1, 1, 1, 1, 1, 1, 1, 1, 1, 1, 1, 1, 1, 1, 1, 1, 1, 1, 1, 1, 1, 1, 1, 1, 1, 1, 1, 1, 1, 1, 1, 1, 1, 1, 1, 1, 1, 1, 1, 1, 1, 1, 1, 1, 1, 1, 1, 1, 1, 1, 1, 1, 1, 1, 1, 1, 1, 1, 1, 1, 1, 1, 1, 1, 1, 1, 1, 1, 1, 1, 1, 1, 1, 1, 1, 1, 1, 1, 1, 1, 1, 1, 1, 1, 1, 1, 1, 1, 1, 1, 1, 1, 1, 1, 1, 1, 1, 1, 1, 1, 1, 1, 1, 1, 1, 1, 1, 1, 1, 1, 1, 1, 1, 1, 1, 1, 1, 1, 1, 1, 1, 1, 1, 1, 1, 1, 1, 1, 1, 1, 1, 1, 1, 1, 1, 1, 1, 1, 1, 1, 1, 1, 1, 1, 1, 1, 1, 1, 1, 1, 1, 1, 1, 1, 1, 1, 1, 1, 1, 1, 1, 1, 1, 1, 1, 1, 1, 1, 1, 1, 1, 1, 1, 1, 1, 1, 1, 1, 1, 1, 1, 1, 1, 1, 1, 1, 1, 1, 1, 1, 1, 1, 1, 1, 1, 1, 1, 1, 1, 1, 1, 1, 1, 1, 1, 1, 1, 1, 1, 1, 1, 1, 1, 1, 1, 1, 1, 1, 1, 1, 1, 1, 1, 1, 1, 1, 1, 1, 1, 1, 1, 1, 1, 1, 1, 1, 1, 1, 1, 1, 1, 1, 1, 1, 1, 1, 1, 1, 1, 1, 1, 1, 1, 1, 1, 1, 1, 1, 1, 1, 1, 1, 1, 1, 1, 1, 1, 1, 1, 1, 1, 1, 1, 1, 1, 1, 1, 1, 1, 1, 1, 1, 1, 1, 1, 1, 1, 1, 1, 1, 1, 1, 1, 1, 1, 1, 1, 1, 1, 1, 1, 1, 1, 1, 1, 1, 1, 1, 1, 1, 1, 1, 1, 1, 1, 1, 1, 1, 1, 1, 1, 1, 1, 1, 1, 1, 1, 1, 1, 1, 1, 1, 1, 1, 1, 1, 1, 1, 1, 1, 1, 1, 1, 1, 1, 1, 1, 1, 1, 1, 1, 1, 1, 1, 1, 1, 1, 1, 1, 1, 1, 1, 1, 1, 1, 1, 1, 1, 1, 1, 1, 1, 1, 1, 1, 1, 1, 1, 1, 1, 1, 1, 1, 1, 1, 1, 1, 1, 1, 1, 1, 1, 1, 1, 1, 1, 1, 1, 1, 1, 1, 1, 1, 1, 1, 1, 1, 1, 1, 1, 1, 1, 1, 1, 1, 1, 1, 1, 1, 1, 1, 1, 1, 1, 1, 1, 1, 1, 1, 1, 1, 1, 1, 1, 1, 1, 1, 1, 1, 1, 1, 1, 1, 1, 1, 1, 1, 1, 1, 1, 1, 1, 1, 1, 1, 1, 1, 1, 1, 1, 1, 1, 1, 1, 1, 1, 1, 1, 1, 1, 1, 1, 1, 1, 1, 1, 1, 1, 1, 1, 1, 1, 1, 1, 1, 1, 1, 1, 1, 1, 1, 1, 1, 1, 1, 1, 1, 1, 1, 1, 1, 1, 1, 1, 1, 1, 1, 1, 1, 1, 1, 1, 1, 1, 1, 1, 1, 1, 1, 1, 1, 1, 1, 1, 1, 1, 1, 1, 1, 1, 1, 1, 1, 1, 1, 1, 1, 1, 1, 1, 1, 1, 1, 1, 1, 1, 1, 1, 1, 1, 1, 1, 1, 1, 1, 1, 1, 1, 1, 1, 1, 1, 1, 1, 1, 1, 1, 1, 1, 1, 1, 1, 1, 1, 1, 1, 1, 1, 1, 1, 1, 1, 1, 1, 1, 1, 1, 1, 1, 1, 1, 1, 1, 1, 1, 1, 1, 1, 1, 1, 1, 1, 1, 1, 1, 1, 1, 1, 1, 1, 1, 1, 1, 1, 1, 1, 1, 1, 1, 1, 1, 1, 1, 1, 1, 1, 1, 1, 1, 1, 1, 1, 1, 1, 1, 1, 1, 1, 1, 1, 1, 1, 1, 1, 1, 1, 1, 1, 1, 1, 1, 1, 1, 1, 1, 1, 1, 1, 1, 1, 1, 1, 1, 1, 1, 1, 1, 1, 1, 1, 1, 1, 1, 1, 1, 1, 1, 1, 1, 1, 1, 1, 1, 1, 1, 1, 1, 1, 1, 1, 1, 1, 1, 1, 1, 1, 1, 1, 1, 1, 1, 1, 1, 1, 1, 1, 1, 1, 1, 1, 1, 1, 1, 1, 1, 1, 1, 1, 1, 1, 1, 1, 1, 1, 1, 1, 1, 1, 1, 1, 1, 1, 1, 1, 1, 1, 1, 1, 1, 1, 1, 1, 1, 1, 1, 1, 1, 1, 1, 1, 1, 1, 1, 1, 1, 1, 1, 1, 1, 1, 1, 1, 1, 1, 1, 1, 1, 1, 1, 1, 1, 1, 1, 1, 1, 1, 1, 1, 1, 1, 1, 1, 1, 1, 1, 1, 1, 1, 1, 1, 1, 1, 1, 1, 1, 1, 1, 1, 1, 1, 1, 1, 1, 1, 1, 1, 1, 1, 1, 1, 1, 1, 1, 1, 1, 1, 1, 1, 1, 1, 1, 1, 1, 1, 1, 1, 1, 1, 1, 1, 1, 1, 1, 1, 1, 1, 1, 1, 1, 1, 1, 1, 1, 1, 1, 1, 1, 1, 1, 1, 1, 1, 1, 1, 1, 1, 1, 1, 1, 1, 1, 1, 1, 1, 1, 1, 1, 1, 1, 1, 1, 1, 1, 1, 1, 1, 1, 1, 1, 1, 1, 1, 1, 1, 1, 1, 1, 1, 1, 1, 1, 1, 1, 1, 1, 1, 1, 1, 1, 1, 1, 1, 1, 1, 1, 1, 1, 1, 1, 1, 1, 1, 1, 1, 1, 1, 1, 1, 1, 1, 1, 1, 1, 1, 1, 1, 1, 1, 1, 1, 1, 1, 1, 1, 1, 1, 1, 1, 1, 1, 1, 1, 1, 1, 1, 1, 1, 1, 1, 1, 1, 1, 1, 1, 1, 1, 1, 1, 1, 1, 1, 1, 1, 1, 1, 1, 1, 1, 1, 1, 1, 1, 1, 1, 1, 1, 1, 1, 1, 1, 1, 1, 1, 1, 1, 1, 1, 1, 1, 1, 1, 1, 1, 1, 1, 1, 1, 1, 1, 1, 1, 1, 1, 1, 1, 1, 1, 1, 1, 1, 1, 1, 1, 1, 1, 1, 1, 1, 1, 1, 1, 1, 1, 1, 1, 1, 1, 1, 1, 1, 1, 1, 1, 1, 1, 1, 1, 1, 1, 1, 1, 1, 1, 1, 1, 1, 1, 1, 1, 1, 1, 1, 1, 1, 1, 1, 1, 1, 1, 1, 1, 1, 1, 1, 1, 1, 1, 1, 1, 1, 1, 1, 1, 1, 1, 1, 1, 1, 1, 1, 1, 1, 1, 1, 1, 1, 1, 1, 1, 1, 1, 1, 1, 1, 1, 1, 1, 1, 1, 1, 1, 1, 1, 1, 1, 1, 1, 1, 1, 1, 1, 1, 1, 1, 1, 1, 1, 1, 1, 1, 1, 1, 1, 1, 1, 1, 1, 1, 1, 1, 1, 1, 1, 1, 1, 1, 1, 1, 1, 1, 1, 1, 1, 1, 1, 1, 1, 1, 1, 1, 1, 1, 1, 1, 1, 1, 1, 1, 1, 1, 1, 1, 1, 1, 1, 1, 1, 1, 1, 1, 1, 1, 1, 1, 1, 1, 1, 1, 1, 1, 1, 1, 1, 1, 1, 1, 1, 1, 1, 1, 1, 1, 1, 1, 1, 1, 1, 1, 1, 1, 1, 1, 1, 1, 1, 1, 1, 1, 1, 1, 1, 1, 1, 1, 1, 1, 1, 1, 1, 1, 1, 1, 1, 1, 1, 1, 1, 1, 1, 1, 1, 1, 1, 1, 1, 1, 1, 1, 1, 1, 1, 1, 1, 1, 1, 1, 1, 1, 1, 1, 1, 1, 1, 1, 1, 1, 1, 1, 1, 1, 1, 1, 1, 1, 1, 1, 1, 1, 1, 1, 1, 1, 1, 1, 1, 1, 1, 1, 1, 1, 1, 1, 1, 1, 1, 1, 1, 1, 1, 1, 1, 1, 1, 1, 1, 1, 1, 1, 1, 1, 1, 1, 1, 1, 1, 1, 1, 1, 1, 1, 1, 1, 1, 1, 1, 1, 1, 1, 1, 1, 1, 1, 1, 1, 1, 1, 1, 1, 1, 1, 1, 1, 1, 1, 1, 1, 1, 1, 1, 1, 1, 1, 1, 1, 1, 1, 1, 1, 1, 1, 1, 1, 1, 1, 1, 1, 1, 1, 1, 1, 1, 1, 1, 1, 1, 1, 1, 1, 1, 1, 1, 1, 1, 1, 1, 1, 1, 1, 1, 1, 1, 1, 1, 1, 1, 1, 1, 1, 1, 1, 1, 1, 1, 1, 1, 1, 1, 1, 1, 1, 1, 1, 1, 1, 1, 1, 1, 1, 1, 1, 1, 1, 1, 1, 1, 1, 1, 1, 1, 1, 1, 1, 1, 1, 1, 1, 1, 1, 1, 1, 1, 1, 1, 1, 1, 1, 1, 1, 1, 1, 1, 1, 1, 1, 1, 1, 1, 1, 1, 1, 1, 1, 1, 1, 1, 1, 1, 1, 1, 1, 1, 1, 1, 1, 1, 1, 1, 1, 1, 1, 1, 1, 1, 1, 1, 1, 1, 1, 1, 1, 1, 1, 1, 1, 1, 1, 1, 1, 1, 1, 1, 1, 1, 1, 1, 1, 1, 1, 1, 1, 1, 1, 1, 1, 1, 1, 1, 1, 1, 1, 1, 1, 1, 1, 1, 1, 1, 1, 1, 1, 1, 1, 1, 1, 1, 1, 1, 1, 1, 1, 1, 1, 1, 1, 1, 1, 1, 1, 1, 1, 1, 1, 1, 1, 1, 1, 1, 1, 1, 1, 1, 1, 1, 1, 1, 1, 1, 1, 1, 1, 1, 1, 1, 1, 1, 1, 1, 1, 1, 1, 1, 1, 1, 1, 1, 1, 1, 1, 1, 1, 1, 1, 1, 1, 1, 1, 1, 1, 1, 1, 1, 1, 1, 1, 1, 1, 1, 1, 1, 1, 1, 1, 1, 1, 1, 1, 1, 1, 1, 1, 1, 1, 1, 1, 1, 1, 1, 1, 1, 1, 1, 1, 1, 1, 1, 1, 1, 1, 1, 1, 1, 1, 1, 1, 1, 1, 1, 1, 1, 1, 1, 1, 1, 1, 1, 1, 1, 1, 1, 1, 1, 1, 1, 1, 1, 1, 1, 1, 1, 1, 1, 1, 1, 1, 1, 1, 1, 1, 1, 1, 1, 1, 1, 1, 1, 1, 1, 1, 1, 1, 1, 1, 1, 1, 1, 1, 1, 1, 1, 1, 1, 1, 1, 1, 1, 1, 1, 1, 1, 1, 1, 1, 1, 1, 1, 1, 1, 1, 1, 1, 1, 1, 1, 1, 1, 1, 1, 1, 1, 1, 1, 1, 1, 1, 1, 1, 1, 1, 1, 1, 1, 1, 1, 1, 1, 1, 1, 1, 1, 1, 1, 1, 1, 1, 1, 1, 1, 1, 1, 1, 1, 1, 1, 1, 1, 1, 1, 1, 1, 1, 1, 1, 1, 1, 1, 1, 1, 1, 1, 1, 1, 1, 1, 1, 1, 1, 1, 1, 1, 1, 1, 1, 1, 1, 1, 1, 1, 1, 1, 1, 1, 1, 1, 1, 1, 1, 1, 1, 1, 1, 1, 1, 1, 1, 1, 1, 1, 1, 1, 1, 1, 1, 1, 1, 1, 1, 1, 1, 1, 1, 1, 1, 1, 1, 1, 1, 1, 1, 1, 1, 1, 1, 1, 1, 1, 1, 1, 1, 1, 1, 1, 1, 1, 1, 1, 1, 1, 1, 1, 1, 1, 1, 1, 1, 1, 1, 1, 1, 1, 1, 1, 1, 1, 1, 1, 1, 1, 1, 1, 1, 1, 1, 1, 1, 1, 1, 1, 1, 1, 1, 1, 1, 1, 1, 1, 1, 1, 1, 1, 1, 1, 1, 1, 1, 1, 1, 1, 1, 1, 1, 1, 1, 1, 1, 1, 1, 1, 1, 1, 1, 1, 1, 1, 1, 1, 1, 1, 1, 1, 1, 1, 1, 1, 1, 1, 1, 1, 1, 1, 1, 1, 1, 1, 1, 1, 1, 1, 1, 1, 1, 1, 1, 1, 1, 1, 1, 1, 1, 1, 1, 1, 1, 1, 1, 1, 1, 1, 1, 1, 1, 1, 1, 1, 1, 1, 1, 1, 1, 1, 1, 1, 1, 1, 1, 1, 1, 1, 1, 1, 1, 1, 1, 1, 1, 1, 1, 1, 1, 1, 1, 1, 1, 1, 1, 1, 1, 1, 1, 1, 1, 1, 1, 1, 1, 1, 1, 1, 1, 1, 1, 1, 1, 1, 1, 1, 1, 1, 1, 1, 1, 1, 1, 1, 1, 1, 1, 1, 1, 1, 1, 1, 1, 1, 1, 1, 1, 1, 1, 1, 1, 1, 1, 1, 1, 1, 1, 1, 1, 1, 1, 1, 1, 1, 1, 1, 1, 1, 1, 1, 1, 1, 1, 1, 1, 1, 1, 1, 1, 1, 1, 1, 1, 1, 1, 1, 1, 1, 1, 1, 1, 1, 1, 1, 1, 1, 1, 1, 1, 1, 1, 1, 1, 1, 1, 1, 1, 1, 1, 1, 1, 1, 1, 1, 1, 1, 1, 1, 1, 1, 1, 1, 1, 1, 1, 1, 1, 1, 1, 1, 1, 1, 1, 1, 1, 1, 1, 1, 1, 1, 1, 1, 1, 1, 1, 1, 1, 1, 1, 1, 1, 1, 1, 1, 1, 1, 1, 1, 1, 1, 1, 1, 1, 1, 1, 1, 1, 1, 1, 1, 1, 1, 1, 1, 1, 1, 1, 1, 1, 1, 1, 1, 1, 1, 1, 1, 1, 1, 1, 1, 1, 1, 1, 1, 1, 1, 1, 1, 1, 1, 1, 1, 1, 1, 1, 1, 1, 1, 1, 1, 1, 1, 1, 1, 1, 1, 1, 1, 1, 1, 1, 1, 1, 1, 1, 1, 1, 1, 1, 1, 1, 1, 1, 1, 1, 1, 1, 1, 1, 1, 1, 1, 1, 1, 1, 1, 1, 1, 1, 1, 1, 1, 1, 1, 1, 1, 1, 1, 1, 1, 1, 1, 1, 1, 1, 1, 1, 1, 1, 1, 1, 1, 1, 1, 1, 1, 1, 1, 1, 1, 1, 1, 1, 1, 1, 1, 1, 1, 1, 1, 1, 1, 1, 1, 1, 1, 1, 1, 1, 1, 1, 1, 1, 1, 1, 1, 1, 1, 1, 1, 1, 1, 1, 1, 1, 1, 1, 1, 1, 1, 1, 1, 1, 1, 1, 1, 1, 1, 1, 1, 1, 1, 1, 1, 1, 1, 1, 1, 1, 1, 1, 1, 1, 1, 1, 1, 1, 1, 1, 1, 1, 1, 1, 1, 1, 1, 1, 1, 1, 1, 1, 1, 1, 1, 1, 1, 1, 1, 1, 1, 1, 1, 1, 1, 1, 1, 1, 1, 1, 1, 1, 1, 1, 1, 1, 1, 1, 1, 1, 1, 1, 1, 1, 1, 1, 1, 1, 1, 1, 1, 1, 1, 1, 1, 1, 1, 1, 1, 1, 1, 1, 1, 1, 1, 1, 1, 1, 1, 1, 1, 1, 1, 1, 1, 1, 1, 1, 1, 1, 1, 1, 1, 1, 1, 1, 1, 1, 1, 1, 1, 1, 1, 1, 1, 1, 1, 1, 1, 1, 1, 1, 1, 1, 1, 1, 1, 1, 1, 1, 1, 1, 1, 1, 1, 1, 1, 1, 1, 1, 1, 1, 1, 1, 1, 1, 1, 1, 1, 1, 1, 1, 1, 1, 1, 1, 1, 1, 1, 1, 1, 1, 1, 1, 1, 1, 1, 1, 1, 1, 1, 1, 1, 1, 1, 1, 1, 1, 1, 1, 1, 1, 1, 1, 1, 1, 1, 1, 1, 1, 1, 1, 1, 1, 1, 1, 1, 1, 1, 1, 1, 1, 1, 1, 1, 1, 1, 1, 1, 1, 1, 1, 1, 1, 1, 1, 1, 1, 1, 1, 1, 1, 1, 1, 1, 1, 1, 1, 1, 1, 1, 1, 1, 1, 1, 1, 1, 1, 1, 1, 1, 1, 1, 1, 1, 1, 1, 1, 1, 1, 1, 1, 1, 1, 1, 1, 1, 1, 1, 1, 1, 1, 1, 1, 1, 1, 1, 1, 1, 1, 1, 1, 1, 1, 1, 1, 1, 1, 1, 1, 1, 1, 1, 1, 1, 1, 1, 1, 1, 1, 1, 1, 1, 1, 1, 1, 1, 1, 1, 1, 1, 1, 1, 1, 1, 1, 1, 1, 1, 1, 1, 1, 1, 1, 1, 1, 1, 1, 1, 1, 1, 1, 1, 1, 1, 1, 1, 1, 1, 1, 1, 1, 1, 1, 1, 1, 1, 1, 1, 1, 1, 1, 1, 1, 1, 1, 1, 1, 1, 1, 1, 1, 1, 1, 1, 1, 1, 1, 1, 1, 1, 1, 1, 1, 1, 1, 1, 1, 1, 1, 1, 1, 1, 1, 1, 1, 1, 1, 1, 1, 1, 1, 1, 1, 1, 1, 1, 1, 1, 1, 1, 1, 1, 1, 1, 1, 1, 1, 1, 1, 1, 1, 1, 1, 1, 1, 1, 1, 1, 1, 1, 1, 1, 1, 1, 1, 1, 1, 1, 1, 1, 1, 1, 1, 1, 1, 1, 1, 1, 1, 1, 1, 1, 1, 1, 1, 1, 1, 1, 1, 1, 1, 1, 1, 1, 1, 1, 1, 1, 1, 1, 1, 1, 1, 1, 1, 1, 1, 1, 1, 1, 1, 1, 1, 1, 1, 1, 1, 1, 1, 1, 1, 1, 1, 1, 1, 1, 1, 1, 1, 1, 1, 1, 1, 1, 1, 1, 1, 1, 1, 1, 1, 1, 1, 1, 1, 1, 1, 1, 1, 1, 1, 1, 1, 1, 1, 1, 1, 1, 1, 1, 1, 1, 1, 1, 1, 1, 1, 1, 1, 1, 1, 1, 1, 1, 1, 1, 1, 1, 1, 1, 1, 1, 1, 1, 1, 1, 1, 1, 1, 1, 1, 1, 1, 1, 1, 1, 1, 1, 1, 1, 1, 1, 1, 1, 1, 1, 1, 1, 1, 1, 1, 1, 1, 1, 1, 1, 1, 1, 1, 1, 1, 1, 1, 1, 1, 1, 1, 1, 1, 1, 1, 1, 1, 1, 1, 1, 1, 1, 1, 1, 1, 1, 1, 1, 1, 1, 1, 1, 1, 1, 1, 1, 1, 1, 1, 1, 1, 1, 1, 1, 1, 1, 1, 1, 1, 1, 1, 1, 1, 1, 1, 1, 1, 1, 1, 1, 1, 1, 1, 1, 1, 1, 1, 1, 1, 1, 1, 1, 1, 1, 1, 1, 1, 1, 1, 1, 1, 1, 1, 1, 1, 1, 1, 1, 1, 1, 1, 1, 1, 1, 1, 1, 1, 1, 1, 1, 1, 1, 1, 1, 1, 1, 1, 1, 1, 1, 1, 1, 1, 1, 1, 1, 1, 1, 1, 1, 1, 1, 1, 1, 1, 1, 1, 1, 1, 1, 1, 1, 1, 1, 1, 1, 1, 1, 1, 1, 1, 1, 1, 1, 1, 1, 1, 1, 1, 1, 1, 1, 1, 1, 1, 1, 1, 1, 1, 1, 1, 1, 1, 1, 1, 1, 1, 1, 1, 1, 1, 1, 1, 1, 1, 1, 1, 1, 1, 1, 1, 1, 1, 1, 1, 1, 1, 1, 1, 1, 1, 1, 1, 1, 1, 1, 1, 1, 1, 1, 1, 1, 1, 1, 1, 1, 1, 1, 1, 1, 1, 1, 1, 1, 1, 1, 1, 1, 1, 1, 1, 1, 1, 1, 1, 1, 1, 1, 1, 1, 1, 1, 1, 1, 1, 1, 1, 1, 1, 1, 1, 1, 1, 1, 1, 1, 1, 1, 1, 1, 1, 1, 1, 1, 1, 1, 1, 1, 1, 1, 1, 1, 1, 1, 1, 1, 1, 1, 1, 1, 1, 1, 1, 1, 1, 1, 1, 1, 1, 1, 1, 1, 1, 1, 1, 1, 1, 1, 1, 1, 1, 1, 1, 1, 1, 1, 1, 1, 1, 1, 1, 1, 1, 1, 1, 1, 1, 1, 1, 1, 1, 1, 1, 1, 1, 1, 1, 1, 1, 1, 1, 1, 1, 1, 1, 1, 1, 1, 1, 1, 1, 1, 1, 1, 1, 1, 1, 1, 1, 1, 1, 1, 1, 1, 1, 1, 1, 1, 1, 1, 1, 1, 1, 1, 1, 1, 1, 1, 1, 1, 1, 1, 1, 1, 1, 1, 1, 1, 1, 1, 1, 1, 1, 1, 1, 1, 1, 1, 1, 1, 1, 1, 1, 1, 1, 1, 1, 1, 1, 1, 1, 1, 1, 1, 1, 1, 1, 1, 1, 1, 1, 1, 1, 1, 1, 1, 1, 1, 1, 1, 1, 1, 1, 1, 1, 1, 1, 1, 1, 1, 1, 1, 1, 1, 1, 1, 1, 1, 1, 1, 1, 1, 1, 1, 1, 1, 1, 1, 1, 1, 1, 1, 1, 1, 1, 1, 1, 1, 1, 1, 1, 1, 1, 1, 1, 1, 1, 1, 1, 1, 1, 1, 1, 1, 1, 1, 1, 1, 1, 1, 1, 1, 1, 1, 1, 1, 1, 1, 1, 1, 1, 1, 1, 1, 1, 1, 1, 1, 1, 1, 1, 1, 1, 1, 1, 1, 1, 1, 1, 1, 1, 1, 1, 1, 1, 1, 1, 1, 1, 1, 1, 1, 1, 1, 1, 1, 1, 1, 1, 1, 1, 1, 1, 1, 1, 1, 1, 1, 1, 1, 1, 1, 1, 1, 1, 1, 1, 1, 1, 1, 1, 1, 1, 1, 1, 1, 1, 1, 1, 1, 1, 1, 1, 1, 1, 1, 1, 1, 1, 1, 1, 1, 1, 1, 1, 1, 1, 1, 1, 1, 1, 1, 1, 1, 1, 1, 1, 1, 1, 1, 1, 1, 1, 1, 1, 1, 1, 1, 1, 1, 1, 1, 1, 1, 1, 1, 1, 1, 1, 1, 1, 1, 1, 1, 1, 1, 1, 1, 1, 1, 1, 1, 1, 1, 1, 1, 1, 1, 1, 1, 1, 1, 1, 1, 1, 1, 1, 1, 1, 1, 1, 1, 1, 1, 1, 1, 1, 1, 1, 1, 1, 1, 1, 1, 1, 1, 1, 1, 1, 1, 1, 1, 1, 1, 1, 1, 1, 1, 1, 1, 1, 1, 1, 1, 1, 1, 1, 1, 1, 1, 1, 1, 1, 1, 1, 1, 1, 1, 1, 1, 1, 1, 1, 1, 1, 1, 1, 1, 1, 1, 1, 1, 1, 1, 1, 1, 1, 1, 1, 1, 1, 1, 1, 1, 1, 1, 1, 1, 1, 1, 1, 1, 1, 1, 1, 1, 1, 1, 1, 1, 1, 1, 1, 1, 1, 1, 1, 1, 1, 1, 1, 1, 1, 1, 1, 1, 1, 1, 1, 1, 1, 1, 1, 1, 1, 1, 1, 1, 1, 1, 1, 1, 1, 1, 1, 1, 1, 1, 1, 1, 1, 1, 1, 1, 1, 1, 1, 1, 1, 1, 1, 1, 1, 1, 1, 1, 1, 1, 1, 1, 1, 1, 1, 1, 1, 1, 1, 1, 1, 1, 1, 1, 1, 1, 1, 1, 1, 1, 1, 1, 1, 1, 1, 1, 1, 1, 1, 1, 1, 1, 1, 1, 1, 1, 1, 1, 1, 1, 1, 1, 1, 1, 1, 1, 1, 1, 1, 1, 1, 1, 1, 1, 1, 1, 1, 1, 1, 1, 1, 1, 1, 1, 1, 1, 1, 1, 1, 1, 1, 1, 1, 1, 1, 1, 1, 1, 1, 1, 1, 1, 1, 1, 1, 1, 1, 1, 1, 1, 1, 1, 1, 1, 1, 1, 1, 1, 1, 1, 1, 1, 1, 1, 1, 1, 1, 1, 1, 1, 1, 1, 1, 1, 1, 1, 1, 1, 1, 1, 1, 1, 1, 1, 1, 1, 1, 1, 1, 1, 1, 1, 1, 1, 1, 1, 1, 1, 1, 1, 1, 1, 1, 1, 1, 1, 1, 1, 1, 1, 1, 1, 1, 1, 1, 1, 1, 1, 1, 1, 1, 1, 1, 1, 1, 1, 1, 1, 1, 1, 1, 1, 1, 1, 1, 1, 1, 1, 1, 1, 1, 1, 1, 1, 1, 1, 1, 1, 1, 1, 1, 1, 1, 1, 1, 1, 1, 1, 1, 1, 1, 1, 1, 1, 1, 1, 1, 1, 1, 1, 1, 1, 1, 1, 1, 1, 1, 1, 1, 1, 1, 1, 1, 1, 1, 1, 1, 1, 1, 1, 1, 1, 1, 1, 1, 1, 1, 1, 1, 1, 1, 1, 1, 1, 1, 1, 1, 1, 1, 1, 1, 1, 1, 1, 1, 1, 1, 1, 1, 1, 1, 1, 1, 1, 1, 1, 1, 1, 1, 1, 1, 1, 1, 1, 1, 1, 1, 1, 1, 1, 1, 1, 1, 1, 1, 1, 1, 1, 1, 1, 1, 1, 1, 1, 1, 1, 1, 1, 1, 1, 1, 1, 1, 1, 1, 1, 1, 1, 1, 1, 1, 1, 1, 1, 1, 1, 1, 1, 1, 1, 1, 1, 1, 1, 1, 1, 1, 1, 1, 1, 1, 1, 1, 1, 1, 1, 1, 1, 1, 1, 1, 1, 1, 1, 1, 1, 1, 1, 1, 1, 1, 1, 1, 1, 1, 1, 1, 1, 1, 1, 1, 1, 1, 1, 1, 1, 1, 1, 1, 1, 1, 1, 1, 1, 1, 1, 1, 1, 1, 1, 1, 1, 1, 1, 1, 1, 1, 1, 1, 1, 1, 1, 1, 1, 1, 1, 1, 1, 1, 1, 1, 1, 1, 1, 1, 1, 1, 1, 1, 1, 1, 1, 1, 1, 1, 1, 1, 1, 1, 1, 1, 1, 1, 1, 1, 1, 1, 1, 1, 1, 1, 1, 1, 1, 1, 1, 1, 1, 1, 1, 1, 1, 1, 1, 1, 1, 1, 1, 1, 1, 1, 1, 1, 1, 1, 1, 1, 1, 1, 1, 1, 1, 1, 1, 1, 1, 1, 1, 1, 1, 1, 1, 1, 1, 1, 1, 1, 1, 1, 1, 1, 1, 1, 1, 1, 1, 1, 1, 1, 1, 1, 1, 1, 1, 1, 1, 1, 1, 1, 1, 1, 1, 1, 1, 1, 1, 1, 1, 1, 1, 1, 1, 1, 1, 1, 1, 1, 1, 1, 1, 1, 1, 1, 1, 1, 1, 1, 1, 1, 1, 1, 1, 1, 1, 1, 1, 1, 1, 1, 1, 1, 1, 1, 1, 1, 1, 1, 1, 1, 1, 1, 1, 1, 1, 1, 1, 1, 1, 1, 1, 1, 1, 1, 1, 1, 1, 1, 1, 1, 1, 1, 1, 1, 1, 1, 1, 1, 1, 1, 1, 1, 1, 1, 1, 1, 1, 1, 1, 1, 1, 1, 1, 1, 1, 1, 1, 1, 1, 1, 1, 1, 1, 1, 1, 1, 1, 1, 1, 1, 1, 1, 1, 1, 1, 1, 1, 1, 1, 1, 1, 1, 1, 1, 1, 1, 1, 1, 1, 1, 1, 1, 1, 1, 1, 1, 1, 1, 1, 1, 1, 1, 1, 1, 1, 1, 1, 1, 1, 1, 1, 1, 1, 1, 1, 1, 1, 1, 1, 1, 1, 1, 1, 1, 1, 1, 1, 1, 1, 1, 1, 1, 1, 1, 1, 1, 1, 1, 1, 1, 1, 1, 1, 1, 1, 1, 1, 1, 1, 1, 1, 1, 1, 1, 1, 1, 1, 1, 1, 1, 1, 1, 1, 1, 1, 1, 1, 1, 1, 1, 1, 1, 1, 1, 1, 1, 1, 1, 1, 1, 1, 1, 1, 1, 1, 1, 1, 1, 1, 1, 1, 1, 1, 1, 1, 1, 1, 1, 1, 1, 1, 1, 1, 1, 1, 1, 1, 1, 1, 1, 1, 1, 1, 1, 1, 1, 1, 1, 1, 1, 1, 1, 1, 1, 1, 1, 1, 1, 1, 1, 1, 1, 1, 1, 1, 1, 1, 1, 1, 1, 1, 1, 1, 1, 1, 1, 1, 1, 1, 1, 1, 1, 1, 1, 1, 1, 1, 1, 1, 1, 1, 1, 1, 1, 1, 1, 1, 1, 1, 1, 1, 1, 1, 1, 1, 1, 1, 1, 1, 1, 1, 1, 1, 1, 1, 1, 1, 1, 1, 1, 1, 1, 1, 1, 1, 1, 1, 1, 1, 1, 1, 1, 1, 1, 1, 1, 1, 1, 1, 1, 1, 1, 1, 1, 1, 1, 1, 1, 1, 1, 1, 1, 1, 1, 1, 1, 1, 1, 1, 1, 1, 1, 1, 1, 1, 1, 1, 1, 1, 1, 1, 1, 1, 1, 1, 1, 1, 1, 1, 1, 1, 1, 1, 1, 1, 1, 1, 1, 1, 1, 1, 1, 1, 1, 1, 1, 1, 1, 1, 1, 1, 1, 1, 1, 1, 1, 1, 1, 1, 1, 1, 1, 1, 1, 1, 1, 1, 1, 1, 1, 1, 1, 1, 1, 1, 1, 1, 1, 1, 1, 1, 1, 1, 1, 1, 1, 1, 1, 1, 1, 1, 1, 1, 1, 1, 1, 1, 1, 1, 1, 1, 1, 1, 1, 1, 1, 1, 1, 1, 1, 1, 1, 1, 1, 1, 1, 1, 1, 1, 1, 1, 1, 1, 1, 1, 1, 1, 1, 1, 1, 1, 1, 1, 1, 1, 1, 1, 1, 1, 1, 1, 1, 1, 1, 1, 1, 1, 1, 1, 1, 1, 1, 1, 1, 1, 1, 1, 1, 1, 1, 1, 1, 1, 1, 1, 1, 1, 1, 1, 1, 1, 1, 1, 1, 1, 1, 1, 1, 1, 1, 1, 1, 1, 1, 1, 1, 1, 1, 1, 1, 1, 1, 1, 1, 1, 1, 1, 1, 1, 1, 1, 1, 1, 1, 1, 1, 1, 1, 1, 1, 1, 1, 1, 1, 1, 1, 1, 1, 1, 1, 1, 1, 1, 1, 1, 1, 1, 1, 1, 1, 1, 1, 1, 1, 1, 1, 1, 1, 1, 1, 1, 1, 1, 1, 1, 1, 1, 1, 1, 1, 1, 1, 1, 1, 1, 1, 1, 1, 1, 1, 1, 1, 1, 1, 1, 1, 1, 1, 1, 1, 1, 1, 1, 1, 1, 1, 1, 1, 1, 1, 1, 1, 1, 1, 1, 1, 1, 1, 1, 1, 1, 1, 1, 1, 1, 1, 1, 1, 1, 1, 1, 1, 1, 1, 1, 1, 1, 1, 1, 1, 1, 1, 1, 1, 1, 1, 1, 1, 1, 1, 1, 1, 1, 1, 1, 1, 1, 1, 1, 1, 1, 1, 1, 1, 1, 1, 1, 1, 1, 1, 1, 1, 1, 1, 1, 1, 1, 1, 1, 1, 1, 1, 1, 1, 1, 1, 1, 1, 1, 1, 1, 1, 1, 1, 1, 1, 1, 1, 1, 1, 1, 1, 1, 1, 1, 1, 1, 1, 1, 1, 1, 1, 1, 1, 1, 1, 1, 1, 1, 1, 1, 1, 1, 1, 1, 1, 1, 1, 1, 1, 1, 1, 1, 1, 1, 1, 1, 1, 1, 1, 1, 1, 1, 1, 1, 1, 1, 1, 1, 1, 1, 1, 1, 1, 1, 1, 1, 1, 1, 1, 1, 1, 1, 1, 1, 1, 1, 1, 1, 1, 1, 1, 1, 1, 1, 1, 1, 1, 1, 1, 1, 1, 1, 1, 1, 1, 1, 1, 1, 1, 1, 1, 1, 1, 1, 1, 1, 1, 1, 1, 1, 1, 1, 1, 1, 1, 1, 1, 1, 1, 1, 1, 1, 1, 1, 1, 1, 1, 1, 1, 1, 1, 1, 1, 1, 1, 1, 1, 1, 1, 1, 1, 1, 1, 1, 1, 1, 1, 1, 1, 1, 1, 1, 1, 1, 1, 1, 1, 1, 1, 1, 1, 1, 1, 1, 1, 1, 1, 1, 1, 1, 1, 1, 1, 1, 1, 1, 1, 1, 1, 1, 1, 1, 1, 1, 1, 1, 1, 1, 1, 1, 1, 1, 1, 1, 1, 1, 1, 1, 1, 1, 1, 1, 1, 1, 1, 1, 1, 1, 1, 1, 1, 1, 1, 1, 1, 1, 1, 1, 1, 1, 1, 1, 1, 1, 1, 1, 1, 1, 1, 1, 1, 1, 1, 1, 1, 1, 1, 1, 1, 1, 1, 1, 1, 1, 1, 1, 1, 1, 1, 1, 1, 1, 1, 1, 1, 1, 1, 1, 1, 1, 1, 1, 1, 1, 1, 1, 1, 1, 1, 1, 1, 1, 1, 1, 1, 1, 1, 1, 1, 1, 1, 1, 1, 1, 1, 1, 1, 1, 1, 1, 1, 1, 1, 1, 1, 1, 1, 1, 1, 1, 1, 1, 1, 1, 1, 1, 1, 1, 1, 1, 1, 1, 1, 1, 1, 1, 1, 1, 1, 1, 1, 1, 1, 1, 1, 1, 1, 1, 1, 1, 1, 1, 1, 1, 1, 1, 1, 1, 1, 1, 1, 1, 1, 1, 1, 1, 1, 1, 1, 1, 1, 1, 1, 1, 1, 1, 1, 1, 1, 1, 1, 1]
}
}
}
}
}
}
