#VRML V1.0 ascii

Separator {
    DEF Title Info {
	string "Millenium Falcon"
    }
    ShapeHints {
	vertexOrdering	COUNTERCLOCKWISE
	faceType	CONVEX
	creaseAngle	0.5
    }
    Separator {
	Material {
	    diffuseColor	.8 .8 .8
	    specularColor	0.70 0.70 0.70
	    shininess		0.2
	}
	Separator {
	    Coordinate3 {
		point	[ 2.067 -0.306 0.785,
			 2.012 -0.331 0.785,
			 2.067 -0.316 0.785,
			 2.012 -0.211 0.785,
			 2.067 -0.307 0.764,
			 2.042 -0.263 0.653,
			 2.068 -0.306 0.764,
			 2.067 -0.308 0.767,
			 2.067 -0.277 0.785,
			 2.105 -0.277 0.785,
			 2.063 -0.24 0.653,
			 2.071 -0.303 0.765,
			 2.105 -0.274 0.775,
			 2.091 -0.286 0.771,
			 2.115 -0.27 0.785,
			 2.105 -0.246 0.785,
			 2.131 -0.21 0.785,
			 2.078 -0.246 0.785,
			 1.912 -0.246 0.785,
			 1.893 -0.211 0.785,
			 1.912 -0.269 0.777,
			 1.949 -0.246 0.785,
			 1.921 -0.246 0.785,
			 1.949 -0.248 0.785,
			 1.961 -0.242 0.653,
			 1.912 -0.27 0.777,
			 1.909 -0.272 0.785,
			 1.912 -0.271 0.78,
			 1.949 -0.277 0.785,
			 1.954 -0.316 0.785,
			 1.949 -0.311 0.785,
			 1.914 -0.271 0.776,
			 1.983 -0.263 0.653,
			 1.949 -0.3 0.766,
			 1.949 -0.302 0.77,
			 1.937 -0.29 0.769,
			 2.067 -0.225 0.814,
			 2.067 -0.343 0.798,
			 2.067 -0.325 0.757,
			 2.105 -0.325 0.757,
			 2.067 -0.246 0.785,
			 2.105 -0.281 0.785,
			 2.105 -0.225 0.814,
			 2.105 -0.343 0.798,
			 2.105 -0.28 0.784,
			 2.105 -0.263 0.785,
			 2.072 -0.246 0.785,
			 1.949 -0.325 0.757,
			 1.912 -0.325 0.757,
			 1.949 -0.225 0.814,
			 1.912 -0.275 0.785,
			 1.912 -0.225 0.814,
			 1.912 -0.27 0.778,
			 1.912 -0.27 0.785,
			 1.949 -0.343 0.798,
			 2.011 -0.21 0.512,
			 2.011 -0.28 0.512,
			 2.045 -0.271 0.512,
			 2.012 -0.33 0.358,
			 2.072 -0.314 0.358,
			 2.012 -0.48 0.314,
			 2.148 -0.442 0.314,
			 2.014 -0.53 0.116,
			 2.173 -0.486 0.116,
			 2.011 -0.21 0.116,
			 2.071 -0.245 0.512,
			 2.115 -0.269 0.358,
			 2.245 -0.343 0.314,
			 2.289 -0.368 0.116,
			 2.08 -0.21 0.512,
			 2.13 -0.209 0.358,
			 2.28 -0.208 0.314,
			 2.33 -0.208 0.116,
			 2.071 -0.176 0.512,
			 2.114 -0.151 0.358,
			 2.243 -0.074 0.314,
			 2.286 -0.049 0.116,
			 2.045 -0.151 0.512,
			 2.069 -0.107 0.358,
			 2.143 0.021 0.314,
			 2.168 0.066 0.116,
			 2.011 -0.142 0.512,
			 2.011 -0.092 0.358,
			 2.009 0.057 0.314,
			 2.009 0.107 0.116,
			 1.976 -0.151 0.512,
			 1.951 -0.108 0.358,
			 1.875 0.02 0.314,
			 1.849 0.063 0.116,
			 1.951 -0.177 0.512,
			 1.907 -0.153 0.358,
			 1.778 -0.078 0.314,
			 1.733 -0.054 0.116,
			 1.942 -0.21 0.512,
			 1.892 -0.21 0.358,
			 1.742 -0.213 0.314,
			 1.692 -0.213 0.116,
			 1.951 -0.246 0.512,
			 1.908 -0.271 0.358,
			 1.779 -0.347 0.314,
			 1.736 -0.372 0.116,
			 1.977 -0.271 0.512,
			 1.953 -0.315 0.358,
			 1.878 -0.444 0.314,
			 1.853 -0.489 0.116,
			 2.012 -0.27 0.653,
			 2.012 -0.27 0.522,
			 2.042 -0.263 0.522,
			 2.012 -0.211 0.522,
			 2.063 -0.24 0.522,
			 2.069 -0.211 0.653,
			 2.069 -0.211 0.522,
			 2.115 -0.152 0.785,
			 2.063 -0.182 0.653,
			 2.063 -0.182 0.522,
			 2.069 -0.108 0.785,
			 2.04 -0.16 0.653,
			 2.04 -0.16 0.522,
			 2.012 -0.093 0.785,
			 2.012 -0.154 0.653,
			 2.012 -0.154 0.522,
			 1.952 -0.109 0.785,
			 1.982 -0.161 0.653,
			 1.982 -0.161 0.522,
			 1.908 -0.154 0.785,
			 1.96 -0.183 0.653,
			 1.96 -0.183 0.522,
			 1.954 -0.211 0.653,
			 1.954 -0.211 0.522,
			 1.961 -0.242 0.522,
			 1.983 -0.263 0.522,
			 1.949 -0.191 0.835,
			 1.912 -0.191 0.835,
			 1.912 -0.343 0.798,
			 1.912 -0.465 0.88,
			 1.949 -0.465 0.88,
			 1.912 -0.498 0.885,
			 1.949 -0.498 0.885,
			 1.949 -0.214 0.796,
			 1.912 -0.214 0.796,
			 1.912 -0.15 0.833,
			 1.949 -0.15 0.833,
			 1.912 -0.083 0.897,
			 1.949 -0.083 0.897,
			 1.912 -0.116 1.106,
			 1.949 -0.116 1.106,
			 1.912 -0.132 1.072,
			 1.949 -0.132 1.072,
			 1.912 -0.108 0.921,
			 1.949 -0.108 0.921,
			 1.912 -0.187 0.837,
			 1.949 -0.187 0.837,
			 2.105 -0.191 0.835,
			 2.067 -0.191 0.835,
			 2.067 -0.465 0.88,
			 2.105 -0.465 0.88,
			 2.067 -0.498 0.885,
			 2.105 -0.498 0.885,
			 2.105 -0.214 0.796,
			 2.067 -0.214 0.796,
			 2.067 -0.15 0.833,
			 2.105 -0.15 0.833,
			 2.067 -0.083 0.897,
			 2.105 -0.083 0.897,
			 2.067 -0.116 1.106,
			 2.105 -0.116 1.106,
			 2.067 -0.132 1.072,
			 2.105 -0.132 1.072,
			 2.067 -0.108 0.921,
			 2.105 -0.108 0.921,
			 2.067 -0.187 0.837,
			 2.105 -0.187 0.837,
			 -0.154 0.192 0.862,
			 -0.1 0.192 0.86,
			 -0.116 0.192 0.822,
			 -0.1 -0.034 0.86,
			 -0.116 -0.034 0.822,
			 -0.114 -0.088 0.862,
			 -0.126 -0.088 0.834,
			 -0.114 -0.292 0.862,
			 -0.126 -0.292 0.834,
			 -0.085 -0.335 0.86,
			 -0.104 -0.335 0.813,
			 -0.109 -0.583 0.862,
			 -0.123 -0.583 0.83,
			 -0.154 -0.496 0.862,
			 -0.154 0.192 0.808,
			 -0.154 -0.034 0.808,
			 -0.154 -0.088 0.822,
			 -0.154 -0.292 0.822,
			 -0.154 -0.335 0.793,
			 -0.154 -0.583 0.818,
			 -0.191 0.192 0.824,
			 -0.191 -0.034 0.824,
			 -0.182 -0.088 0.834,
			 -0.182 -0.292 0.834,
			 -0.202 -0.335 0.813,
			 -0.184 -0.583 0.831,
			 -0.207 0.192 0.862,
			 -0.207 -0.034 0.862,
			 -0.192 -0.088 0.862,
			 -0.192 -0.292 0.862,
			 -0.221 -0.335 0.862,
			 -0.197 -0.583 0.862,
			 -0.191 0.192 0.9,
			 -0.191 -0.034 0.9,
			 -0.181 -0.088 0.889,
			 -0.181 -0.292 0.889,
			 -0.201 -0.335 0.91,
			 -0.184 -0.583 0.893,
			 -0.154 0.192 0.914,
			 -0.154 -0.034 0.914,
			 -0.154 -0.088 0.9,
			 -0.154 -0.292 0.9,
			 -0.153 -0.335 0.93,
			 -0.154 -0.583 0.905,
			 -0.115 0.192 0.9,
			 -0.115 -0.034 0.9,
			 -0.126 -0.088 0.889,
			 -0.126 -0.292 0.889,
			 -0.104 -0.335 0.909,
			 -0.122 -0.583 0.893,
			 0.145 0.192 0.862,
			 0.198 0.192 0.86,
			 0.183 0.192 0.824,
			 0.198 -0.033 0.86,
			 0.183 -0.033 0.824,
			 0.183 -0.087 0.862,
			 0.172 -0.087 0.834,
			 0.183 -0.292 0.862,
			 0.172 -0.292 0.834,
			 0.213 -0.335 0.86,
			 0.193 -0.335 0.813,
			 0.188 -0.583 0.862,
			 0.176 -0.583 0.831,
			 0.145 -0.496 0.862,
			 0.144 0.192 0.808,
			 0.144 -0.033 0.808,
			 0.145 -0.087 0.822,
			 0.145 -0.292 0.822,
			 0.144 -0.335 0.793,
			 0.145 -0.583 0.818,
			 0.104 0.192 0.824,
			 0.104 -0.033 0.824,
			 0.116 -0.087 0.834,
			 0.116 -0.292 0.834,
			 0.096 -0.335 0.814,
			 0.113 -0.583 0.831,
			 0.092 0.192 0.862,
			 0.092 -0.033 0.862,
			 0.104 -0.087 0.862,
			 0.104 -0.292 0.862,
			 0.077 -0.335 0.862,
			 0.101 -0.583 0.862,
			 0.107 0.192 0.9,
			 0.107 -0.033 0.9,
			 0.116 -0.087 0.889,
			 0.116 -0.292 0.889,
			 0.096 -0.335 0.91,
			 0.114 -0.583 0.893,
			 0.145 0.192 0.914,
			 0.145 -0.033 0.914,
			 0.145 -0.087 0.901,
			 0.145 -0.292 0.901,
			 0.145 -0.335 0.93,
			 0.145 -0.583 0.905,
			 0.183 0.192 0.9,
			 0.183 -0.033 0.9,
			 0.172 -0.087 0.889,
			 0.172 -0.292 0.889,
			 0.193 -0.335 0.91,
			 0.176 -0.583 0.893,
			 0.164 0.804 1.02,
			 0.301 0.082 0.87,
			 0.178 0.847 1.005,
			 0.151 0.15 1.034,
			 0.152 0.762 1.033,
			 0.306 0.082 0.864,
			 0.178 0.85 1.004,
			 -0.3 0.953 0.871,
			 -0.161 0.15 1.034,
			 -0.161 0.76 1.034,
			 -0.224 0.983 0.96,
			 -0.151 0.76 1.034,
			 -0.129 0.15 1.034,
			 -0.14 0.76 1.034,
			 -0.089 0.15 1.034,
			 -0.138 0.76 1.034,
			 -0.083 0.15 1.034,
			 -0.083 0.76 1.034,
			 -0.082 0.14 1.012,
			 -0.083 0.804 1.02,
			 -0.082 0.779 1.028,
			 -0.083 0.125 0.972,
			 -0.083 0.762 1.034,
			 -0.083 0.806 1.018,
			 -0.083 0.123 0.97,
			 -0.083 0.956 0.97,
			 -0.082 0.123 0.97,
			 -0.075 0.956 0.97,
			 -0.078 0.956 0.97,
			 0.004 0.123 0.97,
			 -0.073 0.956 0.97,
			 0.064 0.123 0.97,
			 -0.082 0.956 0.97,
			 0.073 0.123 0.97,
			 0.012 0.956 0.97,
			 0.073 0.956 0.97,
			 0.073 0.148 1.029,
			 0.073 0.947 0.972,
			 0.073 0.943 0.974,
			 0.073 0.15 1.034,
			 0.073 0.941 0.974,
			 0.073 0.896 0.989,
			 0.073 0.76 1.034,
			 0.145 0.15 1.034,
			 0.094 0.76 1.034,
			 0.096 0.76 1.034,
			 0.151 0.76 1.034,
			 0.218 0.983 0.96,
			 0.183 0.866 0.999,
			 0.308 0.95 0.862,
			 0.073 0.974 0.935,
			 0.098 0.983 0.96,
			 0.073 0.983 0.96,
			 -0.013 0.983 0.96,
			 -0.039 0.983 0.96,
			 -0.043 0.983 0.96,
			 -0.168 0.895 0.694,
			 -0.085 0.983 0.96,
			 -0.179 0.897 0.7,
			 -0.165 0.983 0.96,
			 -0.104 0.983 0.96,
			 -0.103 0.983 0.96,
			 -0.308 0.95 0.862,
			 -0.308 0.083 0.862,
			 -0.303 0.081 0.867,
			 -0.284 0.09 0.889,
			 -0.173 0.144 1.02,
			 0.303 0.081 0.867,
			 -0.308 0.084 0.86,
			 -0.112 0.081 0.867,
			 0.166 0.151 0.698,
			 0.201 0.143 0.717,
			 -0.121 0.081 0.867,
			 0.165 0.151 0.697,
			 -0.122 0.081 0.867,
			 -0.129 0.154 0.689,
			 -0.158 0.081 0.867,
			 -0.133 0.154 0.689,
			 -0.159 0.081 0.867,
			 -0.161 0.154 0.689,
			 -0.162 0.081 0.867,
			 -0.162 0.154 0.69,
			 -0.163 0.154 0.691,
			 -0.276 0.081 0.867,
			 0.298 0.081 0.867,
			 0.293 0.081 0.867,
			 0.277 0.081 0.867,
			 0.265 0.081 0.867,
			 0.253 0.081 0.867,
			 0.247 0.081 0.867,
			 0.207 0.082 0.864,
			 -0.172 0.144 1.021,
			 -0.161 0.893 0.689,
			 -0.3 0.121 0.771,
			 -0.308 0.119 0.776,
			 -0.308 0.922 0.776,
			 -0.308 0.924 0.784,
			 0.308 0.083 0.862,
			 0.308 0.116 0.78,
			 0.308 0.947 0.856,
			 0.308 0.119 0.776,
			 0.308 0.922 0.776,
			 0.293 0.918 0.767,
			 0.151 0.154 0.689,
			 0.151 0.893 0.689,
			 0.112 0.893 0.689,
			 0.073 -0.163 -0.643,
			 0.073 -0.163 0.431,
			 0.14 -0.163 0.431,
			 0.076 -0.163 -0.643,
			 0.145 -0.163 0.431,
			 0.145 -0.163 -0.643,
			 0.283 -0.063 0.442,
			 0.152 -0.158 -0.644,
			 0.289 -0.058 0.444,
			 0.289 -0.058 -0.656,
			 0.301 -0.164 -0.643,
			 0.503 -1.92 0.213,
			 0.304 -0.19 -0.64,
			 0.568 -2.486 -0.355,
			 0.568 -2.486 0.143,
			 0.545 -2.286 -0.38,
			 0.549 -2.548 -0.348,
			 0.524 -2.632 0.125,
			 0.505 -2.697 -0.329,
			 0.505 -2.697 0.116,
			 0.448 -2.697 -0.329,
			 0.513 -2.667 -0.333,
			 0.381 -2.697 0.116,
			 0.233 -2.697 -0.329,
			 -0.086 -2.697 0.116,
			 -0.331 -2.697 -0.329,
			 -0.357 -2.697 0.116,
			 -0.357 -2.697 -0.329,
			 -0.233 -2.697 -0.329,
			 -0.407 -2.548 0.136,
			 -0.378 -2.632 -0.337,
			 -0.429 -2.486 0.143,
			 -0.387 -2.606 -0.341,
			 -0.429 -2.486 -0.355,
			 -0.19 -0.408 0.401,
			 -0.367 -1.954 -0.421,
			 -0.165 -0.19 0.428,
			 -0.364 -1.92 -0.425,
			 -0.15 -0.058 0.444,
			 -0.361 -1.901 -0.428,
			 -0.15 -0.058 -0.656,
			 -0.004 -0.158 0.432,
			 -0.143 -0.063 -0.655,
			 0.002 -0.163 0.431,
			 0.002 -0.163 -0.643,
			 0.069 -0.163 0.431,
			 0.006 -0.163 -0.643,
			 -2.688 -0.055 -0.033,
			 -2.633 -0.036 -0.056,
			 -2.742 -0.073 -0.01,
			 -2.685 -0.058 -0.003,
			 -2.69 -0.069 0.033,
			 -2.716 -0.073 0.028,
			 -2.784 -0.127 0.071,
			 -2.787 -0.135 0.088,
			 -2.814 -0.165 0.128,
			 -2.776 -0.129 0.089,
			 -2.718 -0.091 0.058,
			 -2.73 -0.165 0.183,
			 -2.726 -0.143 0.147,
			 -2.787 -0.241 0.196,
			 -2.777 -0.388 0.3,
			 -2.725 -0.174 0.189,
			 -2.7 -0.376 0.308,
			 -2.632 -0.381 0.323,
			 -2.624 -0.452 0.334,
			 -2.63 -0.757 0.376,
			 -2.587 -0.482 0.331,
			 -2.624 -0.4 0.327,
			 -2.623 -0.388 0.326,
			 -2.481 -0.565 0.32,
			 -2.464 -0.757 0.342,
			 -2.473 -0.567 0.319,
			 -2.425 -0.603 0.292,
			 -2.373 -0.643 0.262,
			 -2.34 -0.666 0.244,
			 -2.324 -0.757 0.247,
			 -2.331 -0.669 0.238,
			 -2.321 -0.678 0.224,
			 -2.242 -0.737 0.116,
			 -2.2 -0.762 -0.052,
			 -2.186 -1.662 -0.058,
			 -2.199 -0.761 -0.058,
			 -2.202 -0.762 -0.046,
			 -2.209 -0.757 -0.012,
			 -2.233 -0.739 0.104,
			 -2.236 -0.738 -0.223,
			 -2.234 -0.741 -0.218,
			 -2.242 -0.734 -0.232,
			 -2.2 -0.76 -0.06,
			 -2.221 -1.662 -0.23,
			 -2.2 -0.757 -0.058,
			 -2.207 -0.757 -0.093,
			 -2.234 -0.741 -0.216,
			 -2.329 -0.757 -0.365,
			 -2.319 -0.681 -0.332,
			 -2.234 -0.757 -0.225,
			 -2.334 -0.671 -0.352,
			 -2.471 -0.757 -0.458,
			 -2.474 -0.57 -0.43,
			 -2.426 -0.604 -0.405,
			 -2.48 -0.559 -0.433,
			 -2.636 -0.757 -0.489,
			 -2.489 -0.388 -0.412,
			 -2.623 -0.458 -0.446,
			 -2.583 -0.485 -0.442,
			 -2.636 -0.388 -0.44,
			 -2.632 -0.38 -0.435,
			 -2.7 -0.376 -0.421,
			 -2.635 -0.377 -0.434,
			 -2.783 -0.388 -0.41,
			 -2.772 -0.135 -0.213,
			 -2.721 -0.143 -0.263,
			 -2.817 -0.165 -0.235,
			 -2.78 -0.134 -0.206,
			 -2.718 -0.073 -0.139,
			 -2.786 -0.245 -0.312,
			 -2.758 -0.217 -0.33,
			 -2.907 -0.388 -0.326,
			 -2.767 -0.19 -0.287,
			 -2.734 -0.165 -0.294,
			 -2.711 -0.165 -0.298,
			 -2.692 -0.056 -0.079,
			 -2.686 -0.058 -0.108,
			 -2.702 -0.057 -0.056,
			 -2.707 -0.058 -0.058,
			 -2.743 -0.073 -0.1,
			 -2.751 -0.073 -0.055,
			 -2.768 -0.188 0.173,
			 -2.759 -0.213 0.213,
			 -2.787 -0.135 0.087,
			 -2.691 -0.073 0.043,
			 -2.514 0.012 0.104,
			 -2.753 -0.279 0.243,
			 -2.737 -0.343 0.282,
			 -2.63 -0.381 0.324,
			 -2.716 -0.329 0.297,
			 -2.434 -0.206 0.343,
			 -2.63 -0.388 0.327,
			 -2.667 -0.467 0.327,
			 -2.378 -0.363 0.376,
			 -2.535 -0.523 0.325,
			 -2.624 -0.419 0.33,
			 -2.321 -0.517 0.345,
			 -2.616 -0.605 0.299,
			 -2.273 -0.65 0.252,
			 -1.526 -0.494 0.116,
			 -2.237 -0.739 0.11,
			 -2.231 -0.757 0.104,
			 -2.238 -0.739 0.112,
			 -1.561 -0.402 0.262,
			 -2.24 -0.74 0.112,
			 -1.514 -0.527 -0.052,
			 -1.526 -0.496 -0.223,
			 -2.271 -0.656 -0.359,
			 -2.319 -0.524 -0.454,
			 -2.37 -0.643 -0.374,
			 -2.54 -0.517 -0.439,
			 -2.375 -0.368 -0.489,
			 -2.624 -0.388 -0.437,
			 -2.774 -0.135 -0.21,
			 -2.751 -0.188 -0.297,
			 -2.48 -0.08 -0.365,
			 -2.738 -0.185 -0.304,
			 -2.718 -0.15 -0.274,
			 -2.714 -0.335 -0.412,
			 -2.513 0.009 -0.225,
			 -2.891 -0.165 -0.054,
			 -2.871 -0.165 0.044,
			 -3.017 -0.388 -0.052,
			 -2.987 -0.388 0.094,
			 -3.066 -0.757 -0.052,
			 -3.032 -0.757 0.112,
			 -3.08 -1.662 -0.052,
			 -3.045 -1.662 0.116,
			 -3.017 -2.069 -0.052,
			 -2.987 -2.069 0.094,
			 -2.912 -2.254 -0.054,
			 -2.891 -2.254 0.052,
			 -2.633 -2.254 -0.056,
			 -2.903 -0.388 0.217,
			 -2.937 -0.757 0.252,
			 -2.947 -1.662 0.262,
			 -2.903 -2.069 0.217,
			 -2.829 -2.254 0.143,
			 -2.795 -0.757 0.346,
			 -2.8 -1.662 0.358,
			 -2.777 -2.069 0.3,
			 -2.737 -2.254 0.202,
			 -2.63 -1.662 0.39,
			 -2.63 -2.069 0.327,
			 -2.631 -2.254 0.222,
			 -2.458 -1.662 0.355,
			 -2.483 -2.069 0.297,
			 -2.524 -2.254 0.201,
			 -2.314 -1.662 0.257,
			 -2.359 -2.069 0.213,
			 -2.434 -2.254 0.139,
			 -2.218 -1.662 0.11,
			 -2.277 -2.069 0.087,
			 -2.374 -2.254 0.047,
			 -2.248 -2.069 -0.058,
			 -2.353 -2.254 -0.058,
			 -2.279 -2.069 -0.206,
			 -2.375 -2.254 -0.165,
			 -2.319 -1.662 -0.375,
			 -2.364 -2.069 -0.33,
			 -2.437 -2.254 -0.255,
			 -2.465 -1.662 -0.471,
			 -2.489 -2.069 -0.412,
			 -2.528 -2.254 -0.315,
			 -2.636 -1.662 -0.503,
			 -2.636 -2.069 -0.44,
			 -2.634 -2.254 -0.335,
			 -2.802 -0.757 -0.456,
			 -2.807 -1.662 -0.467,
			 -2.783 -2.069 -0.41,
			 -2.742 -2.254 -0.314,
			 -2.942 -0.757 -0.36,
			 -2.952 -1.662 -0.37,
			 -2.907 -2.069 -0.326,
			 -2.832 -2.254 -0.252,
			 -2.872 -0.165 -0.153,
			 -2.989 -0.388 -0.201,
			 -3.035 -0.757 -0.219,
			 -3.047 -1.662 -0.224,
			 -2.989 -2.069 -0.201,
			 -2.892 -2.254 -0.161,
			 -2.525 0.041 -0.058,
			 -1.82 0.311 -0.058,
			 -1.808 0.278 -0.23,
			 -1.481 0.368 -0.058,
			 -1.47 0.339 -0.206,
			 -1.3 0.322 -0.057,
			 -1.293 0.301 -0.164,
			 -0.931 0.159 -0.056,
			 -1.775 0.185 -0.374,
			 -1.442 0.26 -0.33,
			 -1.272 0.243 -0.255,
			 -2.432 -0.213 -0.458,
			 -1.724 0.049 -0.469,
			 -1.398 0.142 -0.412,
			 -1.24 0.157 -0.314,
			 -1.666 -0.11 -0.503,
			 -1.348 0.005 -0.44,
			 -1.204 0.058 -0.335,
			 -1.608 -0.272 -0.467,
			 -1.297 -0.132 -0.409,
			 -1.167 -0.041 -0.313,
			 -1.559 -0.407 -0.369,
			 -1.255 -0.248 -0.325,
			 -1.136 -0.126 -0.251,
			 -1.227 -0.325 -0.199,
			 -1.116 -0.182 -0.16,
			 -1.218 -0.352 -0.052,
			 -1.109 -0.201 -0.054,
			 -1.228 -0.324 0.093,
			 -1.116 -0.181 0.052,
			 -1.257 -0.244 0.217,
			 -1.137 -0.122 0.143,
			 -1.61 -0.265 0.358,
			 -1.3 -0.127 0.299,
			 -1.169 -0.037 0.202,
			 -1.668 -0.104 0.39,
			 -1.35 0.011 0.327,
			 -1.205 0.062 0.222,
			 -1.727 0.056 0.355,
			 -1.4 0.147 0.297,
			 -1.241 0.161 0.201,
			 -2.483 -0.075 0.248,
			 -1.776 0.19 0.257,
			 -1.443 0.264 0.213,
			 -1.272 0.246 0.139,
			 -1.809 0.28 0.111,
			 -1.471 0.341 0.088,
			 -1.293 0.303 0.048,
			 -2.732 -0.181 0.191,
			 -2.338 -0.666 -0.356,
			 -2.757 -0.271 -0.349,
			 -2.778 -0.222 -0.302,
			 -2.729 -0.35 0.287,
			 -2.734 -0.349 -0.398,
			 -2.737 -0.339 -0.391,
			 -2.429 0.77 -0.537,
			 -2.326 0.941 -0.056,
			 -2.349 0.768 -0.542,
			 -2.999 0.941 -0.056,
			 -2.999 0.783 -0.498,
			 -2.326 0.309 -0.543,
			 -2.326 0.136 -0.056,
			 -2.861 0.296 -0.508,
			 -2.999 0.136 -0.056,
			 -2.999 0.293 -0.498,
			 -1.7 0.753 -0.585,
			 -1.654 0.941 -0.056,
			 -1.654 0.752 -0.588,
			 -2.326 0.767 -0.543,
			 -1.654 0.325 -0.588,
			 -1.654 0.136 -0.056,
			 -2.237 0.311 -0.549,
			 -0.983 0.739 -0.625,
			 -1.099 0.739 -0.625,
			 -1.099 0.456 -0.625,
			 -0.983 0.337 -0.625,
			 -1.099 0.407 -0.625,
			 -1.099 0.337 -0.625,
			 -0.983 0.136 -0.056,
			 -1.612 0.325 -0.591,
			 -2.999 0.606 -0.498,
			 1.013 0.744 -0.61,
			 1.032 0.941 -0.056,
			 1.032 0.744 -0.608,
			 0.36 0.941 -0.056,
			 0.36 0.739 -0.625,
			 0.788 0.739 -0.625,
			 0.788 0.714 -0.625,
			 0.788 0.483 -0.625,
			 0.788 0.337 -0.625,
			 0.36 0.337 -0.625,
			 1.032 0.332 -0.608,
			 1.032 0.136 -0.056,
			 1.636 0.757 -0.568,
			 1.703 0.941 -0.056,
			 1.703 0.758 -0.564,
			 1.703 0.316 -0.564,
			 1.703 0.136 -0.056,
			 1.052 0.331 -0.607,
			 2.26 0.773 -0.527,
			 2.376 0.941 -0.056,
			 2.376 0.776 -0.52,
			 2.376 0.3 -0.52,
			 2.376 0.136 -0.056,
			 1.779 0.316 -0.559,
			 2.884 0.788 -0.486,
			 3.048 0.941 -0.056,
			 3.048 0.791 -0.475,
			 3.048 0.285 -0.475,
			 3.048 0.136 -0.056,
			 2.51 0.297 -0.511,
			 2.453 0.299 -0.514,
			 3.048 0.58 -0.475,
			 -2.326 0.291 0.378,
			 -2.452 0.291 0.369,
			 -2.497 0.286 0.366,
			 -2.69 0.282 0.354,
			 -2.999 0.275 0.333,
			 -2.803 0.797 0.346,
			 -2.326 0.786 0.378,
			 -2.999 0.802 0.333,
			 -1.654 0.306 0.421,
			 -1.768 0.303 0.414,
			 -2.179 0.783 0.387,
			 -1.654 0.77 0.421,
			 -0.983 0.322 0.467,
			 -1.04 0.32 0.463,
			 -1.073 0.757 0.461,
			 -0.983 0.941 -0.056,
			 -1.556 0.768 0.429,
			 -0.983 0.754 0.467,
			 -0.311 0.338 0.511,
			 -0.311 0.337 0.511,
			 -0.311 0.136 -0.056,
			 -0.61 0.746 0.491,
			 -0.311 0.941 -0.056,
			 -0.611 0.746 0.491,
			 -0.311 0.741 0.511,
			 -0.933 0.753 0.469,
			 0.36 0.337 0.512,
			 -0.303 0.337 0.512,
			 -0.303 0.342 0.512,
			 0.36 0.739 0.512,
			 -0.302 0.739 0.512,
			 -0.31 0.739 0.511,
			 -0.311 0.739 0.512,
			 0.36 0.136 -0.056,
			 1.032 0.329 0.486,
			 1.004 0.329 0.488,
			 0.78 0.334 0.503,
			 0.647 0.337 0.512,
			 0.647 0.51 0.512,
			 0.647 0.739 0.512,
			 1.032 0.748 0.486,
			 1.703 0.316 0.441,
			 1.626 0.316 0.446,
			 1.41 0.32 0.461,
			 1.064 0.748 0.484,
			 1.703 0.763 0.441,
			 2.376 0.297 0.397,
			 2.25 0.3 0.406,
			 1.792 0.765 0.435,
			 2.376 0.779 0.397,
			 3.048 0.282 0.353,
			 2.874 0.286 0.364,
			 2.898 0.791 0.362,
			 2.585 0.784 0.384,
			 3.048 0.795 0.353,
			 2.522 0.782 0.387,
			 -2.999 0.55 0.333,
			 3.048 0.571 0.353,
			 -0.311 0.739 -0.625,
			 -0.311 0.337 -0.625,
			 -2.067 2.769 0.152,
			 -0.738 1.657 0.342,
			 -1.704 3.074 0.152,
			 -2.067 2.618 0.163,
			 -0.941 1.486 0.342,
			 -2.067 2.594 0.12,
			 -2.067 2.928 0.152,
			 -1.819 3.241 0.152,
			 -2.067 3.033 0.116,
			 -1.819 3.241 0.088,
			 -2.067 3.033 0.088,
			 -2.067 3.033 0.152,
			 -2.036 2.562 0.056,
			 -2.067 2.593 0.058,
			 -2.067 2.856 -0.269,
			 -1.812 3.232 -0.291,
			 -2.067 3.018 -0.323,
			 -1.602 2.925 -0.228,
			 -2.067 2.792 -0.261,
			 -2.067 2.812 -0.298,
			 -2.036 2.562 -0.228,
			 -2.067 2.593 -0.242,
			 -1.812 3.232 -0.354,
			 -2.067 3.018 -0.354,
			 -2.067 3.018 -0.291,
			 -2.067 2.898 -0.363,
			 -2.067 2.746 -0.375,
			 -0.924 1.47 -0.544,
			 -2.067 2.593 -0.386,
			 -2.067 2.593 -0.233,
			 -2.067 2.593 0.166,
			 -2.067 2.593 0.162,
			 0.024 0.537 0.405,
			 -2.067 2.616 0.061,
			 -2.067 2.745 0.153,
			 -2.067 2.594 0.101,
			 1.704 3.106 0.152,
			 2.116 2.67 0.16,
			 2.116 2.775 0.152,
			 0.972 1.504 0.342,
			 2.116 2.817 0.152,
			 2.116 3.036 0.126,
			 1.817 3.278 0.152,
			 2.116 3.036 0.088,
			 1.817 3.278 0.088,
			 2.116 3.036 0.152,
			 2.116 2.671 0.064,
			 2.048 2.601 0.056,
			 1.606 2.955 0.056,
			 2.116 2.896 0.078,
			 2.115 2.797 -0.261,
			 2.048 2.601 -0.228,
			 2.115 2.67 -0.243,
			 1.81 3.268 -0.291,
			 2.116 3.021 -0.291,
			 2.116 3.021 -0.314,
			 2.116 3.021 -0.354,
			 1.81 3.268 -0.354,
			 2.115 2.665 -0.383,
			 0.956 1.486 -0.544,
			 0.753 1.651 -0.544,
			 2.115 2.67 -0.261,
			 2.115 2.774 -0.373,
			 2.115 2.715 -0.377,
			 2.115 2.892 -0.363,
			 2.116 2.671 0.157,
			 2.116 2.67 0.116,
			 2.116 2.811 0.074,
			 2.116 2.745 0.153,
			 2.115 2.827 -0.315,
			 0.292 0.81 0.405,
			 0.233 0.858 0.405,
			 0.766 1.67 0.342,
			 1.606 2.955 -0.228,
			 0.292 0.81 -0.608,
			 0.233 0.858 -0.608,
			 0.024 0.537 -0.608,
			 0.167 0.892 0.405,
			 0.53 1.794 0.342,
			 1.172 3.384 0.152,
			 1.246 3.574 0.152,
			 1.246 3.574 0.088,
			 1.104 3.218 0.056,
			 1.104 3.218 -0.228,
			 1.244 3.564 -0.291,
			 1.244 3.564 -0.354,
			 0.522 1.77 -0.544,
			 0.167 0.892 -0.608,
			 0.094 0.913 0.405,
			 0.274 1.868 0.342,
			 0.594 3.554 0.152,
			 0.632 3.756 0.152,
			 0.632 3.756 0.088,
			 0.56 3.378 0.056,
			 0.56 3.378 -0.228,
			 0.629 3.741 -0.291,
			 0.629 3.741 -0.354,
			 0.27 1.844 -0.544,
			 0.094 0.913 -0.608,
			 0.022 0.92 0.405,
			 0.012 1.892 0.342,
			 -0.003 3.608 0.152,
			 -0.006 3.811 0.152,
			 -0.006 3.811 0.088,
			 -0.002 3.428 0.056,
			 -0.002 3.428 -0.228,
			 -0.006 3.799 -0.291,
			 -0.006 3.799 -0.354,
			 0.012 1.868 -0.544,
			 0.022 0.92 -0.608,
			 -0.052 0.912 0.405,
			 -0.252 1.862 0.342,
			 -0.601 3.543 0.152,
			 -0.643 3.743 0.152,
			 -0.643 3.743 0.088,
			 -0.565 3.366 0.056,
			 -0.565 3.366 -0.228,
			 -0.641 3.73 -0.291,
			 -0.641 3.73 -0.354,
			 -0.246 1.839 -0.544,
			 -0.052 0.912 -0.608,
			 -0.125 0.889 0.405,
			 -0.504 1.783 0.342,
			 -1.176 3.363 0.152,
			 -1.255 3.55 0.152,
			 -1.255 3.55 0.088,
			 -1.106 3.198 0.056,
			 -1.106 3.198 -0.228,
			 -1.251 3.54 -0.291,
			 -1.251 3.54 -0.354,
			 -0.494 1.762 -0.544,
			 -0.125 0.889 -0.608,
			 -0.191 0.853 0.405,
			 -1.602 2.925 0.056,
			 -0.725 1.636 -0.544,
			 -0.191 0.853 -0.608,
			 -0.246 0.806 0.405,
			 -0.246 0.806 -0.608,
			 -2.067 2.812 0.074,
			 -0.248 0.806 0.405,
			 -0.295 0.747 0.405,
			 -0.942 1.486 0.342,
			 -1.109 1.279 0.342,
			 -2.099 2.62 0.088,
			 -2.463 2.167 0.088,
			 -2.099 2.62 0.025,
			 -2.463 2.167 0.025,
			 -2.045 2.57 0.025,
			 -2.403 2.127 0.025,
			 -2.004 2.528 -0.101,
			 -2.353 2.094 -0.101,
			 -2.045 2.57 -0.196,
			 -2.403 2.127 -0.196,
			 -2.099 2.62 -0.196,
			 -2.463 2.167 -0.196,
			 -2.099 2.62 -0.291,
			 -2.463 2.167 -0.291,
			 -1.087 1.629 -0.513,
			 -1.279 1.39 -0.513,
			 -0.248 0.806 -0.608,
			 -0.295 0.747 -0.608,
			 -0.33 0.68 0.405,
			 -1.231 1.044 0.342,
			 -2.735 1.65 0.088,
			 -2.735 1.65 0.025,
			 -2.667 1.623 0.025,
			 -2.611 1.6 -0.101,
			 -2.667 1.623 -0.196,
			 -2.735 1.65 -0.196,
			 -2.735 1.65 -0.291,
			 -1.421 1.12 -0.513,
			 -0.33 0.68 -0.608,
			 -0.351 0.608 0.405,
			 -1.307 0.789 0.342,
			 -2.898 1.09 0.088,
			 -2.898 1.09 0.025,
			 -2.827 1.077 0.025,
			 -2.768 1.065 -0.101,
			 -2.827 1.077 -0.196,
			 -2.898 1.09 -0.196,
			 -2.898 1.09 -0.291,
			 -1.507 0.826 -0.513,
			 -0.351 0.608 -0.608,
			 -0.357 0.535 0.405,
			 -1.329 0.525 0.342,
			 -2.949 0.511 0.088,
			 -2.949 0.511 0.025,
			 -2.877 0.511 0.025,
			 -2.817 0.512 -0.101,
			 -2.877 0.511 -0.196,
			 -2.949 0.511 -0.196,
			 -2.949 0.511 -0.291,
			 -1.533 0.524 -0.513,
			 -0.357 0.535 -0.608,
			 -0.35 0.459 0.405,
			 -1.302 0.261 0.342,
			 -2.887 -0.068 0.088,
			 -2.887 -0.068 0.025,
			 -2.817 -0.052 0.025,
			 -2.759 -0.041 -0.101,
			 -2.817 -0.052 -0.196,
			 -2.887 -0.068 -0.196,
			 -2.887 -0.068 -0.291,
			 -1.501 0.219 -0.513,
			 -0.35 0.459 -0.608,
			 -0.327 0.387 0.405,
			 -1.223 0.008 0.342,
			 -2.713 -0.625 0.088,
			 -2.713 -0.625 0.025,
			 -2.647 -0.597 0.025,
			 -2.592 -0.573 -0.101,
			 -2.647 -0.597 -0.196,
			 -2.713 -0.625 -0.196,
			 -2.713 -0.625 -0.291,
			 -1.41 -0.071 -0.513,
			 -0.327 0.387 -0.608,
			 -0.291 0.321 0.405,
			 -1.094 -0.225 0.342,
			 -2.433 -1.136 0.088,
			 -2.433 -1.136 0.025,
			 -2.375 -1.096 0.025,
			 -2.324 -1.063 -0.101,
			 -2.375 -1.096 -0.196,
			 -2.433 -1.136 -0.196,
			 -2.433 -1.136 -0.291,
			 -1.263 -0.339 -0.513,
			 -0.291 0.321 -0.608,
			 -0.243 0.264 0.405,
			 -0.925 -0.428 0.342,
			 -2.06 -1.583 0.088,
			 -2.06 -1.583 0.025,
			 -2.01 -1.533 0.025,
			 -1.968 -1.49 -0.101,
			 -2.01 -1.533 -0.196,
			 -2.06 -1.583 -0.196,
			 -2.06 -1.583 -0.291,
			 -1.068 -0.574 -0.513,
			 -0.243 0.264 -0.608,
			 -0.185 0.217 0.405,
			 -0.717 -0.595 0.342,
			 -1.607 -1.949 0.088,
			 -1.607 -1.949 0.025,
			 -1.567 -1.889 0.025,
			 -1.533 -1.839 -0.101,
			 -1.567 -1.889 -0.196,
			 -1.607 -1.949 -0.196,
			 -1.607 -1.949 -0.291,
			 -0.829 -0.766 -0.513,
			 -0.185 0.217 -0.608,
			 -0.116 0.182 0.405,
			 -0.482 -0.718 0.342,
			 -1.089 -2.221 0.088,
			 -1.089 -2.221 0.025,
			 -1.063 -2.153 0.025,
			 -1.04 -2.098 -0.101,
			 -1.063 -2.153 -0.196,
			 -1.089 -2.221 -0.196,
			 -1.089 -2.221 -0.291,
			 -0.559 -0.908 -0.513,
			 -0.116 0.182 -0.608,
			 -0.045 0.16 0.405,
			 -0.228 -0.794 0.342,
			 -0.53 -2.385 0.088,
			 -0.53 -2.385 0.025,
			 -0.517 -2.314 0.025,
			 -0.505 -2.255 -0.101,
			 -0.517 -2.314 -0.196,
			 -0.53 -2.385 -0.196,
			 -0.53 -2.385 -0.291,
			 -0.265 -0.993 -0.513,
			 -0.045 0.16 -0.608,
			 0.027 0.154 0.405,
			 0.035 -0.817 0.342,
			 0.048 -2.437 0.088,
			 0.048 -2.437 0.025,
			 0.048 -2.365 0.025,
			 0.047 -2.305 -0.101,
			 0.048 -2.365 -0.196,
			 0.048 -2.437 -0.196,
			 0.048 -2.437 -0.291,
			 0.036 -1.021 -0.513,
			 0.027 0.154 -0.608,
			 0.101 0.162 0.405,
			 0.299 -0.789 0.342,
			 0.628 -2.375 0.088,
			 0.628 -2.375 0.025,
			 0.614 -2.305 0.025,
			 0.602 -2.246 -0.101,
			 0.614 -2.305 -0.196,
			 0.628 -2.375 -0.196,
			 0.628 -2.375 -0.291,
			 0.341 -0.988 -0.513,
			 0.101 0.162 -0.608,
			 0.173 0.184 0.405,
			 0.552 -0.71 0.342,
			 1.185 -2.201 0.088,
			 1.185 -2.201 0.025,
			 1.157 -2.135 0.025,
			 1.133 -2.08 -0.101,
			 1.157 -2.135 -0.196,
			 1.185 -2.201 -0.196,
			 1.185 -2.201 -0.291,
			 0.633 -0.897 -0.513,
			 0.173 0.184 -0.608,
			 0.239 0.22 0.405,
			 0.786 -0.583 0.342,
			 1.695 -1.923 0.088,
			 1.695 -1.923 0.025,
			 1.656 -1.862 0.025,
			 1.623 -1.814 -0.101,
			 1.656 -1.862 -0.196,
			 1.695 -1.923 -0.196,
			 1.695 -1.923 -0.291,
			 0.9 -0.752 -0.513,
			 0.239 0.22 -0.608,
			 0.298 0.268 0.405,
			 0.989 -0.412 0.342,
			 2.145 -1.549 0.088,
			 2.145 -1.549 0.025,
			 2.093 -1.498 0.025,
			 2.05 -1.456 -0.101,
			 2.093 -1.498 -0.196,
			 2.145 -1.549 -0.196,
			 2.145 -1.549 -0.291,
			 1.136 -0.555 -0.513,
			 0.298 0.268 -0.608,
			 0.345 0.327 0.405,
			 1.157 -0.206 0.342,
			 2.511 -1.095 0.088,
			 2.511 -1.095 0.025,
			 2.451 -1.055 0.025,
			 2.4 -1.022 -0.101,
			 2.451 -1.055 -0.196,
			 2.511 -1.095 -0.196,
			 2.511 -1.095 -0.291,
			 1.328 -0.317 -0.513,
			 0.345 0.327 -0.608,
			 0.38 0.393 0.405,
			 1.281 0.028 0.342,
			 2.782 -0.579 0.088,
			 2.782 -0.579 0.025,
			 2.715 -0.551 0.025,
			 2.66 -0.53 -0.101,
			 2.715 -0.551 -0.196,
			 2.782 -0.579 -0.196,
			 2.782 -0.579 -0.291,
			 1.469 -0.047 -0.513,
			 0.38 0.393 -0.608,
			 0.401 0.465 0.405,
			 1.355 0.283 0.342,
			 2.946 -0.02 0.088,
			 2.946 -0.02 0.025,
			 2.876 -0.007 0.025,
			 2.817 0.004 -0.101,
			 2.876 -0.007 -0.196,
			 2.946 -0.02 -0.196,
			 2.946 -0.02 -0.291,
			 1.556 0.246 -0.513,
			 0.401 0.465 -0.608,
			 0.407 0.54 0.405,
			 1.379 0.547 0.342,
			 2.999 0.559 0.088,
			 2.999 0.559 0.025,
			 2.927 0.558 0.025,
			 2.867 0.558 -0.101,
			 2.927 0.558 -0.196,
			 2.999 0.559 -0.196,
			 2.999 0.559 -0.291,
			 1.583 0.548 -0.513,
			 0.407 0.54 -0.608,
			 0.4 0.614 0.405,
			 1.352 0.81 0.342,
			 2.938 1.138 0.088,
			 2.938 1.138 0.025,
			 2.867 1.124 0.025,
			 2.81 1.112 -0.101,
			 2.867 1.124 -0.196,
			 2.938 1.138 -0.196,
			 2.938 1.138 -0.291,
			 1.552 0.852 -0.513,
			 0.4 0.614 -0.608,
			 0.377 0.686 0.405,
			 1.272 1.064 0.342,
			 2.765 1.695 0.088,
			 2.765 1.695 0.025,
			 2.699 1.668 0.025,
			 2.643 1.644 -0.101,
			 2.699 1.668 -0.196,
			 2.765 1.695 -0.196,
			 2.765 1.695 -0.291,
			 1.461 1.144 -0.513,
			 0.377 0.686 -0.608,
			 0.341 0.752 0.405,
			 1.146 1.298 0.342,
			 2.487 2.208 0.088,
			 2.487 2.208 0.025,
			 2.427 2.167 0.025,
			 2.378 2.133 -0.101,
			 2.427 2.167 -0.196,
			 2.487 2.208 -0.196,
			 2.487 2.208 -0.291,
			 1.314 1.412 -0.513,
			 0.341 0.752 -0.608,
			 0.293 0.81 0.405,
			 0.976 1.502 0.342,
			 2.114 2.655 0.088,
			 2.114 2.655 0.025,
			 2.063 2.605 0.025,
			 2.02 2.562 -0.101,
			 2.063 2.605 -0.196,
			 2.114 2.655 -0.196,
			 2.114 2.655 -0.291,
			 1.119 1.645 -0.513,
			 0.293 0.81 -0.608,
			 -0.483 -1.378 -0.26,
			 -0.483 -1.378 0.057,
			 -0.483 -3.811 0.057,
			 -0.483 -3.811 -0.26,
			 -0.925 -3.811 0.057,
			 -0.925 -3.811 -0.26,
			 -2.787 -0.161 0.057,
			 -2.787 -0.161 -0.26,
			 -2.326 -0.161 0.057,
			 -2.326 -0.161 -0.26,
			 0.593 -1.378 0.057,
			 0.593 -1.378 -0.26,
			 0.593 -3.811 -0.26,
			 0.593 -3.811 0.057,
			 1.035 -3.811 -0.26,
			 1.035 -3.811 0.057,
			 2.897 -0.161 -0.26,
			 2.897 -0.161 0.057,
			 2.436 -0.161 -0.26,
			 2.436 -0.161 0.057,
			 3.07 0.549 -0.056,
			 3.07 0.692 -0.055,
			 3.07 0.672 0.016,
			 3.096 0.722 -0.055,
			 3.096 0.698 0.031,
			 3.109 0.8 -0.054,
			 3.109 0.765 0.071,
			 3.07 0.872 -0.052,
			 3.07 0.828 0.107,
			 3.017 0.878 -0.052,
			 3.017 0.832 0.11,
			 3.017 0.549 -0.056,
			 3.07 0.619 0.068,
			 3.096 0.634 0.094,
			 3.109 0.672 0.162,
			 3.07 0.708 0.225,
			 3.017 0.711 0.23,
			 3.07 0.547 0.086,
			 3.096 0.547 0.116,
			 3.109 0.547 0.194,
			 3.07 0.546 0.266,
			 3.017 0.546 0.272,
			 3.07 0.476 0.067,
			 3.096 0.46 0.092,
			 3.109 0.421 0.16,
			 3.07 0.384 0.222,
			 3.017 0.381 0.227,
			 3.07 0.423 0.014,
			 3.096 0.397 0.028,
			 3.109 0.33 0.067,
			 3.07 0.267 0.102,
			 3.017 0.262 0.104,
			 3.07 0.405 -0.057,
			 3.096 0.375 -0.057,
			 3.109 0.297 -0.058,
			 3.07 0.225 -0.058,
			 3.017 0.219 -0.058,
			 3.07 0.425 -0.129,
			 3.096 0.399 -0.144,
			 3.109 0.331 -0.183,
			 3.07 0.27 -0.22,
			 3.017 0.264 -0.223,
			 3.07 0.478 -0.181,
			 3.096 0.463 -0.207,
			 3.109 0.423 -0.275,
			 3.07 0.389 -0.337,
			 3.017 0.386 -0.343,
			 3.07 0.549 -0.199,
			 3.096 0.55 -0.229,
			 3.109 0.55 -0.307,
			 3.07 0.551 -0.379,
			 3.017 0.551 -0.385,
			 3.07 0.621 -0.18,
			 3.096 0.636 -0.206,
			 3.109 0.676 -0.273,
			 3.07 0.712 -0.335,
			 3.017 0.715 -0.34,
			 3.07 0.673 -0.127,
			 3.096 0.7 -0.142,
			 3.109 0.768 -0.18,
			 3.07 0.83 -0.216,
			 3.017 0.835 -0.219,
			 -3.07 0.524 -0.056,
			 -3.07 0.667 -0.057,
			 -3.07 0.647 -0.129,
			 -3.096 0.697 -0.057,
			 -3.096 0.673 -0.144,
			 -3.109 0.775 -0.058,
			 -3.109 0.74 -0.184,
			 -3.07 0.847 -0.058,
			 -3.07 0.803 -0.22,
			 -3.017 0.853 -0.058,
			 -3.017 0.807 -0.223,
			 -3.017 0.524 -0.056,
			 -3.07 0.594 -0.181,
			 -3.096 0.609 -0.207,
			 -3.109 0.647 -0.275,
			 -3.07 0.683 -0.338,
			 -3.017 0.686 -0.343,
			 -3.07 0.522 -0.199,
			 -3.096 0.522 -0.229,
			 -3.109 0.522 -0.307,
			 -3.07 0.521 -0.379,
			 -3.017 0.521 -0.385,
			 -3.07 0.451 -0.18,
			 -3.096 0.435 -0.205,
			 -3.109 0.396 -0.273,
			 -3.07 0.359 -0.335,
			 -3.017 0.356 -0.34,
			 -3.07 0.399 -0.127,
			 -3.096 0.372 -0.141,
			 -3.109 0.305 -0.18,
			 -3.07 0.242 -0.215,
			 -3.017 0.235 -0.218,
			 -3.07 0.38 -0.055,
			 -3.096 0.35 -0.055,
			 -3.109 0.272 -0.054,
			 -3.07 0.2 -0.054,
			 -3.017 0.194 -0.054,
			 -3.07 0.4 0.016,
			 -3.096 0.374 0.031,
			 -3.109 0.306 0.07,
			 -3.07 0.245 0.107,
			 -3.017 0.239 0.11,
			 -3.07 0.453 0.068,
			 -3.096 0.438 0.094,
			 -3.109 0.399 0.162,
			 -3.07 0.364 0.224,
			 -3.017 0.361 0.23,
			 -3.07 0.524 0.086,
			 -3.096 0.525 0.116,
			 -3.109 0.525 0.194,
			 -3.07 0.526 0.266,
			 -3.017 0.526 0.272,
			 -3.07 0.596 0.067,
			 -3.096 0.611 0.093,
			 -3.109 0.651 0.16,
			 -3.07 0.687 0.222,
			 -3.017 0.69 0.227,
			 -3.07 0.648 0.014,
			 -3.096 0.675 0.029,
			 -3.109 0.743 0.067,
			 -3.07 0.805 0.103,
			 -3.017 0.81 0.104,
			 0.024 0.549 0.656,
			 0.023 0.668 0.656,
			 -0.036 0.652 0.656,
			 0.023 0.718 0.568,
			 -0.061 0.695 0.568,
			 0.021 0.897 0.568,
			 -0.152 0.85 0.568,
			 0.02 1.028 0.524,
			 -0.219 0.962 0.524,
			 0.019 1.088 0.392,
			 -0.249 1.014 0.392,
			 0.024 0.549 0.392,
			 -0.079 0.608 0.656,
			 -0.123 0.632 0.568,
			 -0.279 0.721 0.568,
			 -0.392 0.785 0.524,
			 -0.444 0.814 0.392,
			 -0.094 0.548 0.656,
			 -0.144 0.548 0.568,
			 -0.324 0.546 0.568,
			 -0.454 0.545 0.524,
			 -0.514 0.545 0.392,
			 -0.078 0.489 0.656,
			 -0.121 0.463 0.568,
			 -0.276 0.372 0.568,
			 -0.388 0.306 0.524,
			 -0.44 0.275 0.392,
			 -0.034 0.444 0.656,
			 -0.058 0.402 0.568,
			 -0.147 0.245 0.568,
			 -0.209 0.132 0.524,
			 -0.24 0.08 0.392,
			 0.024 0.43 0.656,
			 0.025 0.38 0.568,
			 0.026 0.2 0.568,
			 0.027 0.07 0.524,
			 0.028 0.01 0.392,
			 0.084 0.446 0.656,
			 0.11 0.403 0.568,
			 0.201 0.248 0.568,
			 0.267 0.136 0.524,
			 0.297 0.084 0.392,
			 0.128 0.49 0.656,
			 0.171 0.466 0.568,
			 0.328 0.377 0.568,
			 0.441 0.313 0.524,
			 0.492 0.283 0.392,
			 0.143 0.549 0.656,
			 0.193 0.55 0.568,
			 0.373 0.551 0.568,
			 0.503 0.552 0.524,
			 0.563 0.553 0.392,
			 0.127 0.609 0.656,
			 0.17 0.635 0.568,
			 0.325 0.726 0.568,
			 0.437 0.791 0.524,
			 0.489 0.822 0.392,
			 0.083 0.653 0.656,
			 0.107 0.696 0.568,
			 0.196 0.853 0.568,
			 0.261 0.966 0.524,
			 0.29 1.018 0.392,
			 -2.646 -2.424 -0.056,
			 -2.57 -2.41 -0.055,
			 -2.575 -2.41 -0.026,
			 -2.455 -2.353 -0.055,
			 -2.469 -2.353 0.018,
			 -2.403 -2.297 -0.054,
			 -2.423 -2.297 0.038,
			 -2.391 -2.199 -0.054,
			 -2.41 -2.199 0.043,
			 -2.592 -2.41 -0.002,
			 -2.511 -2.353 0.08,
			 -2.476 -2.297 0.116,
			 -2.467 -2.199 0.125,
			 -2.618 -2.41 0.014,
			 -2.574 -2.353 0.121,
			 -2.555 -2.297 0.168,
			 -2.551 -2.199 0.18,
			 -2.647 -2.41 0.019,
			 -2.647 -2.353 0.134,
			 -2.648 -2.297 0.186,
			 -2.648 -2.199 0.198,
			 -2.675 -2.41 0.013,
			 -2.721 -2.353 0.12,
			 -2.741 -2.297 0.166,
			 -2.746 -2.199 0.179,
			 -2.7 -2.41 -0.002,
			 -2.782 -2.353 0.077,
			 -2.819 -2.297 0.113,
			 -2.828 -2.199 0.122,
			 -2.717 -2.41 -0.028,
			 -2.824 -2.353 0.015,
			 -2.871 -2.297 0.034,
			 -2.883 -2.199 0.038,
			 -2.722 -2.41 -0.056,
			 -2.837 -2.353 -0.057,
			 -2.888 -2.297 -0.058,
			 -2.901 -2.199 -0.058,
			 -2.716 -2.41 -0.085,
			 -2.823 -2.353 -0.131,
			 -2.869 -2.297 -0.151,
			 -2.881 -2.199 -0.156,
			 -2.7 -2.41 -0.11,
			 -2.78 -2.353 -0.192,
			 -2.816 -2.297 -0.229,
			 -2.825 -2.199 -0.238,
			 -2.675 -2.41 -0.127,
			 -2.718 -2.353 -0.233,
			 -2.737 -2.297 -0.281,
			 -2.742 -2.199 -0.293,
			 -2.646 -2.41 -0.132,
			 -2.645 -2.353 -0.247,
			 -2.645 -2.297 -0.298,
			 -2.645 -2.199 -0.311,
			 -2.616 -2.41 -0.126,
			 -2.572 -2.353 -0.233,
			 -2.552 -2.297 -0.28,
			 -2.547 -2.199 -0.291,
			 -2.591 -2.41 -0.11,
			 -2.51 -2.353 -0.19,
			 -2.473 -2.297 -0.226,
			 -2.464 -2.199 -0.233,
			 -2.575 -2.41 -0.085,
			 -2.469 -2.353 -0.128,
			 -2.421 -2.297 -0.147,
			 -2.409 -2.199 -0.152,
			 0 2.294 0.337,
			 0.239 2.296 0.337,
			 0.206 2.416 0.337,
			 0.319 2.297 0.381,
			 0.275 2.456 0.381,
			 0.439 2.298 0.183,
			 0.378 2.517 0.183,
			 0 2.294 0.183,
			 0.116 2.502 0.337,
			 0.157 2.572 0.381,
			 0.216 2.677 0.183,
			 -0.002 2.533 0.337,
			 -0.002 2.613 0.381,
			 -0.004 2.733 0.183,
			 -0.121 2.5 0.337,
			 -0.162 2.569 0.381,
			 -0.223 2.673 0.183,
			 -0.208 2.412 0.337,
			 -0.278 2.451 0.381,
			 -0.382 2.51 0.183,
			 -0.239 2.293 0.337,
			 -0.319 2.292 0.381,
			 -0.439 2.291 0.183,
			 -0.206 2.173 0.337,
			 -0.275 2.132 0.381,
			 -0.379 2.071 0.183,
			 -0.116 2.086 0.337,
			 -0.157 2.016 0.381,
			 -0.217 1.912 0.183,
			 0.001 2.055 0.337,
			 0.002 1.975 0.381,
			 0.003 1.854 0.183,
			 0.121 2.088 0.337,
			 0.161 2.019 0.381,
			 0.222 1.915 0.183,
			 0.208 2.176 0.337,
			 0.278 2.136 0.381,
			 0.382 2.077 0.183,
			 0.897 2.094 0.337,
			 1.136 2.096 0.337,
			 1.103 2.216 0.337,
			 1.216 2.097 0.381,
			 1.172 2.256 0.381,
			 1.336 2.098 0.183,
			 1.275 2.317 0.183,
			 0.897 2.094 0.183,
			 1.014 2.302 0.337,
			 1.054 2.372 0.381,
			 1.113 2.477 0.183,
			 0.895 2.333 0.337,
			 0.895 2.413 0.381,
			 0.893 2.533 0.183,
			 0.776 2.3 0.337,
			 0.735 2.369 0.381,
			 0.674 2.473 0.183,
			 0.689 2.212 0.337,
			 0.619 2.251 0.381,
			 0.515 2.31 0.183,
			 0.658 2.093 0.337,
			 0.578 2.092 0.381,
			 0.458 2.091 0.183,
			 0.691 1.973 0.337,
			 0.622 1.932 0.381,
			 0.518 1.87 0.183,
			 0.779 1.886 0.337,
			 0.74 1.816 0.381,
			 0.68 1.712 0.183,
			 0.897 1.854 0.337,
			 0.899 1.775 0.381,
			 0.9 1.654 0.183,
			 1.018 1.887 0.337,
			 1.058 1.819 0.381,
			 1.119 1.715 0.183,
			 1.105 1.976 0.337,
			 1.175 1.936 0.381,
			 1.279 1.877 0.183,
			 -0.897 2.094 0.337,
			 -0.658 2.096 0.337,
			 -0.691 2.216 0.337,
			 -0.578 2.097 0.381,
			 -0.622 2.256 0.381,
			 -0.458 2.098 0.183,
			 -0.519 2.317 0.183,
			 -0.897 2.094 0.183,
			 -0.779 2.302 0.337,
			 -0.74 2.372 0.381,
			 -0.681 2.477 0.183,
			 -0.899 2.333 0.337,
			 -0.899 2.413 0.381,
			 -0.901 2.533 0.183,
			 -1.018 2.3 0.337,
			 -1.059 2.369 0.381,
			 -1.12 2.473 0.183,
			 -1.105 2.212 0.337,
			 -1.175 2.251 0.381,
			 -1.279 2.31 0.183,
			 -1.136 2.093 0.337,
			 -1.216 2.092 0.381,
			 -1.336 2.091 0.183,
			 -1.103 1.973 0.337,
			 -1.172 1.932 0.381,
			 -1.276 1.87 0.183,
			 -1.014 1.886 0.337,
			 -1.054 1.816 0.381,
			 -1.114 1.712 0.183,
			 -0.896 1.854 0.337,
			 -0.895 1.775 0.381,
			 -0.893 1.654 0.183,
			 -0.776 1.887 0.337,
			 -0.736 1.819 0.381,
			 -0.675 1.715 0.183,
			 -0.689 1.976 0.337,
			 -0.619 1.936 0.381,
			 -0.515 1.877 0.183,
			 0 3.112 0.287,
			 0.167 3.113 0.287,
			 0.144 3.197 0.287,
			 0.223 3.114 0.331,
			 0.192 3.225 0.331,
			 0.307 3.115 0.133,
			 0.264 3.268 0.133,
			 0 3.112 0.133,
			 0.082 3.257 0.287,
			 0.109 3.306 0.331,
			 0.151 3.38 0.133,
			 -0.001 3.279 0.287,
			 -0.001 3.334 0.331,
			 -0.002 3.418 0.133,
			 -0.084 3.256 0.287,
			 -0.113 3.304 0.331,
			 -0.156 3.377 0.133,
			 -0.145 3.194 0.287,
			 -0.194 3.222 0.331,
			 -0.267 3.263 0.133,
			 -0.167 3.111 0.287,
			 -0.223 3.11 0.331,
			 -0.307 3.11 0.133,
			 -0.144 3.027 0.287,
			 -0.192 2.998 0.331,
			 -0.265 2.956 0.133,
			 -0.082 2.966 0.287,
			 -0.109 2.917 0.331,
			 -0.151 2.844 0.133,
			 0 2.944 0.287,
			 0.001 2.888 0.331,
			 0.002 2.804 0.133,
			 0.084 2.968 0.287,
			 0.112 2.919 0.331,
			 0.155 2.846 0.133,
			 0.145 3.029 0.287,
			 0.194 3.001 0.331,
			 0.267 2.96 0.133,
			 1.346 2.763 0.287,
			 1.513 2.764 0.287,
			 1.49 2.848 0.287,
			 1.569 2.765 0.331,
			 1.539 2.876 0.331,
			 1.653 2.765 0.133,
			 1.611 2.919 0.133,
			 1.346 2.763 0.133,
			 1.429 2.908 0.287,
			 1.456 2.957 0.331,
			 1.497 3.031 0.133,
			 1.345 2.93 0.287,
			 1.345 2.986 0.331,
			 1.343 3.07 0.133,
			 1.261 2.907 0.287,
			 1.233 2.955 0.331,
			 1.19 3.028 0.133,
			 1.201 2.845 0.287,
			 1.152 2.872 0.331,
			 1.079 2.914 0.133,
			 1.179 2.762 0.287,
			 1.123 2.761 0.331,
			 1.039 2.76 0.133,
			 1.202 2.678 0.287,
			 1.154 2.649 0.331,
			 1.081 2.606 0.133,
			 1.264 2.617 0.287,
			 1.236 2.568 0.331,
			 1.194 2.495 0.133,
			 1.347 2.595 0.287,
			 1.348 2.539 0.331,
			 1.348 2.455 0.133,
			 1.431 2.618 0.287,
			 1.459 2.57 0.331,
			 1.502 2.497 0.133,
			 1.492 2.68 0.287,
			 1.541 2.652 0.331,
			 1.614 2.611 0.133,
			 -1.321 2.763 0.287,
			 -1.154 2.764 0.287,
			 -1.177 2.848 0.287,
			 -1.098 2.765 0.331,
			 -1.129 2.876 0.331,
			 -1.014 2.765 0.133,
			 -1.057 2.919 0.133,
			 -1.321 2.763 0.133,
			 -1.239 2.908 0.287,
			 -1.211 2.957 0.331,
			 -1.17 3.031 0.133,
			 -1.323 2.93 0.287,
			 -1.323 2.986 0.331,
			 -1.324 3.07 0.133,
			 -1.406 2.907 0.287,
			 -1.435 2.955 0.331,
			 -1.477 3.028 0.133,
			 -1.467 2.845 0.287,
			 -1.516 2.872 0.331,
			 -1.589 2.914 0.133,
			 -1.489 2.762 0.287,
			 -1.545 2.761 0.331,
			 -1.629 2.76 0.133,
			 -1.465 2.678 0.287,
			 -1.514 2.649 0.331,
			 -1.587 2.606 0.133,
			 -1.404 2.617 0.287,
			 -1.431 2.568 0.331,
			 -1.473 2.495 0.133,
			 -1.321 2.595 0.287,
			 -1.32 2.539 0.331,
			 -1.319 2.455 0.133,
			 -1.237 2.618 0.287,
			 -1.209 2.57 0.331,
			 -1.166 2.497 0.133,
			 -1.176 2.68 0.287,
			 -1.127 2.652 0.331,
			 -1.054 2.611 0.133,
			 2.011 -0.313 1.006,
			 2.011 -0.274 0.88,
			 2.026 -0.271 0.881,
			 2.012 -0.326 0.85,
			 2.057 -0.316 0.856,
			 2.014 -0.461 0.783,
			 2.133 -0.432 0.8,
			 2.014 -0.596 0.762,
			 2.198 -0.552 0.788,
			 2.016 -0.725 0.791,
			 2.248 -0.669 0.822,
			 2.015 -0.625 0.723,
			 2.221 -0.576 0.751,
			 2.014 -0.483 0.747,
			 2.152 -0.45 0.766,
			 2.012 -0.305 0.828,
			 2.053 -0.295 0.833,
			 2.011 -0.233 0.868,
			 2.037 -0.261 0.887,
			 2.089 -0.287 0.872,
			 2.22 -0.356 0.843,
			 2.331 -0.434 0.856,
			 2.416 -0.52 0.909,
			 2.37 -0.444 0.827,
			 2.253 -0.361 0.818,
			 2.083 -0.269 0.847,
			 2.04 -0.249 0.893,
			 2.101 -0.248 0.895,
			 2.251 -0.252 0.903,
			 2.378 -0.276 0.947,
			 2.476 -0.32 1.025,
			 2.423 -0.265 0.93,
			 2.288 -0.242 0.887,
			 2.093 -0.233 0.868,
			 2.037 -0.235 0.902,
			 2.089 -0.209 0.917,
			 2.218 -0.149 0.963,
			 2.328 -0.117 1.039,
			 2.412 -0.119 1.141,
			 2.366 -0.088 1.033,
			 2.25 -0.123 0.956,
			 2.082 -0.198 0.889,
			 2.026 -0.227 0.907,
			 2.056 -0.181 0.933,
			 2.129 -0.073 1.007,
			 2.192 -0.002 1.105,
			 2.24 0.026 1.225,
			 2.214 0.041 1.108,
			 2.148 -0.035 1.006,
			 2.052 -0.172 0.904,
			 2.011 -0.223 0.909,
			 2.011 -0.172 0.939,
			 2.01 -0.047 1.022,
			 2.008 0.038 1.129,
			 2.008 0.078 1.255,
			 2.008 0.087 1.134,
			 2.009 -0.004 1.024,
			 2.011 -0.163 0.909,
			 1.995 -0.227 0.907,
			 1.966 -0.182 0.933,
			 1.89 -0.075 1.006,
			 1.825 -0.005 1.104,
			 1.776 0.023 1.223,
			 1.803 0.038 1.106,
			 1.87 -0.037 1.005,
			 1.97 -0.173 0.904,
			 1.986 -0.235 0.901,
			 1.933 -0.21 0.916,
			 1.803 -0.152 0.962,
			 1.692 -0.122 1.036,
			 1.607 -0.125 1.137,
			 1.653 -0.093 1.03,
			 1.77 -0.126 0.954,
			 1.94 -0.199 0.889,
			 1.982 -0.249 0.893,
			 1.921 -0.249 0.893,
			 1.771 -0.255 0.902,
			 1.645 -0.28 0.943,
			 1.547 -0.326 1.021,
			 1.6 -0.271 0.927,
			 1.735 -0.245 0.885,
			 1.929 -0.233 0.868,
			 1.986 -0.262 0.887,
			 1.934 -0.288 0.872,
			 1.804 -0.358 0.842,
			 1.695 -0.439 0.853,
			 1.611 -0.526 0.905,
			 1.656 -0.448 0.824,
			 1.771 -0.365 0.814,
			 1.941 -0.27 0.847,
			 1.996 -0.271 0.881,
			 1.967 -0.316 0.855,
			 1.893 -0.434 0.798,
			 1.829 -0.555 0.786,
			 1.782 -0.673 0.821,
			 1.808 -0.579 0.749,
			 1.875 -0.452 0.765,
			 1.97 -0.296 0.833,
			 -0.831 0.843 -0.575,
			 -0.831 0.843 -0.122,
			 -1.008 2.872 -0.122,
			 -1.008 2.872 -0.575,
			 -0.831 3.125 -0.122,
			 -0.831 3.125 -0.575,
			 0.806 3.125 -0.122,
			 0.806 3.125 -0.575,
			 1.008 2.872 -0.122,
			 1.008 2.872 -0.575,
			 0.781 0.843 -0.122,
			 0.781 0.843 -0.575,
			 0.024 0.523 -0.755,
			 0.023 0.404 -0.755,
			 -0.036 0.419 -0.755,
			 0.023 0.354 -0.667,
			 -0.061 0.377 -0.667,
			 0.021 0.174 -0.667,
			 -0.152 0.222 -0.667,
			 0.02 0.044 -0.623,
			 -0.219 0.11 -0.623,
			 0.019 -0.015 -0.491,
			 -0.249 0.058 -0.491,
			 0.024 0.523 -0.491,
			 -0.079 0.464 -0.755,
			 -0.123 0.44 -0.667,
			 -0.279 0.351 -0.667,
			 -0.392 0.287 -0.623,
			 -0.444 0.258 -0.491,
			 -0.094 0.524 -0.755,
			 -0.144 0.524 -0.667,
			 -0.324 0.526 -0.667,
			 -0.454 0.527 -0.623,
			 -0.514 0.527 -0.491,
			 -0.078 0.583 -0.755,
			 -0.121 0.609 -0.667,
			 -0.276 0.7 -0.667,
			 -0.388 0.766 -0.623,
			 -0.44 0.797 -0.491,
			 -0.034 0.627 -0.755,
			 -0.058 0.67 -0.667,
			 -0.147 0.827 -0.667,
			 -0.209 0.939 -0.623,
			 -0.24 0.992 -0.491,
			 0.024 0.642 -0.755,
			 0.025 0.692 -0.667,
			 0.026 0.872 -0.667,
			 0.027 1.002 -0.623,
			 0.028 1.062 -0.491,
			 0.084 0.626 -0.755,
			 0.11 0.669 -0.667,
			 0.201 0.824 -0.667,
			 0.267 0.935 -0.623,
			 0.297 0.988 -0.491,
			 0.128 0.582 -0.755,
			 0.171 0.606 -0.667,
			 0.328 0.695 -0.667,
			 0.441 0.759 -0.623,
			 0.492 0.789 -0.491,
			 0.143 0.523 -0.755,
			 0.193 0.522 -0.667,
			 0.373 0.521 -0.667,
			 0.503 0.52 -0.623,
			 0.563 0.519 -0.491,
			 0.127 0.463 -0.755,
			 0.17 0.437 -0.667,
			 0.325 0.346 -0.667,
			 0.437 0.281 -0.623,
			 0.489 0.25 -0.491,
			 0.083 0.419 -0.755,
			 0.107 0.376 -0.667,
			 0.196 0.219 -0.667,
			 0.261 0.105 -0.623,
			 0.29 0.054 -0.491 ]
	    }
	   IndexedFaceSet {
		coordIndex	[ 0, 1, 2, -1,
				  0, 3, 1, -1,
				  4, 5, 6, -1,
				  2, 1, 7, -1,
				  8, 3, 0, -1,
				  8, 9, 3, -1,
				  6, 5, 10, -1,
				  6, 10, 11, -1,
				  12, 13, 10, -1,
				  12, 10, 14, -1,
				  15, 16, 17, -1,
				  16, 15, 14, -1,
				  18, 19, 20, -1,
				  21, 3, 22, -1,
				  23, 3, 21, -1,
				  20, 24, 25, -1,
				  20, 19, 24, -1,
				  26, 19, 27, -1,
				  28, 3, 23, -1,
				  29, 3, 30, -1,
				  31, 24, 32, -1,
				  31, 27, 24, -1,
				  33, 32, 34, -1,
				  35, 32, 33, -1,
				  35, 31, 32, -1,
				  0, 36, 8, -1,
				  2, 36, 0, -1,
				  2, 37, 36, -1,
				  37, 7, 38, -1,
				  37, 2, 7, -1,
				  11, 13, 39, -1,
				  6, 11, 39, -1,
				  39, 38, 4, -1,
				  39, 4, 6, -1,
				  4, 8, 6, -1,
				  8, 36, 40, -1,
				  7, 4, 38, -1,
				  41, 9, 42, -1,
				  41, 42, 43, -1,
				  43, 39, 44, -1,
				  43, 44, 41, -1,
				  42, 9, 45, -1,
				  42, 45, 15, -1,
				  44, 39, 41, -1,
				  39, 13, 12, -1,
				  17, 46, 15, -1,
				  31, 35, 47, -1,
				  25, 31, 48, -1,
				  48, 20, 25, -1,
				  20, 18, 25, -1,
				  47, 35, 33, -1,
				  22, 18, 21, -1,
				  49, 28, 23, -1,
				  49, 23, 21, -1,
				  34, 47, 33, -1,
				  50, 51, 26, -1,
				  50, 48, 51, -1,
				  52, 48, 27, -1,
				  48, 52, 20, -1,
				  53, 20, 52, -1,
				  30, 28, 49, -1,
				  30, 49, 54, -1,
				  54, 47, 30, -1,
				  55, 56, 57, -1,
				  56, 58, 59, -1,
				  56, 59, 57, -1,
				  58, 60, 61, -1,
				  58, 61, 59, -1,
				  60, 62, 63, -1,
				  60, 63, 61, -1,
				  62, 64, 63, -1,
				  55, 57, 65, -1,
				  57, 59, 66, -1,
				  57, 66, 65, -1,
				  59, 61, 67, -1,
				  59, 67, 66, -1,
				  61, 63, 68, -1,
				  61, 68, 67, -1,
				  63, 64, 68, -1,
				  55, 65, 69, -1,
				  65, 66, 70, -1,
				  65, 70, 69, -1,
				  66, 67, 71, -1,
				  66, 71, 70, -1,
				  67, 68, 72, -1,
				  67, 72, 71, -1,
				  68, 64, 72, -1,
				  55, 69, 73, -1,
				  69, 70, 74, -1,
				  69, 74, 73, -1,
				  70, 71, 75, -1,
				  70, 75, 74, -1,
				  71, 72, 76, -1,
				  71, 76, 75, -1,
				  72, 64, 76, -1,
				  55, 73, 77, -1,
				  73, 74, 78, -1,
				  73, 78, 77, -1,
				  74, 75, 79, -1,
				  74, 79, 78, -1,
				  75, 76, 80, -1,
				  75, 80, 79, -1,
				  76, 64, 80, -1,
				  55, 77, 81, -1,
				  77, 78, 82, -1,
				  77, 82, 81, -1,
				  78, 79, 83, -1,
				  78, 83, 82, -1,
				  79, 80, 84, -1,
				  79, 84, 83, -1,
				  80, 64, 84, -1,
				  55, 81, 85, -1,
				  81, 82, 86, -1,
				  81, 86, 85, -1,
				  82, 83, 87, -1,
				  82, 87, 86, -1,
				  83, 84, 88, -1,
				  83, 88, 87, -1,
				  84, 64, 88, -1,
				  55, 85, 89, -1,
				  85, 86, 90, -1,
				  85, 90, 89, -1,
				  86, 87, 91, -1,
				  86, 91, 90, -1,
				  87, 88, 92, -1,
				  87, 92, 91, -1,
				  88, 64, 92, -1,
				  55, 89, 93, -1,
				  89, 90, 94, -1,
				  89, 94, 93, -1,
				  90, 91, 95, -1,
				  90, 95, 94, -1,
				  91, 92, 96, -1,
				  91, 96, 95, -1,
				  92, 64, 96, -1,
				  55, 93, 97, -1,
				  93, 94, 98, -1,
				  93, 98, 97, -1,
				  94, 95, 99, -1,
				  94, 99, 98, -1,
				  95, 96, 100, -1,
				  95, 100, 99, -1,
				  96, 64, 100, -1,
				  55, 97, 101, -1,
				  97, 98, 102, -1,
				  97, 102, 101, -1,
				  98, 99, 103, -1,
				  98, 103, 102, -1,
				  99, 100, 104, -1,
				  99, 104, 103, -1,
				  100, 64, 104, -1,
				  55, 101, 56, -1,
				  101, 102, 58, -1,
				  101, 58, 56, -1,
				  102, 103, 60, -1,
				  102, 60, 58, -1,
				  103, 104, 62, -1,
				  103, 62, 60, -1,
				  104, 64, 62, -1,
				  1, 105, 5, -1,
				  105, 106, 107, -1,
				  105, 107, 5, -1,
				  106, 108, 107, -1,
				  5, 107, 109, -1,
				  5, 109, 10, -1,
				  107, 108, 109, -1,
				  14, 10, 110, -1,
				  14, 110, 16, -1,
				  10, 109, 111, -1,
				  10, 111, 110, -1,
				  109, 108, 111, -1,
				  3, 16, 112, -1,
				  16, 110, 113, -1,
				  16, 113, 112, -1,
				  110, 111, 114, -1,
				  110, 114, 113, -1,
				  111, 108, 114, -1,
				  3, 112, 115, -1,
				  112, 113, 116, -1,
				  112, 116, 115, -1,
				  113, 114, 117, -1,
				  113, 117, 116, -1,
				  114, 108, 117, -1,
				  3, 115, 118, -1,
				  115, 116, 119, -1,
				  115, 119, 118, -1,
				  116, 117, 120, -1,
				  116, 120, 119, -1,
				  117, 108, 120, -1,
				  3, 118, 121, -1,
				  118, 119, 122, -1,
				  118, 122, 121, -1,
				  119, 120, 123, -1,
				  119, 123, 122, -1,
				  120, 108, 123, -1,
				  3, 121, 124, -1,
				  121, 122, 125, -1,
				  121, 125, 124, -1,
				  122, 123, 126, -1,
				  122, 126, 125, -1,
				  123, 108, 126, -1,
				  3, 124, 19, -1,
				  124, 125, 127, -1,
				  124, 127, 19, -1,
				  125, 126, 128, -1,
				  125, 128, 127, -1,
				  126, 108, 128, -1,
				  19, 127, 24, -1,
				  127, 128, 129, -1,
				  127, 129, 24, -1,
				  128, 108, 129, -1,
				  24, 129, 130, -1,
				  24, 130, 32, -1,
				  129, 108, 130, -1,
				  3, 29, 1, -1,
				  29, 32, 105, -1,
				  29, 105, 1, -1,
				  32, 130, 106, -1,
				  32, 106, 105, -1,
				  130, 108, 106, -1,
				  131, 132, 51, -1,
				  131, 51, 49, -1,
				  49, 51, 133, -1,
				  49, 133, 54, -1,
				  54, 133, 134, -1,
				  54, 134, 135, -1,
				  135, 134, 136, -1,
				  135, 136, 137, -1,
				  137, 136, 48, -1,
				  137, 48, 47, -1,
				  138, 139, 140, -1,
				  138, 140, 141, -1,
				  141, 140, 142, -1,
				  141, 142, 143, -1,
				  143, 142, 144, -1,
				  143, 144, 145, -1,
				  145, 144, 146, -1,
				  145, 146, 147, -1,
				  147, 146, 148, -1,
				  147, 148, 149, -1,
				  149, 148, 150, -1,
				  149, 150, 151, -1,
				  151, 150, 132, -1,
				  151, 132, 131, -1,
				  54, 135, 137, -1,
				  133, 136, 134, -1,
				  54, 137, 47, -1,
				  133, 48, 136, -1,
				  51, 48, 133, -1,
				  131, 49, 138, -1,
				  132, 139, 51, -1,
				  151, 131, 138, -1,
				  150, 139, 132, -1,
				  149, 151, 138, -1,
				  148, 139, 150, -1,
				  149, 138, 141, -1,
				  148, 140, 139, -1,
				  149, 141, 143, -1,
				  148, 142, 140, -1,
				  143, 145, 147, -1,
				  142, 146, 144, -1,
				  143, 147, 149, -1,
				  142, 148, 146, -1,
				  152, 153, 36, -1,
				  152, 36, 42, -1,
				  42, 36, 37, -1,
				  42, 37, 43, -1,
				  43, 37, 154, -1,
				  43, 154, 155, -1,
				  155, 154, 156, -1,
				  155, 156, 157, -1,
				  157, 156, 38, -1,
				  157, 38, 39, -1,
				  158, 159, 160, -1,
				  158, 160, 161, -1,
				  161, 160, 162, -1,
				  161, 162, 163, -1,
				  163, 162, 164, -1,
				  163, 164, 165, -1,
				  165, 164, 166, -1,
				  165, 166, 167, -1,
				  167, 166, 168, -1,
				  167, 168, 169, -1,
				  169, 168, 170, -1,
				  169, 170, 171, -1,
				  171, 170, 153, -1,
				  171, 153, 152, -1,
				  43, 155, 157, -1,
				  37, 156, 154, -1,
				  43, 157, 39, -1,
				  37, 38, 156, -1,
				  152, 42, 158, -1,
				  153, 159, 36, -1,
				  171, 152, 158, -1,
				  170, 159, 153, -1,
				  169, 171, 158, -1,
				  168, 159, 170, -1,
				  169, 158, 161, -1,
				  168, 160, 159, -1,
				  169, 161, 163, -1,
				  168, 162, 160, -1,
				  163, 165, 167, -1,
				  162, 166, 164, -1,
				  163, 167, 169, -1,
				  162, 168, 166, -1,
				  7, 1, 5, -1,
				  9, 45, 46, -1,
				  40, 9, 46, -1,
				  3, 9, 40, -1,
				  13, 11, 10, -1,
				  17, 16, 3, -1,
				  15, 45, 14, -1,
				  53, 19, 26, -1,
				  20, 19, 53, -1,
				  22, 3, 19, -1,
				  52, 19, 20, -1,
				  27, 19, 52, -1,
				  30, 3, 28, -1,
				  27, 25, 24, -1,
				  34, 32, 29, -1,
				  40, 46, 13, -1,
				  8, 40, 13, -1,
				  11, 8, 13, -1,
				  6, 8, 11, -1,
				  40, 36, 159, -1,
				  42, 15, 158, -1,
				  14, 39, 12, -1,
				  41, 39, 14, -1,
				  46, 159, 158, -1,
				  15, 46, 158, -1,
				  31, 47, 48, -1,
				  18, 22, 35, -1,
				  31, 18, 35, -1,
				  25, 18, 31, -1,
				  18, 139, 138, -1,
				  21, 18, 138, -1,
				  49, 21, 138, -1,
				  53, 51, 139, -1,
				  26, 51, 53, -1,
				  27, 48, 50, -1,
				  53, 52, 27, -1,
				  30, 47, 34, -1,
				  172, 173, 174, -1,
				  173, 175, 176, -1,
				  173, 176, 174, -1,
				  175, 177, 178, -1,
				  175, 178, 176, -1,
				  177, 179, 180, -1,
				  177, 180, 178, -1,
				  179, 181, 182, -1,
				  179, 182, 180, -1,
				  181, 183, 184, -1,
				  181, 184, 182, -1,
				  183, 185, 184, -1,
				  172, 174, 186, -1,
				  174, 176, 187, -1,
				  174, 187, 186, -1,
				  176, 178, 188, -1,
				  176, 188, 187, -1,
				  178, 180, 189, -1,
				  178, 189, 188, -1,
				  180, 182, 190, -1,
				  180, 190, 189, -1,
				  182, 184, 191, -1,
				  182, 191, 190, -1,
				  184, 185, 191, -1,
				  172, 186, 192, -1,
				  186, 187, 193, -1,
				  186, 193, 192, -1,
				  187, 188, 194, -1,
				  187, 194, 193, -1,
				  188, 189, 195, -1,
				  188, 195, 194, -1,
				  189, 190, 196, -1,
				  189, 196, 195, -1,
				  190, 191, 197, -1,
				  190, 197, 196, -1,
				  191, 185, 197, -1,
				  172, 192, 198, -1,
				  192, 193, 199, -1,
				  192, 199, 198, -1,
				  193, 194, 200, -1,
				  193, 200, 199, -1,
				  194, 195, 201, -1,
				  194, 201, 200, -1,
				  195, 196, 202, -1,
				  195, 202, 201, -1,
				  196, 197, 203, -1,
				  196, 203, 202, -1,
				  197, 185, 203, -1,
				  172, 198, 204, -1,
				  198, 199, 205, -1,
				  198, 205, 204, -1,
				  199, 200, 206, -1,
				  199, 206, 205, -1,
				  200, 201, 207, -1,
				  200, 207, 206, -1,
				  201, 202, 208, -1,
				  201, 208, 207, -1,
				  202, 203, 209, -1,
				  202, 209, 208, -1,
				  203, 185, 209, -1,
				  172, 204, 210, -1,
				  204, 205, 211, -1,
				  204, 211, 210, -1,
				  205, 206, 212, -1,
				  205, 212, 211, -1,
				  206, 207, 213, -1,
				  206, 213, 212, -1,
				  207, 208, 214, -1,
				  207, 214, 213, -1,
				  208, 209, 215, -1,
				  208, 215, 214, -1,
				  209, 185, 215, -1,
				  172, 210, 216, -1,
				  210, 211, 217, -1,
				  210, 217, 216, -1,
				  211, 212, 218, -1,
				  211, 218, 217, -1,
				  212, 213, 219, -1,
				  212, 219, 218, -1,
				  213, 214, 220, -1,
				  213, 220, 219, -1,
				  214, 215, 221, -1,
				  214, 221, 220, -1,
				  215, 185, 221, -1,
				  172, 216, 173, -1,
				  216, 217, 175, -1,
				  216, 175, 173, -1,
				  217, 218, 177, -1,
				  217, 177, 175, -1,
				  218, 219, 179, -1,
				  218, 179, 177, -1,
				  219, 220, 181, -1,
				  219, 181, 179, -1,
				  220, 221, 183, -1,
				  220, 183, 181, -1,
				  221, 185, 183, -1,
				  222, 223, 224, -1,
				  223, 225, 226, -1,
				  223, 226, 224, -1,
				  225, 227, 228, -1,
				  225, 228, 226, -1,
				  227, 229, 230, -1,
				  227, 230, 228, -1,
				  229, 231, 232, -1,
				  229, 232, 230, -1,
				  231, 233, 234, -1,
				  231, 234, 232, -1,
				  233, 235, 234, -1,
				  222, 224, 236, -1,
				  224, 226, 237, -1,
				  224, 237, 236, -1,
				  226, 228, 238, -1,
				  226, 238, 237, -1,
				  228, 230, 239, -1,
				  228, 239, 238, -1,
				  230, 232, 240, -1,
				  230, 240, 239, -1,
				  232, 234, 241, -1,
				  232, 241, 240, -1,
				  234, 235, 241, -1,
				  222, 236, 242, -1,
				  236, 237, 243, -1,
				  236, 243, 242, -1,
				  237, 238, 244, -1,
				  237, 244, 243, -1,
				  238, 239, 245, -1,
				  238, 245, 244, -1,
				  239, 240, 246, -1,
				  239, 246, 245, -1,
				  240, 241, 247, -1,
				  240, 247, 246, -1,
				  241, 235, 247, -1,
				  222, 242, 248, -1,
				  242, 243, 249, -1,
				  242, 249, 248, -1,
				  243, 244, 250, -1,
				  243, 250, 249, -1,
				  244, 245, 251, -1,
				  244, 251, 250, -1,
				  245, 246, 252, -1,
				  245, 252, 251, -1,
				  246, 247, 253, -1,
				  246, 253, 252, -1,
				  247, 235, 253, -1,
				  222, 248, 254, -1,
				  248, 249, 255, -1,
				  248, 255, 254, -1,
				  249, 250, 256, -1,
				  249, 256, 255, -1,
				  250, 251, 257, -1,
				  250, 257, 256, -1,
				  251, 252, 258, -1,
				  251, 258, 257, -1,
				  252, 253, 259, -1,
				  252, 259, 258, -1,
				  253, 235, 259, -1,
				  222, 254, 260, -1,
				  254, 255, 261, -1,
				  254, 261, 260, -1,
				  255, 256, 262, -1,
				  255, 262, 261, -1,
				  256, 257, 263, -1,
				  256, 263, 262, -1,
				  257, 258, 264, -1,
				  257, 264, 263, -1,
				  258, 259, 265, -1,
				  258, 265, 264, -1,
				  259, 235, 265, -1,
				  222, 260, 266, -1,
				  260, 261, 267, -1,
				  260, 267, 266, -1,
				  261, 262, 268, -1,
				  261, 268, 267, -1,
				  262, 263, 269, -1,
				  262, 269, 268, -1,
				  263, 264, 270, -1,
				  263, 270, 269, -1,
				  264, 265, 271, -1,
				  264, 271, 270, -1,
				  265, 235, 271, -1,
				  222, 266, 223, -1,
				  266, 267, 225, -1,
				  266, 225, 223, -1,
				  267, 268, 227, -1,
				  267, 227, 225, -1,
				  268, 269, 229, -1,
				  268, 229, 227, -1,
				  269, 270, 231, -1,
				  269, 231, 229, -1,
				  270, 271, 233, -1,
				  270, 233, 231, -1,
				  271, 235, 233, -1,
				  272, 273, 274, -1,
				  275, 272, 276, -1,
				  275, 273, 272, -1,
				  274, 277, 278, -1,
				  274, 273, 277, -1,
				  279, 280, 281, -1,
				  279, 281, 282, -1,
				  280, 283, 281, -1,
				  280, 284, 283, -1,
				  284, 285, 283, -1,
				  284, 286, 285, -1,
				  280, 281, 281, -1,
				  280, 280, 281, -1,
				  281, 280, 281, -1,
				  286, 287, 285, -1,
				  286, 288, 287, -1,
				  287, 288, 289, -1,
				  290, 291, 292, -1,
				  290, 293, 291, -1,
				  288, 289, 289, -1,
				  288, 288, 289, -1,
				  289, 288, 294, -1,
				  293, 295, 291, -1,
				  293, 296, 295, -1,
				  295, 296, 297, -1,
				  298, 299, 300, -1,
				  298, 301, 299, -1,
				  301, 302, 299, -1,
				  301, 303, 302, -1,
				  296, 304, 297, -1,
				  296, 298, 304, -1,
				  304, 298, 300, -1,
				  303, 302, 302, -1,
				  303, 305, 302, -1,
				  302, 305, 306, -1,
				  307, 305, 308, -1,
				  307, 308, 309, -1,
				  308, 308, 309, -1,
				  309, 308, 310, -1,
				  310, 308, 311, -1,
				  310, 311, 312, -1,
				  312, 311, 313, -1,
				  314, 315, 316, -1,
				  314, 311, 315, -1,
				  315, 317, 316, -1,
				  315, 275, 317, -1,
				  317, 275, 318, -1,
				  275, 318, 318, -1,
				  275, 275, 318, -1,
				  318, 275, 276, -1,
				  277, 319, 320, -1,
				  277, 321, 319, -1,
				  277, 278, 278, -1,
				  277, 277, 278, -1,
				  278, 277, 320, -1,
				  321, 322, 323, -1,
				  321, 323, 319, -1,
				  323, 322, 324, -1,
				  325, 324, 322, -1,
				  322, 326, 325, -1,
				  326, 322, 327, -1,
				  327, 322, 328, -1,
				  327, 328, 329, -1,
				  330, 279, 282, -1,
				  330, 282, 331, -1,
				  330, 331, 331, -1,
				  330, 331, 332, -1,
				  330, 333, 329, -1,
				  330, 329, 329, -1,
				  330, 329, 328, -1,
				  330, 332, 333, -1,
				  288, 292, 294, -1,
				  288, 290, 292, -1,
				  307, 325, 306, -1,
				  307, 324, 325, -1,
				  278, 313, 278, -1,
				  320, 313, 278, -1,
				  313, 323, 312, -1,
				  313, 319, 323, -1,
				  313, 320, 319, -1,
				  309, 310, 312, -1,
				  291, 287, 289, -1,
				  295, 287, 291, -1,
				  297, 287, 295, -1,
				  297, 285, 287, -1,
				  297, 283, 285, -1,
				  297, 281, 283, -1,
				  297, 282, 281, -1,
				  299, 282, 300, -1,
				  302, 282, 299, -1,
				  326, 327, 325, -1,
				  329, 329, 327, -1,
				  333, 306, 329, -1,
				  331, 331, 332, -1,
				  306, 282, 302, -1,
				  306, 331, 282, -1,
				  316, 313, 314, -1,
				  313, 276, 272, -1,
				  313, 317, 318, -1,
				  313, 316, 317, -1,
				  334, 335, 336, -1,
				  334, 336, 336, -1,
				  334, 337, 338, -1,
				  339, 277, 273, -1,
				  335, 336, 336, -1,
				  335, 340, 336, -1,
				  341, 342, 343, -1,
				  341, 344, 342, -1,
				  344, 345, 342, -1,
				  344, 346, 345, -1,
				  346, 347, 345, -1,
				  346, 348, 347, -1,
				  348, 349, 347, -1,
				  348, 350, 349, -1,
				  351, 352, 353, -1,
				  352, 354, 353, -1,
				  352, 352, 354, -1,
				  352, 340, 354, -1,
				  352, 355, 340, -1,
				  355, 340, 340, -1,
				  355, 355, 340, -1,
				  355, 336, 340, -1,
				  339, 356, 277, -1,
				  356, 301, 277, -1,
				  357, 358, 277, -1,
				  358, 359, 277, -1,
				  360, 361, 277, -1,
				  341, 343, 341, -1,
				  362, 277, 361, -1,
				  362, 343, 277, -1,
				  341, 343, 362, -1,
				  334, 338, 363, -1,
				  334, 363, 279, -1,
				  279, 363, 280, -1,
				  350, 351, 349, -1,
				  350, 352, 351, -1,
				  359, 360, 277, -1,
				  336, 336, 362, -1,
				  298, 362, 301, -1,
				  296, 362, 298, -1,
				  296, 341, 362, -1,
				  293, 341, 296, -1,
				  344, 346, 352, -1,
				  352, 337, 355, -1,
				  344, 337, 352, -1,
				  341, 337, 344, -1,
				  363, 284, 280, -1,
				  284, 293, 290, -1,
				  284, 341, 293, -1,
				  284, 337, 341, -1,
				  284, 338, 337, -1,
				  284, 363, 338, -1,
				  308, 315, 311, -1,
				  305, 315, 308, -1,
				  305, 275, 315, -1,
				  305, 273, 275, -1,
				  303, 273, 305, -1,
				  361, 301, 362, -1,
				  359, 301, 360, -1,
				  358, 301, 359, -1,
				  357, 301, 358, -1,
				  301, 273, 303, -1,
				  301, 356, 273, -1,
				  290, 286, 284, -1,
				  290, 288, 286, -1,
				  328, 364, 351, -1,
				  328, 351, 353, -1,
				  365, 330, 354, -1,
				  354, 330, 328, -1,
				  354, 328, 353, -1,
				  330, 365, 366, -1,
				  330, 366, 367, -1,
				  367, 366, 340, -1,
				  367, 340, 340, -1,
				  367, 340, 368, -1,
				  368, 340, 335, -1,
				  368, 335, 334, -1,
				  321, 277, 369, -1,
				  370, 371, 369, -1,
				  369, 371, 321, -1,
				  372, 371, 370, -1,
				  372, 373, 371, -1,
				  343, 342, 373, -1,
				  373, 372, 343, -1,
				  373, 342, 345, -1,
				  373, 345, 374, -1,
				  374, 345, 375, -1,
				  374, 375, 376, -1,
				  376, 375, 347, -1,
				  376, 347, 349, -1,
				  376, 349, 377, -1,
				  377, 349, 351, -1,
				  377, 351, 364, -1,
				  345, 347, 375, -1,
				  365, 340, 366, -1,
				  354, 340, 365, -1,
				  277, 372, 369, -1,
				  277, 343, 372, -1,
				  343, 277, 277, -1,
				  371, 373, 374, -1,
				  377, 364, 328, -1,
				  321, 371, 374, -1,
				  321, 374, 376, -1,
				  321, 376, 377, -1,
				  321, 377, 328, -1,
				  321, 328, 322, -1,
				  368, 334, 279, -1,
				  330, 367, 368, -1,
				  330, 368, 279, -1,
				  372, 370, 369, -1,
				  334, 336, 337, -1,
				  301, 357, 277, -1,
				  352, 350, 362, -1,
				  336, 352, 362, -1,
				  350, 352, 352, -1,
				  348, 350, 352, -1,
				  346, 348, 352, -1,
				  341, 341, 293, -1,
				  305, 308, 308, -1,
				  275, 275, 315, -1,
				  356, 339, 273, -1,
				  306, 305, 307, -1,
				  313, 311, 314, -1,
				  318, 275, 318, -1,
				  309, 307, 323, -1,
				  310, 309, 323, -1,
				  274, 313, 272, -1,
				  278, 313, 274, -1,
				  309, 312, 313, -1,
				  291, 289, 294, -1,
				  281, 281, 283, -1,
				  281, 281, 283, -1,
				  327, 306, 325, -1,
				  329, 306, 327, -1,
				  331, 306, 332, -1,
				  302, 282, 302, -1,
				  313, 318, 276, -1,
				  355, 337, 355, -1,
				  378, 379, 380, -1,
				  378, 380, 381, -1,
				  380, 382, 381, -1,
				  381, 382, 383, -1,
				  383, 382, 384, -1,
				  383, 384, 385, -1,
				  384, 386, 385, -1,
				  385, 386, 387, -1,
				  388, 389, 390, -1,
				  386, 388, 387, -1,
				  386, 389, 388, -1,
				  391, 389, 392, -1,
				  391, 393, 389, -1,
				  393, 390, 389, -1,
				  392, 394, 391, -1,
				  392, 395, 394, -1,
				  396, 395, 397, -1,
				  396, 398, 395, -1,
				  399, 394, 395, -1,
				  397, 398, 396, -1,
				  397, 400, 398, -1,
				  400, 401, 398, -1,
				  400, 402, 401, -1,
				  403, 404, 405, -1,
				  403, 402, 404, -1,
				  403, 406, 402, -1,
				  406, 401, 402, -1,
				  405, 404, 407, -1,
				  405, 407, 408, -1,
				  408, 407, 409, -1,
				  408, 409, 410, -1,
				  410, 409, 411, -1,
				  411, 409, 412, -1,
				  411, 412, 413, -1,
				  413, 412, 414, -1,
				  413, 414, 415, -1,
				  415, 414, 416, -1,
				  415, 416, 417, -1,
				  417, 416, 418, -1,
				  418, 416, 419, -1,
				  418, 419, 420, -1,
				  419, 421, 420, -1,
				  420, 421, 422, -1,
				  422, 421, 423, -1,
				  422, 423, 424, -1,
				  423, 379, 424, -1,
				  424, 379, 378, -1,
				  387, 378, 381, -1,
				  410, 411, 413, -1,
				  408, 410, 413, -1,
				  417, 418, 420, -1,
				  383, 385, 388, -1,
				  424, 388, 381, -1,
				  405, 408, 413, -1,
				  405, 413, 415, -1,
				  405, 415, 417, -1,
				  405, 417, 422, -1,
				  405, 422, 424, -1,
				  405, 424, 388, -1,
				  405, 388, 403, -1,
				  393, 391, 394, -1,
				  406, 403, 388, -1,
				  401, 406, 388, -1,
				  390, 393, 394, -1,
				  390, 394, 399, -1,
				  390, 399, 398, -1,
				  390, 398, 401, -1,
				  390, 401, 388, -1,
				  414, 419, 416, -1,
				  384, 389, 386, -1,
				  382, 389, 384, -1,
				  380, 389, 382, -1,
				  379, 389, 380, -1,
				  423, 389, 379, -1,
				  421, 389, 423, -1,
				  395, 400, 397, -1,
				  400, 414, 412, -1,
				  400, 419, 414, -1,
				  400, 421, 419, -1,
				  400, 389, 421, -1,
				  400, 392, 389, -1,
				  400, 395, 392, -1,
				  402, 407, 404, -1,
				  412, 402, 400, -1,
				  412, 407, 402, -1,
				  412, 409, 407, -1,
				  398, 399, 395, -1,
				  417, 420, 422, -1,
				  385, 387, 388, -1,
				  381, 383, 388, -1,
				  424, 381, 378, -1,
				  425, 426, 427, -1,
				  428, 425, 429, -1,
				  430, 431, 432, -1,
				  430, 427, 431, -1,
				  432, 433, 434, -1,
				  435, 436, 437, -1,
				  435, 433, 436, -1,
				  435, 429, 433, -1,
				  438, 433, 439, -1,
				  436, 433, 440, -1,
				  441, 439, 442, -1,
				  443, 444, 445, -1,
				  446, 447, 444, -1,
				  448, 449, 450, -1,
				  451, 449, 452, -1,
				  451, 450, 449, -1,
				  453, 454, 455, -1,
				  456, 454, 457, -1,
				  456, 455, 454, -1,
				  458, 459, 460, -1,
				  461, 459, 458, -1,
				  462, 459, 461, -1,
				  462, 463, 459, -1,
				  464, 465, 466, -1,
				  467, 459, 468, -1,
				  467, 469, 459, -1,
				  470, 468, 471, -1,
				  470, 467, 468, -1,
				  466, 472, 473, -1,
				  466, 474, 472, -1,
				  475, 473, 472, -1,
				  472, 476, 475, -1,
				  477, 478, 476, -1,
				  479, 477, 480, -1,
				  479, 480, 481, -1,
				  482, 483, 480, -1,
				  480, 484, 485, -1,
				  486, 487, 488, -1,
				  489, 490, 491, -1,
				  492, 491, 493, -1,
				  494, 495, 496, -1,
				  497, 495, 491, -1,
				  498, 499, 491, -1,
				  500, 501, 502, -1,
				  503, 504, 505, -1,
				  506, 507, 508, -1,
				  509, 510, 430, -1,
				  511, 512, 507, -1,
				  513, 514, 512, -1,
				  513, 515, 514, -1,
				  447, 515, 516, -1,
				  446, 515, 447, -1,
				  446, 517, 515, -1,
				  445, 518, 443, -1,
				  445, 519, 518, -1,
				  520, 518, 515, -1,
				  520, 443, 518, -1,
				  450, 521, 448, -1,
				  450, 451, 521, -1,
				  519, 521, 518, -1,
				  519, 522, 521, -1,
				  452, 521, 451, -1,
				  452, 453, 521, -1,
				  455, 456, 523, -1,
				  462, 461, 524, -1,
				  463, 462, 524, -1,
				  525, 526, 524, -1,
				  524, 527, 525, -1,
				  457, 523, 456, -1,
				  527, 524, 528, -1,
				  527, 528, 527, -1,
				  527, 528, 523, -1,
				  527, 523, 529, -1,
				  460, 467, 530, -1,
				  530, 458, 460, -1,
				  458, 530, 524, -1,
				  458, 524, 461, -1,
				  531, 530, 471, -1,
				  531, 471, 465, -1,
				  464, 466, 532, -1,
				  532, 531, 464, -1,
				  475, 532, 473, -1,
				  478, 477, 533, -1,
				  533, 532, 475, -1,
				  533, 534, 478, -1,
				  479, 535, 533, -1,
				  533, 477, 479, -1,
				  487, 486, 536, -1,
				  537, 485, 536, -1,
				  536, 482, 537, -1,
				  482, 536, 483, -1,
				  497, 538, 539, -1,
				  499, 540, 541, -1,
				  490, 540, 542, -1,
				  495, 543, 486, -1,
				  500, 503, 544, -1,
				  538, 492, 489, -1,
				  505, 545, 546, -1,
				  505, 546, 427, -1,
				  545, 547, 548, -1,
				  545, 548, 546, -1,
				  547, 549, 550, -1,
				  547, 550, 548, -1,
				  549, 551, 552, -1,
				  549, 552, 550, -1,
				  551, 553, 554, -1,
				  551, 554, 552, -1,
				  553, 555, 556, -1,
				  553, 556, 554, -1,
				  555, 557, 556, -1,
				  427, 546, 433, -1,
				  546, 548, 558, -1,
				  546, 558, 433, -1,
				  548, 550, 559, -1,
				  548, 559, 558, -1,
				  550, 552, 560, -1,
				  550, 560, 559, -1,
				  552, 554, 561, -1,
				  552, 561, 560, -1,
				  554, 556, 562, -1,
				  554, 562, 561, -1,
				  556, 557, 562, -1,
				  433, 558, 439, -1,
				  558, 559, 563, -1,
				  558, 563, 439, -1,
				  559, 560, 564, -1,
				  559, 564, 563, -1,
				  560, 561, 565, -1,
				  560, 565, 564, -1,
				  561, 562, 566, -1,
				  561, 566, 565, -1,
				  562, 557, 566, -1,
				  439, 563, 444, -1,
				  439, 444, 516, -1,
				  563, 564, 567, -1,
				  563, 567, 444, -1,
				  564, 565, 568, -1,
				  564, 568, 567, -1,
				  565, 566, 569, -1,
				  565, 569, 568, -1,
				  566, 557, 569, -1,
				  444, 567, 570, -1,
				  444, 570, 449, -1,
				  567, 568, 571, -1,
				  567, 571, 570, -1,
				  568, 569, 572, -1,
				  568, 572, 571, -1,
				  569, 557, 572, -1,
				  449, 570, 573, -1,
				  449, 573, 454, -1,
				  570, 571, 574, -1,
				  570, 574, 573, -1,
				  571, 572, 575, -1,
				  571, 575, 574, -1,
				  572, 557, 575, -1,
				  454, 573, 576, -1,
				  454, 576, 526, -1,
				  573, 574, 577, -1,
				  573, 577, 576, -1,
				  574, 575, 578, -1,
				  574, 578, 577, -1,
				  575, 557, 578, -1,
				  526, 576, 459, -1,
				  576, 577, 579, -1,
				  576, 579, 459, -1,
				  577, 578, 580, -1,
				  577, 580, 579, -1,
				  578, 557, 580, -1,
				  459, 579, 581, -1,
				  459, 581, 468, -1,
				  579, 580, 582, -1,
				  579, 582, 581, -1,
				  580, 557, 582, -1,
				  474, 468, 583, -1,
				  474, 583, 472, -1,
				  468, 581, 584, -1,
				  468, 584, 583, -1,
				  581, 582, 585, -1,
				  581, 585, 584, -1,
				  582, 557, 585, -1,
				  472, 583, 586, -1,
				  472, 586, 476, -1,
				  583, 584, 587, -1,
				  583, 587, 586, -1,
				  584, 585, 588, -1,
				  584, 588, 587, -1,
				  585, 557, 588, -1,
				  476, 586, 589, -1,
				  476, 589, 480, -1,
				  586, 587, 590, -1,
				  586, 590, 589, -1,
				  587, 588, 591, -1,
				  587, 591, 590, -1,
				  588, 557, 591, -1,
				  484, 480, 592, -1,
				  484, 592, 488, -1,
				  480, 589, 593, -1,
				  480, 593, 592, -1,
				  589, 590, 594, -1,
				  589, 594, 593, -1,
				  590, 591, 595, -1,
				  590, 595, 594, -1,
				  591, 557, 595, -1,
				  488, 592, 596, -1,
				  488, 596, 496, -1,
				  592, 593, 597, -1,
				  592, 597, 596, -1,
				  593, 594, 598, -1,
				  593, 598, 597, -1,
				  594, 595, 599, -1,
				  594, 599, 598, -1,
				  595, 557, 599, -1,
				  493, 491, 600, -1,
				  493, 600, 504, -1,
				  491, 496, 601, -1,
				  491, 601, 600, -1,
				  496, 596, 602, -1,
				  496, 602, 601, -1,
				  596, 597, 603, -1,
				  596, 603, 602, -1,
				  597, 598, 604, -1,
				  597, 604, 603, -1,
				  598, 599, 605, -1,
				  598, 605, 604, -1,
				  599, 557, 605, -1,
				  504, 600, 545, -1,
				  504, 545, 505, -1,
				  600, 601, 547, -1,
				  600, 547, 545, -1,
				  601, 602, 549, -1,
				  601, 549, 547, -1,
				  602, 603, 551, -1,
				  602, 551, 549, -1,
				  603, 604, 553, -1,
				  603, 553, 551, -1,
				  604, 605, 555, -1,
				  604, 555, 553, -1,
				  605, 557, 555, -1,
				  606, 607, 608, -1,
				  606, 608, 544, -1,
				  607, 609, 610, -1,
				  607, 610, 608, -1,
				  609, 611, 612, -1,
				  609, 612, 610, -1,
				  611, 613, 612, -1,
				  544, 608, 614, -1,
				  544, 614, 540, -1,
				  608, 610, 615, -1,
				  608, 615, 614, -1,
				  610, 612, 616, -1,
				  610, 616, 615, -1,
				  612, 613, 616, -1,
				  495, 540, 617, -1,
				  495, 617, 543, -1,
				  540, 614, 618, -1,
				  540, 618, 617, -1,
				  614, 615, 619, -1,
				  614, 619, 618, -1,
				  615, 616, 620, -1,
				  615, 620, 619, -1,
				  616, 613, 620, -1,
				  543, 617, 536, -1,
				  617, 618, 621, -1,
				  617, 621, 536, -1,
				  618, 619, 622, -1,
				  618, 622, 621, -1,
				  619, 620, 623, -1,
				  619, 623, 622, -1,
				  620, 613, 623, -1,
				  536, 621, 624, -1,
				  536, 624, 533, -1,
				  621, 622, 625, -1,
				  621, 625, 624, -1,
				  622, 623, 626, -1,
				  622, 626, 625, -1,
				  623, 613, 626, -1,
				  533, 624, 627, -1,
				  533, 627, 532, -1,
				  624, 625, 628, -1,
				  624, 628, 627, -1,
				  625, 626, 629, -1,
				  625, 629, 628, -1,
				  626, 613, 629, -1,
				  532, 627, 531, -1,
				  627, 628, 630, -1,
				  627, 630, 531, -1,
				  628, 629, 631, -1,
				  628, 631, 630, -1,
				  629, 613, 631, -1,
				  531, 630, 632, -1,
				  531, 632, 530, -1,
				  630, 631, 633, -1,
				  630, 633, 632, -1,
				  631, 613, 633, -1,
				  530, 632, 634, -1,
				  530, 634, 524, -1,
				  632, 633, 635, -1,
				  632, 635, 634, -1,
				  633, 613, 635, -1,
				  524, 634, 636, -1,
				  524, 636, 528, -1,
				  634, 635, 637, -1,
				  634, 637, 636, -1,
				  635, 613, 637, -1,
				  523, 528, 638, -1,
				  523, 638, 521, -1,
				  528, 636, 639, -1,
				  528, 639, 638, -1,
				  636, 637, 640, -1,
				  636, 640, 639, -1,
				  637, 613, 640, -1,
				  521, 638, 641, -1,
				  521, 641, 518, -1,
				  638, 639, 642, -1,
				  638, 642, 641, -1,
				  639, 640, 643, -1,
				  639, 643, 642, -1,
				  640, 613, 643, -1,
				  518, 641, 644, -1,
				  518, 644, 515, -1,
				  641, 642, 645, -1,
				  641, 645, 644, -1,
				  642, 643, 646, -1,
				  642, 646, 645, -1,
				  643, 613, 646, -1,
				  514, 515, 647, -1,
				  514, 647, 507, -1,
				  515, 644, 648, -1,
				  515, 648, 647, -1,
				  644, 645, 649, -1,
				  644, 649, 648, -1,
				  645, 646, 650, -1,
				  645, 650, 649, -1,
				  646, 613, 650, -1,
				  507, 647, 510, -1,
				  647, 648, 651, -1,
				  647, 651, 510, -1,
				  648, 649, 652, -1,
				  648, 652, 651, -1,
				  649, 650, 653, -1,
				  649, 653, 652, -1,
				  650, 613, 653, -1,
				  510, 651, 607, -1,
				  510, 607, 606, -1,
				  651, 652, 609, -1,
				  651, 609, 607, -1,
				  652, 653, 611, -1,
				  652, 611, 609, -1,
				  653, 613, 611, -1,
				  502, 505, 427, -1,
				  426, 502, 427, -1,
				  425, 427, 430, -1,
				  429, 425, 430, -1,
				  429, 434, 433, -1,
				  654, 433, 506, -1,
				  440, 433, 654, -1,
				  442, 439, 516, -1,
				  445, 444, 449, -1,
				  447, 516, 444, -1,
				  452, 449, 454, -1,
				  457, 454, 526, -1,
				  463, 526, 459, -1,
				  466, 465, 474, -1,
				  469, 460, 459, -1,
				  471, 468, 474, -1,
				  534, 476, 478, -1,
				  655, 476, 534, -1,
				  475, 476, 655, -1,
				  477, 476, 480, -1,
				  481, 480, 535, -1,
				  483, 535, 480, -1,
				  480, 485, 537, -1,
				  487, 484, 488, -1,
				  490, 498, 491, -1,
				  656, 488, 496, -1,
				  495, 656, 496, -1,
				  657, 496, 491, -1,
				  495, 657, 491, -1,
				  539, 497, 491, -1,
				  541, 539, 491, -1,
				  499, 541, 491, -1,
				  501, 493, 504, -1,
				  503, 501, 504, -1,
				  502, 501, 503, -1,
				  434, 507, 510, -1,
				  508, 507, 434, -1,
				  429, 510, 606, -1,
				  430, 510, 429, -1,
				  512, 514, 507, -1,
				  513, 658, 441, -1,
				  513, 512, 658, -1,
				  516, 515, 513, -1,
				  517, 520, 515, -1,
				  522, 448, 521, -1,
				  453, 523, 521, -1,
				  526, 463, 524, -1,
				  529, 523, 457, -1,
				  470, 471, 530, -1,
				  467, 470, 530, -1,
				  464, 531, 465, -1,
				  473, 532, 466, -1,
				  533, 655, 534, -1,
				  533, 475, 655, -1,
				  535, 483, 533, -1,
				  486, 543, 536, -1,
				  485, 487, 536, -1,
				  483, 536, 533, -1,
				  538, 489, 542, -1,
				  499, 538, 542, -1,
				  541, 538, 499, -1,
				  539, 538, 541, -1,
				  541, 540, 495, -1,
				  542, 540, 499, -1,
				  495, 659, 660, -1,
				  495, 486, 659, -1,
				  503, 606, 544, -1,
				  492, 544, 540, -1,
				  489, 492, 540, -1,
				  661, 662, 663, -1,
				  661, 664, 662, -1,
				  665, 664, 661, -1,
				  666, 667, 668, -1,
				  668, 667, 669, -1,
				  668, 669, 670, -1,
				  671, 672, 673, -1,
				  671, 662, 672, -1,
				  674, 662, 671, -1,
				  675, 676, 677, -1,
				  677, 676, 667, -1,
				  677, 667, 666, -1,
				  673, 678, 679, -1,
				  673, 672, 678, -1,
				  680, 679, 678, -1,
				  678, 681, 682, -1,
				  678, 682, 680, -1,
				  682, 681, 683, -1,
				  683, 681, 684, -1,
				  683, 684, 682, -1,
				  685, 684, 676, -1,
				  685, 676, 675, -1,
				  669, 664, 665, -1,
				  669, 665, 686, -1,
				  669, 686, 670, -1,
				  675, 677, 670, -1,
				  675, 670, 686, -1,
				  682, 685, 675, -1,
				  682, 675, 686, -1,
				  682, 686, 665, -1,
				  682, 665, 661, -1,
				  682, 661, 663, -1,
				  682, 663, 680, -1,
				  674, 671, 680, -1,
				  674, 680, 663, -1,
				  687, 688, 689, -1,
				  687, 690, 688, -1,
				  691, 687, 692, -1,
				  691, 690, 687, -1,
				  693, 694, 691, -1,
				  691, 692, 693, -1,
				  691, 694, 695, -1,
				  691, 695, 696, -1,
				  696, 695, 697, -1,
				  696, 697, 698, -1,
				  699, 700, 701, -1,
				  699, 688, 700, -1,
				  689, 688, 699, -1,
				  702, 703, 704, -1,
				  704, 703, 698, -1,
				  704, 698, 697, -1,
				  705, 706, 707, -1,
				  705, 700, 706, -1,
				  701, 700, 705, -1,
				  708, 709, 710, -1,
				  710, 709, 703, -1,
				  710, 703, 702, -1,
				  711, 712, 713, -1,
				  711, 706, 712, -1,
				  707, 706, 711, -1,
				  714, 715, 716, -1,
				  717, 716, 715, -1,
				  715, 709, 708, -1,
				  715, 708, 717, -1,
				  712, 718, 713, -1,
				  712, 715, 718, -1,
				  718, 715, 714, -1,
				  707, 711, 705, -1,
				  699, 701, 713, -1,
				  699, 713, 718, -1,
				  689, 699, 718, -1,
				  692, 687, 718, -1,
				  692, 718, 714, -1,
				  692, 714, 716, -1,
				  692, 716, 717, -1,
				  692, 717, 693, -1,
				  697, 695, 694, -1,
				  702, 704, 694, -1,
				  708, 710, 694, -1,
				  708, 694, 693, -1,
				  708, 693, 717, -1,
				  669, 667, 719, -1,
				  669, 719, 720, -1,
				  669, 721, 722, -1,
				  669, 722, 723, -1,
				  724, 725, 662, -1,
				  726, 662, 664, -1,
				  726, 724, 662, -1,
				  667, 676, 727, -1,
				  667, 727, 728, -1,
				  667, 728, 719, -1,
				  729, 730, 672, -1,
				  725, 672, 662, -1,
				  725, 729, 672, -1,
				  676, 684, 731, -1,
				  676, 731, 732, -1,
				  676, 732, 727, -1,
				  733, 734, 735, -1,
				  733, 736, 734, -1,
				  730, 734, 672, -1,
				  730, 735, 734, -1,
				  737, 738, 684, -1,
				  684, 739, 737, -1,
				  684, 738, 731, -1,
				  740, 741, 742, -1,
				  740, 743, 741, -1,
				  736, 741, 734, -1,
				  736, 744, 741, -1,
				  739, 745, 746, -1,
				  739, 746, 737, -1,
				  747, 745, 748, -1,
				  747, 746, 745, -1,
				  749, 747, 748, -1,
				  750, 748, 690, -1,
				  750, 749, 748, -1,
				  743, 690, 741, -1,
				  743, 751, 690, -1,
				  752, 698, 753, -1,
				  752, 753, 754, -1,
				  755, 756, 745, -1,
				  752, 754, 755, -1,
				  752, 755, 745, -1,
				  757, 745, 756, -1,
				  748, 757, 758, -1,
				  748, 745, 757, -1,
				  688, 758, 759, -1,
				  688, 748, 758, -1,
				  698, 703, 760, -1,
				  698, 760, 761, -1,
				  762, 753, 698, -1,
				  698, 761, 762, -1,
				  763, 764, 700, -1,
				  759, 700, 688, -1,
				  759, 763, 700, -1,
				  703, 709, 765, -1,
				  703, 765, 766, -1,
				  703, 766, 760, -1,
				  767, 768, 706, -1,
				  764, 706, 700, -1,
				  764, 767, 706, -1,
				  709, 715, 769, -1,
				  709, 769, 770, -1,
				  709, 770, 765, -1,
				  771, 712, 772, -1,
				  771, 773, 712, -1,
				  768, 712, 706, -1,
				  768, 774, 712, -1,
				  669, 723, 775, -1,
				  769, 715, 776, -1,
				  669, 775, 726, -1,
				  669, 726, 664, -1,
				  776, 712, 773, -1,
				  776, 715, 712, -1,
				  728, 732, 738, -1,
				  728, 738, 746, -1,
				  731, 732, 719, -1,
				  731, 740, 719, -1,
				  737, 740, 738, -1,
				  740, 743, 747, -1,
				  740, 737, 747, -1,
				  742, 720, 740, -1,
				  736, 720, 744, -1,
				  720, 733, 721, -1,
				  720, 736, 733, -1,
				  775, 724, 726, -1,
				  730, 722, 735, -1,
				  722, 775, 723, -1,
				  722, 724, 775, -1,
				  722, 725, 724, -1,
				  722, 730, 729, -1,
				  753, 772, 754, -1,
				  771, 753, 762, -1,
				  771, 772, 753, -1,
				  757, 759, 758, -1,
				  763, 767, 774, -1,
				  774, 755, 772, -1,
				  763, 755, 774, -1,
				  755, 759, 756, -1,
				  755, 763, 759, -1,
				  776, 770, 769, -1,
				  761, 771, 762, -1,
				  771, 776, 773, -1,
				  771, 770, 776, -1,
				  771, 765, 770, -1,
				  771, 766, 765, -1,
				  771, 761, 760, -1,
				  672, 734, 678, -1,
				  734, 741, 777, -1,
				  734, 777, 678, -1,
				  678, 777, 778, -1,
				  678, 778, 681, -1,
				  681, 778, 739, -1,
				  681, 739, 684, -1,
				  739, 752, 745, -1,
				  741, 690, 691, -1,
				  741, 691, 777, -1,
				  777, 691, 696, -1,
				  777, 696, 778, -1,
				  778, 696, 752, -1,
				  778, 752, 739, -1,
				  748, 688, 690, -1,
				  696, 698, 752, -1,
				  720, 721, 669, -1,
				  742, 741, 744, -1,
				  751, 750, 690, -1,
				  772, 712, 774, -1,
				  732, 727, 719, -1,
				  719, 740, 720, -1,
				  738, 740, 731, -1,
				  743, 750, 747, -1,
				  747, 737, 746, -1,
				  744, 720, 742, -1,
				  721, 733, 722, -1,
				  735, 722, 733, -1,
				  722, 729, 725, -1,
				  754, 772, 755, -1,
				  756, 759, 757, -1,
				  771, 760, 766, -1,
				  711, 687, 701, -1,
				  705, 711, 701, -1,
				  701, 705, 713, -1,
				  687, 689, 718, -1,
				  704, 697, 694, -1,
				  710, 702, 694, -1,
				  663, 662, 674, -1,
				  682, 684, 685, -1,
				  677, 666, 670, -1,
				  671, 679, 680, -1,
				  779, 780, 781, -1,
				  782, 780, 779, -1,
				  783, 782, 784, -1,
				  783, 780, 782, -1,
				  785, 786, 787, -1,
				  785, 781, 786, -1,
				  779, 781, 785, -1,
				  787, 788, 789, -1,
				  787, 786, 788, -1,
				  790, 786, 787, -1,
				  788, 791, 792, -1,
				  788, 792, 789, -1,
				  793, 794, 795, -1,
				  793, 796, 794, -1,
				  797, 796, 798, -1,
				  799, 797, 800, -1,
				  799, 796, 797, -1,
				  795, 801, 802, -1,
				  795, 794, 801, -1,
				  803, 794, 795, -1,
				  804, 802, 801, -1,
				  805, 804, 801, -1,
				  801, 806, 807, -1,
				  801, 807, 805, -1,
				  800, 799, 808, -1,
				  807, 806, 799, -1,
				  807, 799, 800, -1,
				  783, 809, 810, -1,
				  783, 810, 811, -1,
				  784, 811, 810, -1,
				  792, 791, 811, -1,
				  792, 811, 812, -1,
				  779, 787, 813, -1,
				  807, 800, 797, -1,
				  807, 797, 798, -1,
				  807, 798, 805, -1,
				  805, 798, 804, -1,
				  812, 782, 814, -1,
				  812, 813, 782, -1,
				  793, 804, 802, -1,
				  793, 804, 798, -1,
				  815, 816, 817, -1,
				  815, 818, 816, -1,
				  819, 820, 821, -1,
				  817, 821, 815, -1,
				  817, 819, 821, -1,
				  820, 822, 823, -1,
				  824, 823, 821, -1,
				  824, 820, 823, -1,
				  825, 826, 827, -1,
				  825, 827, 828, -1,
				  828, 827, 823, -1,
				  828, 823, 822, -1,
				  829, 830, 831, -1,
				  832, 829, 833, -1,
				  832, 830, 829, -1,
				  834, 835, 836, -1,
				  833, 836, 832, -1,
				  833, 834, 836, -1,
				  837, 838, 839, -1,
				  837, 839, 840, -1,
				  841, 842, 839, -1,
				  843, 841, 839, -1,
				  839, 836, 835, -1,
				  839, 835, 843, -1,
				  840, 831, 830, -1,
				  837, 830, 838, -1,
				  837, 840, 830, -1,
				  816, 811, 844, -1,
				  816, 818, 811, -1,
				  845, 844, 811, -1,
				  825, 811, 826, -1,
				  825, 845, 811, -1,
				  846, 817, 847, -1,
				  846, 828, 817, -1,
				  847, 816, 846, -1,
				  843, 829, 848, -1,
				  843, 833, 829, -1,
				  841, 843, 848, -1,
				  829, 841, 848, -1,
				  829, 842, 841, -1,
				  829, 831, 842, -1,
				  811, 849, 850, -1,
				  849, 818, 851, -1,
				  849, 851, 850, -1,
				  818, 815, 851, -1,
				  826, 830, 852, -1,
				  826, 852, 827, -1,
				  830, 832, 852, -1,
				  838, 853, 854, -1,
				  838, 854, 839, -1,
				  853, 855, 854, -1,
				  811, 850, 856, -1,
				  850, 851, 857, -1,
				  850, 857, 856, -1,
				  851, 815, 858, -1,
				  851, 858, 857, -1,
				  815, 821, 859, -1,
				  815, 859, 858, -1,
				  821, 823, 860, -1,
				  821, 860, 859, -1,
				  823, 827, 861, -1,
				  823, 861, 860, -1,
				  827, 852, 862, -1,
				  827, 862, 861, -1,
				  852, 832, 863, -1,
				  852, 863, 862, -1,
				  832, 836, 864, -1,
				  832, 864, 863, -1,
				  836, 839, 865, -1,
				  836, 865, 864, -1,
				  839, 854, 866, -1,
				  839, 866, 865, -1,
				  854, 855, 866, -1,
				  811, 856, 867, -1,
				  856, 857, 868, -1,
				  856, 868, 867, -1,
				  857, 858, 869, -1,
				  857, 869, 868, -1,
				  858, 859, 870, -1,
				  858, 870, 869, -1,
				  859, 860, 871, -1,
				  859, 871, 870, -1,
				  860, 861, 872, -1,
				  860, 872, 871, -1,
				  861, 862, 873, -1,
				  861, 873, 872, -1,
				  862, 863, 874, -1,
				  862, 874, 873, -1,
				  863, 864, 875, -1,
				  863, 875, 874, -1,
				  864, 865, 876, -1,
				  864, 876, 875, -1,
				  865, 866, 877, -1,
				  865, 877, 876, -1,
				  866, 855, 877, -1,
				  811, 867, 878, -1,
				  867, 868, 879, -1,
				  867, 879, 878, -1,
				  868, 869, 880, -1,
				  868, 880, 879, -1,
				  869, 870, 881, -1,
				  869, 881, 880, -1,
				  870, 871, 882, -1,
				  870, 882, 881, -1,
				  871, 872, 883, -1,
				  871, 883, 882, -1,
				  872, 873, 884, -1,
				  872, 884, 883, -1,
				  873, 874, 885, -1,
				  873, 885, 884, -1,
				  874, 875, 886, -1,
				  874, 886, 885, -1,
				  875, 876, 887, -1,
				  875, 887, 886, -1,
				  876, 877, 888, -1,
				  876, 888, 887, -1,
				  877, 855, 888, -1,
				  811, 878, 889, -1,
				  878, 879, 890, -1,
				  878, 890, 889, -1,
				  879, 880, 891, -1,
				  879, 891, 890, -1,
				  880, 881, 892, -1,
				  880, 892, 891, -1,
				  881, 882, 893, -1,
				  881, 893, 892, -1,
				  882, 883, 894, -1,
				  882, 894, 893, -1,
				  883, 884, 895, -1,
				  883, 895, 894, -1,
				  884, 885, 896, -1,
				  884, 896, 895, -1,
				  885, 886, 897, -1,
				  885, 897, 896, -1,
				  886, 887, 898, -1,
				  886, 898, 897, -1,
				  887, 888, 899, -1,
				  887, 899, 898, -1,
				  888, 855, 899, -1,
				  811, 889, 900, -1,
				  889, 890, 901, -1,
				  889, 901, 900, -1,
				  890, 891, 902, -1,
				  890, 902, 901, -1,
				  891, 892, 903, -1,
				  891, 903, 902, -1,
				  892, 893, 904, -1,
				  892, 904, 903, -1,
				  893, 894, 905, -1,
				  893, 905, 904, -1,
				  894, 895, 906, -1,
				  894, 906, 905, -1,
				  895, 896, 907, -1,
				  895, 907, 906, -1,
				  896, 897, 908, -1,
				  896, 908, 907, -1,
				  897, 898, 909, -1,
				  897, 909, 908, -1,
				  898, 899, 910, -1,
				  898, 910, 909, -1,
				  899, 855, 910, -1,
				  811, 900, 911, -1,
				  900, 901, 780, -1,
				  900, 780, 911, -1,
				  901, 902, 781, -1,
				  901, 781, 780, -1,
				  902, 903, 786, -1,
				  902, 786, 781, -1,
				  903, 904, 788, -1,
				  903, 788, 786, -1,
				  904, 905, 912, -1,
				  904, 912, 788, -1,
				  905, 906, 796, -1,
				  905, 796, 912, -1,
				  906, 907, 794, -1,
				  906, 794, 796, -1,
				  907, 908, 801, -1,
				  907, 801, 794, -1,
				  908, 909, 913, -1,
				  908, 913, 801, -1,
				  909, 910, 914, -1,
				  909, 914, 913, -1,
				  910, 855, 914, -1,
				  811, 911, 915, -1,
				  911, 780, 783, -1,
				  911, 783, 915, -1,
				  788, 912, 791, -1,
				  912, 796, 799, -1,
				  912, 799, 791, -1,
				  801, 913, 806, -1,
				  913, 914, 916, -1,
				  913, 916, 806, -1,
				  914, 855, 916, -1,
				  830, 826, 838, -1,
				  799, 806, 791, -1,
				  838, 826, 853, -1,
				  806, 916, 791, -1,
				  853, 826, 855, -1,
				  916, 855, 791, -1,
				  855, 826, 811, -1,
				  855, 811, 791, -1,
				  849, 811, 818, -1,
				  915, 783, 811, -1,
				  820, 824, 821, -1,
				  840, 839, 842, -1,
				  822, 820, 817, -1,
				  828, 822, 817, -1,
				  845, 825, 846, -1,
				  844, 845, 846, -1,
				  816, 844, 846, -1,
				  833, 843, 834, -1,
				  831, 840, 842, -1,
				  783, 784, 809, -1,
				  787, 786, 790, -1,
				  795, 794, 803, -1,
				  798, 796, 793, -1,
				  799, 800, 808, -1,
				  814, 811, 784, -1,
				  812, 811, 814, -1,
				  789, 917, 813, -1,
				  787, 789, 813, -1,
				  814, 782, 784, -1,
				  793, 802, 795, -1,
				  834, 843, 835, -1,
				  811, 918, 919, -1,
				  918, 920, 921, -1,
				  918, 921, 919, -1,
				  920, 922, 923, -1,
				  920, 923, 921, -1,
				  922, 924, 925, -1,
				  922, 925, 923, -1,
				  924, 926, 927, -1,
				  924, 927, 925, -1,
				  926, 928, 929, -1,
				  926, 929, 927, -1,
				  928, 930, 931, -1,
				  928, 931, 929, -1,
				  930, 932, 933, -1,
				  930, 933, 931, -1,
				  932, 934, 935, -1,
				  932, 935, 933, -1,
				  934, 936, 937, -1,
				  934, 937, 935, -1,
				  936, 938, 939, -1,
				  936, 939, 937, -1,
				  938, 855, 939, -1,
				  811, 919, 940, -1,
				  919, 921, 941, -1,
				  919, 941, 940, -1,
				  921, 923, 942, -1,
				  921, 942, 941, -1,
				  923, 925, 943, -1,
				  923, 943, 942, -1,
				  925, 927, 944, -1,
				  925, 944, 943, -1,
				  927, 929, 945, -1,
				  927, 945, 944, -1,
				  929, 931, 946, -1,
				  929, 946, 945, -1,
				  931, 933, 947, -1,
				  931, 947, 946, -1,
				  933, 935, 948, -1,
				  933, 948, 947, -1,
				  935, 937, 949, -1,
				  935, 949, 948, -1,
				  937, 939, 950, -1,
				  937, 950, 949, -1,
				  939, 855, 950, -1,
				  811, 940, 951, -1,
				  940, 941, 952, -1,
				  940, 952, 951, -1,
				  941, 942, 953, -1,
				  941, 953, 952, -1,
				  942, 943, 954, -1,
				  942, 954, 953, -1,
				  943, 944, 955, -1,
				  943, 955, 954, -1,
				  944, 945, 956, -1,
				  944, 956, 955, -1,
				  945, 946, 957, -1,
				  945, 957, 956, -1,
				  946, 947, 958, -1,
				  946, 958, 957, -1,
				  947, 948, 959, -1,
				  947, 959, 958, -1,
				  948, 949, 960, -1,
				  948, 960, 959, -1,
				  949, 950, 961, -1,
				  949, 961, 960, -1,
				  950, 855, 961, -1,
				  811, 951, 962, -1,
				  951, 952, 963, -1,
				  951, 963, 962, -1,
				  952, 953, 964, -1,
				  952, 964, 963, -1,
				  953, 954, 965, -1,
				  953, 965, 964, -1,
				  954, 955, 966, -1,
				  954, 966, 965, -1,
				  955, 956, 967, -1,
				  955, 967, 966, -1,
				  956, 957, 968, -1,
				  956, 968, 967, -1,
				  957, 958, 969, -1,
				  957, 969, 968, -1,
				  958, 959, 970, -1,
				  958, 970, 969, -1,
				  959, 960, 971, -1,
				  959, 971, 970, -1,
				  960, 961, 972, -1,
				  960, 972, 971, -1,
				  961, 855, 972, -1,
				  811, 962, 973, -1,
				  962, 963, 974, -1,
				  962, 974, 973, -1,
				  963, 964, 975, -1,
				  963, 975, 974, -1,
				  964, 965, 976, -1,
				  964, 976, 975, -1,
				  965, 966, 977, -1,
				  965, 977, 976, -1,
				  966, 967, 978, -1,
				  966, 978, 977, -1,
				  967, 968, 979, -1,
				  967, 979, 978, -1,
				  968, 969, 980, -1,
				  968, 980, 979, -1,
				  969, 970, 981, -1,
				  969, 981, 980, -1,
				  970, 971, 982, -1,
				  970, 982, 981, -1,
				  971, 972, 983, -1,
				  971, 983, 982, -1,
				  972, 855, 983, -1,
				  811, 973, 984, -1,
				  973, 974, 985, -1,
				  973, 985, 984, -1,
				  974, 975, 986, -1,
				  974, 986, 985, -1,
				  975, 976, 987, -1,
				  975, 987, 986, -1,
				  976, 977, 988, -1,
				  976, 988, 987, -1,
				  977, 978, 989, -1,
				  977, 989, 988, -1,
				  978, 979, 990, -1,
				  978, 990, 989, -1,
				  979, 980, 991, -1,
				  979, 991, 990, -1,
				  980, 981, 992, -1,
				  980, 992, 991, -1,
				  981, 982, 993, -1,
				  981, 993, 992, -1,
				  982, 983, 994, -1,
				  982, 994, 993, -1,
				  983, 855, 994, -1,
				  811, 984, 995, -1,
				  984, 985, 996, -1,
				  984, 996, 995, -1,
				  985, 986, 997, -1,
				  985, 997, 996, -1,
				  986, 987, 998, -1,
				  986, 998, 997, -1,
				  987, 988, 999, -1,
				  987, 999, 998, -1,
				  988, 989, 1000, -1,
				  988, 1000, 999, -1,
				  989, 990, 1001, -1,
				  989, 1001, 1000, -1,
				  990, 991, 1002, -1,
				  990, 1002, 1001, -1,
				  991, 992, 1003, -1,
				  991, 1003, 1002, -1,
				  992, 993, 1004, -1,
				  992, 1004, 1003, -1,
				  993, 994, 1005, -1,
				  993, 1005, 1004, -1,
				  994, 855, 1005, -1,
				  811, 995, 1006, -1,
				  995, 996, 1007, -1,
				  995, 1007, 1006, -1,
				  996, 997, 1008, -1,
				  996, 1008, 1007, -1,
				  997, 998, 1009, -1,
				  997, 1009, 1008, -1,
				  998, 999, 1010, -1,
				  998, 1010, 1009, -1,
				  999, 1000, 1011, -1,
				  999, 1011, 1010, -1,
				  1000, 1001, 1012, -1,
				  1000, 1012, 1011, -1,
				  1001, 1002, 1013, -1,
				  1001, 1013, 1012, -1,
				  1002, 1003, 1014, -1,
				  1002, 1014, 1013, -1,
				  1003, 1004, 1015, -1,
				  1003, 1015, 1014, -1,
				  1004, 1005, 1016, -1,
				  1004, 1016, 1015, -1,
				  1005, 855, 1016, -1,
				  811, 1006, 1017, -1,
				  1006, 1007, 1018, -1,
				  1006, 1018, 1017, -1,
				  1007, 1008, 1019, -1,
				  1007, 1019, 1018, -1,
				  1008, 1009, 1020, -1,
				  1008, 1020, 1019, -1,
				  1009, 1010, 1021, -1,
				  1009, 1021, 1020, -1,
				  1010, 1011, 1022, -1,
				  1010, 1022, 1021, -1,
				  1011, 1012, 1023, -1,
				  1011, 1023, 1022, -1,
				  1012, 1013, 1024, -1,
				  1012, 1024, 1023, -1,
				  1013, 1014, 1025, -1,
				  1013, 1025, 1024, -1,
				  1014, 1015, 1026, -1,
				  1014, 1026, 1025, -1,
				  1015, 1016, 1027, -1,
				  1015, 1027, 1026, -1,
				  1016, 855, 1027, -1,
				  811, 1017, 1028, -1,
				  1017, 1018, 1029, -1,
				  1017, 1029, 1028, -1,
				  1018, 1019, 1030, -1,
				  1018, 1030, 1029, -1,
				  1019, 1020, 1031, -1,
				  1019, 1031, 1030, -1,
				  1020, 1021, 1032, -1,
				  1020, 1032, 1031, -1,
				  1021, 1022, 1033, -1,
				  1021, 1033, 1032, -1,
				  1022, 1023, 1034, -1,
				  1022, 1034, 1033, -1,
				  1023, 1024, 1035, -1,
				  1023, 1035, 1034, -1,
				  1024, 1025, 1036, -1,
				  1024, 1036, 1035, -1,
				  1025, 1026, 1037, -1,
				  1025, 1037, 1036, -1,
				  1026, 1027, 1038, -1,
				  1026, 1038, 1037, -1,
				  1027, 855, 1038, -1,
				  811, 1028, 1039, -1,
				  1028, 1029, 1040, -1,
				  1028, 1040, 1039, -1,
				  1029, 1030, 1041, -1,
				  1029, 1041, 1040, -1,
				  1030, 1031, 1042, -1,
				  1030, 1042, 1041, -1,
				  1031, 1032, 1043, -1,
				  1031, 1043, 1042, -1,
				  1032, 1033, 1044, -1,
				  1032, 1044, 1043, -1,
				  1033, 1034, 1045, -1,
				  1033, 1045, 1044, -1,
				  1034, 1035, 1046, -1,
				  1034, 1046, 1045, -1,
				  1035, 1036, 1047, -1,
				  1035, 1047, 1046, -1,
				  1036, 1037, 1048, -1,
				  1036, 1048, 1047, -1,
				  1037, 1038, 1049, -1,
				  1037, 1049, 1048, -1,
				  1038, 855, 1049, -1,
				  811, 1039, 1050, -1,
				  1039, 1040, 1051, -1,
				  1039, 1051, 1050, -1,
				  1040, 1041, 1052, -1,
				  1040, 1052, 1051, -1,
				  1041, 1042, 1053, -1,
				  1041, 1053, 1052, -1,
				  1042, 1043, 1054, -1,
				  1042, 1054, 1053, -1,
				  1043, 1044, 1055, -1,
				  1043, 1055, 1054, -1,
				  1044, 1045, 1056, -1,
				  1044, 1056, 1055, -1,
				  1045, 1046, 1057, -1,
				  1045, 1057, 1056, -1,
				  1046, 1047, 1058, -1,
				  1046, 1058, 1057, -1,
				  1047, 1048, 1059, -1,
				  1047, 1059, 1058, -1,
				  1048, 1049, 1060, -1,
				  1048, 1060, 1059, -1,
				  1049, 855, 1060, -1,
				  811, 1050, 1061, -1,
				  1050, 1051, 1062, -1,
				  1050, 1062, 1061, -1,
				  1051, 1052, 1063, -1,
				  1051, 1063, 1062, -1,
				  1052, 1053, 1064, -1,
				  1052, 1064, 1063, -1,
				  1053, 1054, 1065, -1,
				  1053, 1065, 1064, -1,
				  1054, 1055, 1066, -1,
				  1054, 1066, 1065, -1,
				  1055, 1056, 1067, -1,
				  1055, 1067, 1066, -1,
				  1056, 1057, 1068, -1,
				  1056, 1068, 1067, -1,
				  1057, 1058, 1069, -1,
				  1057, 1069, 1068, -1,
				  1058, 1059, 1070, -1,
				  1058, 1070, 1069, -1,
				  1059, 1060, 1071, -1,
				  1059, 1071, 1070, -1,
				  1060, 855, 1071, -1,
				  811, 1061, 1072, -1,
				  1061, 1062, 1073, -1,
				  1061, 1073, 1072, -1,
				  1062, 1063, 1074, -1,
				  1062, 1074, 1073, -1,
				  1063, 1064, 1075, -1,
				  1063, 1075, 1074, -1,
				  1064, 1065, 1076, -1,
				  1064, 1076, 1075, -1,
				  1065, 1066, 1077, -1,
				  1065, 1077, 1076, -1,
				  1066, 1067, 1078, -1,
				  1066, 1078, 1077, -1,
				  1067, 1068, 1079, -1,
				  1067, 1079, 1078, -1,
				  1068, 1069, 1080, -1,
				  1068, 1080, 1079, -1,
				  1069, 1070, 1081, -1,
				  1069, 1081, 1080, -1,
				  1070, 1071, 1082, -1,
				  1070, 1082, 1081, -1,
				  1071, 855, 1082, -1,
				  811, 1072, 1083, -1,
				  1072, 1073, 1084, -1,
				  1072, 1084, 1083, -1,
				  1073, 1074, 1085, -1,
				  1073, 1085, 1084, -1,
				  1074, 1075, 1086, -1,
				  1074, 1086, 1085, -1,
				  1075, 1076, 1087, -1,
				  1075, 1087, 1086, -1,
				  1076, 1077, 1088, -1,
				  1076, 1088, 1087, -1,
				  1077, 1078, 1089, -1,
				  1077, 1089, 1088, -1,
				  1078, 1079, 1090, -1,
				  1078, 1090, 1089, -1,
				  1079, 1080, 1091, -1,
				  1079, 1091, 1090, -1,
				  1080, 1081, 1092, -1,
				  1080, 1092, 1091, -1,
				  1081, 1082, 1093, -1,
				  1081, 1093, 1092, -1,
				  1082, 855, 1093, -1,
				  811, 1083, 1094, -1,
				  1083, 1084, 1095, -1,
				  1083, 1095, 1094, -1,
				  1084, 1085, 1096, -1,
				  1084, 1096, 1095, -1,
				  1085, 1086, 1097, -1,
				  1085, 1097, 1096, -1,
				  1086, 1087, 1098, -1,
				  1086, 1098, 1097, -1,
				  1087, 1088, 1099, -1,
				  1087, 1099, 1098, -1,
				  1088, 1089, 1100, -1,
				  1088, 1100, 1099, -1,
				  1089, 1090, 1101, -1,
				  1089, 1101, 1100, -1,
				  1090, 1091, 1102, -1,
				  1090, 1102, 1101, -1,
				  1091, 1092, 1103, -1,
				  1091, 1103, 1102, -1,
				  1092, 1093, 1104, -1,
				  1092, 1104, 1103, -1,
				  1093, 855, 1104, -1,
				  811, 1094, 1105, -1,
				  1094, 1095, 1106, -1,
				  1094, 1106, 1105, -1,
				  1095, 1096, 1107, -1,
				  1095, 1107, 1106, -1,
				  1096, 1097, 1108, -1,
				  1096, 1108, 1107, -1,
				  1097, 1098, 1109, -1,
				  1097, 1109, 1108, -1,
				  1098, 1099, 1110, -1,
				  1098, 1110, 1109, -1,
				  1099, 1100, 1111, -1,
				  1099, 1111, 1110, -1,
				  1100, 1101, 1112, -1,
				  1100, 1112, 1111, -1,
				  1101, 1102, 1113, -1,
				  1101, 1113, 1112, -1,
				  1102, 1103, 1114, -1,
				  1102, 1114, 1113, -1,
				  1103, 1104, 1115, -1,
				  1103, 1115, 1114, -1,
				  1104, 855, 1115, -1,
				  811, 1105, 1116, -1,
				  1105, 1106, 1117, -1,
				  1105, 1117, 1116, -1,
				  1106, 1107, 1118, -1,
				  1106, 1118, 1117, -1,
				  1107, 1108, 1119, -1,
				  1107, 1119, 1118, -1,
				  1108, 1109, 1120, -1,
				  1108, 1120, 1119, -1,
				  1109, 1110, 1121, -1,
				  1109, 1121, 1120, -1,
				  1110, 1111, 1122, -1,
				  1110, 1122, 1121, -1,
				  1111, 1112, 1123, -1,
				  1111, 1123, 1122, -1,
				  1112, 1113, 1124, -1,
				  1112, 1124, 1123, -1,
				  1113, 1114, 1125, -1,
				  1113, 1125, 1124, -1,
				  1114, 1115, 1126, -1,
				  1114, 1126, 1125, -1,
				  1115, 855, 1126, -1,
				  811, 1116, 1127, -1,
				  1116, 1117, 1128, -1,
				  1116, 1128, 1127, -1,
				  1117, 1118, 1129, -1,
				  1117, 1129, 1128, -1,
				  1118, 1119, 1130, -1,
				  1118, 1130, 1129, -1,
				  1119, 1120, 1131, -1,
				  1119, 1131, 1130, -1,
				  1120, 1121, 1132, -1,
				  1120, 1132, 1131, -1,
				  1121, 1122, 1133, -1,
				  1121, 1133, 1132, -1,
				  1122, 1123, 1134, -1,
				  1122, 1134, 1133, -1,
				  1123, 1124, 1135, -1,
				  1123, 1135, 1134, -1,
				  1124, 1125, 1136, -1,
				  1124, 1136, 1135, -1,
				  1125, 1126, 1137, -1,
				  1125, 1137, 1136, -1,
				  1126, 855, 1137, -1,
				  811, 1127, 1138, -1,
				  1127, 1128, 1139, -1,
				  1127, 1139, 1138, -1,
				  1128, 1129, 1140, -1,
				  1128, 1140, 1139, -1,
				  1129, 1130, 1141, -1,
				  1129, 1141, 1140, -1,
				  1130, 1131, 1142, -1,
				  1130, 1142, 1141, -1,
				  1131, 1132, 1143, -1,
				  1131, 1143, 1142, -1,
				  1132, 1133, 1144, -1,
				  1132, 1144, 1143, -1,
				  1133, 1134, 1145, -1,
				  1133, 1145, 1144, -1,
				  1134, 1135, 1146, -1,
				  1134, 1146, 1145, -1,
				  1135, 1136, 1147, -1,
				  1135, 1147, 1146, -1,
				  1136, 1137, 1148, -1,
				  1136, 1148, 1147, -1,
				  1137, 855, 1148, -1,
				  811, 1138, 1149, -1,
				  1138, 1139, 1150, -1,
				  1138, 1150, 1149, -1,
				  1139, 1140, 1151, -1,
				  1139, 1151, 1150, -1,
				  1140, 1141, 1152, -1,
				  1140, 1152, 1151, -1,
				  1141, 1142, 1153, -1,
				  1141, 1153, 1152, -1,
				  1142, 1143, 1154, -1,
				  1142, 1154, 1153, -1,
				  1143, 1144, 1155, -1,
				  1143, 1155, 1154, -1,
				  1144, 1145, 1156, -1,
				  1144, 1156, 1155, -1,
				  1145, 1146, 1157, -1,
				  1145, 1157, 1156, -1,
				  1146, 1147, 1158, -1,
				  1146, 1158, 1157, -1,
				  1147, 1148, 1159, -1,
				  1147, 1159, 1158, -1,
				  1148, 855, 1159, -1,
				  811, 1149, 1160, -1,
				  1149, 1150, 1161, -1,
				  1149, 1161, 1160, -1,
				  1150, 1151, 1162, -1,
				  1150, 1162, 1161, -1,
				  1151, 1152, 1163, -1,
				  1151, 1163, 1162, -1,
				  1152, 1153, 1164, -1,
				  1152, 1164, 1163, -1,
				  1153, 1154, 1165, -1,
				  1153, 1165, 1164, -1,
				  1154, 1155, 1166, -1,
				  1154, 1166, 1165, -1,
				  1155, 1156, 1167, -1,
				  1155, 1167, 1166, -1,
				  1156, 1157, 1168, -1,
				  1156, 1168, 1167, -1,
				  1157, 1158, 1169, -1,
				  1157, 1169, 1168, -1,
				  1158, 1159, 1170, -1,
				  1158, 1170, 1169, -1,
				  1159, 855, 1170, -1,
				  811, 1160, 1171, -1,
				  1160, 1161, 1172, -1,
				  1160, 1172, 1171, -1,
				  1161, 1162, 1173, -1,
				  1161, 1173, 1172, -1,
				  1162, 1163, 1174, -1,
				  1162, 1174, 1173, -1,
				  1163, 1164, 1175, -1,
				  1163, 1175, 1174, -1,
				  1164, 1165, 1176, -1,
				  1164, 1176, 1175, -1,
				  1165, 1166, 1177, -1,
				  1165, 1177, 1176, -1,
				  1166, 1167, 1178, -1,
				  1166, 1178, 1177, -1,
				  1167, 1168, 1179, -1,
				  1167, 1179, 1178, -1,
				  1168, 1169, 1180, -1,
				  1168, 1180, 1179, -1,
				  1169, 1170, 1181, -1,
				  1169, 1181, 1180, -1,
				  1170, 855, 1181, -1,
				  811, 1171, 1182, -1,
				  1171, 1172, 1183, -1,
				  1171, 1183, 1182, -1,
				  1172, 1173, 1184, -1,
				  1172, 1184, 1183, -1,
				  1173, 1174, 1185, -1,
				  1173, 1185, 1184, -1,
				  1174, 1175, 1186, -1,
				  1174, 1186, 1185, -1,
				  1175, 1176, 1187, -1,
				  1175, 1187, 1186, -1,
				  1176, 1177, 1188, -1,
				  1176, 1188, 1187, -1,
				  1177, 1178, 1189, -1,
				  1177, 1189, 1188, -1,
				  1178, 1179, 1190, -1,
				  1178, 1190, 1189, -1,
				  1179, 1180, 1191, -1,
				  1179, 1191, 1190, -1,
				  1180, 1181, 1192, -1,
				  1180, 1192, 1191, -1,
				  1181, 855, 1192, -1,
				  932, 930, 934, -1,
				  1189, 1190, 1188, -1,
				  934, 930, 936, -1,
				  1190, 1191, 1188, -1,
				  930, 928, 936, -1,
				  1188, 1191, 1187, -1,
				  928, 926, 936, -1,
				  1187, 1191, 1186, -1,
				  936, 926, 938, -1,
				  1191, 1192, 1186, -1,
				  938, 926, 855, -1,
				  1192, 855, 1186, -1,
				  855, 926, 811, -1,
				  855, 811, 1186, -1,
				  918, 811, 920, -1,
				  1182, 1183, 811, -1,
				  920, 811, 922, -1,
				  1183, 1184, 811, -1,
				  922, 811, 924, -1,
				  1184, 1185, 811, -1,
				  924, 811, 926, -1,
				  1185, 1186, 811, -1,
				  1193, 1194, 1195, -1,
				  1193, 1195, 1196, -1,
				  1196, 1195, 1197, -1,
				  1196, 1197, 1198, -1,
				  1198, 1197, 1199, -1,
				  1198, 1199, 1200, -1,
				  1200, 1199, 1201, -1,
				  1200, 1201, 1202, -1,
				  1202, 1201, 1194, -1,
				  1202, 1194, 1193, -1,
				  1193, 1196, 1198, -1,
				  1194, 1197, 1195, -1,
				  1193, 1198, 1200, -1,
				  1194, 1199, 1197, -1,
				  1193, 1200, 1202, -1,
				  1194, 1201, 1199, -1,
				  1203, 1204, 1205, -1,
				  1203, 1205, 1206, -1,
				  1206, 1205, 1207, -1,
				  1206, 1207, 1208, -1,
				  1208, 1207, 1209, -1,
				  1208, 1209, 1210, -1,
				  1210, 1209, 1211, -1,
				  1210, 1211, 1212, -1,
				  1212, 1211, 1204, -1,
				  1212, 1204, 1203, -1,
				  1203, 1206, 1208, -1,
				  1204, 1207, 1205, -1,
				  1203, 1208, 1210, -1,
				  1204, 1209, 1207, -1,
				  1203, 1210, 1212, -1,
				  1204, 1211, 1209, -1,
				  1213, 1214, 1215, -1,
				  1214, 1216, 1217, -1,
				  1214, 1217, 1215, -1,
				  1216, 1218, 1219, -1,
				  1216, 1219, 1217, -1,
				  1218, 1220, 1221, -1,
				  1218, 1221, 1219, -1,
				  1220, 1222, 1223, -1,
				  1220, 1223, 1221, -1,
				  1222, 1224, 1223, -1,
				  1213, 1215, 1225, -1,
				  1215, 1217, 1226, -1,
				  1215, 1226, 1225, -1,
				  1217, 1219, 1227, -1,
				  1217, 1227, 1226, -1,
				  1219, 1221, 1228, -1,
				  1219, 1228, 1227, -1,
				  1221, 1223, 1229, -1,
				  1221, 1229, 1228, -1,
				  1223, 1224, 1229, -1,
				  1213, 1225, 1230, -1,
				  1225, 1226, 1231, -1,
				  1225, 1231, 1230, -1,
				  1226, 1227, 1232, -1,
				  1226, 1232, 1231, -1,
				  1227, 1228, 1233, -1,
				  1227, 1233, 1232, -1,
				  1228, 1229, 1234, -1,
				  1228, 1234, 1233, -1,
				  1229, 1224, 1234, -1,
				  1213, 1230, 1235, -1,
				  1230, 1231, 1236, -1,
				  1230, 1236, 1235, -1,
				  1231, 1232, 1237, -1,
				  1231, 1237, 1236, -1,
				  1232, 1233, 1238, -1,
				  1232, 1238, 1237, -1,
				  1233, 1234, 1239, -1,
				  1233, 1239, 1238, -1,
				  1234, 1224, 1239, -1,
				  1213, 1235, 1240, -1,
				  1235, 1236, 1241, -1,
				  1235, 1241, 1240, -1,
				  1236, 1237, 1242, -1,
				  1236, 1242, 1241, -1,
				  1237, 1238, 1243, -1,
				  1237, 1243, 1242, -1,
				  1238, 1239, 1244, -1,
				  1238, 1244, 1243, -1,
				  1239, 1224, 1244, -1,
				  1213, 1240, 1245, -1,
				  1240, 1241, 1246, -1,
				  1240, 1246, 1245, -1,
				  1241, 1242, 1247, -1,
				  1241, 1247, 1246, -1,
				  1242, 1243, 1248, -1,
				  1242, 1248, 1247, -1,
				  1243, 1244, 1249, -1,
				  1243, 1249, 1248, -1,
				  1244, 1224, 1249, -1,
				  1213, 1245, 1250, -1,
				  1245, 1246, 1251, -1,
				  1245, 1251, 1250, -1,
				  1246, 1247, 1252, -1,
				  1246, 1252, 1251, -1,
				  1247, 1248, 1253, -1,
				  1247, 1253, 1252, -1,
				  1248, 1249, 1254, -1,
				  1248, 1254, 1253, -1,
				  1249, 1224, 1254, -1,
				  1213, 1250, 1255, -1,
				  1250, 1251, 1256, -1,
				  1250, 1256, 1255, -1,
				  1251, 1252, 1257, -1,
				  1251, 1257, 1256, -1,
				  1252, 1253, 1258, -1,
				  1252, 1258, 1257, -1,
				  1253, 1254, 1259, -1,
				  1253, 1259, 1258, -1,
				  1254, 1224, 1259, -1,
				  1213, 1255, 1260, -1,
				  1255, 1256, 1261, -1,
				  1255, 1261, 1260, -1,
				  1256, 1257, 1262, -1,
				  1256, 1262, 1261, -1,
				  1257, 1258, 1263, -1,
				  1257, 1263, 1262, -1,
				  1258, 1259, 1264, -1,
				  1258, 1264, 1263, -1,
				  1259, 1224, 1264, -1,
				  1213, 1260, 1265, -1,
				  1260, 1261, 1266, -1,
				  1260, 1266, 1265, -1,
				  1261, 1262, 1267, -1,
				  1261, 1267, 1266, -1,
				  1262, 1263, 1268, -1,
				  1262, 1268, 1267, -1,
				  1263, 1264, 1269, -1,
				  1263, 1269, 1268, -1,
				  1264, 1224, 1269, -1,
				  1213, 1265, 1270, -1,
				  1265, 1266, 1271, -1,
				  1265, 1271, 1270, -1,
				  1266, 1267, 1272, -1,
				  1266, 1272, 1271, -1,
				  1267, 1268, 1273, -1,
				  1267, 1273, 1272, -1,
				  1268, 1269, 1274, -1,
				  1268, 1274, 1273, -1,
				  1269, 1224, 1274, -1,
				  1213, 1270, 1214, -1,
				  1270, 1271, 1216, -1,
				  1270, 1216, 1214, -1,
				  1271, 1272, 1218, -1,
				  1271, 1218, 1216, -1,
				  1272, 1273, 1220, -1,
				  1272, 1220, 1218, -1,
				  1273, 1274, 1222, -1,
				  1273, 1222, 1220, -1,
				  1274, 1224, 1222, -1,
				  1275, 1276, 1277, -1,
				  1276, 1278, 1279, -1,
				  1276, 1279, 1277, -1,
				  1278, 1280, 1281, -1,
				  1278, 1281, 1279, -1,
				  1280, 1282, 1283, -1,
				  1280, 1283, 1281, -1,
				  1282, 1284, 1285, -1,
				  1282, 1285, 1283, -1,
				  1284, 1286, 1285, -1,
				  1275, 1277, 1287, -1,
				  1277, 1279, 1288, -1,
				  1277, 1288, 1287, -1,
				  1279, 1281, 1289, -1,
				  1279, 1289, 1288, -1,
				  1281, 1283, 1290, -1,
				  1281, 1290, 1289, -1,
				  1283, 1285, 1291, -1,
				  1283, 1291, 1290, -1,
				  1285, 1286, 1291, -1,
				  1275, 1287, 1292, -1,
				  1287, 1288, 1293, -1,
				  1287, 1293, 1292, -1,
				  1288, 1289, 1294, -1,
				  1288, 1294, 1293, -1,
				  1289, 1290, 1295, -1,
				  1289, 1295, 1294, -1,
				  1290, 1291, 1296, -1,
				  1290, 1296, 1295, -1,
				  1291, 1286, 1296, -1,
				  1275, 1292, 1297, -1,
				  1292, 1293, 1298, -1,
				  1292, 1298, 1297, -1,
				  1293, 1294, 1299, -1,
				  1293, 1299, 1298, -1,
				  1294, 1295, 1300, -1,
				  1294, 1300, 1299, -1,
				  1295, 1296, 1301, -1,
				  1295, 1301, 1300, -1,
				  1296, 1286, 1301, -1,
				  1275, 1297, 1302, -1,
				  1297, 1298, 1303, -1,
				  1297, 1303, 1302, -1,
				  1298, 1299, 1304, -1,
				  1298, 1304, 1303, -1,
				  1299, 1300, 1305, -1,
				  1299, 1305, 1304, -1,
				  1300, 1301, 1306, -1,
				  1300, 1306, 1305, -1,
				  1301, 1286, 1306, -1,
				  1275, 1302, 1307, -1,
				  1302, 1303, 1308, -1,
				  1302, 1308, 1307, -1,
				  1303, 1304, 1309, -1,
				  1303, 1309, 1308, -1,
				  1304, 1305, 1310, -1,
				  1304, 1310, 1309, -1,
				  1305, 1306, 1311, -1,
				  1305, 1311, 1310, -1,
				  1306, 1286, 1311, -1,
				  1275, 1307, 1312, -1,
				  1307, 1308, 1313, -1,
				  1307, 1313, 1312, -1,
				  1308, 1309, 1314, -1,
				  1308, 1314, 1313, -1,
				  1309, 1310, 1315, -1,
				  1309, 1315, 1314, -1,
				  1310, 1311, 1316, -1,
				  1310, 1316, 1315, -1,
				  1311, 1286, 1316, -1,
				  1275, 1312, 1317, -1,
				  1312, 1313, 1318, -1,
				  1312, 1318, 1317, -1,
				  1313, 1314, 1319, -1,
				  1313, 1319, 1318, -1,
				  1314, 1315, 1320, -1,
				  1314, 1320, 1319, -1,
				  1315, 1316, 1321, -1,
				  1315, 1321, 1320, -1,
				  1316, 1286, 1321, -1,
				  1275, 1317, 1322, -1,
				  1317, 1318, 1323, -1,
				  1317, 1323, 1322, -1,
				  1318, 1319, 1324, -1,
				  1318, 1324, 1323, -1,
				  1319, 1320, 1325, -1,
				  1319, 1325, 1324, -1,
				  1320, 1321, 1326, -1,
				  1320, 1326, 1325, -1,
				  1321, 1286, 1326, -1,
				  1275, 1322, 1327, -1,
				  1322, 1323, 1328, -1,
				  1322, 1328, 1327, -1,
				  1323, 1324, 1329, -1,
				  1323, 1329, 1328, -1,
				  1324, 1325, 1330, -1,
				  1324, 1330, 1329, -1,
				  1325, 1326, 1331, -1,
				  1325, 1331, 1330, -1,
				  1326, 1286, 1331, -1,
				  1275, 1327, 1332, -1,
				  1327, 1328, 1333, -1,
				  1327, 1333, 1332, -1,
				  1328, 1329, 1334, -1,
				  1328, 1334, 1333, -1,
				  1329, 1330, 1335, -1,
				  1329, 1335, 1334, -1,
				  1330, 1331, 1336, -1,
				  1330, 1336, 1335, -1,
				  1331, 1286, 1336, -1,
				  1275, 1332, 1276, -1,
				  1332, 1333, 1278, -1,
				  1332, 1278, 1276, -1,
				  1333, 1334, 1280, -1,
				  1333, 1280, 1278, -1,
				  1334, 1335, 1282, -1,
				  1334, 1282, 1280, -1,
				  1335, 1336, 1284, -1,
				  1335, 1284, 1282, -1,
				  1336, 1286, 1284, -1,
				  1337, 1338, 1339, -1,
				  1338, 1340, 1341, -1,
				  1338, 1341, 1339, -1,
				  1340, 1342, 1343, -1,
				  1340, 1343, 1341, -1,
				  1342, 1344, 1345, -1,
				  1342, 1345, 1343, -1,
				  1344, 1346, 1347, -1,
				  1344, 1347, 1345, -1,
				  1346, 1348, 1347, -1,
				  1337, 1339, 1349, -1,
				  1339, 1341, 1350, -1,
				  1339, 1350, 1349, -1,
				  1341, 1343, 1351, -1,
				  1341, 1351, 1350, -1,
				  1343, 1345, 1352, -1,
				  1343, 1352, 1351, -1,
				  1345, 1347, 1353, -1,
				  1345, 1353, 1352, -1,
				  1347, 1348, 1353, -1,
				  1337, 1349, 1354, -1,
				  1349, 1350, 1355, -1,
				  1349, 1355, 1354, -1,
				  1350, 1351, 1356, -1,
				  1350, 1356, 1355, -1,
				  1351, 1352, 1357, -1,
				  1351, 1357, 1356, -1,
				  1352, 1353, 1358, -1,
				  1352, 1358, 1357, -1,
				  1353, 1348, 1358, -1,
				  1337, 1354, 1359, -1,
				  1354, 1355, 1360, -1,
				  1354, 1360, 1359, -1,
				  1355, 1356, 1361, -1,
				  1355, 1361, 1360, -1,
				  1356, 1357, 1362, -1,
				  1356, 1362, 1361, -1,
				  1357, 1358, 1363, -1,
				  1357, 1363, 1362, -1,
				  1358, 1348, 1363, -1,
				  1337, 1359, 1364, -1,
				  1359, 1360, 1365, -1,
				  1359, 1365, 1364, -1,
				  1360, 1361, 1366, -1,
				  1360, 1366, 1365, -1,
				  1361, 1362, 1367, -1,
				  1361, 1367, 1366, -1,
				  1362, 1363, 1368, -1,
				  1362, 1368, 1367, -1,
				  1363, 1348, 1368, -1,
				  1337, 1364, 1369, -1,
				  1364, 1365, 1370, -1,
				  1364, 1370, 1369, -1,
				  1365, 1366, 1371, -1,
				  1365, 1371, 1370, -1,
				  1366, 1367, 1372, -1,
				  1366, 1372, 1371, -1,
				  1367, 1368, 1373, -1,
				  1367, 1373, 1372, -1,
				  1368, 1348, 1373, -1,
				  1337, 1369, 1374, -1,
				  1369, 1370, 1375, -1,
				  1369, 1375, 1374, -1,
				  1370, 1371, 1376, -1,
				  1370, 1376, 1375, -1,
				  1371, 1372, 1377, -1,
				  1371, 1377, 1376, -1,
				  1372, 1373, 1378, -1,
				  1372, 1378, 1377, -1,
				  1373, 1348, 1378, -1,
				  1337, 1374, 1379, -1,
				  1374, 1375, 1380, -1,
				  1374, 1380, 1379, -1,
				  1375, 1376, 1381, -1,
				  1375, 1381, 1380, -1,
				  1376, 1377, 1382, -1,
				  1376, 1382, 1381, -1,
				  1377, 1378, 1383, -1,
				  1377, 1383, 1382, -1,
				  1378, 1348, 1383, -1,
				  1337, 1379, 1384, -1,
				  1379, 1380, 1385, -1,
				  1379, 1385, 1384, -1,
				  1380, 1381, 1386, -1,
				  1380, 1386, 1385, -1,
				  1381, 1382, 1387, -1,
				  1381, 1387, 1386, -1,
				  1382, 1383, 1388, -1,
				  1382, 1388, 1387, -1,
				  1383, 1348, 1388, -1,
				  1337, 1384, 1389, -1,
				  1384, 1385, 1390, -1,
				  1384, 1390, 1389, -1,
				  1385, 1386, 1391, -1,
				  1385, 1391, 1390, -1,
				  1386, 1387, 1392, -1,
				  1386, 1392, 1391, -1,
				  1387, 1388, 1393, -1,
				  1387, 1393, 1392, -1,
				  1388, 1348, 1393, -1,
				  1337, 1389, 1394, -1,
				  1389, 1390, 1395, -1,
				  1389, 1395, 1394, -1,
				  1390, 1391, 1396, -1,
				  1390, 1396, 1395, -1,
				  1391, 1392, 1397, -1,
				  1391, 1397, 1396, -1,
				  1392, 1393, 1398, -1,
				  1392, 1398, 1397, -1,
				  1393, 1348, 1398, -1,
				  1337, 1394, 1338, -1,
				  1394, 1395, 1340, -1,
				  1394, 1340, 1338, -1,
				  1395, 1396, 1342, -1,
				  1395, 1342, 1340, -1,
				  1396, 1397, 1344, -1,
				  1396, 1344, 1342, -1,
				  1397, 1398, 1346, -1,
				  1397, 1346, 1344, -1,
				  1398, 1348, 1346, -1,
				  1399, 1400, 1401, -1,
				  1400, 1402, 1403, -1,
				  1400, 1403, 1401, -1,
				  1402, 1404, 1405, -1,
				  1402, 1405, 1403, -1,
				  1404, 1406, 1407, -1,
				  1404, 1407, 1405, -1,
				  1406, 1399, 1407, -1,
				  1399, 1401, 1408, -1,
				  1401, 1403, 1409, -1,
				  1401, 1409, 1408, -1,
				  1403, 1405, 1410, -1,
				  1403, 1410, 1409, -1,
				  1405, 1407, 1411, -1,
				  1405, 1411, 1410, -1,
				  1407, 1399, 1411, -1,
				  1399, 1408, 1412, -1,
				  1408, 1409, 1413, -1,
				  1408, 1413, 1412, -1,
				  1409, 1410, 1414, -1,
				  1409, 1414, 1413, -1,
				  1410, 1411, 1415, -1,
				  1410, 1415, 1414, -1,
				  1411, 1399, 1415, -1,
				  1399, 1412, 1416, -1,
				  1412, 1413, 1417, -1,
				  1412, 1417, 1416, -1,
				  1413, 1414, 1418, -1,
				  1413, 1418, 1417, -1,
				  1414, 1415, 1419, -1,
				  1414, 1419, 1418, -1,
				  1415, 1399, 1419, -1,
				  1399, 1416, 1420, -1,
				  1416, 1417, 1421, -1,
				  1416, 1421, 1420, -1,
				  1417, 1418, 1422, -1,
				  1417, 1422, 1421, -1,
				  1418, 1419, 1423, -1,
				  1418, 1423, 1422, -1,
				  1419, 1399, 1423, -1,
				  1399, 1420, 1424, -1,
				  1420, 1421, 1425, -1,
				  1420, 1425, 1424, -1,
				  1421, 1422, 1426, -1,
				  1421, 1426, 1425, -1,
				  1422, 1423, 1427, -1,
				  1422, 1427, 1426, -1,
				  1423, 1399, 1427, -1,
				  1399, 1424, 1428, -1,
				  1424, 1425, 1429, -1,
				  1424, 1429, 1428, -1,
				  1425, 1426, 1430, -1,
				  1425, 1430, 1429, -1,
				  1426, 1427, 1431, -1,
				  1426, 1431, 1430, -1,
				  1427, 1399, 1431, -1,
				  1399, 1428, 1432, -1,
				  1428, 1429, 1433, -1,
				  1428, 1433, 1432, -1,
				  1429, 1430, 1434, -1,
				  1429, 1434, 1433, -1,
				  1430, 1431, 1435, -1,
				  1430, 1435, 1434, -1,
				  1431, 1399, 1435, -1,
				  1399, 1432, 1436, -1,
				  1432, 1433, 1437, -1,
				  1432, 1437, 1436, -1,
				  1433, 1434, 1438, -1,
				  1433, 1438, 1437, -1,
				  1434, 1435, 1439, -1,
				  1434, 1439, 1438, -1,
				  1435, 1399, 1439, -1,
				  1399, 1436, 1440, -1,
				  1436, 1437, 1441, -1,
				  1436, 1441, 1440, -1,
				  1437, 1438, 1442, -1,
				  1437, 1442, 1441, -1,
				  1438, 1439, 1443, -1,
				  1438, 1443, 1442, -1,
				  1439, 1399, 1443, -1,
				  1399, 1440, 1444, -1,
				  1440, 1441, 1445, -1,
				  1440, 1445, 1444, -1,
				  1441, 1442, 1446, -1,
				  1441, 1446, 1445, -1,
				  1442, 1443, 1447, -1,
				  1442, 1447, 1446, -1,
				  1443, 1399, 1447, -1,
				  1399, 1444, 1448, -1,
				  1444, 1445, 1449, -1,
				  1444, 1449, 1448, -1,
				  1445, 1446, 1450, -1,
				  1445, 1450, 1449, -1,
				  1446, 1447, 1451, -1,
				  1446, 1451, 1450, -1,
				  1447, 1399, 1451, -1,
				  1399, 1448, 1452, -1,
				  1448, 1449, 1453, -1,
				  1448, 1453, 1452, -1,
				  1449, 1450, 1454, -1,
				  1449, 1454, 1453, -1,
				  1450, 1451, 1455, -1,
				  1450, 1455, 1454, -1,
				  1451, 1399, 1455, -1,
				  1399, 1452, 1456, -1,
				  1452, 1453, 1457, -1,
				  1452, 1457, 1456, -1,
				  1453, 1454, 1458, -1,
				  1453, 1458, 1457, -1,
				  1454, 1455, 1459, -1,
				  1454, 1459, 1458, -1,
				  1455, 1399, 1459, -1,
				  1399, 1456, 1460, -1,
				  1456, 1457, 1461, -1,
				  1456, 1461, 1460, -1,
				  1457, 1458, 1462, -1,
				  1457, 1462, 1461, -1,
				  1458, 1459, 1463, -1,
				  1458, 1463, 1462, -1,
				  1459, 1399, 1463, -1,
				  1399, 1460, 1400, -1,
				  1460, 1461, 1402, -1,
				  1460, 1402, 1400, -1,
				  1461, 1462, 1404, -1,
				  1461, 1404, 1402, -1,
				  1462, 1463, 1406, -1,
				  1462, 1406, 1404, -1,
				  1463, 1399, 1406, -1,
				  1464, 1465, 1466, -1,
				  1465, 1467, 1468, -1,
				  1465, 1468, 1466, -1,
				  1467, 1469, 1470, -1,
				  1467, 1470, 1468, -1,
				  1469, 1471, 1470, -1,
				  1464, 1466, 1472, -1,
				  1466, 1468, 1473, -1,
				  1466, 1473, 1472, -1,
				  1468, 1470, 1474, -1,
				  1468, 1474, 1473, -1,
				  1470, 1471, 1474, -1,
				  1464, 1472, 1475, -1,
				  1472, 1473, 1476, -1,
				  1472, 1476, 1475, -1,
				  1473, 1474, 1477, -1,
				  1473, 1477, 1476, -1,
				  1474, 1471, 1477, -1,
				  1464, 1475, 1478, -1,
				  1475, 1476, 1479, -1,
				  1475, 1479, 1478, -1,
				  1476, 1477, 1480, -1,
				  1476, 1480, 1479, -1,
				  1477, 1471, 1480, -1,
				  1464, 1478, 1481, -1,
				  1478, 1479, 1482, -1,
				  1478, 1482, 1481, -1,
				  1479, 1480, 1483, -1,
				  1479, 1483, 1482, -1,
				  1480, 1471, 1483, -1,
				  1464, 1481, 1484, -1,
				  1481, 1482, 1485, -1,
				  1481, 1485, 1484, -1,
				  1482, 1483, 1486, -1,
				  1482, 1486, 1485, -1,
				  1483, 1471, 1486, -1,
				  1464, 1484, 1487, -1,
				  1484, 1485, 1488, -1,
				  1484, 1488, 1487, -1,
				  1485, 1486, 1489, -1,
				  1485, 1489, 1488, -1,
				  1486, 1471, 1489, -1,
				  1464, 1487, 1490, -1,
				  1487, 1488, 1491, -1,
				  1487, 1491, 1490, -1,
				  1488, 1489, 1492, -1,
				  1488, 1492, 1491, -1,
				  1489, 1471, 1492, -1,
				  1464, 1490, 1493, -1,
				  1490, 1491, 1494, -1,
				  1490, 1494, 1493, -1,
				  1491, 1492, 1495, -1,
				  1491, 1495, 1494, -1,
				  1492, 1471, 1495, -1,
				  1464, 1493, 1496, -1,
				  1493, 1494, 1497, -1,
				  1493, 1497, 1496, -1,
				  1494, 1495, 1498, -1,
				  1494, 1498, 1497, -1,
				  1495, 1471, 1498, -1,
				  1464, 1496, 1499, -1,
				  1496, 1497, 1500, -1,
				  1496, 1500, 1499, -1,
				  1497, 1498, 1501, -1,
				  1497, 1501, 1500, -1,
				  1498, 1471, 1501, -1,
				  1464, 1499, 1465, -1,
				  1499, 1500, 1467, -1,
				  1499, 1467, 1465, -1,
				  1500, 1501, 1469, -1,
				  1500, 1469, 1467, -1,
				  1501, 1471, 1469, -1,
				  1502, 1503, 1504, -1,
				  1503, 1505, 1506, -1,
				  1503, 1506, 1504, -1,
				  1505, 1507, 1508, -1,
				  1505, 1508, 1506, -1,
				  1507, 1509, 1508, -1,
				  1502, 1504, 1510, -1,
				  1504, 1506, 1511, -1,
				  1504, 1511, 1510, -1,
				  1506, 1508, 1512, -1,
				  1506, 1512, 1511, -1,
				  1508, 1509, 1512, -1,
				  1502, 1510, 1513, -1,
				  1510, 1511, 1514, -1,
				  1510, 1514, 1513, -1,
				  1511, 1512, 1515, -1,
				  1511, 1515, 1514, -1,
				  1512, 1509, 1515, -1,
				  1502, 1513, 1516, -1,
				  1513, 1514, 1517, -1,
				  1513, 1517, 1516, -1,
				  1514, 1515, 1518, -1,
				  1514, 1518, 1517, -1,
				  1515, 1509, 1518, -1,
				  1502, 1516, 1519, -1,
				  1516, 1517, 1520, -1,
				  1516, 1520, 1519, -1,
				  1517, 1518, 1521, -1,
				  1517, 1521, 1520, -1,
				  1518, 1509, 1521, -1,
				  1502, 1519, 1522, -1,
				  1519, 1520, 1523, -1,
				  1519, 1523, 1522, -1,
				  1520, 1521, 1524, -1,
				  1520, 1524, 1523, -1,
				  1521, 1509, 1524, -1,
				  1502, 1522, 1525, -1,
				  1522, 1523, 1526, -1,
				  1522, 1526, 1525, -1,
				  1523, 1524, 1527, -1,
				  1523, 1527, 1526, -1,
				  1524, 1509, 1527, -1,
				  1502, 1525, 1528, -1,
				  1525, 1526, 1529, -1,
				  1525, 1529, 1528, -1,
				  1526, 1527, 1530, -1,
				  1526, 1530, 1529, -1,
				  1527, 1509, 1530, -1,
				  1502, 1528, 1531, -1,
				  1528, 1529, 1532, -1,
				  1528, 1532, 1531, -1,
				  1529, 1530, 1533, -1,
				  1529, 1533, 1532, -1,
				  1530, 1509, 1533, -1,
				  1502, 1531, 1534, -1,
				  1531, 1532, 1535, -1,
				  1531, 1535, 1534, -1,
				  1532, 1533, 1536, -1,
				  1532, 1536, 1535, -1,
				  1533, 1509, 1536, -1,
				  1502, 1534, 1537, -1,
				  1534, 1535, 1538, -1,
				  1534, 1538, 1537, -1,
				  1535, 1536, 1539, -1,
				  1535, 1539, 1538, -1,
				  1536, 1509, 1539, -1,
				  1502, 1537, 1503, -1,
				  1537, 1538, 1505, -1,
				  1537, 1505, 1503, -1,
				  1538, 1539, 1507, -1,
				  1538, 1507, 1505, -1,
				  1539, 1509, 1507, -1,
				  1540, 1541, 1542, -1,
				  1541, 1543, 1544, -1,
				  1541, 1544, 1542, -1,
				  1543, 1545, 1546, -1,
				  1543, 1546, 1544, -1,
				  1545, 1547, 1546, -1,
				  1540, 1542, 1548, -1,
				  1542, 1544, 1549, -1,
				  1542, 1549, 1548, -1,
				  1544, 1546, 1550, -1,
				  1544, 1550, 1549, -1,
				  1546, 1547, 1550, -1,
				  1540, 1548, 1551, -1,
				  1548, 1549, 1552, -1,
				  1548, 1552, 1551, -1,
				  1549, 1550, 1553, -1,
				  1549, 1553, 1552, -1,
				  1550, 1547, 1553, -1,
				  1540, 1551, 1554, -1,
				  1551, 1552, 1555, -1,
				  1551, 1555, 1554, -1,
				  1552, 1553, 1556, -1,
				  1552, 1556, 1555, -1,
				  1553, 1547, 1556, -1,
				  1540, 1554, 1557, -1,
				  1554, 1555, 1558, -1,
				  1554, 1558, 1557, -1,
				  1555, 1556, 1559, -1,
				  1555, 1559, 1558, -1,
				  1556, 1547, 1559, -1,
				  1540, 1557, 1560, -1,
				  1557, 1558, 1561, -1,
				  1557, 1561, 1560, -1,
				  1558, 1559, 1562, -1,
				  1558, 1562, 1561, -1,
				  1559, 1547, 1562, -1,
				  1540, 1560, 1563, -1,
				  1560, 1561, 1564, -1,
				  1560, 1564, 1563, -1,
				  1561, 1562, 1565, -1,
				  1561, 1565, 1564, -1,
				  1562, 1547, 1565, -1,
				  1540, 1563, 1566, -1,
				  1563, 1564, 1567, -1,
				  1563, 1567, 1566, -1,
				  1564, 1565, 1568, -1,
				  1564, 1568, 1567, -1,
				  1565, 1547, 1568, -1,
				  1540, 1566, 1569, -1,
				  1566, 1567, 1570, -1,
				  1566, 1570, 1569, -1,
				  1567, 1568, 1571, -1,
				  1567, 1571, 1570, -1,
				  1568, 1547, 1571, -1,
				  1540, 1569, 1572, -1,
				  1569, 1570, 1573, -1,
				  1569, 1573, 1572, -1,
				  1570, 1571, 1574, -1,
				  1570, 1574, 1573, -1,
				  1571, 1547, 1574, -1,
				  1540, 1572, 1575, -1,
				  1572, 1573, 1576, -1,
				  1572, 1576, 1575, -1,
				  1573, 1574, 1577, -1,
				  1573, 1577, 1576, -1,
				  1574, 1547, 1577, -1,
				  1540, 1575, 1541, -1,
				  1575, 1576, 1543, -1,
				  1575, 1543, 1541, -1,
				  1576, 1577, 1545, -1,
				  1576, 1545, 1543, -1,
				  1577, 1547, 1545, -1,
				  1578, 1579, 1580, -1,
				  1579, 1581, 1582, -1,
				  1579, 1582, 1580, -1,
				  1581, 1583, 1584, -1,
				  1581, 1584, 1582, -1,
				  1583, 1585, 1584, -1,
				  1578, 1580, 1586, -1,
				  1580, 1582, 1587, -1,
				  1580, 1587, 1586, -1,
				  1582, 1584, 1588, -1,
				  1582, 1588, 1587, -1,
				  1584, 1585, 1588, -1,
				  1578, 1586, 1589, -1,
				  1586, 1587, 1590, -1,
				  1586, 1590, 1589, -1,
				  1587, 1588, 1591, -1,
				  1587, 1591, 1590, -1,
				  1588, 1585, 1591, -1,
				  1578, 1589, 1592, -1,
				  1589, 1590, 1593, -1,
				  1589, 1593, 1592, -1,
				  1590, 1591, 1594, -1,
				  1590, 1594, 1593, -1,
				  1591, 1585, 1594, -1,
				  1578, 1592, 1595, -1,
				  1592, 1593, 1596, -1,
				  1592, 1596, 1595, -1,
				  1593, 1594, 1597, -1,
				  1593, 1597, 1596, -1,
				  1594, 1585, 1597, -1,
				  1578, 1595, 1598, -1,
				  1595, 1596, 1599, -1,
				  1595, 1599, 1598, -1,
				  1596, 1597, 1600, -1,
				  1596, 1600, 1599, -1,
				  1597, 1585, 1600, -1,
				  1578, 1598, 1601, -1,
				  1598, 1599, 1602, -1,
				  1598, 1602, 1601, -1,
				  1599, 1600, 1603, -1,
				  1599, 1603, 1602, -1,
				  1600, 1585, 1603, -1,
				  1578, 1601, 1604, -1,
				  1601, 1602, 1605, -1,
				  1601, 1605, 1604, -1,
				  1602, 1603, 1606, -1,
				  1602, 1606, 1605, -1,
				  1603, 1585, 1606, -1,
				  1578, 1604, 1607, -1,
				  1604, 1605, 1608, -1,
				  1604, 1608, 1607, -1,
				  1605, 1606, 1609, -1,
				  1605, 1609, 1608, -1,
				  1606, 1585, 1609, -1,
				  1578, 1607, 1610, -1,
				  1607, 1608, 1611, -1,
				  1607, 1611, 1610, -1,
				  1608, 1609, 1612, -1,
				  1608, 1612, 1611, -1,
				  1609, 1585, 1612, -1,
				  1578, 1610, 1613, -1,
				  1610, 1611, 1614, -1,
				  1610, 1614, 1613, -1,
				  1611, 1612, 1615, -1,
				  1611, 1615, 1614, -1,
				  1612, 1585, 1615, -1,
				  1578, 1613, 1579, -1,
				  1613, 1614, 1581, -1,
				  1613, 1581, 1579, -1,
				  1614, 1615, 1583, -1,
				  1614, 1583, 1581, -1,
				  1615, 1585, 1583, -1,
				  1616, 1617, 1618, -1,
				  1617, 1619, 1620, -1,
				  1617, 1620, 1618, -1,
				  1619, 1621, 1622, -1,
				  1619, 1622, 1620, -1,
				  1621, 1623, 1622, -1,
				  1616, 1618, 1624, -1,
				  1618, 1620, 1625, -1,
				  1618, 1625, 1624, -1,
				  1620, 1622, 1626, -1,
				  1620, 1626, 1625, -1,
				  1622, 1623, 1626, -1,
				  1616, 1624, 1627, -1,
				  1624, 1625, 1628, -1,
				  1624, 1628, 1627, -1,
				  1625, 1626, 1629, -1,
				  1625, 1629, 1628, -1,
				  1626, 1623, 1629, -1,
				  1616, 1627, 1630, -1,
				  1627, 1628, 1631, -1,
				  1627, 1631, 1630, -1,
				  1628, 1629, 1632, -1,
				  1628, 1632, 1631, -1,
				  1629, 1623, 1632, -1,
				  1616, 1630, 1633, -1,
				  1630, 1631, 1634, -1,
				  1630, 1634, 1633, -1,
				  1631, 1632, 1635, -1,
				  1631, 1635, 1634, -1,
				  1632, 1623, 1635, -1,
				  1616, 1633, 1636, -1,
				  1633, 1634, 1637, -1,
				  1633, 1637, 1636, -1,
				  1634, 1635, 1638, -1,
				  1634, 1638, 1637, -1,
				  1635, 1623, 1638, -1,
				  1616, 1636, 1639, -1,
				  1636, 1637, 1640, -1,
				  1636, 1640, 1639, -1,
				  1637, 1638, 1641, -1,
				  1637, 1641, 1640, -1,
				  1638, 1623, 1641, -1,
				  1616, 1639, 1642, -1,
				  1639, 1640, 1643, -1,
				  1639, 1643, 1642, -1,
				  1640, 1641, 1644, -1,
				  1640, 1644, 1643, -1,
				  1641, 1623, 1644, -1,
				  1616, 1642, 1645, -1,
				  1642, 1643, 1646, -1,
				  1642, 1646, 1645, -1,
				  1643, 1644, 1647, -1,
				  1643, 1647, 1646, -1,
				  1644, 1623, 1647, -1,
				  1616, 1645, 1648, -1,
				  1645, 1646, 1649, -1,
				  1645, 1649, 1648, -1,
				  1646, 1647, 1650, -1,
				  1646, 1650, 1649, -1,
				  1647, 1623, 1650, -1,
				  1616, 1648, 1651, -1,
				  1648, 1649, 1652, -1,
				  1648, 1652, 1651, -1,
				  1649, 1650, 1653, -1,
				  1649, 1653, 1652, -1,
				  1650, 1623, 1653, -1,
				  1616, 1651, 1617, -1,
				  1651, 1652, 1619, -1,
				  1651, 1619, 1617, -1,
				  1652, 1653, 1621, -1,
				  1652, 1621, 1619, -1,
				  1653, 1623, 1621, -1,
				  1654, 1655, 1656, -1,
				  1655, 1657, 1658, -1,
				  1655, 1658, 1656, -1,
				  1657, 1659, 1660, -1,
				  1657, 1660, 1658, -1,
				  1659, 1661, 1660, -1,
				  1654, 1656, 1662, -1,
				  1656, 1658, 1663, -1,
				  1656, 1663, 1662, -1,
				  1658, 1660, 1664, -1,
				  1658, 1664, 1663, -1,
				  1660, 1661, 1664, -1,
				  1654, 1662, 1665, -1,
				  1662, 1663, 1666, -1,
				  1662, 1666, 1665, -1,
				  1663, 1664, 1667, -1,
				  1663, 1667, 1666, -1,
				  1664, 1661, 1667, -1,
				  1654, 1665, 1668, -1,
				  1665, 1666, 1669, -1,
				  1665, 1669, 1668, -1,
				  1666, 1667, 1670, -1,
				  1666, 1670, 1669, -1,
				  1667, 1661, 1670, -1,
				  1654, 1668, 1671, -1,
				  1668, 1669, 1672, -1,
				  1668, 1672, 1671, -1,
				  1669, 1670, 1673, -1,
				  1669, 1673, 1672, -1,
				  1670, 1661, 1673, -1,
				  1654, 1671, 1674, -1,
				  1671, 1672, 1675, -1,
				  1671, 1675, 1674, -1,
				  1672, 1673, 1676, -1,
				  1672, 1676, 1675, -1,
				  1673, 1661, 1676, -1,
				  1654, 1674, 1677, -1,
				  1674, 1675, 1678, -1,
				  1674, 1678, 1677, -1,
				  1675, 1676, 1679, -1,
				  1675, 1679, 1678, -1,
				  1676, 1661, 1679, -1,
				  1654, 1677, 1680, -1,
				  1677, 1678, 1681, -1,
				  1677, 1681, 1680, -1,
				  1678, 1679, 1682, -1,
				  1678, 1682, 1681, -1,
				  1679, 1661, 1682, -1,
				  1654, 1680, 1683, -1,
				  1680, 1681, 1684, -1,
				  1680, 1684, 1683, -1,
				  1681, 1682, 1685, -1,
				  1681, 1685, 1684, -1,
				  1682, 1661, 1685, -1,
				  1654, 1683, 1686, -1,
				  1683, 1684, 1687, -1,
				  1683, 1687, 1686, -1,
				  1684, 1685, 1688, -1,
				  1684, 1688, 1687, -1,
				  1685, 1661, 1688, -1,
				  1654, 1686, 1689, -1,
				  1686, 1687, 1690, -1,
				  1686, 1690, 1689, -1,
				  1687, 1688, 1691, -1,
				  1687, 1691, 1690, -1,
				  1688, 1661, 1691, -1,
				  1654, 1689, 1655, -1,
				  1689, 1690, 1657, -1,
				  1689, 1657, 1655, -1,
				  1690, 1691, 1659, -1,
				  1690, 1659, 1657, -1,
				  1691, 1661, 1659, -1,
				  1692, 1693, 1694, -1,
				  1693, 1695, 1696, -1,
				  1693, 1696, 1694, -1,
				  1695, 1697, 1698, -1,
				  1695, 1698, 1696, -1,
				  1697, 1699, 1700, -1,
				  1697, 1700, 1698, -1,
				  1699, 1701, 1702, -1,
				  1699, 1702, 1700, -1,
				  1701, 1703, 1704, -1,
				  1701, 1704, 1702, -1,
				  1703, 1705, 1706, -1,
				  1703, 1706, 1704, -1,
				  1705, 1707, 1708, -1,
				  1705, 1708, 1706, -1,
				  1707, 1709, 1708, -1,
				  1692, 1694, 1710, -1,
				  1694, 1696, 1711, -1,
				  1694, 1711, 1710, -1,
				  1696, 1698, 1712, -1,
				  1696, 1712, 1711, -1,
				  1698, 1700, 1713, -1,
				  1698, 1713, 1712, -1,
				  1700, 1702, 1714, -1,
				  1700, 1714, 1713, -1,
				  1702, 1704, 1715, -1,
				  1702, 1715, 1714, -1,
				  1704, 1706, 1716, -1,
				  1704, 1716, 1715, -1,
				  1706, 1708, 1717, -1,
				  1706, 1717, 1716, -1,
				  1708, 1709, 1717, -1,
				  1692, 1710, 1718, -1,
				  1710, 1711, 1719, -1,
				  1710, 1719, 1718, -1,
				  1711, 1712, 1720, -1,
				  1711, 1720, 1719, -1,
				  1712, 1713, 1721, -1,
				  1712, 1721, 1720, -1,
				  1713, 1714, 1722, -1,
				  1713, 1722, 1721, -1,
				  1714, 1715, 1723, -1,
				  1714, 1723, 1722, -1,
				  1715, 1716, 1724, -1,
				  1715, 1724, 1723, -1,
				  1716, 1717, 1725, -1,
				  1716, 1725, 1724, -1,
				  1717, 1709, 1725, -1,
				  1692, 1718, 1726, -1,
				  1718, 1719, 1727, -1,
				  1718, 1727, 1726, -1,
				  1719, 1720, 1728, -1,
				  1719, 1728, 1727, -1,
				  1720, 1721, 1729, -1,
				  1720, 1729, 1728, -1,
				  1721, 1722, 1730, -1,
				  1721, 1730, 1729, -1,
				  1722, 1723, 1731, -1,
				  1722, 1731, 1730, -1,
				  1723, 1724, 1732, -1,
				  1723, 1732, 1731, -1,
				  1724, 1725, 1733, -1,
				  1724, 1733, 1732, -1,
				  1725, 1709, 1733, -1,
				  1692, 1726, 1734, -1,
				  1726, 1727, 1735, -1,
				  1726, 1735, 1734, -1,
				  1727, 1728, 1736, -1,
				  1727, 1736, 1735, -1,
				  1728, 1729, 1737, -1,
				  1728, 1737, 1736, -1,
				  1729, 1730, 1738, -1,
				  1729, 1738, 1737, -1,
				  1730, 1731, 1739, -1,
				  1730, 1739, 1738, -1,
				  1731, 1732, 1740, -1,
				  1731, 1740, 1739, -1,
				  1732, 1733, 1741, -1,
				  1732, 1741, 1740, -1,
				  1733, 1709, 1741, -1,
				  1692, 1734, 1742, -1,
				  1734, 1735, 1743, -1,
				  1734, 1743, 1742, -1,
				  1735, 1736, 1744, -1,
				  1735, 1744, 1743, -1,
				  1736, 1737, 1745, -1,
				  1736, 1745, 1744, -1,
				  1737, 1738, 1746, -1,
				  1737, 1746, 1745, -1,
				  1738, 1739, 1747, -1,
				  1738, 1747, 1746, -1,
				  1739, 1740, 1748, -1,
				  1739, 1748, 1747, -1,
				  1740, 1741, 1749, -1,
				  1740, 1749, 1748, -1,
				  1741, 1709, 1749, -1,
				  1692, 1742, 1750, -1,
				  1742, 1743, 1751, -1,
				  1742, 1751, 1750, -1,
				  1743, 1744, 1752, -1,
				  1743, 1752, 1751, -1,
				  1744, 1745, 1753, -1,
				  1744, 1753, 1752, -1,
				  1745, 1746, 1754, -1,
				  1745, 1754, 1753, -1,
				  1746, 1747, 1755, -1,
				  1746, 1755, 1754, -1,
				  1747, 1748, 1756, -1,
				  1747, 1756, 1755, -1,
				  1748, 1749, 1757, -1,
				  1748, 1757, 1756, -1,
				  1749, 1709, 1757, -1,
				  1692, 1750, 1758, -1,
				  1750, 1751, 1759, -1,
				  1750, 1759, 1758, -1,
				  1751, 1752, 1760, -1,
				  1751, 1760, 1759, -1,
				  1752, 1753, 1761, -1,
				  1752, 1761, 1760, -1,
				  1753, 1754, 1762, -1,
				  1753, 1762, 1761, -1,
				  1754, 1755, 1763, -1,
				  1754, 1763, 1762, -1,
				  1755, 1756, 1764, -1,
				  1755, 1764, 1763, -1,
				  1756, 1757, 1765, -1,
				  1756, 1765, 1764, -1,
				  1757, 1709, 1765, -1,
				  1692, 1758, 1766, -1,
				  1758, 1759, 1767, -1,
				  1758, 1767, 1766, -1,
				  1759, 1760, 1768, -1,
				  1759, 1768, 1767, -1,
				  1760, 1761, 1769, -1,
				  1760, 1769, 1768, -1,
				  1761, 1762, 1770, -1,
				  1761, 1770, 1769, -1,
				  1762, 1763, 1771, -1,
				  1762, 1771, 1770, -1,
				  1763, 1764, 1772, -1,
				  1763, 1772, 1771, -1,
				  1764, 1765, 1773, -1,
				  1764, 1773, 1772, -1,
				  1765, 1709, 1773, -1,
				  1692, 1766, 1774, -1,
				  1766, 1767, 1775, -1,
				  1766, 1775, 1774, -1,
				  1767, 1768, 1776, -1,
				  1767, 1776, 1775, -1,
				  1768, 1769, 1777, -1,
				  1768, 1777, 1776, -1,
				  1769, 1770, 1778, -1,
				  1769, 1778, 1777, -1,
				  1770, 1771, 1779, -1,
				  1770, 1779, 1778, -1,
				  1771, 1772, 1780, -1,
				  1771, 1780, 1779, -1,
				  1772, 1773, 1781, -1,
				  1772, 1781, 1780, -1,
				  1773, 1709, 1781, -1,
				  1692, 1774, 1782, -1,
				  1774, 1775, 1783, -1,
				  1774, 1783, 1782, -1,
				  1775, 1776, 1784, -1,
				  1775, 1784, 1783, -1,
				  1776, 1777, 1785, -1,
				  1776, 1785, 1784, -1,
				  1777, 1778, 1786, -1,
				  1777, 1786, 1785, -1,
				  1778, 1779, 1787, -1,
				  1778, 1787, 1786, -1,
				  1779, 1780, 1788, -1,
				  1779, 1788, 1787, -1,
				  1780, 1781, 1789, -1,
				  1780, 1789, 1788, -1,
				  1781, 1709, 1789, -1,
				  1692, 1782, 1693, -1,
				  1782, 1783, 1695, -1,
				  1782, 1695, 1693, -1,
				  1783, 1784, 1697, -1,
				  1783, 1697, 1695, -1,
				  1784, 1785, 1699, -1,
				  1784, 1699, 1697, -1,
				  1785, 1786, 1701, -1,
				  1785, 1701, 1699, -1,
				  1786, 1787, 1703, -1,
				  1786, 1703, 1701, -1,
				  1787, 1788, 1705, -1,
				  1787, 1705, 1703, -1,
				  1788, 1789, 1707, -1,
				  1788, 1707, 1705, -1,
				  1789, 1709, 1707, -1,
				  1790, 1791, 1792, -1,
				  1790, 1792, 1793, -1,
				  1793, 1792, 1794, -1,
				  1793, 1794, 1795, -1,
				  1795, 1794, 1796, -1,
				  1795, 1796, 1797, -1,
				  1797, 1796, 1798, -1,
				  1797, 1798, 1799, -1,
				  1799, 1798, 1800, -1,
				  1799, 1800, 1801, -1,
				  1801, 1800, 1791, -1,
				  1801, 1791, 1790, -1,
				  1790, 1793, 1795, -1,
				  1791, 1794, 1792, -1,
				  1790, 1795, 1797, -1,
				  1791, 1796, 1794, -1,
				  1790, 1797, 1799, -1,
				  1791, 1798, 1796, -1,
				  1790, 1799, 1801, -1,
				  1791, 1800, 1798, -1,
				  1802, 1803, 1804, -1,
				  1803, 1805, 1806, -1,
				  1803, 1806, 1804, -1,
				  1805, 1807, 1808, -1,
				  1805, 1808, 1806, -1,
				  1807, 1809, 1810, -1,
				  1807, 1810, 1808, -1,
				  1809, 1811, 1812, -1,
				  1809, 1812, 1810, -1,
				  1811, 1813, 1812, -1,
				  1802, 1804, 1814, -1,
				  1804, 1806, 1815, -1,
				  1804, 1815, 1814, -1,
				  1806, 1808, 1816, -1,
				  1806, 1816, 1815, -1,
				  1808, 1810, 1817, -1,
				  1808, 1817, 1816, -1,
				  1810, 1812, 1818, -1,
				  1810, 1818, 1817, -1,
				  1812, 1813, 1818, -1,
				  1802, 1814, 1819, -1,
				  1814, 1815, 1820, -1,
				  1814, 1820, 1819, -1,
				  1815, 1816, 1821, -1,
				  1815, 1821, 1820, -1,
				  1816, 1817, 1822, -1,
				  1816, 1822, 1821, -1,
				  1817, 1818, 1823, -1,
				  1817, 1823, 1822, -1,
				  1818, 1813, 1823, -1,
				  1802, 1819, 1824, -1,
				  1819, 1820, 1825, -1,
				  1819, 1825, 1824, -1,
				  1820, 1821, 1826, -1,
				  1820, 1826, 1825, -1,
				  1821, 1822, 1827, -1,
				  1821, 1827, 1826, -1,
				  1822, 1823, 1828, -1,
				  1822, 1828, 1827, -1,
				  1823, 1813, 1828, -1,
				  1802, 1824, 1829, -1,
				  1824, 1825, 1830, -1,
				  1824, 1830, 1829, -1,
				  1825, 1826, 1831, -1,
				  1825, 1831, 1830, -1,
				  1826, 1827, 1832, -1,
				  1826, 1832, 1831, -1,
				  1827, 1828, 1833, -1,
				  1827, 1833, 1832, -1,
				  1828, 1813, 1833, -1,
				  1802, 1829, 1834, -1,
				  1829, 1830, 1835, -1,
				  1829, 1835, 1834, -1,
				  1830, 1831, 1836, -1,
				  1830, 1836, 1835, -1,
				  1831, 1832, 1837, -1,
				  1831, 1837, 1836, -1,
				  1832, 1833, 1838, -1,
				  1832, 1838, 1837, -1,
				  1833, 1813, 1838, -1,
				  1802, 1834, 1839, -1,
				  1834, 1835, 1840, -1,
				  1834, 1840, 1839, -1,
				  1835, 1836, 1841, -1,
				  1835, 1841, 1840, -1,
				  1836, 1837, 1842, -1,
				  1836, 1842, 1841, -1,
				  1837, 1838, 1843, -1,
				  1837, 1843, 1842, -1,
				  1838, 1813, 1843, -1,
				  1802, 1839, 1844, -1,
				  1839, 1840, 1845, -1,
				  1839, 1845, 1844, -1,
				  1840, 1841, 1846, -1,
				  1840, 1846, 1845, -1,
				  1841, 1842, 1847, -1,
				  1841, 1847, 1846, -1,
				  1842, 1843, 1848, -1,
				  1842, 1848, 1847, -1,
				  1843, 1813, 1848, -1,
				  1802, 1844, 1849, -1,
				  1844, 1845, 1850, -1,
				  1844, 1850, 1849, -1,
				  1845, 1846, 1851, -1,
				  1845, 1851, 1850, -1,
				  1846, 1847, 1852, -1,
				  1846, 1852, 1851, -1,
				  1847, 1848, 1853, -1,
				  1847, 1853, 1852, -1,
				  1848, 1813, 1853, -1,
				  1802, 1849, 1854, -1,
				  1849, 1850, 1855, -1,
				  1849, 1855, 1854, -1,
				  1850, 1851, 1856, -1,
				  1850, 1856, 1855, -1,
				  1851, 1852, 1857, -1,
				  1851, 1857, 1856, -1,
				  1852, 1853, 1858, -1,
				  1852, 1858, 1857, -1,
				  1853, 1813, 1858, -1,
				  1802, 1854, 1859, -1,
				  1854, 1855, 1860, -1,
				  1854, 1860, 1859, -1,
				  1855, 1856, 1861, -1,
				  1855, 1861, 1860, -1,
				  1856, 1857, 1862, -1,
				  1856, 1862, 1861, -1,
				  1857, 1858, 1863, -1,
				  1857, 1863, 1862, -1,
				  1858, 1813, 1863, -1,
				  1802, 1859, 1803, -1,
				  1859, 1860, 1805, -1,
				  1859, 1805, 1803, -1,
				  1860, 1861, 1807, -1,
				  1860, 1807, 1805, -1,
				  1861, 1862, 1809, -1,
				  1861, 1809, 1807, -1,
				  1862, 1863, 1811, -1,
				  1862, 1811, 1809, -1,
				  1863, 1813, 1811, -1 ] 
	    }
	}
    }
}