#VRML V1.0 ascii

# Blender V249

# 'Switch' is used as a hack, to ensure it is not part of the drawing

Separator {
Switch {
	DEF Mesh
	Separator {
		Coordinate3 {
			point [
				 -124.805817 737.731018 121.335770,
				 -117.034760 746.215088 86.790695,
				 -113.963196 733.884277 86.790710,
				 -124.805817 737.731018 121.335770,
				 -117.034760 746.215088 86.790695,
				 -113.963196 733.884277 86.790710,
				 -127.751984 744.754150 121.335754,
				 -117.034760 746.215088 86.790695,
				 -124.805817 737.731018 121.335770,
				 -127.751984 744.754150 121.335754,
				 -117.034760 746.215088 86.790695,
				 -98.443085 749.482239 45.643200,
				 -113.963196 733.884277 86.790710,
				 -98.443085 749.482239 45.643200,
				 -124.805817 737.731018 121.335770,
				 -113.963196 733.884277 86.790710,
				 -119.541870 723.343079 121.335770,
				 -119.541870 723.343079 121.335770,
				 -131.271545 750.046509 121.335754,
				 -117.034760 746.215088 86.790695,
				 -127.751984 744.754150 121.335754,
				 -131.271545 750.046509 121.335754,
				 -138.359863 743.705383 151.012772,
				 -127.751984 744.754150 121.335754,
				 -124.805817 737.731018 121.335770,
				 -138.359863 743.705383 151.012772,
				 -117.034760 746.215088 86.790695,
				 -99.294830 760.841309 45.643188,
				 -98.443085 749.482239 45.643200,
				 -99.294830 760.841309 45.643188,
				 -113.963196 733.884277 86.790710,
				 -98.443085 749.482239 45.643200,
				 -94.514862 742.451294 45.643204,
				 -94.514862 742.451294 45.643204,
				 -113.963196 733.884277 86.790710,
				 -110.656616 728.850708 86.790710,
				 -119.541870 723.343079 121.335770,
				 -110.656616 728.850708 86.790710,
				 -138.359863 743.705383 151.012772,
				 -124.805817 737.731018 121.335770,
				 -119.541870 723.343079 121.335770,
				 -124.199493 777.978577 86.790665,
				 -117.034760 746.215088 86.790695,
				 -131.271545 750.046509 121.335754,
				 -124.199493 777.978577 86.790665,
				 -138.359863 743.705383 151.012772,
				 -131.271545 750.046509 121.335754,
				 -127.751984 744.754150 121.335754,
				 -124.199493 777.978577 86.790665,
				 -99.294830 760.841309 45.643188,
				 -117.034760 746.215088 86.790695,
				 -99.294830 760.841309 45.643188,
				 -61.517456 752.580994 18.700607,
				 -98.443085 749.482239 45.643200,
				 -61.517456 752.580994 18.700607,
				 -98.443085 749.482239 45.643200,
				 -61.517456 752.580994 18.700607,
				 -94.514862 742.451294 45.643204,
				 -113.963196 733.884277 86.790710,
				 -94.514862 742.451294 45.643204,
				 -110.656616 728.850708 86.790710,
				 -119.541870 723.343079 121.335770,
				 -110.656616 728.850708 86.790710,
				 -106.273560 723.284668 86.790710,
				 -106.273560 723.284668 86.790710,
				 -161.340393 721.652466 151.012833,
				 -138.359863 743.705383 151.012772,
				 -119.541870 723.343079 121.335770,
				 -161.340393 721.652466 151.012833,
				 -138.329010 760.660400 121.335739,
				 -124.199493 777.978577 86.790665,
				 -131.271545 750.046509 121.335754,
				 -138.329010 760.660400 121.335739,
				 -138.329010 760.660400 121.335739,
				 -131.271545 750.046509 121.335754,
				 -138.359863 743.705383 151.012772,
				 -124.199493 777.978577 86.790665,
				 -101.718201 810.385498 45.643131,
				 -99.294830 760.841309 45.643188,
				 -101.718201 810.385498 45.643131,
				 -73.746613 811.788574 18.700546,
				 -61.517456 752.580994 18.700607,
				 -99.294830 760.841309 45.643188,
				 -73.746613 811.788574 18.700546,
				 -94.514862 742.451294 45.643204,
				 -61.517456 752.580994 18.700607,
				 -84.623810 729.891541 45.643208,
				 -84.623810 729.891541 45.643208,
				 -110.656616 728.850708 86.790710,
				 -94.514862 742.451294 45.643204,
				 -106.273560 723.284668 86.790710,
				 -119.541870 723.343079 121.335770,
				 -106.273560 723.284668 86.790710,
				 -106.165344 715.703186 86.790726,
				 -106.165344 715.703186 86.790726,
				 -149.549988 760.826294 151.012772,
				 -138.359863 743.705383 151.012772,
				 -161.340393 721.652466 151.012833,
				 -149.549988 760.826294 151.012772,
				 -161.340393 721.652466 151.012833,
				 -119.541870 723.343079 121.335770,
				 -112.196594 690.917236 86.790756,
				 -112.196594 690.917236 86.790756,
				 -142.742676 767.091553 121.335739,
				 -124.199493 777.978577 86.790665,
				 -138.329010 760.660400 121.335739,
				 -142.742676 767.091553 121.335739,
				 -149.549988 760.826294 151.012772,
				 -138.329010 760.660400 121.335739,
				 -138.359863 743.705383 151.012772,
				 -124.485657 801.208191 86.790642,
				 -101.718201 810.385498 45.643131,
				 -124.199493 777.978577 86.790665,
				 -124.485657 801.208191 86.790642,
				 -101.718201 810.385498 45.643131,
				 -73.746613 811.788574 18.700546,
				 -99.294830 760.841309 45.643188,
				 -73.746613 811.788574 18.700546,
				 -39.079651 788.987366 -27.715408,
				 -61.517456 752.580994 18.700607,
				 -39.079651 788.987366 -27.715408,
				 -84.623810 729.891541 45.643208,
				 -61.517456 752.580994 18.700607,
				 -76.709778 719.844910 45.643211,
				 -76.709778 719.844910 45.643211,
				 -106.273560 723.284668 86.790710,
				 -94.514862 742.451294 45.643204,
				 -84.623810 729.891541 45.643208,
				 -106.273560 723.284668 86.790710,
				 -84.623810 729.891541 45.643208,
				 -106.165344 715.703186 86.790726,
				 -119.541870 723.343079 121.335770,
				 -106.165344 715.703186 86.790726,
				 -106.811646 701.989014 86.790741,
				 -106.811646 701.989014 86.790741,
				 -161.373718 775.935181 151.012756,
				 -161.373718 775.935181 151.012756,
				 -119.541870 723.343079 121.335770,
				 -106.811646 701.989014 86.790741,
				 -112.196594 690.917236 86.790756,
				 -161.340393 721.652466 151.012833,
				 -112.196594 690.917236 86.790756,
				 -123.667603 669.431519 86.790802,
				 -123.667603 669.431519 86.790802,
				 -144.173370 778.971985 121.335739,
				 -124.199493 777.978577 86.790665,
				 -142.742676 767.091553 121.335739,
				 -144.173370 778.971985 121.335739,
				 -149.549988 760.826294 151.012772,
				 -142.742676 767.091553 121.335739,
				 -138.329010 760.660400 121.335739,
				 -117.890778 826.763306 86.790604,
				 -101.718201 810.385498 45.643131,
				 -124.485657 801.208191 86.790642,
				 -117.890778 826.763306 86.790604,
				 -144.173370 778.971985 121.335739,
				 -124.485657 801.208191 86.790642,
				 -124.199493 777.978577 86.790665,
				 -103.045898 829.487427 45.643112,
				 -73.746613 811.788574 18.700546,
				 -101.718201 810.385498 45.643131,
				 -103.045898 829.487427 45.643112,
				 -73.746613 811.788574 18.700546,
				 -36.923828 799.812317 -27.715439,
				 -39.079651 788.987366 -27.715408,
				 -36.923828 799.812317 -27.715439,
				 -61.517456 752.580994 18.700607,
				 -39.079651 788.987366 -27.715408,
				 -37.459229 758.831299 -27.715378,
				 -37.459229 758.831299 -27.715378,
				 -61.517456 752.580994 18.700607,
				 -48.343109 722.378906 18.700623,
				 -76.709778 719.844910 45.643211,
				 -48.343109 722.378906 18.700623,
				 -106.165344 715.703186 86.790726,
				 -84.623810 729.891541 45.643208,
				 -76.709778 719.844910 45.643211,
				 -106.165344 715.703186 86.790726,
				 -76.709778 719.844910 45.643211,
				 -106.811646 701.989014 86.790741,
				 -161.373718 775.935181 151.012756,
				 -142.742676 767.091553 121.335739,
				 -149.549988 760.826294 151.012772,
				 -161.340393 721.652466 151.012833,
				 -197.376160 765.000000 180.231674,
				 -197.390686 788.752136 180.231659,
				 -161.373718 775.935181 151.012756,
				 -197.376160 765.000000 180.231674,
				 -197.390686 788.752136 180.231659,
				 -106.811646 701.989014 86.790741,
				 -70.681305 680.032227 45.643250,
				 -112.196594 690.917236 86.790756,
				 -70.681305 680.032227 45.643250,
				 -112.196594 690.917236 86.790756,
				 -80.180115 660.916870 45.643284,
				 -123.667603 669.431519 86.790802,
				 -80.180115 660.916870 45.643284,
				 -161.340393 721.652466 151.012833,
				 -123.667603 669.431519 86.790802,
				 -188.282562 674.049561 121.335907,
				 -188.282562 674.049561 121.335907,
				 -161.373718 775.935181 151.012756,
				 -144.173370 778.971985 121.335739,
				 -142.742676 767.091553 121.335739,
				 -117.890778 826.763306 86.790604,
				 -103.045898 829.487427 45.643112,
				 -101.718201 810.385498 45.643131,
				 -143.851776 841.018311 121.335663,
				 -117.890778 826.763306 86.790604,
				 -124.485657 801.208191 86.790642,
				 -143.851776 841.018311 121.335663,
				 -163.405701 809.929077 151.012711,
				 -124.485657 801.208191 86.790642,
				 -144.173370 778.971985 121.335739,
				 -163.405701 809.929077 151.012711,
				 -103.045898 829.487427 45.643112,
				 -71.582458 840.655273 18.700508,
				 -73.746613 811.788574 18.700546,
				 -71.582458 840.655273 18.700508,
				 -73.746613 811.788574 18.700546,
				 -32.675476 804.009338 -27.715439,
				 -36.923828 799.812317 -27.715439,
				 -32.675476 804.009338 -27.715439,
				 -36.923828 799.812317 -27.715439,
				 -22.754852 801.171570 -27.715454,
				 -39.079651 788.987366 -27.715408,
				 -22.754852 801.171570 -27.715454,
				 -39.079651 788.987366 -27.715408,
				 -9.070618 795.963135 -27.715469,
				 -37.459229 758.831299 -27.715378,
				 -9.070618 795.963135 -27.715469,
				 -61.517456 752.580994 18.700607,
				 -37.459229 758.831299 -27.715378,
				 -48.343109 722.378906 18.700623,
				 -76.709778 719.844910 45.643211,
				 -48.343109 722.378906 18.700623,
				 -72.090942 701.803345 45.643227,
				 -72.090942 701.803345 45.643227,
				 -106.811646 701.989014 86.790741,
				 -76.709778 719.844910 45.643211,
				 -72.090942 701.803345 45.643227,
				 -161.340393 721.652466 151.012833,
				 -213.943817 750.687927 180.231720,
				 -197.376160 765.000000 180.231674,
				 -213.943817 750.687927 180.231720,
				 -161.373718 775.935181 151.012756,
				 -197.390686 788.752136 180.231659,
				 -198.547607 792.488525 180.231644,
				 -164.015930 784.473450 151.012741,
				 -198.547607 792.488525 180.231644,
				 -164.015930 784.473450 151.012741,
				 -106.811646 701.989014 86.790741,
				 -68.878784 689.686523 45.643238,
				 -70.681305 680.032227 45.643250,
				 -68.878784 689.686523 45.643238,
				 -112.196594 690.917236 86.790756,
				 -70.681305 680.032227 45.643250,
				 -80.180115 660.916870 45.643284,
				 -123.667603 669.431519 86.790802,
				 -80.180115 660.916870 45.643284,
				 -108.262054 620.874878 45.643364,
				 -108.262054 620.874878 45.643364,
				 -188.282562 674.049561 121.335907,
				 -123.667603 669.431519 86.790802,
				 -190.610367 616.007629 86.790939,
				 -190.610367 616.007629 86.790939,
				 -216.741150 680.939209 151.012924,
				 -161.340393 721.652466 151.012833,
				 -188.282562 674.049561 121.335907,
				 -216.741150 680.939209 151.012924,
				 -164.015930 784.473450 151.012741,
				 -144.173370 778.971985 121.335739,
				 -161.373718 775.935181 151.012756,
				 -116.674866 856.244080 86.790573,
				 -103.045898 829.487427 45.643112,
				 -117.890778 826.763306 86.790604,
				 -116.674866 856.244080 86.790573,
				 -143.851776 841.018311 121.335663,
				 -116.674866 856.244080 86.790573,
				 -117.890778 826.763306 86.790604,
				 -163.405701 809.929077 151.012711,
				 -143.851776 841.018311 121.335663,
				 -124.485657 801.208191 86.790642,
				 -163.405701 809.929077 151.012711,
				 -144.173370 778.971985 121.335739,
				 -164.015930 784.473450 151.012741,
				 -96.383545 856.730225 45.643070,
				 -71.582458 840.655273 18.700508,
				 -103.045898 829.487427 45.643112,
				 -96.383545 856.730225 45.643070,
				 -71.582458 840.655273 18.700508,
				 -32.675476 804.009338 -27.715439,
				 -73.746613 811.788574 18.700546,
				 -36.923828 799.812317 -27.715439,
				 -32.675476 804.009338 -27.715439,
				 -26.541016 803.796509 -27.715454,
				 -26.541016 803.796509 -27.715454,
				 -36.923828 799.812317 -27.715439,
				 -26.541016 803.796509 -27.715454,
				 -22.754852 801.171570 -27.715454,
				 -39.079651 788.987366 -27.715408,
				 -22.754852 801.171570 -27.715454,
				 -9.070618 795.963135 -27.715469,
				 1.931244 786.483887 -27.715469,
				 1.931244 786.483887 -27.715469,
				 -37.459229 758.831299 -27.715378,
				 -20.229370 735.978821 -27.715378,
				 -48.343109 722.378906 18.700623,
				 -20.229370 735.978821 -27.715378,
				 -72.090942 701.803345 45.643227,
				 -48.343109 722.378906 18.700623,
				 -33.123657 702.168518 18.700630,
				 -33.123657 702.168518 18.700630,
				 -106.811646 701.989014 86.790741,
				 -72.090942 701.803345 45.643227,
				 -68.878784 689.686523 45.643238,
				 -216.741150 680.939209 151.012924,
				 -238.186401 732.872925 180.231766,
				 -213.943817 750.687927 180.231720,
				 -161.340393 721.652466 151.012833,
				 -238.186401 732.872925 180.231766,
				 -164.015930 784.473450 151.012741,
				 -198.547607 792.488525 180.231644,
				 -198.280151 803.627319 180.231644,
				 -163.405701 809.929077 151.012711,
				 -198.280151 803.627319 180.231644,
				 -68.878784 689.686523 45.643238,
				 -33.123657 702.168518 18.700630,
				 -70.681305 680.032227 45.643250,
				 -70.681305 680.032227 45.643250,
				 -17.538025 682.382202 18.700638,
				 -80.180115 660.916870 45.643284,
				 -17.538025 682.382202 18.700638,
				 -108.262054 620.874878 45.643364,
				 -80.180115 660.916870 45.643284,
				 -7.277618 582.366943 18.700745,
				 -7.277618 582.366943 18.700745,
				 -190.610367 616.007629 86.790939,
				 -123.667603 669.431519 86.790802,
				 -108.262054 620.874878 45.643364,
				 -216.741150 680.939209 151.012924,
				 -188.282562 674.049561 121.335907,
				 -190.610367 616.007629 86.790939,
				 -116.674866 856.244080 86.790573,
				 -96.383545 856.730225 45.643070,
				 -103.045898 829.487427 45.643112,
				 -143.687927 870.673645 121.335617,
				 -116.674866 856.244080 86.790573,
				 -143.851776 841.018311 121.335663,
				 -143.687927 870.673645 121.335617,
				 -169.490479 855.266418 151.012680,
				 -143.851776 841.018311 121.335663,
				 -163.405701 809.929077 151.012711,
				 -169.490479 855.266418 151.012680,
				 -96.383545 856.730225 45.643070,
				 -64.314606 866.101440 18.700470,
				 -71.582458 840.655273 18.700508,
				 -64.314606 866.101440 18.700470,
				 -54.480377 870.637756 18.700455,
				 -32.675476 804.009338 -27.715439,
				 -71.582458 840.655273 18.700508,
				 -54.480377 870.637756 18.700455,
				 -32.675476 804.009338 -27.715439,
				 0.808105 848.452332 18.700424,
				 -26.541016 803.796509 -27.715454,
				 0.808105 848.452332 18.700424,
				 -26.541016 803.796509 -27.715454,
				 5.030701 830.715088 18.700439,
				 -22.754852 801.171570 -27.715454,
				 5.030701 830.715088 18.700439,
				 -22.754852 801.171570 -27.715454,
				 5.030701 830.715088 18.700439,
				 -9.070618 795.963135 -27.715469,
				 -9.070618 795.963135 -27.715469,
				 12.503052 823.682861 18.700439,
				 1.931244 786.483887 -27.715469,
				 12.503052 823.682861 18.700439,
				 7.539673 780.492249 -27.715469,
				 7.539673 780.492249 -27.715469,
				 -20.229370 735.978821 -27.715378,
				 -48.343109 722.378906 18.700623,
				 -20.229370 735.978821 -27.715378,
				 -33.123657 702.168518 18.700630,
				 -72.090942 701.803345 45.643227,
				 -33.123657 702.168518 18.700630,
				 -68.878784 689.686523 45.643238,
				 -216.741150 680.939209 151.012924,
				 -253.144440 724.380615 180.231796,
				 -238.186401 732.872925 180.231766,
				 -253.144440 724.380615 180.231796,
				 -163.405701 809.929077 151.012711,
				 -198.280151 803.627319 180.231644,
				 -200.942535 823.465454 180.231613,
				 -169.490479 855.266418 151.012680,
				 -200.942535 823.465454 180.231613,
				 -70.681305 680.032227 45.643250,
				 -33.123657 702.168518 18.700630,
				 -17.538025 682.382202 18.700638,
				 -80.180115 660.916870 45.643284,
				 -17.538025 682.382202 18.700638,
				 6.429260 661.783936 18.700638,
				 6.429260 661.783936 18.700638,
				 -80.180115 660.916870 45.643284,
				 6.429260 661.783936 18.700638,
				 -7.277618 582.366943 18.700745,
				 -108.262054 620.874878 45.643364,
				 -7.277618 582.366943 18.700745,
				 -28.467712 550.253174 18.700806,
				 -28.467712 550.253174 18.700806,
				 -190.610367 616.007629 86.790939,
				 -108.262054 620.874878 45.643364,
				 -181.924866 572.814331 45.643501,
				 -181.924866 572.814331 45.643501,
				 -247.682037 637.003845 121.336014,
				 -216.741150 680.939209 151.012924,
				 -190.610367 616.007629 86.790939,
				 -247.682037 637.003845 121.336014,
				 -114.545624 883.146606 86.790535,
				 -96.383545 856.730225 45.643070,
				 -116.674866 856.244080 86.790573,
				 -114.545624 883.146606 86.790535,
				 -143.687927 870.673645 121.335617,
				 -114.545624 883.146606 86.790535,
				 -116.674866 856.244080 86.790573,
				 -169.490479 855.266418 151.012680,
				 -143.687927 870.673645 121.335617,
				 -143.851776 841.018311 121.335663,
				 -87.976746 909.072327 45.642998,
				 -64.314606 866.101440 18.700470,
				 -96.383545 856.730225 45.643070,
				 -87.976746 909.072327 45.642998,
				 -64.314606 866.101440 18.700470,
				 -54.480377 870.637756 18.700455,
				 -71.582458 840.655273 18.700508,
				 -54.480377 870.637756 18.700455,
				 0.808105 848.452332 18.700424,
				 -32.675476 804.009338 -27.715439,
				 -26.541016 803.796509 -27.715454,
				 0.808105 848.452332 18.700424,
				 5.030701 830.715088 18.700439,
				 5.030701 830.715088 18.700439,
				 12.503052 823.682861 18.700439,
				 -9.070618 795.963135 -27.715469,
				 12.503052 823.682861 18.700439,
				 18.393585 822.386536 18.700432,
				 1.931244 786.483887 -27.715469,
				 18.393585 822.386536 18.700432,
				 11.392395 778.998474 -27.715469,
				 11.392395 778.998474 -27.715469,
				 24.714539 756.432190 -27.715454,
				 24.714539 756.432190 -27.715454,
				 -20.229370 735.978821 -27.715378,
				 -9.320007 724.084229 -27.715378,
				 -33.123657 702.168518 18.700630,
				 -9.320007 724.084229 -27.715378,
				 -254.952988 658.997681 151.013000,
				 -269.865356 714.780212 180.231827,
				 -253.144440 724.380615 180.231796,
				 -216.741150 680.939209 151.012924,
				 -269.865356 714.780212 180.231827,
				 -254.952988 658.997681 151.013000,
				 -169.490479 855.266418 151.012680,
				 -200.942535 823.465454 180.231613,
				 -198.357544 894.315979 180.231522,
				 -198.357544 894.315979 180.231522,
				 -33.123657 702.168518 18.700630,
				 -9.320007 724.084229 -27.715378,
				 -17.538025 682.382202 18.700638,
				 -17.538025 682.382202 18.700638,
				 7.674286 719.422302 -27.715378,
				 6.429260 661.783936 18.700638,
				 7.674286 719.422302 -27.715378,
				 6.429260 661.783936 18.700638,
				 16.307190 653.773743 18.700638,
				 -7.277618 582.366943 18.700745,
				 16.307190 653.773743 18.700638,
				 -28.467712 550.253174 18.700806,
				 -7.277618 582.366943 18.700745,
				 27.163620 601.323425 18.700684,
				 27.163620 601.323425 18.700684,
				 -108.262054 620.874878 45.643364,
				 -28.467712 550.253174 18.700806,
				 -38.191254 537.248291 18.700836,
				 -38.191254 537.248291 18.700836,
				 -181.924866 572.814331 45.643501,
				 -108.262054 620.874878 45.643364,
				 -113.617599 525.806580 18.700928,
				 -113.617599 525.806580 18.700928,
				 -254.543823 587.453247 86.791046,
				 -190.610367 616.007629 86.790939,
				 -181.924866 572.814331 45.643501,
				 -254.543823 587.453247 86.791046,
				 -254.952988 658.997681 151.013000,
				 -216.741150 680.939209 151.012924,
				 -247.682037 637.003845 121.336014,
				 -247.682037 637.003845 121.336014,
				 -190.610367 616.007629 86.790939,
				 -254.543823 587.453247 86.791046,
				 -114.545624 883.146606 86.790535,
				 -87.976746 909.072327 45.642998,
				 -96.383545 856.730225 45.643070,
				 -134.435150 915.207031 121.335556,
				 -114.545624 883.146606 86.790535,
				 -143.687927 870.673645 121.335617,
				 -134.435150 915.207031 121.335556,
				 -151.909851 923.046570 151.012573,
				 -143.687927 870.673645 121.335617,
				 -169.490479 855.266418 151.012680,
				 -151.909851 923.046570 151.012573,
				 -87.976746 909.072327 45.642998,
				 -60.319336 870.044495 18.700462,
				 -64.314606 866.101440 18.700470,
				 -60.319336 870.044495 18.700462,
				 -60.319336 870.044495 18.700462,
				 -45.603821 875.725464 18.700439,
				 0.808105 848.452332 18.700424,
				 -45.603821 875.725464 18.700439,
				 17.624023 827.102783 18.700424,
				 5.030701 830.715088 18.700439,
				 17.624023 827.102783 18.700424,
				 15.267334 826.354248 18.700432,
				 12.503052 823.682861 18.700439,
				 15.267334 826.354248 18.700432,
				 18.393585 822.386536 18.700432,
				 18.393585 822.386536 18.700432,
				 11.392395 778.998474 -27.715469,
				 1.931244 786.483887 -27.715469,
				 22.736267 740.144409 -27.715439,
				 22.736267 740.144409 -27.715439,
				 -9.320007 724.084229 -27.715378,
				 -282.538452 650.339172 151.013046,
				 -281.935486 710.991150 180.231842,
				 -269.865356 714.780212 180.231827,
				 -254.952988 658.997681 151.013000,
				 -282.538452 650.339172 151.013046,
				 -281.935486 710.991150 180.231842,
				 -169.490479 855.266418 151.012680,
				 -198.357544 894.315979 180.231522,
				 -190.665100 923.974670 180.231491,
				 -151.909851 923.046570 151.012573,
				 -190.665100 923.974670 180.231491,
				 -9.320007 724.084229 -27.715378,
				 2.738739 719.657166 -27.715378,
				 -17.538025 682.382202 18.700638,
				 2.738739 719.657166 -27.715378,
				 2.738739 719.657166 -27.715378,
				 7.674286 719.422302 -27.715378,
				 -17.538025 682.382202 18.700638,
				 7.674286 719.422302 -27.715378,
				 52.883179 697.536499 18.700546,
				 6.429260 661.783936 18.700638,
				 52.883179 697.536499 18.700546,
				 6.429260 661.783936 18.700638,
				 52.883179 697.536499 18.700546,
				 16.307190 653.773743 18.700638,
				 16.307190 653.773743 18.700638,
				 26.179718 643.064575 18.700638,
				 -7.277618 582.366943 18.700745,
				 26.179718 643.064575 18.700638,
				 26.179718 643.064575 18.700638,
				 -28.467712 550.253174 18.700806,
				 27.163620 601.323425 18.700684,
				 -9.050919 464.158203 -27.715073,
				 -9.050919 464.158203 -27.715073,
				 -38.191254 537.248291 18.700836,
				 -28.467712 550.253174 18.700806,
				 -9.050919 464.158203 -27.715073,
				 -108.262054 620.874878 45.643364,
				 -38.191254 537.248291 18.700836,
				 -113.617599 525.806580 18.700928,
				 -181.924866 572.814331 45.643501,
				 -113.617599 525.806580 18.700928,
				 -127.985626 514.458679 18.700958,
				 -127.985626 514.458679 18.700958,
				 -254.543823 587.453247 86.791046,
				 -181.924866 572.814331 45.643501,
				 -243.627365 547.663574 45.643600,
				 -243.627365 547.663574 45.643600,
				 -282.538452 650.339172 151.013046,
				 -254.952988 658.997681 151.013000,
				 -247.682037 637.003845 121.336014,
				 -282.538452 650.339172 151.013046,
				 -247.682037 637.003845 121.336014,
				 -254.543823 587.453247 86.791046,
				 -112.992188 907.760376 86.790504,
				 -87.976746 909.072327 45.642998,
				 -114.545624 883.146606 86.790535,
				 -112.992188 907.760376 86.790504,
				 -134.435150 915.207031 121.335556,
				 -112.992188 907.760376 86.790504,
				 -114.545624 883.146606 86.790535,
				 -151.909851 923.046570 151.012573,
				 -134.435150 915.207031 121.335556,
				 -143.687927 870.673645 121.335617,
				 -87.976746 909.072327 45.642998,
				 -45.603821 875.725464 18.700439,
				 -60.319336 870.044495 18.700462,
				 0.124512 859.408813 18.700409,
				 0.124512 859.408813 18.700409,
				 20.567474 827.128723 18.700424,
				 20.567474 827.128723 18.700424,
				 18.393585 822.386536 18.700432,
				 23.970093 772.189575 -27.715469,
				 11.392395 778.998474 -27.715469,
				 23.970093 772.189575 -27.715469,
				 22.505829 770.596436 -27.715469,
				 22.505829 770.596436 -27.715469,
				 24.714539 756.432190 -27.715454,
				 57.770691 723.533997 18.700500,
				 22.736267 740.144409 -27.715439,
				 57.770691 723.533997 18.700500,
				 15.255646 724.139526 -27.715408,
				 15.255646 724.139526 -27.715408,
				 -328.288208 628.478882 151.013123,
				 -301.954346 701.426025 180.231873,
				 -281.935486 710.991150 180.231842,
				 -282.538452 650.339172 151.013046,
				 -328.288208 628.478882 151.013123,
				 -301.954346 701.426025 180.231873,
				 -151.909851 923.046570 151.012573,
				 -190.665100 923.974670 180.231491,
				 -181.884064 961.279175 180.231430,
				 -181.884064 961.279175 180.231430,
				 -9.320007 724.084229 -27.715378,
				 15.255646 724.139526 -27.715408,
				 2.738739 719.657166 -27.715378,
				 2.738739 719.657166 -27.715378,
				 15.255646 724.139526 -27.715408,
				 7.674286 719.422302 -27.715378,
				 7.674286 719.422302 -27.715378,
				 15.255646 724.139526 -27.715408,
				 52.883179 697.536499 18.700546,
				 16.307190 653.773743 18.700638,
				 52.883179 697.536499 18.700546,
				 57.143677 691.051025 18.700546,
				 57.143677 691.051025 18.700546,
				 16.307190 653.773743 18.700638,
				 38.968567 641.660583 18.700623,
				 26.179718 643.064575 18.700638,
				 38.968567 641.660583 18.700623,
				 32.337494 638.914490 18.700638,
				 32.337494 638.914490 18.700638,
				 27.163620 601.323425 18.700684,
				 126.710266 481.759827 -27.715240,
				 -9.050919 464.158203 -27.715073,
				 126.710266 481.759827 -27.715240,
				 -87.156906 508.604370 18.700920,
				 -38.191254 537.248291 18.700836,
				 -9.050919 464.158203 -27.715073,
				 -87.156906 508.604370 18.700920,
				 -113.617599 525.806580 18.700928,
				 -38.191254 537.248291 18.700836,
				 -103.896591 516.184082 18.700928,
				 -103.896591 516.184082 18.700928,
				 -127.985626 514.458679 18.700958,
				 -181.924866 572.814331 45.643501,
				 -127.985626 514.458679 18.700958,
				 -166.691818 478.264404 18.701050,
				 -166.691818 478.264404 18.701050,
				 -243.627365 547.663574 45.643600,
				 -181.924866 572.814331 45.643501,
				 -166.691818 478.264404 18.701050,
				 -320.175171 556.036865 86.791153,
				 -254.543823 587.453247 86.791046,
				 -243.627365 547.663574 45.643600,
				 -320.175171 556.036865 86.791153,
				 -328.288208 628.478882 151.013123,
				 -282.538452 650.339172 151.013046,
				 -254.543823 587.453247 86.791046,
				 -96.721924 945.772705 86.790436,
				 -87.976746 909.072327 45.642998,
				 -112.992188 907.760376 86.790504,
				 -96.721924 945.772705 86.790436,
				 -134.435150 915.207031 121.335556,
				 -96.721924 945.772705 86.790436,
				 -112.992188 907.760376 86.790504,
				 -122.065643 978.372742 151.012466,
				 -134.435150 915.207031 121.335556,
				 -151.909851 923.046570 151.012573,
				 -122.065643 978.372742 151.012466,
				 -77.519470 932.404968 45.642960,
				 -45.603821 875.725464 18.700439,
				 -87.976746 909.072327 45.642998,
				 -77.519470 932.404968 45.642960,
				 -3.866455 872.155884 18.700394,
				 -3.866455 872.155884 18.700394,
				 0.124512 859.408813 18.700409,
				 40.920532 868.194214 45.642906,
				 0.808105 848.452332 18.700424,
				 40.920532 868.194214 45.642906,
				 0.808105 848.452332 18.700424,
				 40.920532 868.194214 45.642906,
				 20.567474 827.128723 18.700424,
				 18.393585 822.386536 18.700432,
				 30.899231 826.728943 18.700409,
				 23.970093 772.189575 -27.715469,
				 30.899231 826.728943 18.700409,
				 23.970093 772.189575 -27.715469,
				 24.714539 756.432190 -27.715454,
				 76.670166 740.987793 18.700462,
				 57.770691 723.533997 18.700500,
				 76.670166 740.987793 18.700462,
				 22.736267 740.144409 -27.715439,
				 57.770691 723.533997 18.700500,
				 53.987885 715.903625 18.700516,
				 53.987885 715.903625 18.700516,
				 22.736267 740.144409 -27.715439,
				 53.987885 715.903625 18.700516,
				 15.255646 724.139526 -27.715408,
				 -328.288208 628.478882 151.013123,
				 -403.978638 636.886902 180.232071,
				 -301.954346 701.426025 180.231873,
				 -403.978638 636.886902 180.232071,
				 -151.909851 923.046570 151.012573,
				 -181.884064 961.279175 180.231430,
				 -168.824219 985.488892 180.231400,
				 -122.065643 978.372742 151.012466,
				 -168.824219 985.488892 180.231400,
				 15.255646 724.139526 -27.715408,
				 52.629211 707.655945 18.700531,
				 52.883179 697.536499 18.700546,
				 52.629211 707.655945 18.700531,
				 52.629211 707.655945 18.700531,
				 57.143677 691.051025 18.700546,
				 52.883179 697.536499 18.700546,
				 16.307190 653.773743 18.700638,
				 57.143677 691.051025 18.700546,
				 55.208649 654.040833 18.700592,
				 55.208649 654.040833 18.700592,
				 16.307190 653.773743 18.700638,
				 48.090744 646.318909 18.700607,
				 38.968567 641.660583 18.700623,
				 48.090744 646.318909 18.700607,
				 26.179718 643.064575 18.700638,
				 38.968567 641.660583 18.700623,
				 32.337494 638.914490 18.700638,
				 32.337494 638.914490 18.700638,
				 54.071045 622.058899 18.700630,
				 27.163620 601.323425 18.700684,
				 54.071045 622.058899 18.700630,
				 27.163620 601.323425 18.700684,
				 72.108948 608.590576 18.700623,
				 126.710266 481.759827 -27.715240,
				 72.108948 608.590576 18.700623,
				 -9.050919 464.158203 -27.715073,
				 126.710266 481.759827 -27.715240,
				 57.071594 429.732544 -67.528702,
				 57.071594 429.732544 -67.528702,
				 -87.156906 508.604370 18.700920,
				 -87.156906 508.604370 18.700920,
				 -9.050919 464.158203 -27.715073,
				 -39.564270 417.476379 -67.528580,
				 -39.564270 417.476379 -67.528580,
				 -166.691818 478.264404 18.701050,
				 -243.627365 547.663574 45.643600,
				 -166.691818 478.264404 18.701050,
				 -183.498550 467.328674 18.701080,
				 -183.498550 467.328674 18.701080,
				 -328.288208 628.478882 151.013123,
				 -254.543823 587.453247 86.791046,
				 -320.175171 556.036865 86.791153,
				 -320.175171 556.036865 86.791153,
				 -243.627365 547.663574 45.643600,
				 -308.282562 529.153809 45.643696,
				 -308.282562 529.153809 45.643696,
				 -96.721924 945.772705 86.790436,
				 -77.519470 932.404968 45.642960,
				 -87.976746 909.072327 45.642998,
				 -122.065643 978.372742 151.012466,
				 -96.721924 945.772705 86.790436,
				 -134.435150 915.207031 121.335556,
				 -77.519470 932.404968 45.642960,
				 -26.895996 887.387390 18.700409,
				 -45.603821 875.725464 18.700439,
				 -26.895996 887.387390 18.700409,
				 -26.895996 887.387390 18.700409,
				 -3.866455 872.155884 18.700394,
				 40.920532 868.194214 45.642906,
				 0.124512 859.408813 18.700409,
				 40.920532 868.194214 45.642906,
				 30.899231 826.728943 18.700409,
				 20.567474 827.128723 18.700424,
				 30.899231 826.728943 18.700409,
				 30.899231 826.728943 18.700409,
				 56.543060 815.213074 18.700394,
				 23.970093 772.189575 -27.715469,
				 56.543060 815.213074 18.700394,
				 23.970093 772.189575 -27.715469,
				 77.434570 763.802795 18.700439,
				 24.714539 756.432190 -27.715454,
				 77.434570 763.802795 18.700439,
				 24.714539 756.432190 -27.715454,
				 77.434570 763.802795 18.700439,
				 76.670166 740.987793 18.700462,
				 57.770691 723.533997 18.700500,
				 76.670166 740.987793 18.700462,
				 93.282959 719.866333 45.643021,
				 93.282959 719.866333 45.643021,
				 57.770691 723.533997 18.700500,
				 85.775986 703.156250 45.643051,
				 53.987885 715.903625 18.700516,
				 85.775986 703.156250 45.643051,
				 15.255646 724.139526 -27.715408,
				 53.987885 715.903625 18.700516,
				 52.629211 707.655945 18.700531,
				 -382.900085 603.108765 151.013199,
				 -427.874695 625.785522 180.232101,
				 -403.978638 636.886902 180.232071,
				 -328.288208 628.478882 151.013123,
				 -382.900085 603.108765 151.013199,
				 -427.874695 625.785522 180.232101,
				 -122.065643 978.372742 151.012466,
				 -168.824219 985.488892 180.231400,
				 -158.099762 1010.598328 180.231339,
				 -158.099762 1010.598328 180.231339,
				 52.629211 707.655945 18.700531,
				 85.775986 703.156250 45.643051,
				 57.143677 691.051025 18.700546,
				 65.730820 671.599182 18.700562,
				 55.208649 654.040833 18.700592,
				 65.730820 671.599182 18.700562,
				 16.307190 653.773743 18.700638,
				 55.208649 654.040833 18.700592,
				 48.090744 646.318909 18.700607,
				 38.968567 641.660583 18.700623,
				 48.090744 646.318909 18.700607,
				 54.071045 622.058899 18.700630,
				 32.337494 638.914490 18.700638,
				 38.968567 641.660583 18.700623,
				 54.071045 622.058899 18.700630,
				 27.163620 601.323425 18.700684,
				 54.071045 622.058899 18.700630,
				 63.487427 617.169434 18.700623,
				 63.487427 617.169434 18.700623,
				 63.487427 617.169434 18.700623,
				 72.108948 608.590576 18.700623,
				 72.108948 608.590576 18.700623,
				 101.680557 602.284668 18.700600,
				 126.710266 481.759827 -27.715240,
				 101.680557 602.284668 18.700600,
				 57.071594 429.732544 -67.528702,
				 126.710266 481.759827 -27.715240,
				 84.050278 398.138550 -108.476181,
				 84.050278 398.138550 -108.476181,
				 -9.050919 464.158203 -27.715073,
				 57.071594 429.732544 -67.528702,
				 12.909729 433.657654 -67.528656,
				 12.909729 433.657654 -67.528656,
				 -39.564270 417.476379 -67.528580,
				 -9.050919 464.158203 -27.715073,
				 12.909729 433.657654 -67.528656,
				 -87.156906 508.604370 18.700920,
				 -39.564270 417.476379 -67.528580,
				 -76.822372 390.389954 -67.528503,
				 -76.822372 390.389954 -67.528503,
				 -166.691818 478.264404 18.701050,
				 -87.156906 508.604370 18.700920,
				 -76.822372 390.389954 -67.528503,
				 -183.498550 467.328674 18.701080,
				 -166.691818 478.264404 18.701050,
				 -76.822372 390.389954 -67.528503,
				 -243.627365 547.663574 45.643600,
				 -183.498550 467.328674 18.701080,
				 -213.468048 459.499939 18.701118,
				 -213.468048 459.499939 18.701118,
				 -328.288208 628.478882 151.013123,
				 -320.175171 556.036865 86.791153,
				 -352.827026 585.834351 121.336197,
				 -352.827026 585.834351 121.336197,
				 -308.282562 529.153809 45.643696,
				 -243.627365 547.663574 45.643600,
				 -213.468048 459.499939 18.701118,
				 -320.175171 556.036865 86.791153,
				 -308.282562 529.153809 45.643696,
				 -341.953430 517.554688 45.643745,
				 -341.953430 517.554688 45.643745,
				 -96.721924 945.772705 86.790436,
				 -80.548035 971.763184 86.790390,
				 -77.519470 932.404968 45.642960,
				 -80.548035 971.763184 86.790390,
				 -122.065643 978.372742 151.012466,
				 -100.435913 971.923279 121.335464,
				 -96.721924 945.772705 86.790436,
				 -100.435913 971.923279 121.335464,
				 -77.519470 932.404968 45.642960,
				 -28.282654 965.510864 45.642868,
				 -26.895996 887.387390 18.700409,
				 -28.282654 965.510864 45.642868,
				 -11.776123 883.487854 18.700394,
				 -11.776123 883.487854 18.700394,
				 19.694519 918.137207 45.642868,
				 40.920532 868.194214 45.642906,
				 -3.866455 872.155884 18.700394,
				 19.694519 918.137207 45.642868,
				 40.920532 868.194214 45.642906,
				 49.389038 825.508179 18.700394,
				 30.899231 826.728943 18.700409,
				 49.389038 825.508179 18.700394,
				 49.389038 825.508179 18.700394,
				 56.543060 815.213074 18.700394,
				 23.970093 772.189575 -27.715469,
				 56.543060 815.213074 18.700394,
				 66.162750 804.212280 18.700401,
				 66.162750 804.212280 18.700401,
				 23.970093 772.189575 -27.715469,
				 71.266083 785.851196 18.700417,
				 77.434570 763.802795 18.700439,
				 71.266083 785.851196 18.700417,
				 77.434570 763.802795 18.700439,
				 80.610626 750.896851 18.700447,
				 76.670166 740.987793 18.700462,
				 80.610626 750.896851 18.700447,
				 76.670166 740.987793 18.700462,
				 106.485168 743.428345 45.642979,
				 93.282959 719.866333 45.643021,
				 106.485168 743.428345 45.642979,
				 57.770691 723.533997 18.700500,
				 93.282959 719.866333 45.643021,
				 85.775986 703.156250 45.643051,
				 53.987885 715.903625 18.700516,
				 85.775986 703.156250 45.643051,
				 52.629211 707.655945 18.700531,
				 -414.028076 598.676880 151.013260,
				 -441.495422 623.846069 180.232132,
				 -427.874695 625.785522 180.232101,
				 -382.900085 603.108765 151.013199,
				 -441.495422 623.846069 180.232132,
				 -414.028076 598.676880 151.013260,
				 -382.900085 603.108765 151.013199,
				 -328.288208 628.478882 151.013123,
				 -352.827026 585.834351 121.336197,
				 -122.065643 978.372742 151.012466,
				 -158.099762 1010.598328 180.231339,
				 -149.716064 1027.752197 180.231323,
				 -102.907379 1017.572937 151.012405,
				 -149.716064 1027.752197 180.231323,
				 -102.907379 1017.572937 151.012405,
				 57.143677 691.051025 18.700546,
				 85.775986 703.156250 45.643051,
				 68.414063 685.423828 18.700539,
				 68.414063 685.423828 18.700539,
				 61.865814 687.212158 18.700546,
				 61.865814 687.212158 18.700546,
				 48.090744 646.318909 18.700607,
				 55.208649 654.040833 18.700592,
				 54.071045 622.058899 18.700630,
				 55.208649 654.040833 18.700592,
				 63.487427 617.169434 18.700623,
				 54.071045 622.058899 18.700630,
				 101.680557 602.284668 18.700600,
				 101.680557 602.284668 18.700600,
				 129.531036 594.078369 18.700577,
				 126.710266 481.759827 -27.715240,
				 129.531036 594.078369 18.700577,
				 126.710266 481.759827 -27.715240,
				 96.919434 394.525635 -108.476212,
				 84.050278 398.138550 -108.476181,
				 96.919434 394.525635 -108.476212,
				 57.071594 429.732544 -67.528702,
				 84.050278 398.138550 -108.476181,
				 72.137909 397.534668 -108.476151,
				 72.137909 397.534668 -108.476151,
				 12.909729 433.657654 -67.528656,
				 57.071594 429.732544 -67.528702,
				 38.023712 370.198364 -148.489761,
				 38.023712 370.198364 -148.489761,
				 -39.564270 417.476379 -67.528580,
				 12.909729 433.657654 -67.528656,
				 -3.182907 382.679749 -108.476089,
				 -3.182907 382.679749 -108.476089,
				 -76.822372 390.389954 -67.528503,
				 -39.564270 417.476379 -67.528580,
				 -57.119751 363.265137 -108.475967,
				 -57.119751 363.265137 -108.475967,
				 -183.498550 467.328674 18.701080,
				 -76.822372 390.389954 -67.528503,
				 -118.822304 341.539612 -67.528397,
				 -118.822304 341.539612 -67.528397,
				 -213.468048 459.499939 18.701118,
				 -183.498550 467.328674 18.701080,
				 -118.822304 341.539612 -67.528397,
				 -371.271271 576.042358 121.336227,
				 -352.827026 585.834351 121.336197,
				 -320.175171 556.036865 86.791153,
				 -371.271271 576.042358 121.336227,
				 -308.282562 529.153809 45.643696,
				 -213.468048 459.499939 18.701118,
				 -305.586945 440.881775 18.701248,
				 -305.586945 440.881775 18.701248,
				 -341.953430 517.554688 45.643745,
				 -308.282562 529.153809 45.643696,
				 -305.586945 440.881775 18.701248,
				 -373.535553 539.871277 86.791229,
				 -320.175171 556.036865 86.791153,
				 -341.953430 517.554688 45.643745,
				 -373.535553 539.871277 86.791229,
				 -100.435913 971.923279 121.335464,
				 -80.548035 971.763184 86.790390,
				 -96.721924 945.772705 86.790436,
				 -80.548035 971.763184 86.790390,
				 -57.307068 962.645691 45.642902,
				 -77.519470 932.404968 45.642960,
				 -57.307068 962.645691 45.642902,
				 -102.907379 1017.572937 151.012405,
				 -100.435913 971.923279 121.335464,
				 -122.065643 978.372742 151.012466,
				 -77.519470 932.404968 45.642960,
				 -57.307068 962.645691 45.642902,
				 -28.282654 965.510864 45.642868,
				 -28.282654 965.510864 45.642868,
				 -5.872131 953.324463 45.642857,
				 -26.895996 887.387390 18.700409,
				 -5.872131 953.324463 45.642857,
				 -16.409973 889.369385 18.700394,
				 -16.409973 889.369385 18.700394,
				 -11.776123 883.487854 18.700394,
				 19.694519 918.137207 45.642868,
				 -3.866455 872.155884 18.700394,
				 19.694519 918.137207 45.642868,
				 48.703827 900.022400 86.790329,
				 40.920532 868.194214 45.642906,
				 48.703827 900.022400 86.790329,
				 40.920532 868.194214 45.642906,
				 72.058411 831.473450 45.642914,
				 49.389038 825.508179 18.700394,
				 72.058411 831.473450 45.642914,
				 55.217285 820.780396 18.700394,
				 55.217285 820.780396 18.700394,
				 58.223999 815.919861 18.700394,
				 66.162750 804.212280 18.700401,
				 58.223999 815.919861 18.700394,
				 23.970093 772.189575 -27.715469,
				 66.162750 804.212280 18.700401,
				 70.612549 794.576294 18.700409,
				 70.612549 794.576294 18.700409,
				 23.970093 772.189575 -27.715469,
				 70.612549 794.576294 18.700409,
				 71.266083 785.851196 18.700417,
				 71.266083 785.851196 18.700417,
				 95.123199 805.007813 45.642921,
				 77.434570 763.802795 18.700439,
				 95.123199 805.007813 45.642921,
				 77.434570 763.802795 18.700439,
				 104.003662 757.533447 45.642967,
				 80.610626 750.896851 18.700447,
				 104.003662 757.533447 45.642967,
				 80.610626 750.896851 18.700447,
				 106.485168 743.428345 45.642979,
				 76.670166 740.987793 18.700462,
				 106.485168 743.428345 45.642979,
				 120.544678 725.919373 86.790459,
				 93.282959 719.866333 45.643021,
				 120.544678 725.919373 86.790459,
				 93.282959 719.866333 45.643021,
				 95.032471 701.839844 45.643044,
				 85.775986 703.156250 45.643051,
				 95.032471 701.839844 45.643044,
				 -471.060059 568.626465 121.336349,
				 -465.148010 622.596558 180.232147,
				 -441.495422 623.846069 180.232132,
				 -414.028076 598.676880 151.013260,
				 -471.060059 568.626465 121.336349,
				 -465.148010 622.596558 180.232147,
				 -414.028076 598.676880 151.013260,
				 -382.900085 603.108765 151.013199,
				 -399.690369 598.529175 151.013229,
				 -399.690369 598.529175 151.013229,
				 -382.900085 603.108765 151.013199,
				 -352.827026 585.834351 121.336197,
				 -371.271271 576.042358 121.336227,
				 -102.907379 1017.572937 151.012405,
				 -149.716064 1027.752197 180.231323,
				 -140.671051 1039.402588 180.231293,
				 -82.235840 1044.199951 151.012344,
				 -140.671051 1039.402588 180.231293,
				 -82.235840 1044.199951 151.012344,
				 68.414063 685.423828 18.700539,
				 85.775986 703.156250 45.643051,
				 87.048523 698.943970 45.643055,
				 87.048523 698.943970 45.643055,
				 68.414063 685.423828 18.700539,
				 61.865814 687.212158 18.700546,
				 68.491180 678.801025 18.700546,
				 65.730820 671.599182 18.700562,
				 68.491180 678.801025 18.700546,
				 101.680557 602.284668 18.700600,
				 171.146484 645.063660 45.643024,
				 129.531036 594.078369 18.700577,
				 171.146484 645.063660 45.643024,
				 129.531036 594.078369 18.700577,
				 154.319855 577.703796 18.700569,
				 126.710266 481.759827 -27.715240,
				 154.319855 577.703796 18.700569,
				 126.710266 481.759827 -27.715240,
				 161.527069 417.886292 -67.528793,
				 96.919434 394.525635 -108.476212,
				 161.527069 417.886292 -67.528793,
				 67.531219 385.972351 -148.489822,
				 84.050278 398.138550 -108.476181,
				 96.919434 394.525635 -108.476212,
				 67.531219 385.972351 -148.489822,
				 72.137909 397.534668 -108.476151,
				 84.050278 398.138550 -108.476181,
				 67.531219 385.972351 -148.489822,
				 57.071594 429.732544 -67.528702,
				 72.137909 397.534668 -108.476151,
				 67.531219 385.972351 -148.489822,
				 57.071594 429.732544 -67.528702,
				 67.531219 385.972351 -148.489822,
				 38.023712 370.198364 -148.489761,
				 12.909729 433.657654 -67.528656,
				 38.023712 370.198364 -148.489761,
				 -3.182907 382.679749 -108.476089,
				 -39.564270 417.476379 -67.528580,
				 -3.182907 382.679749 -108.476089,
				 -57.119751 363.265137 -108.475967,
				 -76.822372 390.389954 -67.528503,
				 -57.119751 363.265137 -108.475967,
				 -70.755119 336.489868 -108.475937,
				 -70.755119 336.489868 -108.475937,
				 -118.822304 341.539612 -67.528397,
				 -76.822372 390.389954 -67.528503,
				 -70.755119 336.489868 -108.475937,
				 -282.983826 351.738831 -27.714630,
				 -213.468048 459.499939 18.701118,
				 -118.822304 341.539612 -67.528397,
				 -282.983826 351.738831 -27.714630,
				 -371.271271 576.042358 121.336227,
				 -320.175171 556.036865 86.791153,
				 -373.535553 539.871277 86.791229,
				 -305.586945 440.881775 18.701248,
				 -213.468048 459.499939 18.701118,
				 -282.983826 351.738831 -27.714630,
				 -341.953430 517.554688 45.643745,
				 -305.586945 440.881775 18.701248,
				 -343.471802 444.603455 18.701279,
				 -343.471802 444.603455 18.701279,
				 -373.535553 539.871277 86.791229,
				 -341.953430 517.554688 45.643745,
				 -379.947754 508.809875 45.643799,
				 -379.947754 508.809875 45.643799,
				 -100.435913 971.923279 121.335464,
				 -66.980103 986.698975 86.790359,
				 -80.548035 971.763184 86.790390,
				 -66.980103 986.698975 86.790359,
				 -80.548035 971.763184 86.790390,
				 -66.980103 986.698975 86.790359,
				 -57.307068 962.645691 45.642902,
				 -102.907379 1017.572937 151.012405,
				 -66.980103 986.698975 86.790359,
				 -100.435913 971.923279 121.335464,
				 -51.217773 989.623230 86.790337,
				 -28.282654 965.510864 45.642868,
				 -57.307068 962.645691 45.642902,
				 -51.217773 989.623230 86.790337,
				 -28.282654 965.510864 45.642868,
				 -1.015686 979.484863 86.790298,
				 -5.872131 953.324463 45.642857,
				 -1.015686 979.484863 86.790298,
				 -5.872131 953.324463 45.642857,
				 -16.409973 889.369385 18.700394,
				 -26.895996 887.387390 18.700409,
				 -16.409973 889.369385 18.700394,
				 19.694519 918.137207 45.642868,
				 -11.776123 883.487854 18.700394,
				 25.534546 945.777100 86.790306,
				 48.703827 900.022400 86.790329,
				 19.694519 918.137207 45.642868,
				 25.534546 945.777100 86.790306,
				 48.703827 900.022400 86.790329,
				 81.068359 886.585938 121.335358,
				 40.920532 868.194214 45.642906,
				 81.068359 886.585938 121.335358,
				 40.920532 868.194214 45.642906,
				 89.094727 854.843323 86.790344,
				 72.058411 831.473450 45.642914,
				 89.094727 854.843323 86.790344,
				 49.389038 825.508179 18.700394,
				 72.058411 831.473450 45.642914,
				 55.217285 820.780396 18.700394,
				 58.223999 815.919861 18.700394,
				 72.058411 831.473450 45.642914,
				 66.162750 804.212280 18.700401,
				 69.399719 800.102417 18.700401,
				 70.612549 794.576294 18.700409,
				 69.399719 800.102417 18.700401,
				 70.612549 794.576294 18.700409,
				 95.123199 805.007813 45.642921,
				 71.266083 785.851196 18.700417,
				 95.123199 805.007813 45.642921,
				 104.003662 757.533447 45.642967,
				 77.434570 763.802795 18.700439,
				 80.610626 750.896851 18.700447,
				 104.003662 757.533447 45.642967,
				 106.485168 743.428345 45.642979,
				 106.485168 743.428345 45.642979,
				 123.392975 739.678589 86.790436,
				 120.544678 725.919373 86.790459,
				 123.392975 739.678589 86.790436,
				 93.282959 719.866333 45.643021,
				 120.544678 725.919373 86.790459,
				 115.246552 705.292847 45.643013,
				 115.246552 705.292847 45.643013,
				 108.444229 703.269531 45.643024,
				 108.444229 703.269531 45.643024,
				 87.048523 698.943970 45.643055,
				 -471.060059 568.626465 121.336349,
				 -507.932068 600.443726 180.232224,
				 -465.148010 622.596558 180.232147,
				 -507.932068 600.443726 180.232224,
				 -471.060059 568.626465 121.336349,
				 -414.028076 598.676880 151.013260,
				 -433.842224 565.717896 121.336319,
				 -433.842224 565.717896 121.336319,
				 -399.690369 598.529175 151.013229,
				 -382.900085 603.108765 151.013199,
				 -390.743164 579.863647 121.336243,
				 -390.743164 579.863647 121.336243,
				 -406.865051 596.761353 151.013245,
				 -406.865051 596.761353 151.013245,
				 -382.900085 603.108765 151.013199,
				 -371.271271 576.042358 121.336227,
				 -390.743164 579.863647 121.336243,
				 -82.235840 1044.199951 151.012344,
				 -140.671051 1039.402588 180.231293,
				 -76.925964 1082.183105 180.231171,
				 -76.925964 1082.183105 180.231171,
				 -102.907379 1017.572937 151.012405,
				 -82.235840 1044.199951 151.012344,
				 -67.597565 1015.110291 121.335373,
				 -67.597565 1015.110291 121.335373,
				 68.414063 685.423828 18.700539,
				 87.048523 698.943970 45.643055,
				 71.860367 683.240112 18.700539,
				 71.860367 683.240112 18.700539,
				 61.865814 687.212158 18.700546,
				 68.414063 685.423828 18.700539,
				 68.491180 678.801025 18.700546,
				 68.491180 678.801025 18.700546,
				 71.860367 683.240112 18.700539,
				 65.730820 671.599182 18.700562,
				 65.730820 671.599182 18.700562,
				 135.942566 687.064819 45.643013,
				 101.680557 602.284668 18.700600,
				 135.942566 687.064819 45.643013,
				 135.942566 687.064819 45.643013,
				 171.146484 645.063660 45.643024,
				 101.680557 602.284668 18.700600,
				 129.531036 594.078369 18.700577,
				 171.146484 645.063660 45.643024,
				 144.780853 587.285339 18.700569,
				 144.780853 587.285339 18.700569,
				 129.531036 594.078369 18.700577,
				 144.780853 587.285339 18.700569,
				 154.319855 577.703796 18.700569,
				 154.319855 577.703796 18.700569,
				 173.653168 528.109009 18.700607,
				 126.710266 481.759827 -27.715240,
				 173.653168 528.109009 18.700607,
				 126.710266 481.759827 -27.715240,
				 181.674042 459.952332 -27.715286,
				 161.527069 417.886292 -67.528793,
				 181.674042 459.952332 -27.715286,
				 96.919434 394.525635 -108.476212,
				 161.527069 417.886292 -67.528793,
				 113.528702 386.295959 -108.476212,
				 113.528702 386.295959 -108.476212,
				 67.531219 385.972351 -148.489822,
				 96.919434 394.525635 -108.476212,
				 112.969864 358.416992 -148.489822,
				 112.969864 358.416992 -148.489822,
				 38.023712 370.198364 -148.489761,
				 67.531219 385.972351 -148.489822,
				 60.364410 318.234619 -180.234116,
				 60.364410 318.234619 -180.234116,
				 -3.182907 382.679749 -108.476089,
				 38.023712 370.198364 -148.489761,
				 -2.602676 344.107178 -148.489700,
				 -2.602676 344.107178 -148.489700,
				 -57.119751 363.265137 -108.475967,
				 -3.182907 382.679749 -108.476089,
				 -19.213638 336.141907 -148.489670,
				 -19.213638 336.141907 -148.489670,
				 -57.119751 363.265137 -108.475967,
				 -32.700371 326.704529 -148.489639,
				 -70.755119 336.489868 -108.475937,
				 -32.700371 326.704529 -148.489639,
				 -118.822304 341.539612 -67.528397,
				 -70.755119 336.489868 -108.475937,
				 -75.420052 309.834167 -108.475906,
				 -75.420052 309.834167 -108.475906,
				 -282.983826 351.738831 -27.714630,
				 -118.822304 341.539612 -67.528397,
				 -124.652809 296.313843 -67.528336,
				 -124.652809 296.313843 -67.528336,
				 -390.743164 579.863647 121.336243,
				 -371.271271 576.042358 121.336227,
				 -373.535553 539.871277 86.791229,
				 -305.586945 440.881775 18.701248,
				 -282.983826 351.738831 -27.714630,
				 -340.067200 346.934021 -27.714554,
				 -340.067200 346.934021 -27.714554,
				 -343.471802 444.603455 18.701279,
				 -305.586945 440.881775 18.701248,
				 -340.067200 346.934021 -27.714554,
				 -379.947754 508.809875 45.643799,
				 -341.953430 517.554688 45.643745,
				 -343.471802 444.603455 18.701279,
				 -398.344604 522.538208 45.643803,
				 -373.535553 539.871277 86.791229,
				 -379.947754 508.809875 45.643799,
				 -398.344604 522.538208 45.643803,
				 -66.980103 986.698975 86.790359,
				 -51.217773 989.623230 86.790337,
				 -57.307068 962.645691 45.642902,
				 -102.907379 1017.572937 151.012405,
				 -67.597565 1015.110291 121.335373,
				 -66.980103 986.698975 86.790359,
				 -51.217773 989.623230 86.790337,
				 -25.049927 986.711487 86.790314,
				 -28.282654 965.510864 45.642868,
				 -25.049927 986.711487 86.790314,
				 -28.282654 965.510864 45.642868,
				 -5.501526 983.489807 86.790298,
				 -1.015686 979.484863 86.790298,
				 -5.501526 983.489807 86.790298,
				 -1.015686 979.484863 86.790298,
				 28.840546 967.488831 121.335312,
				 -5.872131 953.324463 45.642857,
				 28.840546 967.488831 121.335312,
				 -5.872131 953.324463 45.642857,
				 7.434814 939.161865 45.642857,
				 -16.409973 889.369385 18.700394,
				 7.434814 939.161865 45.642857,
				 7.434814 939.161865 45.642857,
				 19.694519 918.137207 45.642868,
				 -16.409973 889.369385 18.700394,
				 25.534546 945.777100 86.790306,
				 101.429138 928.369751 151.012283,
				 48.703827 900.022400 86.790329,
				 101.429138 928.369751 151.012283,
				 7.434814 939.161865 45.642857,
				 25.534546 945.777100 86.790306,
				 19.694519 918.137207 45.642868,
				 48.703827 900.022400 86.790329,
				 76.078827 896.024109 121.335342,
				 81.068359 886.585938 121.335358,
				 76.078827 896.024109 121.335342,
				 40.920532 868.194214 45.642906,
				 81.068359 886.585938 121.335358,
				 89.094727 854.843323 86.790344,
				 72.058411 831.473450 45.642914,
				 89.094727 854.843323 86.790344,
				 107.036194 850.517212 86.790329,
				 107.036194 850.517212 86.790329,
				 55.217285 820.780396 18.700394,
				 72.058411 831.473450 45.642914,
				 58.223999 815.919861 18.700394,
				 72.058411 831.473450 45.642914,
				 95.123199 805.007813 45.642921,
				 66.162750 804.212280 18.700401,
				 66.162750 804.212280 18.700401,
				 95.123199 805.007813 45.642921,
				 69.399719 800.102417 18.700401,
				 69.399719 800.102417 18.700401,
				 95.123199 805.007813 45.642921,
				 70.612549 794.576294 18.700409,
				 95.123199 805.007813 45.642921,
				 120.873169 766.369019 86.790413,
				 104.003662 757.533447 45.642967,
				 120.873169 766.369019 86.790413,
				 104.003662 757.533447 45.642967,
				 126.145294 750.822266 86.790421,
				 106.485168 743.428345 45.642979,
				 126.145294 750.822266 86.790421,
				 106.485168 743.428345 45.642979,
				 126.145294 750.822266 86.790421,
				 123.392975 739.678589 86.790436,
				 123.392975 739.678589 86.790436,
				 126.827728 717.943115 86.790466,
				 120.544678 725.919373 86.790459,
				 126.827728 717.943115 86.790466,
				 120.544678 725.919373 86.790459,
				 126.827728 717.943115 86.790466,
				 115.246552 705.292847 45.643013,
				 115.246552 705.292847 45.643013,
				 120.528351 698.587463 45.643017,
				 120.528351 698.587463 45.643017,
				 71.860367 683.240112 18.700539,
				 87.048523 698.943970 45.643055,
				 95.032471 701.839844 45.643044,
				 -502.435242 572.437683 151.013382,
				 -513.531799 595.096313 180.232239,
				 -507.932068 600.443726 180.232224,
				 -471.060059 568.626465 121.336349,
				 -502.435242 572.437683 151.013382,
				 -513.531799 595.096313 180.232239,
				 -433.842224 565.717896 121.336319,
				 -414.028076 598.676880 151.013260,
				 -406.865051 596.761353 151.013245,
				 -471.060059 568.626465 121.336349,
				 -433.842224 565.717896 121.336319,
				 -443.247681 547.934937 86.791298,
				 -443.247681 547.934937 86.791298,
				 -406.865051 596.761353 151.013245,
				 -399.690369 598.529175 151.013229,
				 -390.743164 579.863647 121.336243,
				 -82.235840 1044.199951 151.012344,
				 -76.925964 1082.183105 180.231171,
				 -66.592072 1093.047119 180.231155,
				 -58.621216 1069.023926 151.012299,
				 -66.592072 1093.047119 180.231155,
				 -58.621216 1069.023926 151.012299,
				 -82.235840 1044.199951 151.012344,
				 -59.885406 1024.436768 121.335342,
				 -67.597565 1015.110291 121.335373,
				 -59.885406 1024.436768 121.335342,
				 68.414063 685.423828 18.700539,
				 71.860367 683.240112 18.700539,
				 68.491180 678.801025 18.700546,
				 71.860367 683.240112 18.700539,
				 135.942566 687.064819 45.643013,
				 65.730820 671.599182 18.700562,
				 135.942566 687.064819 45.643013,
				 155.221710 690.554443 86.790466,
				 171.146484 645.063660 45.643024,
				 155.221710 690.554443 86.790466,
				 171.146484 645.063660 45.643024,
				 204.051514 611.398315 45.643028,
				 144.780853 587.285339 18.700569,
				 204.051514 611.398315 45.643028,
				 160.710205 574.670288 18.700562,
				 160.710205 574.670288 18.700562,
				 170.300690 565.042114 18.700569,
				 173.653168 528.109009 18.700607,
				 170.300690 565.042114 18.700569,
				 126.710266 481.759827 -27.715240,
				 173.653168 528.109009 18.700607,
				 181.674042 459.952332 -27.715286,
				 181.674042 459.952332 -27.715286,
				 222.696320 428.695007 -27.715286,
				 161.527069 417.886292 -67.528793,
				 222.696320 428.695007 -27.715286,
				 113.528702 386.295959 -108.476212,
				 161.527069 417.886292 -67.528793,
				 159.865326 373.525818 -108.476242,
				 159.865326 373.525818 -108.476242,
				 96.919434 394.525635 -108.476212,
				 113.528702 386.295959 -108.476212,
				 112.969864 358.416992 -148.489822,
				 67.531219 385.972351 -148.489822,
				 112.969864 358.416992 -148.489822,
				 60.364410 318.234619 -180.234116,
				 38.023712 370.198364 -148.489761,
				 60.364410 318.234619 -180.234116,
				 28.307587 308.955597 -180.234085,
				 28.307587 308.955597 -180.234085,
				 -2.602676 344.107178 -148.489700,
				 38.023712 370.198364 -148.489761,
				 28.307587 308.955597 -180.234085,
				 -3.182907 382.679749 -108.476089,
				 -2.602676 344.107178 -148.489700,
				 -19.213638 336.141907 -148.489670,
				 -57.119751 363.265137 -108.475967,
				 -19.213638 336.141907 -148.489670,
				 -32.700371 326.704529 -148.489639,
				 -70.755119 336.489868 -108.475937,
				 -32.700371 326.704529 -148.489639,
				 -41.081261 318.159668 -148.489639,
				 -41.081261 318.159668 -148.489639,
				 -70.755119 336.489868 -108.475937,
				 -71.643456 314.961792 -108.475906,
				 -75.420052 309.834167 -108.475906,
				 -71.643456 314.961792 -108.475906,
				 -118.822304 341.539612 -67.528397,
				 -75.420052 309.834167 -108.475906,
				 -124.652809 296.313843 -67.528336,
				 -282.983826 351.738831 -27.714630,
				 -124.652809 296.313843 -67.528336,
				 -198.374741 226.842712 -67.528183,
				 -198.374741 226.842712 -67.528183,
				 -410.759521 547.929016 86.791260,
				 -390.743164 579.863647 121.336243,
				 -373.535553 539.871277 86.791229,
				 -410.759521 547.929016 86.791260,
				 -340.067200 346.934021 -27.714554,
				 -282.983826 351.738831 -27.714630,
				 -291.498169 181.003906 -67.528015,
				 -291.498169 181.003906 -67.528015,
				 -343.471802 444.603455 18.701279,
				 -340.067200 346.934021 -27.714554,
				 -378.819977 360.937500 -27.714539,
				 -378.819977 360.937500 -27.714539,
				 -379.947754 508.809875 45.643799,
				 -343.471802 444.603455 18.701279,
				 -384.689056 453.442322 18.701317,
				 -384.689056 453.442322 18.701317,
				 -410.759521 547.929016 86.791260,
				 -373.535553 539.871277 86.791229,
				 -398.344604 522.538208 45.643803,
				 -398.344604 522.538208 45.643803,
				 -379.947754 508.809875 45.643799,
				 -420.471313 475.809387 18.701324,
				 -420.471313 475.809387 18.701324,
				 -67.597565 1015.110291 121.335373,
				 -51.217773 989.623230 86.790337,
				 -66.980103 986.698975 86.790359,
				 -51.217773 989.623230 86.790337,
				 -24.800842 1014.784729 121.335312,
				 -25.049927 986.711487 86.790314,
				 -24.800842 1014.784729 121.335312,
				 -25.049927 986.711487 86.790314,
				 -12.779724 986.007751 86.790298,
				 -28.282654 965.510864 45.642868,
				 -12.779724 986.007751 86.790298,
				 -28.282654 965.510864 45.642868,
				 -12.779724 986.007751 86.790298,
				 -5.501526 983.489807 86.790298,
				 -5.501526 983.489807 86.790298,
				 17.492676 987.201416 121.335312,
				 -1.015686 979.484863 86.790298,
				 17.492676 987.201416 121.335312,
				 -1.015686 979.484863 86.790298,
				 25.011353 975.882874 121.335312,
				 28.840546 967.488831 121.335312,
				 25.011353 975.882874 121.335312,
				 -5.872131 953.324463 45.642857,
				 28.840546 967.488831 121.335312,
				 25.534546 945.777100 86.790306,
				 -5.872131 953.324463 45.642857,
				 25.534546 945.777100 86.790306,
				 7.434814 939.161865 45.642857,
				 28.840546 967.488831 121.335312,
				 101.429138 928.369751 151.012283,
				 25.534546 945.777100 86.790306,
				 48.703827 900.022400 86.790329,
				 101.429138 928.369751 151.012283,
				 76.078827 896.024109 121.335342,
				 76.078827 896.024109 121.335342,
				 103.685516 882.881287 121.335342,
				 81.068359 886.585938 121.335358,
				 103.685516 882.881287 121.335342,
				 81.068359 886.585938 121.335358,
				 103.685516 882.881287 121.335342,
				 89.094727 854.843323 86.790344,
				 89.094727 854.843323 86.790344,
				 109.528931 875.461365 121.335342,
				 107.036194 850.517212 86.790329,
				 109.528931 875.461365 121.335342,
				 72.058411 831.473450 45.642914,
				 107.036194 850.517212 86.790329,
				 95.123199 805.007813 45.642921,
				 95.123199 805.007813 45.642921,
				 130.715149 783.772278 86.790375,
				 120.873169 766.369019 86.790413,
				 130.715149 783.772278 86.790375,
				 104.003662 757.533447 45.642967,
				 120.873169 766.369019 86.790413,
				 126.145294 750.822266 86.790421,
				 126.145294 750.822266 86.790421,
				 151.068573 736.940369 121.335464,
				 123.392975 739.678589 86.790436,
				 151.068573 736.940369 121.335464,
				 123.392975 739.678589 86.790436,
				 151.068573 736.940369 121.335464,
				 126.827728 717.943115 86.790466,
				 115.246552 705.292847 45.643013,
				 126.827728 717.943115 86.790466,
				 120.528351 698.587463 45.643017,
				 71.860367 683.240112 18.700539,
				 95.032471 701.839844 45.643044,
				 120.528351 698.587463 45.643017,
				 -502.435242 572.437683 151.013382,
				 -517.905701 590.800171 180.232254,
				 -513.531799 595.096313 180.232239,
				 -517.905701 590.800171 180.232254,
				 -502.435242 572.437683 151.013382,
				 -471.060059 568.626465 121.336349,
				 -491.747131 542.471313 86.791359,
				 -491.747131 542.471313 86.791359,
				 -433.842224 565.717896 121.336319,
				 -406.865051 596.761353 151.013245,
				 -390.743164 579.863647 121.336243,
				 -433.842224 565.717896 121.336319,
				 -410.759521 547.929016 86.791260,
				 -443.247681 547.934937 86.791298,
				 -491.747131 542.471313 86.791359,
				 -471.060059 568.626465 121.336349,
				 -443.247681 547.934937 86.791298,
				 -58.621216 1069.023926 151.012299,
				 -66.592072 1093.047119 180.231155,
				 -56.867065 1088.376221 180.231155,
				 -36.396271 1058.348755 151.012283,
				 -56.867065 1088.376221 180.231155,
				 -36.396271 1058.348755 151.012283,
				 -82.235840 1044.199951 151.012344,
				 -58.621216 1069.023926 151.012299,
				 -53.122040 1027.272217 121.335342,
				 -53.122040 1027.272217 121.335342,
				 -82.235840 1044.199951 151.012344,
				 -53.122040 1027.272217 121.335342,
				 -59.885406 1024.436768 121.335342,
				 -67.597565 1015.110291 121.335373,
				 -59.885406 1024.436768 121.335342,
				 -45.301147 1020.642822 121.335342,
				 -45.301147 1020.642822 121.335342,
				 71.860367 683.240112 18.700539,
				 120.528351 698.587463 45.643017,
				 135.942566 687.064819 45.643013,
				 126.827728 717.943115 86.790466,
				 155.221710 690.554443 86.790466,
				 135.942566 687.064819 45.643013,
				 155.221710 690.554443 86.790466,
				 180.303314 679.123596 86.790451,
				 171.146484 645.063660 45.643024,
				 180.303314 679.123596 86.790451,
				 171.146484 645.063660 45.643024,
				 188.510406 654.095581 86.790466,
				 204.051514 611.398315 45.643028,
				 188.510406 654.095581 86.790466,
				 144.780853 587.285339 18.700569,
				 204.051514 611.398315 45.643028,
				 160.710205 574.670288 18.700562,
				 170.300690 565.042114 18.700569,
				 224.341949 569.461670 45.643055,
				 173.653168 528.109009 18.700607,
				 224.341949 569.461670 45.643055,
				 173.653168 528.109009 18.700607,
				 230.357086 501.622620 18.700577,
				 181.674042 459.952332 -27.715286,
				 230.357086 501.622620 18.700577,
				 181.674042 459.952332 -27.715286,
				 230.357086 501.622620 18.700577,
				 222.696320 428.695007 -27.715286,
				 161.527069 417.886292 -67.528793,
				 222.696320 428.695007 -27.715286,
				 216.666595 396.187683 -67.528839,
				 216.666595 396.187683 -67.528839,
				 161.527069 417.886292 -67.528793,
				 216.666595 396.187683 -67.528839,
				 159.865326 373.525818 -108.476242,
				 113.528702 386.295959 -108.476212,
				 159.865326 373.525818 -108.476242,
				 112.969864 358.416992 -148.489822,
				 60.364410 318.234619 -180.234116,
				 112.969864 358.416992 -148.489822,
				 76.174561 314.100555 -180.234146,
				 76.174561 314.100555 -180.234146,
				 28.307587 308.955597 -180.234085,
				 60.364410 318.234619 -180.234116,
				 55.904556 246.287445 -180.234024,
				 55.904556 246.287445 -180.234024,
				 -2.602676 344.107178 -148.489700,
				 28.307587 308.955597 -180.234085,
				 18.892746 296.913300 -180.234055,
				 18.892746 296.913300 -180.234055,
				 -19.213638 336.141907 -148.489670,
				 -2.602676 344.107178 -148.489700,
				 18.892746 296.913300 -180.234055,
				 -32.700371 326.704529 -148.489639,
				 -19.213638 336.141907 -148.489670,
				 18.892746 296.913300 -180.234055,
				 -41.081261 318.159668 -148.489639,
				 -32.700371 326.704529 -148.489639,
				 -44.948174 297.598358 -148.489578,
				 -44.948174 297.598358 -148.489578,
				 -70.755119 336.489868 -108.475937,
				 -41.081261 318.159668 -148.489639,
				 -71.643456 314.961792 -108.475906,
				 -75.420052 309.834167 -108.475906,
				 -71.643456 314.961792 -108.475906,
				 -46.420731 310.100830 -148.489609,
				 -46.420731 310.100830 -148.489609,
				 -124.652809 296.313843 -67.528336,
				 -75.420052 309.834167 -108.475906,
				 -116.731987 280.470459 -67.528336,
				 -116.731987 280.470459 -67.528336,
				 -198.374741 226.842712 -67.528183,
				 -124.652809 296.313843 -67.528336,
				 -116.966286 257.741119 -67.528305,
				 -116.966286 257.741119 -67.528305,
				 -282.983826 351.738831 -27.714630,
				 -198.374741 226.842712 -67.528183,
				 -291.498169 181.003906 -67.528015,
				 -433.842224 565.717896 121.336319,
				 -390.743164 579.863647 121.336243,
				 -410.759521 547.929016 86.791260,
				 -407.060242 303.878235 -67.528030,
				 -340.067200 346.934021 -27.714554,
				 -291.498169 181.003906 -67.528015,
				 -407.060242 303.878235 -67.528030,
				 -378.819977 360.937500 -27.714539,
				 -340.067200 346.934021 -27.714554,
				 -362.376953 345.056396 -27.714523,
				 -362.376953 345.056396 -27.714523,
				 -384.689056 453.442322 18.701317,
				 -343.471802 444.603455 18.701279,
				 -378.819977 360.937500 -27.714539,
				 -379.947754 508.809875 45.643799,
				 -384.689056 453.442322 18.701317,
				 -399.334412 469.129333 18.701309,
				 -399.334412 469.129333 18.701309,
				 -443.247681 547.934937 86.791298,
				 -410.759521 547.929016 86.791260,
				 -398.344604 522.538208 45.643803,
				 -420.471313 475.809387 18.701324,
				 -379.947754 508.809875 45.643799,
				 -399.334412 469.129333 18.701309,
				 -443.247681 547.934937 86.791298,
				 -398.344604 522.538208 45.643803,
				 -420.471313 475.809387 18.701324,
				 -67.597565 1015.110291 121.335373,
				 -45.301147 1020.642822 121.335342,
				 -51.217773 989.623230 86.790337,
				 -45.301147 1020.642822 121.335342,
				 -24.800842 1014.784729 121.335312,
				 -51.217773 989.623230 86.790337,
				 -24.800842 1014.784729 121.335312,
				 -12.779724 986.007751 86.790298,
				 -25.049927 986.711487 86.790314,
				 -12.779724 986.007751 86.790298,
				 5.864563 1009.103577 121.335297,
				 -5.501526 983.489807 86.790298,
				 5.864563 1009.103577 121.335297,
				 -5.501526 983.489807 86.790298,
				 14.690125 999.698364 121.335297,
				 17.492676 987.201416 121.335312,
				 14.690125 999.698364 121.335297,
				 -1.015686 979.484863 86.790298,
				 17.492676 987.201416 121.335312,
				 25.011353 975.882874 121.335312,
				 25.011353 975.882874 121.335312,
				 46.255066 996.343750 151.012268,
				 28.840546 967.488831 121.335312,
				 46.255066 996.343750 151.012268,
				 28.840546 967.488831 121.335312,
				 46.255066 996.343750 151.012268,
				 101.429138 928.369751 151.012283,
				 76.078827 896.024109 121.335342,
				 101.429138 928.369751 151.012283,
				 103.685516 882.881287 121.335342,
				 103.685516 882.881287 121.335342,
				 109.528931 875.461365 121.335342,
				 89.094727 854.843323 86.790344,
				 109.528931 875.461365 121.335342,
				 121.002563 873.555603 121.335327,
				 107.036194 850.517212 86.790329,
				 121.002563 873.555603 121.335327,
				 107.036194 850.517212 86.790329,
				 126.254272 835.431458 86.790329,
				 95.123199 805.007813 45.642921,
				 126.254272 835.431458 86.790329,
				 95.123199 805.007813 45.642921,
				 131.260834 795.205627 86.790367,
				 130.715149 783.772278 86.790375,
				 131.260834 795.205627 86.790367,
				 130.715149 783.772278 86.790375,
				 154.073853 763.202576 121.335419,
				 120.873169 766.369019 86.790413,
				 154.073853 763.202576 121.335419,
				 120.873169 766.369019 86.790413,
				 154.073853 763.202576 121.335419,
				 126.145294 750.822266 86.790421,
				 126.145294 750.822266 86.790421,
				 154.073853 763.202576 121.335419,
				 151.068573 736.940369 121.335464,
				 126.827728 717.943115 86.790466,
				 151.068573 736.940369 121.335464,
				 159.097076 717.839661 121.335464,
				 159.097076 717.839661 121.335464,
				 126.827728 717.943115 86.790466,
				 135.942566 687.064819 45.643013,
				 120.528351 698.587463 45.643017,
				 -502.435242 572.437683 151.013382,
				 -521.605896 587.167236 180.232254,
				 -517.905701 590.800171 180.232254,
				 -521.605896 587.167236 180.232254,
				 -520.850830 547.715088 121.336426,
				 -502.435242 572.437683 151.013382,
				 -491.747131 542.471313 86.791359,
				 -520.850830 547.715088 121.336426,
				 -491.747131 542.471313 86.791359,
				 -443.247681 547.934937 86.791298,
				 -500.488464 521.282104 45.643917,
				 -500.488464 521.282104 45.643917,
				 -36.396271 1058.348755 151.012283,
				 -56.867065 1088.376221 180.231155,
				 -44.681091 1083.798096 180.231140,
				 -8.545593 1047.887939 151.012268,
				 -44.681091 1083.798096 180.231140,
				 -8.545593 1047.887939 151.012268,
				 -58.621216 1069.023926 151.012299,
				 -36.396271 1058.348755 151.012283,
				 -53.122040 1027.272217 121.335342,
				 -53.122040 1027.272217 121.335342,
				 126.827728 717.943115 86.790466,
				 159.097076 717.839661 121.335464,
				 155.221710 690.554443 86.790466,
				 155.221710 690.554443 86.790466,
				 174.663116 686.284729 86.790451,
				 180.303314 679.123596 86.790451,
				 174.663116 686.284729 86.790451,
				 180.303314 679.123596 86.790451,
				 188.510406 654.095581 86.790466,
				 171.146484 645.063660 45.643024,
				 188.510406 654.095581 86.790466,
				 214.952057 617.620605 86.790482,
				 204.051514 611.398315 45.643028,
				 214.952057 617.620605 86.790482,
				 160.710205 574.670288 18.700562,
				 204.051514 611.398315 45.643028,
				 170.300690 565.042114 18.700569,
				 170.300690 565.042114 18.700569,
				 214.196625 590.430054 45.643044,
				 224.341949 569.461670 45.643055,
				 214.196625 590.430054 45.643044,
				 173.653168 528.109009 18.700607,
				 224.341949 569.461670 45.643055,
				 235.021454 551.712891 45.643066,
				 235.021454 551.712891 45.643066,
				 173.653168 528.109009 18.700607,
				 235.021454 551.712891 45.643066,
				 230.357086 501.622620 18.700577,
				 230.357086 501.622620 18.700577,
				 261.263428 459.805786 18.700592,
				 222.696320 428.695007 -27.715286,
				 261.263428 459.805786 18.700592,
				 222.696320 428.695007 -27.715286,
				 263.173340 391.279419 -27.715286,
				 216.666595 396.187683 -67.528839,
				 263.173340 391.279419 -27.715286,
				 159.865326 373.525818 -108.476242,
				 216.666595 396.187683 -67.528839,
				 189.686920 342.382141 -108.476242,
				 189.686920 342.382141 -108.476242,
				 112.969864 358.416992 -148.489822,
				 159.865326 373.525818 -108.476242,
				 155.705109 317.660095 -148.489822,
				 155.705109 317.660095 -148.489822,
				 76.174561 314.100555 -180.234146,
				 112.969864 358.416992 -148.489822,
				 88.684280 306.289612 -180.234146,
				 88.684280 306.289612 -180.234146,
				 76.174561 314.100555 -180.234146,
				 16.420013 273.143494 -180.234024,
				 16.420013 273.143494 -180.234024,
				 18.892746 296.913300 -180.234055,
				 -32.700371 326.704529 -148.489639,
				 18.892746 296.913300 -180.234055,
				 -44.948174 297.598358 -148.489578,
				 -46.420731 310.100830 -148.489609,
				 -71.643456 314.961792 -108.475906,
				 -41.081261 318.159668 -148.489639,
				 -46.420731 310.100830 -148.489609,
				 -75.420052 309.834167 -108.475906,
				 -46.420731 310.100830 -148.489609,
				 -44.948174 297.598358 -148.489578,
				 -116.731987 280.470459 -67.528336,
				 -75.420052 309.834167 -108.475906,
				 -74.536736 289.133362 -108.475876,
				 -74.536736 289.133362 -108.475876,
				 -116.731987 280.470459 -67.528336,
				 -106.242874 255.615982 -67.528305,
				 -106.242874 255.615982 -67.528305,
				 -291.498169 181.003906 -67.528015,
				 -198.374741 226.842712 -67.528183,
				 -198.596191 94.897713 -108.475510,
				 -198.596191 94.897713 -108.475510,
				 -402.661194 312.448059 -67.528061,
				 -340.067200 346.934021 -27.714554,
				 -407.060242 303.878235 -67.528030,
				 -402.661194 312.448059 -67.528061,
				 -418.428772 289.247009 -67.528000,
				 -407.060242 303.878235 -67.528030,
				 -291.498169 181.003906 -67.528015,
				 -418.428772 289.247009 -67.528000,
				 -402.661194 312.448059 -67.528061,
				 -362.376953 345.056396 -27.714523,
				 -340.067200 346.934021 -27.714554,
				 -401.624268 330.981384 -67.528076,
				 -378.819977 360.937500 -27.714539,
				 -362.376953 345.056396 -27.714523,
				 -401.624268 330.981384 -67.528076,
				 -427.986206 418.374756 -27.714554,
				 -384.689056 453.442322 18.701317,
				 -378.819977 360.937500 -27.714539,
				 -427.986206 418.374756 -27.714554,
				 -399.334412 469.129333 18.701309,
				 -384.689056 453.442322 18.701317,
				 -427.986206 418.374756 -27.714554,
				 -420.471313 475.809387 18.701324,
				 -399.334412 469.129333 18.701309,
				 -439.959167 428.602234 -27.714554,
				 -439.959167 428.602234 -27.714554,
				 -443.247681 547.934937 86.791298,
				 -420.471313 475.809387 18.701324,
				 -462.734009 479.134827 18.701370,
				 -462.734009 479.134827 18.701370,
				 -36.396271 1058.348755 151.012283,
				 -24.800842 1014.784729 121.335312,
				 -45.301147 1020.642822 121.335342,
				 -24.800842 1014.784729 121.335312,
				 5.864563 1009.103577 121.335297,
				 -12.779724 986.007751 86.790298,
				 5.864563 1009.103577 121.335297,
				 14.690125 999.698364 121.335297,
				 -5.501526 983.489807 86.790298,
				 14.690125 999.698364 121.335297,
				 17.586670 996.018738 121.335297,
				 17.492676 987.201416 121.335312,
				 17.586670 996.018738 121.335297,
				 17.492676 987.201416 121.335312,
				 46.255066 996.343750 151.012268,
				 25.011353 975.882874 121.335312,
				 46.255066 996.343750 151.012268,
				 102.130981 982.382446 180.231094,
				 126.272949 952.638489 180.231094,
				 101.429138 928.369751 151.012283,
				 102.130981 982.382446 180.231094,
				 126.272949 952.638489 180.231094,
				 101.429138 928.369751 151.012283,
				 125.625366 910.871582 151.012283,
				 103.685516 882.881287 121.335342,
				 125.625366 910.871582 151.012283,
				 121.002563 873.555603 121.335327,
				 109.528931 875.461365 121.335342,
				 107.036194 850.517212 86.790329,
				 121.002563 873.555603 121.335327,
				 142.730530 855.534546 121.335327,
				 142.730530 855.534546 121.335327,
				 107.036194 850.517212 86.790329,
				 142.730530 855.534546 121.335327,
				 126.254272 835.431458 86.790329,
				 95.123199 805.007813 45.642921,
				 126.254272 835.431458 86.790329,
				 136.129974 816.676941 86.790337,
				 136.129974 816.676941 86.790337,
				 95.123199 805.007813 45.642921,
				 136.129974 816.676941 86.790337,
				 131.260834 795.205627 86.790367,
				 131.260834 795.205627 86.790367,
				 135.568817 789.737854 86.790367,
				 130.715149 783.772278 86.790375,
				 135.568817 789.737854 86.790367,
				 130.715149 783.772278 86.790375,
				 135.568817 789.737854 86.790367,
				 154.073853 763.202576 121.335419,
				 154.073853 763.202576 121.335419,
				 169.472137 761.995178 136.274002,
				 151.068573 736.940369 121.335464,
				 169.472137 761.995178 136.274002,
				 151.068573 736.940369 121.335464,
				 169.472137 761.995178 136.274002,
				 159.097076 717.839661 121.335464,
				 -520.850830 547.715088 121.336426,
				 -532.155579 584.448120 180.232269,
				 -521.605896 587.167236 180.232254,
				 -502.435242 572.437683 151.013382,
				 -532.155579 584.448120 180.232269,
				 -520.850830 547.715088 121.336426,
				 -491.747131 542.471313 86.791359,
				 -523.445129 530.291138 86.791412,
				 -523.445129 530.291138 86.791412,
				 -500.488464 521.282104 45.643917,
				 -443.247681 547.934937 86.791298,
				 -462.734009 479.134827 18.701370,
				 -523.445129 530.291138 86.791412,
				 -491.747131 542.471313 86.791359,
				 -500.488464 521.282104 45.643917,
				 -8.545593 1047.887939 151.012268,
				 -44.681091 1083.798096 180.231140,
				 28.596710 1058.353027 180.231094,
				 28.596710 1058.353027 180.231094,
				 -36.396271 1058.348755 151.012283,
				 -8.545593 1047.887939 151.012268,
				 -24.800842 1014.784729 121.335312,
				 -36.396271 1058.348755 151.012283,
				 -45.301147 1020.642822 121.335342,
				 -53.122040 1027.272217 121.335342,
				 159.097076 717.839661 121.335464,
				 174.663116 686.284729 86.790451,
				 155.221710 690.554443 86.790466,
				 174.663116 686.284729 86.790451,
				 185.909271 704.664551 121.335464,
				 180.303314 679.123596 86.790451,
				 185.909271 704.664551 121.335464,
				 180.303314 679.123596 86.790451,
				 207.006134 683.894287 121.335464,
				 188.510406 654.095581 86.790466,
				 207.006134 683.894287 121.335464,
				 188.510406 654.095581 86.790466,
				 236.291351 646.713440 121.335464,
				 214.952057 617.620605 86.790482,
				 236.291351 646.713440 121.335464,
				 204.051514 611.398315 45.643028,
				 214.952057 617.620605 86.790482,
				 221.259186 609.611694 86.790482,
				 221.259186 609.611694 86.790482,
				 170.300690 565.042114 18.700569,
				 204.051514 611.398315 45.643028,
				 214.196625 590.430054 45.643044,
				 214.196625 590.430054 45.643044,
				 223.567139 586.828857 121.335556,
				 224.341949 569.461670 45.643055,
				 223.567139 586.828857 121.335556,
				 224.341949 569.461670 45.643055,
				 241.800995 567.706116 121.335556,
				 235.021454 551.712891 45.643066,
				 241.800995 567.706116 121.335556,
				 235.021454 551.712891 45.643066,
				 255.890228 546.024048 121.335556,
				 230.357086 501.622620 18.700577,
				 255.890228 546.024048 121.335556,
				 230.357086 501.622620 18.700577,
				 285.547241 504.960876 86.790543,
				 261.263428 459.805786 18.700592,
				 285.547241 504.960876 86.790543,
				 222.696320 428.695007 -27.715286,
				 261.263428 459.805786 18.700592,
				 287.508667 418.787903 18.700607,
				 287.508667 418.787903 18.700607,
				 222.696320 428.695007 -27.715286,
				 287.508667 418.787903 18.700607,
				 263.173340 391.279419 -27.715286,
				 216.666595 396.187683 -67.528839,
				 263.173340 391.279419 -27.715286,
				 239.984711 366.582855 -67.528824,
				 239.984711 366.582855 -67.528824,
				 216.666595 396.187683 -67.528839,
				 239.984711 366.582855 -67.528824,
				 189.686920 342.382141 -108.476242,
				 159.865326 373.525818 -108.476242,
				 189.686920 342.382141 -108.476242,
				 158.578644 318.942993 -148.489853,
				 158.578644 318.942993 -148.489853,
				 159.865326 373.525818 -108.476242,
				 158.578644 318.942993 -148.489853,
				 155.705109 317.660095 -148.489822,
				 112.969864 358.416992 -148.489822,
				 155.705109 317.660095 -148.489822,
				 88.684280 306.289612 -180.234146,
				 76.174561 314.100555 -180.234146,
				 88.684280 306.289612 -180.234146,
				 55.904556 246.287445 -180.234024,
				 34.378098 245.059143 -180.234024,
				 34.378098 245.059143 -180.234024,
				 -32.335274 273.872223 -148.489578,
				 18.892746 296.913300 -180.234055,
				 16.420013 273.143494 -180.234024,
				 -32.335274 273.872223 -148.489578,
				 -44.948174 297.598358 -148.489578,
				 18.892746 296.913300 -180.234055,
				 -32.335274 273.872223 -148.489578,
				 -75.420052 309.834167 -108.475906,
				 -44.948174 297.598358 -148.489578,
				 -74.536736 289.133362 -108.475876,
				 -116.731987 280.470459 -67.528336,
				 -74.536736 289.133362 -108.475876,
				 -106.242874 255.615982 -67.528305,
				 -198.374741 226.842712 -67.528183,
				 -106.242874 255.615982 -67.528305,
				 -198.596191 94.897713 -108.475510,
				 -291.498169 181.003906 -67.528015,
				 -198.596191 94.897713 -108.475510,
				 -288.050934 112.731148 -108.475418,
				 -288.050934 112.731148 -108.475418,
				 -409.520203 333.605347 -67.528061,
				 -402.661194 312.448059 -67.528061,
				 -407.060242 303.878235 -67.528030,
				 -409.520203 333.605347 -67.528061,
				 -451.821167 291.020538 -67.527969,
				 -418.428772 289.247009 -67.528000,
				 -451.821167 291.020538 -67.527969,
				 -418.428772 289.247009 -67.528000,
				 -291.498169 181.003906 -67.528015,
				 -380.741455 149.596588 -67.527878,
				 -380.741455 149.596588 -67.527878,
				 -400.202026 322.825562 -67.528061,
				 -362.376953 345.056396 -27.714523,
				 -402.661194 312.448059 -67.528061,
				 -400.202026 322.825562 -67.528061,
				 -404.198425 333.185760 -67.528076,
				 -378.819977 360.937500 -27.714539,
				 -401.624268 330.981384 -67.528076,
				 -404.198425 333.185760 -67.528076,
				 -401.624268 330.981384 -67.528076,
				 -362.376953 345.056396 -27.714523,
				 -400.202026 322.825562 -67.528061,
				 -427.986206 418.374756 -27.714554,
				 -378.819977 360.937500 -27.714539,
				 -437.634460 378.834229 -67.528091,
				 -437.634460 378.834229 -67.528091,
				 -439.959167 428.602234 -27.714554,
				 -399.334412 469.129333 18.701309,
				 -427.986206 418.374756 -27.714554,
				 -458.326233 437.065613 -27.714539,
				 -420.471313 475.809387 18.701324,
				 -439.959167 428.602234 -27.714554,
				 -458.326233 437.065613 -27.714539,
				 -462.734009 479.134827 18.701370,
				 -420.471313 475.809387 18.701324,
				 -458.326233 437.065613 -27.714539,
				 -24.800842 1014.784729 121.335312,
				 7.841095 1030.674438 151.012268,
				 5.864563 1009.103577 121.335297,
				 7.841095 1030.674438 151.012268,
				 7.841095 1030.674438 151.012268,
				 14.690125 999.698364 121.335297,
				 5.864563 1009.103577 121.335297,
				 14.690125 999.698364 121.335297,
				 46.255066 996.343750 151.012268,
				 17.586670 996.018738 121.335297,
				 17.586670 996.018738 121.335297,
				 46.255066 996.343750 151.012268,
				 17.492676 987.201416 121.335312,
				 46.255066 996.343750 151.012268,
				 52.576447 1035.799805 180.231094,
				 102.130981 982.382446 180.231094,
				 52.576447 1035.799805 180.231094,
				 101.429138 928.369751 151.012283,
				 126.272949 952.638489 180.231094,
				 136.860657 944.981873 180.231094,
				 125.625366 910.871582 151.012283,
				 136.860657 944.981873 180.231094,
				 103.685516 882.881287 121.335342,
				 125.625366 910.871582 151.012283,
				 128.151855 877.244568 121.335312,
				 128.151855 877.244568 121.335312,
				 103.685516 882.881287 121.335342,
				 128.151855 877.244568 121.335312,
				 121.002563 873.555603 121.335327,
				 131.097778 873.503723 121.335312,
				 142.730530 855.534546 121.335327,
				 131.097778 873.503723 121.335312,
				 126.254272 835.431458 86.790329,
				 142.730530 855.534546 121.335327,
				 144.167603 837.801208 121.335342,
				 144.167603 837.801208 121.335342,
				 126.254272 835.431458 86.790329,
				 144.167603 837.801208 121.335342,
				 136.129974 816.676941 86.790337,
				 136.129974 816.676941 86.790337,
				 154.967926 792.762634 121.335388,
				 131.260834 795.205627 86.790367,
				 154.967926 792.762634 121.335388,
				 131.260834 795.205627 86.790367,
				 154.967926 792.762634 121.335388,
				 135.568817 789.737854 86.790367,
				 135.568817 789.737854 86.790367,
				 154.967926 792.762634 121.335388,
				 154.073853 763.202576 121.335419,
				 154.967926 792.762634 121.335388,
				 169.472137 761.995178 136.274002,
				 154.073853 763.202576 121.335419,
				 169.472137 761.995178 136.274002,
				 185.909271 704.664551 121.335464,
				 159.097076 717.839661 121.335464,
				 -564.865845 560.584229 151.013474,
				 -548.923035 581.980225 180.232285,
				 -532.155579 584.448120 180.232269,
				 -520.850830 547.715088 121.336426,
				 -564.865845 560.584229 151.013474,
				 -548.923035 581.980225 180.232285,
				 -556.348083 531.476135 121.336487,
				 -520.850830 547.715088 121.336426,
				 -523.445129 530.291138 86.791412,
				 -556.348083 531.476135 121.336487,
				 -500.488464 521.282104 45.643917,
				 -462.734009 479.134827 18.701370,
				 -493.541687 480.526062 18.701401,
				 -493.541687 480.526062 18.701401,
				 -523.445129 530.291138 86.791412,
				 -500.488464 521.282104 45.643917,
				 -506.584534 514.606140 45.643932,
				 -506.584534 514.606140 45.643932,
				 -8.545593 1047.887939 151.012268,
				 28.596710 1058.353027 180.231094,
				 35.768494 1050.822266 180.231094,
				 7.841095 1030.674438 151.012268,
				 35.768494 1050.822266 180.231094,
				 -8.545593 1047.887939 151.012268,
				 7.841095 1030.674438 151.012268,
				 -24.800842 1014.784729 121.335312,
				 159.097076 717.839661 121.335464,
				 185.909271 704.664551 121.335464,
				 174.663116 686.284729 86.790451,
				 185.909271 704.664551 121.335464,
				 207.006134 683.894287 121.335464,
				 180.303314 679.123596 86.790451,
				 188.510406 654.095581 86.790466,
				 207.006134 683.894287 121.335464,
				 226.041595 665.767090 121.335464,
				 226.041595 665.767090 121.335464,
				 188.510406 654.095581 86.790466,
				 226.041595 665.767090 121.335464,
				 236.291351 646.713440 121.335464,
				 214.952057 617.620605 86.790482,
				 236.291351 646.713440 121.335464,
				 239.349213 627.836670 121.335495,
				 239.349213 627.836670 121.335495,
				 214.952057 617.620605 86.790482,
				 239.349213 627.836670 121.335495,
				 221.259186 609.611694 86.790482,
				 204.051514 611.398315 45.643028,
				 221.259186 609.611694 86.790482,
				 214.196625 590.430054 45.643044,
				 214.196625 590.430054 45.643044,
				 224.938507 592.913452 121.335556,
				 223.567139 586.828857 121.335556,
				 224.938507 592.913452 121.335556,
				 223.567139 586.828857 121.335556,
				 234.121063 578.295288 121.335556,
				 224.341949 569.461670 45.643055,
				 234.121063 578.295288 121.335556,
				 224.341949 569.461670 45.643055,
				 234.121063 578.295288 121.335556,
				 241.800995 567.706116 121.335556,
				 241.800995 567.706116 121.335556,
				 255.890228 546.024048 121.335556,
				 235.021454 551.712891 45.643066,
				 255.890228 546.024048 121.335556,
				 265.812256 527.162354 86.790535,
				 230.357086 501.622620 18.700577,
				 265.812256 527.162354 86.790535,
				 230.357086 501.622620 18.700577,
				 265.812256 527.162354 86.790535,
				 285.547241 504.960876 86.790543,
				 285.547241 504.960876 86.790543,
				 294.001160 488.526062 86.790550,
				 261.263428 459.805786 18.700592,
				 294.001160 488.526062 86.790550,
				 261.263428 459.805786 18.700592,
				 305.376770 434.784912 45.643124,
				 287.508667 418.787903 18.700607,
				 305.376770 434.784912 45.643124,
				 263.173340 391.279419 -27.715286,
				 287.508667 418.787903 18.700607,
				 303.488342 398.499634 18.700623,
				 303.488342 398.499634 18.700623,
				 239.984711 366.582855 -67.528824,
				 263.173340 391.279419 -27.715286,
				 283.895447 364.968689 -27.715286,
				 283.895447 364.968689 -27.715286,
				 189.686920 342.382141 -108.476242,
				 239.984711 366.582855 -67.528824,
				 202.037140 323.338470 -108.476212,
				 202.037140 323.338470 -108.476212,
				 158.578644 318.942993 -148.489853,
				 189.686920 342.382141 -108.476242,
				 202.037140 323.338470 -108.476212,
				 155.705109 317.660095 -148.489822,
				 158.578644 318.942993 -148.489853,
				 155.990814 312.424469 -148.489822,
				 155.990814 312.424469 -148.489822,
				 88.684280 306.289612 -180.234146,
				 155.705109 317.660095 -148.489822,
				 112.028290 282.751099 -180.234146,
				 112.028290 282.751099 -180.234146,
				 88.684280 306.289612 -180.234146,
				 108.375214 257.279724 -180.234085,
				 55.904556 246.287445 -180.234024,
				 108.375214 257.279724 -180.234085,
				 34.378098 245.059143 -180.234024,
				 55.904556 246.287445 -180.234024,
				 29.858139 184.959045 -148.489548,
				 29.858139 184.959045 -148.489548,
				 20.336929 248.947433 -180.233994,
				 20.336929 248.947433 -180.233994,
				 -32.335274 273.872223 -148.489578,
				 16.420013 273.143494 -180.234024,
				 -6.188690 235.654053 -148.489578,
				 -6.188690 235.654053 -148.489578,
				 -44.948174 297.598358 -148.489578,
				 -32.335274 273.872223 -148.489578,
				 -59.596527 267.741974 -108.475876,
				 -59.596527 267.741974 -108.475876,
				 -74.536736 289.133362 -108.475876,
				 -44.948174 297.598358 -148.489578,
				 -59.596527 267.741974 -108.475876,
				 -106.242874 255.615982 -67.528305,
				 -74.536736 289.133362 -108.475876,
				 -59.596527 267.741974 -108.475876,
				 -106.242874 255.615982 -67.528305,
				 -25.927849 186.948364 -108.475815,
				 -198.596191 94.897713 -108.475510,
				 -25.927849 186.948364 -108.475815,
				 -288.050934 112.731148 -108.475418,
				 -198.596191 94.897713 -108.475510,
				 -200.584442 84.689270 -108.475479,
				 -200.584442 84.689270 -108.475479,
				 -291.498169 181.003906 -67.528015,
				 -288.050934 112.731148 -108.475418,
				 -303.731567 116.419968 -108.475418,
				 -303.731567 116.419968 -108.475418,
				 -400.202026 322.825562 -67.528061,
				 -446.849365 344.282867 -108.475540,
				 -409.520203 333.605347 -67.528061,
				 -407.060242 303.878235 -67.528030,
				 -446.849365 344.282867 -108.475540,
				 -446.849365 344.282867 -108.475540,
				 -407.060242 303.878235 -67.528030,
				 -451.821167 291.020538 -67.527969,
				 -445.446167 283.793335 -67.527969,
				 -445.446167 283.793335 -67.527969,
				 -380.741455 149.596588 -67.527878,
				 -291.498169 181.003906 -67.528015,
				 -303.731567 116.419968 -108.475418,
				 -426.325134 281.704834 -67.527985,
				 -418.428772 289.247009 -67.528000,
				 -380.741455 149.596588 -67.527878,
				 -426.325134 281.704834 -67.527985,
				 -408.527893 337.621155 -67.528076,
				 -378.819977 360.937500 -27.714539,
				 -404.198425 333.185760 -67.528076,
				 -408.527893 337.621155 -67.528076,
				 -404.198425 333.185760 -67.528076,
				 -401.624268 330.981384 -67.528076,
				 -437.634460 378.834229 -67.528091,
				 -378.819977 360.937500 -27.714539,
				 -408.527893 337.621155 -67.528076,
				 -448.463318 396.875977 -67.528091,
				 -427.986206 418.374756 -27.714554,
				 -437.634460 378.834229 -67.528091,
				 -448.463318 396.875977 -67.528091,
				 -455.819092 405.138550 -67.528091,
				 -439.959167 428.602234 -27.714554,
				 -427.986206 418.374756 -27.714554,
				 -455.819092 405.138550 -67.528091,
				 -458.326233 437.065613 -27.714539,
				 -439.959167 428.602234 -27.714554,
				 -455.819092 405.138550 -67.528091,
				 -462.734009 479.134827 18.701370,
				 -458.326233 437.065613 -27.714539,
				 -476.497192 440.477417 -27.714523,
				 -476.497192 440.477417 -27.714523,
				 7.841095 1030.674438 151.012268,
				 46.255066 996.343750 151.012268,
				 14.690125 999.698364 121.335297,
				 7.841095 1030.674438 151.012268,
				 35.768494 1050.822266 180.231094,
				 52.576447 1035.799805 180.231094,
				 46.255066 996.343750 151.012268,
				 125.625366 910.871582 151.012283,
				 136.860657 944.981873 180.231094,
				 145.569550 943.645020 180.231094,
				 145.528046 907.816284 151.012253,
				 145.569550 943.645020 180.231094,
				 145.528046 907.816284 151.012253,
				 125.625366 910.871582 151.012283,
				 145.528046 907.816284 151.012253,
				 128.151855 877.244568 121.335312,
				 121.002563 873.555603 121.335327,
				 128.151855 877.244568 121.335312,
				 131.097778 873.503723 121.335312,
				 131.097778 873.503723 121.335312,
				 166.877411 889.659302 151.012253,
				 142.730530 855.534546 121.335327,
				 166.877411 889.659302 151.012253,
				 142.730530 855.534546 121.335327,
				 191.543488 867.325745 151.012253,
				 144.167603 837.801208 121.335342,
				 191.543488 867.325745 151.012253,
				 144.167603 837.801208 121.335342,
				 154.967926 792.762634 121.335388,
				 136.129974 816.676941 86.790337,
				 154.967926 792.762634 121.335388,
				 227.060638 782.089172 151.012314,
				 169.472137 761.995178 136.274002,
				 227.060638 782.089172 151.012314,
				 169.472137 761.995178 136.274002,
				 227.060638 782.089172 151.012314,
				 185.909271 704.664551 121.335464,
				 -564.865845 560.584229 151.013474,
				 -561.283569 579.270874 180.232315,
				 -548.923035 581.980225 180.232285,
				 -561.283569 579.270874 180.232315,
				 -564.865845 560.584229 151.013474,
				 -520.850830 547.715088 121.336426,
				 -556.348083 531.476135 121.336487,
				 -556.348083 531.476135 121.336487,
				 -523.445129 530.291138 86.791412,
				 -550.375732 508.626160 86.791458,
				 -550.375732 508.626160 86.791458,
				 -493.541687 480.526062 18.701401,
				 -462.734009 479.134827 18.701370,
				 -483.989075 445.101135 -27.714523,
				 -483.989075 445.101135 -27.714523,
				 -506.584534 514.606140 45.643932,
				 -500.488464 521.282104 45.643917,
				 -493.541687 480.526062 18.701401,
				 -550.375732 508.626160 86.791458,
				 -523.445129 530.291138 86.791412,
				 -506.584534 514.606140 45.643932,
				 185.909271 704.664551 121.335464,
				 224.542572 695.155090 136.274033,
				 207.006134 683.894287 121.335464,
				 224.542572 695.155090 136.274033,
				 207.006134 683.894287 121.335464,
				 224.542572 695.155090 136.274033,
				 226.041595 665.767090 121.335464,
				 226.041595 665.767090 121.335464,
				 272.054443 641.010132 136.274033,
				 236.291351 646.713440 121.335464,
				 272.054443 641.010132 136.274033,
				 236.291351 646.713440 121.335464,
				 272.054443 641.010132 136.274033,
				 239.349213 627.836670 121.335495,
				 221.259186 609.611694 86.790482,
				 239.349213 627.836670 121.335495,
				 223.675537 606.774292 121.335526,
				 223.675537 606.774292 121.335526,
				 221.259186 609.611694 86.790482,
				 223.675537 606.774292 121.335526,
				 214.196625 590.430054 45.643044,
				 214.196625 590.430054 45.643044,
				 223.667328 595.611694 121.335541,
				 224.938507 592.913452 121.335556,
				 223.667328 595.611694 121.335541,
				 224.938507 592.913452 121.335556,
				 232.936371 583.226013 121.335556,
				 223.567139 586.828857 121.335556,
				 232.936371 583.226013 121.335556,
				 234.121063 578.295288 121.335556,
				 264.737183 577.809448 121.335526,
				 241.800995 567.706116 121.335556,
				 264.737183 577.809448 121.335526,
				 270.002014 559.380676 121.335526,
				 255.890228 546.024048 121.335556,
				 270.002014 559.380676 121.335526,
				 255.890228 546.024048 121.335556,
				 265.417480 533.540161 121.335571,
				 265.812256 527.162354 86.790535,
				 265.417480 533.540161 121.335571,
				 265.812256 527.162354 86.790535,
				 298.448181 526.193481 121.335541,
				 285.547241 504.960876 86.790543,
				 298.448181 526.193481 121.335541,
				 285.547241 504.960876 86.790543,
				 291.805054 497.015442 86.790543,
				 294.001160 488.526062 86.790550,
				 291.805054 497.015442 86.790543,
				 261.263428 459.805786 18.700592,
				 294.001160 488.526062 86.790550,
				 294.220337 476.913025 86.790558,
				 294.220337 476.913025 86.790558,
				 261.263428 459.805786 18.700592,
				 301.824036 467.258240 86.790565,
				 305.376770 434.784912 45.643124,
				 301.824036 467.258240 86.790565,
				 287.508667 418.787903 18.700607,
				 305.376770 434.784912 45.643124,
				 303.488342 398.499634 18.700623,
				 263.173340 391.279419 -27.715286,
				 303.488342 398.499634 18.700623,
				 283.895447 364.968689 -27.715286,
				 239.984711 366.582855 -67.528824,
				 283.895447 364.968689 -27.715286,
				 294.917480 316.177582 -27.715225,
				 294.917480 316.177582 -27.715225,
				 202.037140 323.338470 -108.476212,
				 239.984711 366.582855 -67.528824,
				 269.019897 288.267334 -67.528763,
				 269.019897 288.267334 -67.528763,
				 158.578644 318.942993 -148.489853,
				 202.037140 323.338470 -108.476212,
				 157.639618 307.434296 -148.489822,
				 157.639618 307.434296 -148.489822,
				 157.639618 307.434296 -148.489822,
				 112.028290 282.751099 -180.234146,
				 155.705109 317.660095 -148.489822,
				 155.990814 312.424469 -148.489822,
				 88.684280 306.289612 -180.234146,
				 112.028290 282.751099 -180.234146,
				 108.375214 257.279724 -180.234085,
				 55.904556 246.287445 -180.234024,
				 108.375214 257.279724 -180.234085,
				 100.760361 191.690598 -148.489639,
				 100.760361 191.690598 -148.489639,
				 55.904556 246.287445 -180.234024,
				 40.876663 179.656952 -148.489548,
				 29.858139 184.959045 -148.489548,
				 40.876663 179.656952 -148.489548,
				 34.378098 245.059143 -180.234024,
				 29.858139 184.959045 -148.489548,
				 12.304611 206.838303 -148.489548,
				 12.304611 206.838303 -148.489548,
				 20.336929 248.947433 -180.233994,
				 34.378098 245.059143 -180.234024,
				 12.304611 206.838303 -148.489548,
				 -6.188690 235.654053 -148.489578,
				 16.420013 273.143494 -180.234024,
				 20.336929 248.947433 -180.233994,
				 -32.335274 273.872223 -148.489578,
				 -6.188690 235.654053 -148.489578,
				 -39.540253 232.640228 -108.475845,
				 -39.540253 232.640228 -108.475845,
				 -59.596527 267.741974 -108.475876,
				 -32.335274 273.872223 -148.489578,
				 -39.540253 232.640228 -108.475845,
				 -106.242874 255.615982 -67.528305,
				 -59.596527 267.741974 -108.475876,
				 -39.540253 232.640228 -108.475845,
				 -106.242874 255.615982 -67.528305,
				 -39.540253 232.640228 -108.475845,
				 -25.927849 186.948364 -108.475815,
				 -198.596191 94.897713 -108.475510,
				 -25.927849 186.948364 -108.475815,
				 -155.103378 52.486847 -108.475510,
				 -155.103378 52.486847 -108.475510,
				 -198.596191 94.897713 -108.475510,
				 -155.103378 52.486847 -108.475510,
				 -200.584442 84.689270 -108.475479,
				 -288.050934 112.731148 -108.475418,
				 -200.584442 84.689270 -108.475479,
				 -261.914764 39.231201 -148.489029,
				 -261.914764 39.231201 -148.489029,
				 -303.731567 116.419968 -108.475418,
				 -288.050934 112.731148 -108.475418,
				 -293.058380 47.066925 -148.489029,
				 -293.058380 47.066925 -148.489029,
				 -446.849365 344.282867 -108.475540,
				 -442.968750 346.319763 -108.475540,
				 -409.520203 333.605347 -67.528061,
				 -442.968750 346.319763 -108.475540,
				 -446.849365 344.282867 -108.475540,
				 -451.821167 291.020538 -67.527969,
				 -466.159180 310.958740 -67.527969,
				 -466.159180 310.958740 -67.527969,
				 -426.325134 281.704834 -67.527985,
				 -528.927490 227.004791 -27.714218,
				 -451.821167 291.020538 -67.527969,
				 -445.446167 283.793335 -67.527969,
				 -528.927490 227.004791 -27.714218,
				 -380.741455 149.596588 -67.527878,
				 -303.731567 116.419968 -108.475418,
				 -337.796143 103.866081 -108.475357,
				 -337.796143 103.866081 -108.475357,
				 -434.570923 277.856384 -67.527969,
				 -426.325134 281.704834 -67.527985,
				 -380.741455 149.596588 -67.527878,
				 -434.570923 277.856384 -67.527969,
				 -408.527893 337.621155 -67.528076,
				 -437.634460 378.834229 -67.528091,
				 -408.527893 337.621155 -67.528076,
				 -439.879395 356.565125 -108.475540,
				 -439.879395 356.565125 -108.475540,
				 -455.819092 405.138550 -67.528091,
				 -427.986206 418.374756 -27.714554,
				 -448.463318 396.875977 -67.528091,
				 -448.463318 396.875977 -67.528091,
				 -437.634460 378.834229 -67.528091,
				 -455.326721 380.091797 -108.475571,
				 -455.326721 380.091797 -108.475571,
				 -458.326233 437.065613 -27.714539,
				 -455.819092 405.138550 -67.528091,
				 -465.125671 408.418823 -67.528091,
				 -465.125671 408.418823 -67.528091,
				 -476.497192 440.477417 -27.714523,
				 -458.326233 437.065613 -27.714539,
				 -472.289490 409.114502 -67.528091,
				 -472.289490 409.114502 -67.528091,
				 -483.989075 445.101135 -27.714523,
				 -462.734009 479.134827 18.701370,
				 -476.497192 440.477417 -27.714523,
				 145.528046 907.816284 151.012253,
				 145.569550 943.645020 180.231094,
				 183.369843 929.877808 180.231064,
				 183.369843 929.877808 180.231064,
				 145.528046 907.816284 151.012253,
				 131.097778 873.503723 121.335312,
				 128.151855 877.244568 121.335312,
				 145.528046 907.816284 151.012253,
				 166.877411 889.659302 151.012253,
				 131.097778 873.503723 121.335312,
				 142.730530 855.534546 121.335327,
				 166.877411 889.659302 151.012253,
				 191.543488 867.325745 151.012253,
				 144.167603 837.801208 121.335342,
				 191.543488 867.325745 151.012253,
				 215.268097 823.742432 151.012283,
				 215.268097 823.742432 151.012283,
				 144.167603 837.801208 121.335342,
				 215.268097 823.742432 151.012283,
				 154.967926 792.762634 121.335388,
				 154.967926 792.762634 121.335388,
				 215.268097 823.742432 151.012283,
				 227.060638 782.089172 151.012314,
				 227.060638 782.089172 151.012314,
				 255.889313 745.487366 151.012329,
				 185.909271 704.664551 121.335464,
				 255.889313 745.487366 151.012329,
				 -564.865845 560.584229 151.013474,
				 -572.201721 565.458069 180.232346,
				 -561.283569 579.270874 180.232315,
				 -572.201721 565.458069 180.232346,
				 -564.865845 560.584229 151.013474,
				 -556.348083 531.476135 121.336487,
				 -570.613098 523.261780 121.336502,
				 -570.613098 523.261780 121.336502,
				 -570.613098 523.261780 121.336502,
				 -556.348083 531.476135 121.336487,
				 -550.375732 508.626160 86.791458,
				 -493.541687 480.526062 18.701401,
				 -483.989075 445.101135 -27.714523,
				 -494.511719 443.859680 -27.714508,
				 -494.511719 443.859680 -27.714508,
				 -506.584534 514.606140 45.643932,
				 -493.541687 480.526062 18.701401,
				 -509.361572 471.802795 18.701431,
				 -509.361572 471.802795 18.701431,
				 -550.375732 508.626160 86.791458,
				 -506.584534 514.606140 45.643932,
				 -535.671692 473.669067 45.644012,
				 -535.671692 473.669067 45.644012,
				 185.909271 704.664551 121.335464,
				 255.889313 745.487366 151.012329,
				 224.542572 695.155090 136.274033,
				 224.542572 695.155090 136.274033,
				 297.604980 696.950378 151.012344,
				 226.041595 665.767090 121.335464,
				 297.604980 696.950378 151.012344,
				 226.041595 665.767090 121.335464,
				 297.604980 696.950378 151.012344,
				 272.054443 641.010132 136.274033,
				 239.349213 627.836670 121.335495,
				 272.054443 641.010132 136.274033,
				 252.081909 602.748901 121.335495,
				 252.081909 602.748901 121.335495,
				 223.675537 606.774292 121.335526,
				 239.349213 627.836670 121.335495,
				 226.815460 601.426270 121.335526,
				 226.815460 601.426270 121.335526,
				 223.675537 606.774292 121.335526,
				 223.667328 595.611694 121.335541,
				 214.196625 590.430054 45.643044,
				 223.667328 595.611694 121.335541,
				 263.173889 539.664795 121.335556,
				 263.173889 539.664795 121.335556,
				 265.417480 533.540161 121.335571,
				 265.417480 533.540161 121.335571,
				 298.448181 526.193481 121.335541,
				 265.812256 527.162354 86.790535,
				 285.547241 504.960876 86.790543,
				 298.448181 526.193481 121.335541,
				 291.805054 497.015442 86.790543,
				 291.805054 497.015442 86.790543,
				 329.438477 486.846985 121.335556,
				 294.001160 488.526062 86.790550,
				 329.438477 486.846985 121.335556,
				 294.001160 488.526062 86.790550,
				 329.438477 486.846985 121.335556,
				 294.220337 476.913025 86.790558,
				 261.263428 459.805786 18.700592,
				 294.220337 476.913025 86.790558,
				 301.824036 467.258240 86.790565,
				 301.824036 467.258240 86.790565,
				 315.649536 449.705566 86.790573,
				 305.376770 434.784912 45.643124,
				 315.649536 449.705566 86.790573,
				 305.376770 434.784912 45.643124,
				 331.380005 407.020386 45.643127,
				 303.488342 398.499634 18.700623,
				 331.380005 407.020386 45.643127,
				 303.488342 398.499634 18.700623,
				 310.042419 385.076416 18.700623,
				 283.895447 364.968689 -27.715286,
				 310.042419 385.076416 18.700623,
				 283.895447 364.968689 -27.715286,
				 299.438110 345.236511 -27.715271,
				 294.917480 316.177582 -27.715225,
				 299.438110 345.236511 -27.715271,
				 239.984711 366.582855 -67.528824,
				 294.917480 316.177582 -27.715225,
				 269.019897 288.267334 -67.528763,
				 202.037140 323.338470 -108.476212,
				 269.019897 288.267334 -67.528763,
				 206.055023 301.552063 -108.476212,
				 206.055023 301.552063 -108.476212,
				 157.639618 307.434296 -148.489822,
				 202.037140 323.338470 -108.476212,
				 160.323456 298.295471 -148.489822,
				 160.323456 298.295471 -148.489822,
				 112.028290 282.751099 -180.234146,
				 155.990814 312.424469 -148.489822,
				 157.639618 307.434296 -148.489822,
				 112.028290 282.751099 -180.234146,
				 114.287079 279.883575 -180.234146,
				 108.375214 257.279724 -180.234085,
				 114.287079 279.883575 -180.234146,
				 108.375214 257.279724 -180.234085,
				 140.510956 229.553192 -148.489700,
				 100.760361 191.690598 -148.489639,
				 140.510956 229.553192 -148.489700,
				 55.904556 246.287445 -180.234024,
				 100.760361 191.690598 -148.489639,
				 75.923965 180.769760 -148.489578,
				 75.923965 180.769760 -148.489578,
				 55.904556 246.287445 -180.234024,
				 55.426590 178.098129 -148.489578,
				 40.876663 179.656952 -148.489548,
				 55.426590 178.098129 -148.489578,
				 29.858139 184.959045 -148.489548,
				 40.876663 179.656952 -148.489548,
				 23.153320 134.021011 -108.475784,
				 23.153320 134.021011 -108.475784,
				 -17.356544 169.079941 -108.475784,
				 12.304611 206.838303 -148.489548,
				 29.858139 184.959045 -148.489548,
				 -17.356544 169.079941 -108.475784,
				 -6.188690 235.654053 -148.489578,
				 20.336929 248.947433 -180.233994,
				 12.304611 206.838303 -148.489548,
				 -39.540253 232.640228 -108.475845,
				 -6.188690 235.654053 -148.489578,
				 -25.646858 207.828400 -108.475845,
				 -25.646858 207.828400 -108.475845,
				 -39.540253 232.640228 -108.475845,
				 -25.646858 207.828400 -108.475845,
				 -25.927849 186.948364 -108.475815,
				 -155.103378 52.486847 -108.475510,
				 -25.927849 186.948364 -108.475815,
				 -17.356544 169.079941 -108.475784,
				 -200.584442 84.689270 -108.475479,
				 -155.103378 52.486847 -108.475510,
				 -198.157318 19.052032 -148.489090,
				 -198.157318 19.052032 -148.489090,
				 -261.914764 39.231201 -148.489029,
				 -200.584442 84.689270 -108.475479,
				 -198.157318 19.052032 -148.489090,
				 -288.050934 112.731148 -108.475418,
				 -261.914764 39.231201 -148.489029,
				 -293.058380 47.066925 -148.489029,
				 -337.796143 103.866081 -108.475357,
				 -303.731567 116.419968 -108.475418,
				 -293.058380 47.066925 -148.489029,
				 -439.879395 356.565125 -108.475540,
				 -442.968750 346.319763 -108.475540,
				 -446.849365 344.282867 -108.475540,
				 -442.968750 346.319763 -108.475540,
				 -439.844055 350.640991 -108.475540,
				 -409.520203 333.605347 -67.528061,
				 -439.844055 350.640991 -108.475540,
				 -541.810242 265.005249 -27.714249,
				 -466.159180 310.958740 -67.527969,
				 -451.821167 291.020538 -67.527969,
				 -541.810242 265.005249 -27.714249,
				 -453.269043 343.106567 -108.475540,
				 -446.849365 344.282867 -108.475540,
				 -466.159180 310.958740 -67.527969,
				 -453.269043 343.106567 -108.475540,
				 -434.570923 277.856384 -67.527969,
				 -541.810242 265.005249 -27.714249,
				 -451.821167 291.020538 -67.527969,
				 -528.927490 227.004791 -27.714218,
				 -528.927490 227.004791 -27.714218,
				 -445.446167 283.793335 -67.527969,
				 -434.570923 277.856384 -67.527969,
				 -380.741455 149.596588 -67.527878,
				 -337.796143 103.866081 -108.475357,
				 -393.807922 71.427673 -108.475266,
				 -393.807922 71.427673 -108.475266,
				 -527.188171 165.342499 -27.714142,
				 -434.570923 277.856384 -67.527969,
				 -380.741455 149.596588 -67.527878,
				 -527.188171 165.342499 -27.714142,
				 -439.844055 350.640991 -108.475540,
				 -408.527893 337.621155 -67.528076,
				 -409.520203 333.605347 -67.528061,
				 -439.879395 356.565125 -108.475540,
				 -408.527893 337.621155 -67.528076,
				 -439.215942 351.551880 -108.475540,
				 -439.215942 351.551880 -108.475540,
				 -437.634460 378.834229 -67.528091,
				 -439.879395 356.565125 -108.475540,
				 -444.633240 366.515228 -108.475540,
				 -444.633240 366.515228 -108.475540,
				 -455.819092 405.138550 -67.528091,
				 -448.463318 396.875977 -67.528091,
				 -459.885986 382.317871 -108.475571,
				 -459.885986 382.317871 -108.475571,
				 -455.326721 380.091797 -108.475571,
				 -437.634460 378.834229 -67.528091,
				 -451.180664 375.549072 -108.475571,
				 -451.180664 375.549072 -108.475571,
				 -459.885986 382.317871 -108.475571,
				 -448.463318 396.875977 -67.528091,
				 -455.326721 380.091797 -108.475571,
				 -465.125671 408.418823 -67.528091,
				 -455.819092 405.138550 -67.528091,
				 -462.809631 382.539795 -108.475540,
				 -462.809631 382.539795 -108.475540,
				 -458.326233 437.065613 -27.714539,
				 -465.125671 408.418823 -67.528091,
				 -472.289490 409.114502 -67.528091,
				 -493.243286 432.567444 -27.714493,
				 -476.497192 440.477417 -27.714523,
				 -472.289490 409.114502 -67.528091,
				 -493.243286 432.567444 -27.714493,
				 -493.243286 432.567444 -27.714493,
				 -483.989075 445.101135 -27.714523,
				 -476.497192 440.477417 -27.714523,
				 145.528046 907.816284 151.012253,
				 183.369843 929.877808 180.231064,
				 192.711029 921.931763 180.231064,
				 166.877411 889.659302 151.012253,
				 192.711029 921.931763 180.231064,
				 166.877411 889.659302 151.012253,
				 192.711029 921.931763 180.231064,
				 203.504852 912.160461 180.231064,
				 191.543488 867.325745 151.012253,
				 203.504852 912.160461 180.231064,
				 191.543488 867.325745 151.012253,
				 222.744537 892.050354 180.231064,
				 233.125885 872.979797 180.231079,
				 215.268097 823.742432 151.012283,
				 222.744537 892.050354 180.231064,
				 233.125885 872.979797 180.231079,
				 215.268097 823.742432 151.012283,
				 273.851196 814.370422 180.231094,
				 279.011536 796.144653 180.231125,
				 227.060638 782.089172 151.012314,
				 273.851196 814.370422 180.231094,
				 279.011536 796.144653 180.231125,
				 227.060638 782.089172 151.012314,
				 279.011536 796.144653 180.231125,
				 291.625732 780.128052 180.231125,
				 255.889313 745.487366 151.012329,
				 291.625732 780.128052 180.231125,
				 -564.865845 560.584229 151.013474,
				 -576.475403 561.353271 180.232346,
				 -572.201721 565.458069 180.232346,
				 -576.475403 561.353271 180.232346,
				 -570.613098 523.261780 121.336502,
				 -581.359680 551.176758 180.232361,
				 -576.475403 561.353271 180.232346,
				 -564.865845 560.584229 151.013474,
				 -581.359680 551.176758 180.232361,
				 -570.613098 523.261780 121.336502,
				 -550.375732 508.626160 86.791458,
				 -579.233887 507.380981 121.336533,
				 -579.233887 507.380981 121.336533,
				 -494.511719 443.859680 -27.714508,
				 -483.989075 445.101135 -27.714523,
				 -493.243286 432.567444 -27.714493,
				 -509.361572 471.802795 18.701431,
				 -493.541687 480.526062 18.701401,
				 -494.511719 443.859680 -27.714508,
				 -535.671692 473.669067 45.644012,
				 -506.584534 514.606140 45.643932,
				 -509.361572 471.802795 18.701431,
				 -579.233887 507.380981 121.336533,
				 -550.375732 508.626160 86.791458,
				 -535.671692 473.669067 45.644012,
				 224.542572 695.155090 136.274033,
				 255.889313 745.487366 151.012329,
				 297.604980 696.950378 151.012344,
				 297.604980 696.950378 151.012344,
				 340.959351 624.260376 151.012375,
				 272.054443 641.010132 136.274033,
				 340.959351 624.260376 151.012375,
				 272.054443 641.010132 136.274033,
				 292.856995 605.343994 136.274063,
				 252.081909 602.748901 121.335495,
				 292.856995 605.343994 136.274063,
				 252.081909 602.748901 121.335495,
				 264.737183 577.809448 121.335526,
				 300.274902 583.672852 136.274063,
				 270.002014 559.380676 121.335526,
				 300.274902 583.672852 136.274063,
				 298.448181 526.193481 121.335541,
				 298.448181 526.193481 121.335541,
				 329.438477 486.846985 121.335556,
				 291.805054 497.015442 86.790543,
				 294.220337 476.913025 86.790558,
				 329.438477 486.846985 121.335556,
				 301.824036 467.258240 86.790565,
				 301.824036 467.258240 86.790565,
				 329.438477 486.846985 121.335556,
				 315.649536 449.705566 86.790573,
				 305.376770 434.784912 45.643124,
				 315.649536 449.705566 86.790573,
				 331.380005 407.020386 45.643127,
				 303.488342 398.499634 18.700623,
				 331.380005 407.020386 45.643127,
				 310.042419 385.076416 18.700623,
				 283.895447 364.968689 -27.715286,
				 310.042419 385.076416 18.700623,
				 299.438110 345.236511 -27.715271,
				 299.438110 345.236511 -27.715271,
				 342.894348 318.202820 18.700668,
				 294.917480 316.177582 -27.715225,
				 342.894348 318.202820 18.700668,
				 269.019897 288.267334 -67.528763,
				 294.917480 316.177582 -27.715225,
				 296.212158 302.960052 -27.715225,
				 296.212158 302.960052 -27.715225,
				 206.055023 301.552063 -108.476212,
				 269.019897 288.267334 -67.528763,
				 210.021027 280.046753 -108.476181,
				 210.021027 280.046753 -108.476181,
				 160.323456 298.295471 -148.489822,
				 202.037140 323.338470 -108.476212,
				 206.055023 301.552063 -108.476212,
				 114.287079 279.883575 -180.234146,
				 157.639618 307.434296 -148.489822,
				 160.323456 298.295471 -148.489822,
				 112.028290 282.751099 -180.234146,
				 157.639618 307.434296 -148.489822,
				 114.287079 279.883575 -180.234146,
				 112.433319 260.062683 -180.234116,
				 112.433319 260.062683 -180.234116,
				 108.375214 257.279724 -180.234085,
				 117.423187 261.730957 -180.234116,
				 140.510956 229.553192 -148.489700,
				 117.423187 261.730957 -180.234116,
				 100.760361 191.690598 -148.489639,
				 140.510956 229.553192 -148.489700,
				 167.254303 201.026489 -108.476028,
				 167.254303 201.026489 -108.476028,
				 75.923965 180.769760 -148.489578,
				 100.760361 191.690598 -148.489639,
				 123.939667 162.856979 -108.475967,
				 123.939667 162.856979 -108.475967,
				 55.904556 246.287445 -180.234024,
				 75.923965 180.769760 -148.489578,
				 55.426590 178.098129 -148.489578,
				 40.876663 179.656952 -148.489548,
				 55.426590 178.098129 -148.489578,
				 51.015564 129.731018 -108.475845,
				 51.015564 129.731018 -108.475845,
				 40.876663 179.656952 -148.489548,
				 51.015564 129.731018 -108.475845,
				 23.153320 134.021011 -108.475784,
				 2.008987 144.493118 -108.475784,
				 29.858139 184.959045 -148.489548,
				 23.153320 134.021011 -108.475784,
				 2.008987 144.493118 -108.475784,
				 -25.927849 186.948364 -108.475815,
				 12.304611 206.838303 -148.489548,
				 -17.356544 169.079941 -108.475784,
				 -17.356544 169.079941 -108.475784,
				 29.858139 184.959045 -148.489548,
				 2.008987 144.493118 -108.475784,
				 -25.646858 207.828400 -108.475845,
				 -6.188690 235.654053 -148.489578,
				 12.304611 206.838303 -148.489548,
				 -25.646858 207.828400 -108.475845,
				 12.304611 206.838303 -148.489548,
				 -25.927849 186.948364 -108.475815,
				 -155.103378 52.486847 -108.475510,
				 -17.356544 169.079941 -108.475784,
				 -118.472321 31.824310 -108.475540,
				 -118.472321 31.824310 -108.475540,
				 -198.157318 19.052032 -148.489090,
				 -155.103378 52.486847 -108.475510,
				 -198.133347 14.915733 -148.489090,
				 -198.133347 14.915733 -148.489090,
				 -261.914764 39.231201 -148.489029,
				 -198.157318 19.052032 -148.489090,
				 -198.133347 14.915733 -148.489090,
				 -293.058380 47.066925 -148.489029,
				 -261.914764 39.231201 -148.489029,
				 -296.463135 -33.376297 -180.233292,
				 -296.463135 -33.376297 -180.233292,
				 -337.796143 103.866081 -108.475357,
				 -293.058380 47.066925 -148.489029,
				 -329.761169 39.320183 -148.488968,
				 -329.761169 39.320183 -148.488968,
				 -439.844055 350.640991 -108.475540,
				 -453.269043 343.106567 -108.475540,
				 -536.273682 310.834045 -27.714310,
				 -466.159180 310.958740 -67.527969,
				 -541.810242 265.005249 -27.714249,
				 -536.273682 310.834045 -27.714310,
				 -457.794373 343.398254 -108.475540,
				 -453.269043 343.106567 -108.475540,
				 -466.159180 310.958740 -67.527969,
				 -457.794373 343.398254 -108.475540,
				 -574.348083 256.954926 18.701759,
				 -541.810242 265.005249 -27.714249,
				 -528.927490 227.004791 -27.714218,
				 -574.348083 256.954926 18.701759,
				 -528.927490 227.004791 -27.714218,
				 -434.570923 277.856384 -67.527969,
				 -527.188171 165.342499 -27.714142,
				 -393.807922 71.427673 -108.475266,
				 -337.796143 103.866081 -108.475357,
				 -329.761169 39.320183 -148.488968,
				 -452.564819 90.107224 -67.527725,
				 -380.741455 149.596588 -67.527878,
				 -393.807922 71.427673 -108.475266,
				 -452.564819 90.107224 -67.527725,
				 -527.188171 165.342499 -27.714142,
				 -380.741455 149.596588 -67.527878,
				 -452.564819 90.107224 -67.527725,
				 -439.844055 350.640991 -108.475540,
				 -439.215942 351.551880 -108.475540,
				 -408.527893 337.621155 -67.528076,
				 -439.215942 351.551880 -108.475540,
				 -461.694031 346.387543 -108.475540,
				 -444.633240 366.515228 -108.475540,
				 -461.694031 346.387543 -108.475540,
				 -451.180664 375.549072 -108.475571,
				 -437.634460 378.834229 -67.528091,
				 -444.633240 366.515228 -108.475540,
				 -455.819092 405.138550 -67.528091,
				 -459.885986 382.317871 -108.475571,
				 -462.809631 382.539795 -108.475540,
				 -465.845398 381.290039 -108.475540,
				 -455.326721 380.091797 -108.475571,
				 -451.180664 375.549072 -108.475571,
				 -465.845398 381.290039 -108.475540,
				 -459.885986 382.317871 -108.475571,
				 -465.125671 408.418823 -67.528091,
				 -462.809631 382.539795 -108.475540,
				 -465.845398 381.290039 -108.475540,
				 -472.289490 409.114502 -67.528091,
				 -465.125671 408.418823 -67.528091,
				 -465.845398 381.290039 -108.475540,
				 -493.243286 432.567444 -27.714493,
				 -472.289490 409.114502 -67.528091,
				 -484.695984 404.443481 -67.528061,
				 -484.695984 404.443481 -67.528061,
				 191.543488 867.325745 151.012253,
				 203.504852 912.160461 180.231064,
				 222.744537 892.050354 180.231064,
				 215.268097 823.742432 151.012283,
				 233.125885 872.979797 180.231079,
				 273.851196 814.370422 180.231094,
				 255.889313 745.487366 151.012329,
				 291.625732 780.128052 180.231125,
				 309.879578 758.890198 180.231125,
				 297.604980 696.950378 151.012344,
				 309.879578 758.890198 180.231125,
				 -570.613098 523.261780 121.336502,
				 -587.822876 546.783936 180.232376,
				 -581.359680 551.176758 180.232361,
				 -587.822876 546.783936 180.232376,
				 -602.343994 524.768982 151.013550,
				 -570.613098 523.261780 121.336502,
				 -579.233887 507.380981 121.336533,
				 -602.343994 524.768982 151.013550,
				 -520.258911 452.497498 18.701469,
				 -494.511719 443.859680 -27.714508,
				 -493.243286 432.567444 -27.714493,
				 -520.258911 452.497498 18.701469,
				 -509.361572 471.802795 18.701431,
				 -494.511719 443.859680 -27.714508,
				 -520.258911 452.497498 18.701469,
				 -535.671692 473.669067 45.644012,
				 -509.361572 471.802795 18.701431,
				 -520.258911 452.497498 18.701469,
				 -579.233887 507.380981 121.336533,
				 -535.671692 473.669067 45.644012,
				 -584.633179 457.439209 86.791565,
				 -584.633179 457.439209 86.791565,
				 297.604980 696.950378 151.012344,
				 345.474731 708.091736 180.231155,
				 364.444702 676.283813 180.231155,
				 340.959351 624.260376 151.012375,
				 345.474731 708.091736 180.231155,
				 364.444702 676.283813 180.231155,
				 272.054443 641.010132 136.274033,
				 340.959351 624.260376 151.012375,
				 292.856995 605.343994 136.274063,
				 252.081909 602.748901 121.335495,
				 292.856995 605.343994 136.274063,
				 264.737183 577.809448 121.335526,
				 264.737183 577.809448 121.335526,
				 292.856995 605.343994 136.274063,
				 300.274902 583.672852 136.274063,
				 270.002014 559.380676 121.335526,
				 300.274902 583.672852 136.274063,
				 310.098328 562.077820 136.274094,
				 310.098328 562.077820 136.274094,
				 270.002014 559.380676 121.335526,
				 310.098328 562.077820 136.274094,
				 298.448181 526.193481 121.335541,
				 298.448181 526.193481 121.335541,
				 340.247620 505.714478 136.274124,
				 329.438477 486.846985 121.335556,
				 340.247620 505.714478 136.274124,
				 329.438477 486.846985 121.335556,
				 345.093689 462.587646 121.335556,
				 315.649536 449.705566 86.790573,
				 345.093689 462.587646 121.335556,
				 315.649536 449.705566 86.790573,
				 360.749390 438.329224 121.335587,
				 331.380005 407.020386 45.643127,
				 360.749390 438.329224 121.335587,
				 310.042419 385.076416 18.700623,
				 331.380005 407.020386 45.643127,
				 323.063599 378.771606 18.700623,
				 323.063599 378.771606 18.700623,
				 310.042419 385.076416 18.700623,
				 323.063599 378.771606 18.700623,
				 299.438110 345.236511 -27.715271,
				 299.438110 345.236511 -27.715271,
				 340.114807 344.353455 18.700638,
				 342.894348 318.202820 18.700668,
				 340.114807 344.353455 18.700638,
				 294.917480 316.177582 -27.715225,
				 342.894348 318.202820 18.700668,
				 296.212158 302.960052 -27.715225,
				 269.019897 288.267334 -67.528763,
				 296.212158 302.960052 -27.715225,
				 298.422546 295.518860 -27.715210,
				 298.422546 295.518860 -27.715210,
				 210.021027 280.046753 -108.476181,
				 269.019897 288.267334 -67.528763,
				 219.147736 265.190826 -108.476181,
				 219.147736 265.190826 -108.476181,
				 166.861115 281.548767 -148.489822,
				 206.055023 301.552063 -108.476212,
				 210.021027 280.046753 -108.476181,
				 166.861115 281.548767 -148.489822,
				 160.323456 298.295471 -148.489822,
				 206.055023 301.552063 -108.476212,
				 165.021820 289.495239 -148.489822,
				 165.021820 289.495239 -148.489822,
				 114.287079 279.883575 -180.234146,
				 160.323456 298.295471 -148.489822,
				 117.901215 275.295410 -180.234146,
				 117.901215 275.295410 -180.234146,
				 117.238007 265.993195 -180.234146,
				 117.238007 265.993195 -180.234146,
				 117.423187 261.730957 -180.234116,
				 117.423187 261.730957 -180.234116,
				 157.707001 254.289749 -148.489761,
				 140.510956 229.553192 -148.489700,
				 157.707001 254.289749 -148.489761,
				 140.510956 229.553192 -148.489700,
				 157.707001 254.289749 -148.489761,
				 167.254303 201.026489 -108.476028,
				 100.760361 191.690598 -148.489639,
				 167.254303 201.026489 -108.476028,
				 123.939667 162.856979 -108.475967,
				 75.923965 180.769760 -148.489578,
				 123.939667 162.856979 -108.475967,
				 83.938904 140.088867 -108.475876,
				 83.938904 140.088867 -108.475876,
				 55.426590 178.098129 -148.489578,
				 75.923965 180.769760 -148.489578,
				 83.938904 140.088867 -108.475876,
				 55.426590 178.098129 -148.489578,
				 83.938904 140.088867 -108.475876,
				 51.015564 129.731018 -108.475845,
				 23.153320 134.021011 -108.475784,
				 51.015564 129.731018 -108.475845,
				 58.159042 46.890030 -67.528244,
				 58.159042 46.890030 -67.528244,
				 2.008987 144.493118 -108.475784,
				 23.153320 134.021011 -108.475784,
				 -54.565796 -1.121666 -108.475540,
				 -54.565796 -1.121666 -108.475540,
				 -17.356544 169.079941 -108.475784,
				 -94.078499 22.627342 -108.475540,
				 -94.078499 22.627342 -108.475540,
				 -118.472321 31.824310 -108.475540,
				 -198.133347 14.915733 -148.489090,
				 -155.103378 52.486847 -108.475510,
				 -118.472321 31.824310 -108.475540,
				 -261.914764 39.231201 -148.489029,
				 -198.133347 14.915733 -148.489090,
				 -260.752045 -63.561340 -180.233292,
				 -260.752045 -63.561340 -180.233292,
				 -261.914764 39.231201 -148.489029,
				 -260.752045 -63.561340 -180.233292,
				 -296.463135 -33.376297 -180.233292,
				 -293.058380 47.066925 -148.489029,
				 -296.463135 -33.376297 -180.233292,
				 -319.996338 -26.020355 -180.233292,
				 -319.996338 -26.020355 -180.233292,
				 -329.761169 39.320183 -148.488968,
				 -293.058380 47.066925 -148.489029,
				 -319.996338 -26.020355 -180.233292,
				 -536.273682 310.834045 -27.714310,
				 -479.907349 331.901825 -67.527985,
				 -466.159180 310.958740 -67.527969,
				 -479.907349 331.901825 -67.527985,
				 -582.492065 303.145386 45.644268,
				 -536.273682 310.834045 -27.714310,
				 -541.810242 265.005249 -27.714249,
				 -582.492065 303.145386 45.644268,
				 -457.794373 343.398254 -108.475540,
				 -479.907349 331.901825 -67.527985,
				 -457.794373 343.398254 -108.475540,
				 -466.159180 310.958740 -67.527969,
				 -589.251404 280.675018 45.644302,
				 -541.810242 265.005249 -27.714249,
				 -574.348083 256.954926 18.701759,
				 -589.251404 280.675018 45.644302,
				 -610.181519 219.828766 45.644398,
				 -574.348083 256.954926 18.701759,
				 -528.927490 227.004791 -27.714218,
				 -610.181519 219.828766 45.644398,
				 -596.610107 184.587006 18.701874,
				 -528.927490 227.004791 -27.714218,
				 -527.188171 165.342499 -27.714142,
				 -596.610107 184.587006 18.701874,
				 -393.807922 71.427673 -108.475266,
				 -329.761169 39.320183 -148.488968,
				 -392.315308 6.937744 -148.488846,
				 -392.315308 6.937744 -148.488846,
				 -452.564819 90.107224 -67.527725,
				 -393.807922 71.427673 -108.475266,
				 -429.795837 43.677071 -108.475174,
				 -429.795837 43.677071 -108.475174,
				 -527.188171 165.342499 -27.714142,
				 -452.564819 90.107224 -67.527725,
				 -545.832581 90.870789 -27.714035,
				 -545.832581 90.870789 -27.714035,
				 -466.725098 352.774780 -108.475540,
				 -466.725098 352.774780 -108.475540,
				 -462.809631 382.539795 -108.475540,
				 -474.629822 364.209503 -108.475540,
				 -474.629822 364.209503 -108.475540,
				 -484.695984 404.443481 -67.528061,
				 -472.289490 409.114502 -67.528091,
				 -465.845398 381.290039 -108.475540,
				 -493.243286 432.567444 -27.714493,
				 -484.695984 404.443481 -67.528061,
				 -497.119873 389.153503 -67.528030,
				 -497.119873 389.153503 -67.528030,
				 297.604980 696.950378 151.012344,
				 309.879578 758.890198 180.231125,
				 345.474731 708.091736 180.231155,
				 -570.613098 523.261780 121.336502,
				 -592.569824 541.171387 180.232391,
				 -587.822876 546.783936 180.232376,
				 -592.569824 541.171387 180.232391,
				 -602.343994 524.768982 151.013550,
				 -601.613892 537.882568 180.232407,
				 -592.569824 541.171387 180.232391,
				 -570.613098 523.261780 121.336502,
				 -601.613892 537.882568 180.232407,
				 -579.233887 507.380981 121.336533,
				 -610.775391 503.701172 180.232452,
				 -613.934082 512.121582 180.232437,
				 -602.343994 524.768982 151.013550,
				 -610.775391 503.701172 180.232452,
				 -613.934082 512.121582 180.232437,
				 -556.776428 419.543274 45.644100,
				 -520.258911 452.497498 18.701469,
				 -493.243286 432.567444 -27.714493,
				 -556.776428 419.543274 45.644100,
				 -535.671692 473.669067 45.644012,
				 -520.258911 452.497498 18.701469,
				 -556.776428 419.543274 45.644100,
				 -584.633179 457.439209 86.791565,
				 -535.671692 473.669067 45.644012,
				 -556.776428 419.543274 45.644100,
				 -579.233887 507.380981 121.336533,
				 -584.633179 457.439209 86.791565,
				 -594.293457 469.243591 121.336594,
				 -594.293457 469.243591 121.336594,
				 340.959351 624.260376 151.012375,
				 364.444702 676.283813 180.231155,
				 376.984161 630.433716 180.231216,
				 376.984161 630.433716 180.231216,
				 292.856995 605.343994 136.274063,
				 340.959351 624.260376 151.012375,
				 300.274902 583.672852 136.274063,
				 300.274902 583.672852 136.274063,
				 369.558716 583.560486 151.012405,
				 310.098328 562.077820 136.274094,
				 369.558716 583.560486 151.012405,
				 310.098328 562.077820 136.274094,
				 332.683777 530.373901 136.274094,
				 298.448181 526.193481 121.335541,
				 332.683777 530.373901 136.274094,
				 298.448181 526.193481 121.335541,
				 332.683777 530.373901 136.274094,
				 340.247620 505.714478 136.274124,
				 340.247620 505.714478 136.274124,
				 339.234497 492.098389 136.274139,
				 329.438477 486.846985 121.335556,
				 339.234497 492.098389 136.274139,
				 329.438477 486.846985 121.335556,
				 339.234497 492.098389 136.274139,
				 345.093689 462.587646 121.335556,
				 315.649536 449.705566 86.790573,
				 345.093689 462.587646 121.335556,
				 360.749390 438.329224 121.335587,
				 331.380005 407.020386 45.643127,
				 360.749390 438.329224 121.335587,
				 368.768921 419.432800 121.335587,
				 368.768921 419.432800 121.335587,
				 331.380005 407.020386 45.643127,
				 358.214478 372.951233 45.643139,
				 323.063599 378.771606 18.700623,
				 358.214478 372.951233 45.643139,
				 299.438110 345.236511 -27.715271,
				 323.063599 378.771606 18.700623,
				 334.276611 351.766815 18.700638,
				 334.276611 351.766815 18.700638,
				 299.438110 345.236511 -27.715271,
				 334.276611 351.766815 18.700638,
				 340.114807 344.353455 18.700638,
				 340.114807 344.353455 18.700638,
				 378.503571 347.190735 45.643147,
				 342.894348 318.202820 18.700668,
				 378.503571 347.190735 45.643147,
				 296.212158 302.960052 -27.715225,
				 342.894348 318.202820 18.700668,
				 298.422546 295.518860 -27.715210,
				 269.019897 288.267334 -67.528763,
				 298.422546 295.518860 -27.715210,
				 302.645386 285.543976 -27.715195,
				 302.645386 285.543976 -27.715195,
				 219.147736 265.190826 -108.476181,
				 269.019897 288.267334 -67.528763,
				 261.689819 236.441437 -67.528702,
				 261.689819 236.441437 -67.528702,
				 157.707001 254.289749 -148.489761,
				 210.021027 280.046753 -108.476181,
				 219.147736 265.190826 -108.476181,
				 165.021820 289.495239 -148.489822,
				 206.055023 301.552063 -108.476212,
				 166.861115 281.548767 -148.489822,
				 166.861115 281.548767 -148.489822,
				 210.021027 280.046753 -108.476181,
				 157.707001 254.289749 -148.489761,
				 160.323456 298.295471 -148.489822,
				 165.021820 289.495239 -148.489822,
				 165.331085 283.491272 -148.489822,
				 165.331085 283.491272 -148.489822,
				 117.901215 275.295410 -180.234146,
				 160.323456 298.295471 -148.489822,
				 165.331085 283.491272 -148.489822,
				 117.901215 275.295410 -180.234146,
				 117.238007 265.993195 -180.234146,
				 157.707001 254.289749 -148.489761,
				 117.423187 261.730957 -180.234116,
				 157.707001 254.289749 -148.489761,
				 219.147736 265.190826 -108.476181,
				 167.254303 201.026489 -108.476028,
				 123.939667 162.856979 -108.475967,
				 167.254303 201.026489 -108.476028,
				 202.437714 148.153732 -67.528519,
				 202.437714 148.153732 -67.528519,
				 83.938904 140.088867 -108.475876,
				 123.939667 162.856979 -108.475967,
				 158.345978 116.401581 -67.528442,
				 158.345978 116.401581 -67.528442,
				 51.015564 129.731018 -108.475845,
				 83.938904 140.088867 -108.475876,
				 58.159042 46.890030 -67.528244,
				 23.153320 134.021011 -108.475784,
				 58.159042 46.890030 -67.528244,
				 -54.565796 -1.121666 -108.475540,
				 -118.472321 31.824310 -108.475540,
				 -94.078499 22.627342 -108.475540,
				 -119.852844 -76.250000 -148.489090,
				 -119.852844 -76.250000 -148.489090,
				 -198.133347 14.915733 -148.489090,
				 -118.472321 31.824310 -108.475540,
				 -119.852844 -76.250000 -148.489090,
				 -260.752045 -63.561340 -180.233292,
				 -198.133347 14.915733 -148.489090,
				 -119.852844 -76.250000 -148.489090,
				 -296.463135 -33.376297 -180.233292,
				 -260.752045 -63.561340 -180.233292,
				 -263.433533 -71.533249 -180.233292,
				 -263.433533 -71.533249 -180.233292,
				 -346.016479 -40.938614 -180.233231,
				 -319.996338 -26.020355 -180.233292,
				 -346.016479 -40.938614 -180.233231,
				 -392.315308 6.937744 -148.488846,
				 -329.761169 39.320183 -148.488968,
				 -319.996338 -26.020355 -180.233292,
				 -536.273682 310.834045 -27.714310,
				 -484.812927 349.645325 -67.528000,
				 -479.907349 331.901825 -67.527985,
				 -484.812927 349.645325 -67.528000,
				 -582.204285 314.904602 45.644253,
				 -536.273682 310.834045 -27.714310,
				 -582.492065 303.145386 45.644268,
				 -582.204285 314.904602 45.644253,
				 -582.492065 303.145386 45.644268,
				 -541.810242 265.005249 -27.714249,
				 -589.251404 280.675018 45.644302,
				 -479.907349 331.901825 -67.527985,
				 -461.694031 346.387543 -108.475540,
				 -457.794373 343.398254 -108.475540,
				 -589.251404 280.675018 45.644302,
				 -574.348083 256.954926 18.701759,
				 -589.806885 274.902130 45.644310,
				 -589.806885 274.902130 45.644310,
				 -598.356201 260.213257 45.644337,
				 -574.348083 256.954926 18.701759,
				 -610.181519 219.828766 45.644398,
				 -598.356201 260.213257 45.644337,
				 -610.181519 219.828766 45.644398,
				 -528.927490 227.004791 -27.714218,
				 -596.610107 184.587006 18.701874,
				 -596.610107 184.587006 18.701874,
				 -527.188171 165.342499 -27.714142,
				 -602.775513 144.108017 18.701927,
				 -602.775513 144.108017 18.701927,
				 -429.795837 43.677071 -108.475174,
				 -393.807922 71.427673 -108.475266,
				 -392.315308 6.937744 -148.488846,
				 -452.564819 90.107224 -67.527725,
				 -429.795837 43.677071 -108.475174,
				 -464.403809 2.921005 -108.475113,
				 -464.403809 2.921005 -108.475113,
				 -545.832581 90.870789 -27.714035,
				 -452.564819 90.107224 -67.527725,
				 -464.403809 2.921005 -108.475113,
				 -602.775513 144.108017 18.701927,
				 -527.188171 165.342499 -27.714142,
				 -545.832581 90.870789 -27.714035,
				 -479.907349 331.901825 -67.527985,
				 -466.725098 352.774780 -108.475540,
				 -461.694031 346.387543 -108.475540,
				 -473.656616 375.552795 -108.475540,
				 -473.656616 375.552795 -108.475540,
				 -484.695984 404.443481 -67.528061,
				 -465.845398 381.290039 -108.475540,
				 -473.656616 375.552795 -108.475540,
				 -497.119873 389.153503 -67.528030,
				 -484.695984 404.443481 -67.528061,
				 -473.656616 375.552795 -108.475540,
				 -556.776428 419.543274 45.644100,
				 -493.243286 432.567444 -27.714493,
				 -497.119873 389.153503 -67.528030,
				 -602.343994 524.768982 151.013550,
				 -605.706848 530.323303 180.232407,
				 -601.613892 537.882568 180.232407,
				 -605.706848 530.323303 180.232407,
				 -615.151672 478.274841 151.013626,
				 -619.538147 491.776733 180.232468,
				 -610.775391 503.701172 180.232452,
				 -579.233887 507.380981 121.336533,
				 -615.151672 478.274841 151.013626,
				 -619.538147 491.776733 180.232468,
				 -602.343994 524.768982 151.013550,
				 -613.934082 512.121582 180.232437,
				 -605.706848 530.323303 180.232407,
				 -584.633179 457.439209 86.791565,
				 -556.776428 419.543274 45.644100,
				 -582.551331 417.973755 86.791611,
				 -582.551331 417.973755 86.791611,
				 -594.293457 469.243591 121.336594,
				 -584.633179 457.439209 86.791565,
				 -600.590942 435.443970 121.336655,
				 -600.590942 435.443970 121.336655,
				 -615.151672 478.274841 151.013626,
				 -579.233887 507.380981 121.336533,
				 -594.293457 469.243591 121.336594,
				 340.959351 624.260376 151.012375,
				 376.984161 630.433716 180.231216,
				 389.498199 612.624756 180.231216,
				 369.558716 583.560486 151.012405,
				 389.498199 612.624756 180.231216,
				 300.274902 583.672852 136.274063,
				 340.959351 624.260376 151.012375,
				 369.558716 583.560486 151.012405,
				 310.098328 562.077820 136.274094,
				 369.558716 583.560486 151.012405,
				 332.683777 530.373901 136.274094,
				 332.683777 530.373901 136.274094,
				 372.667023 514.784912 151.012466,
				 340.247620 505.714478 136.274124,
				 372.667023 514.784912 151.012466,
				 340.247620 505.714478 136.274124,
				 378.502716 494.635498 151.012497,
				 339.234497 492.098389 136.274139,
				 378.502716 494.635498 151.012497,
				 339.234497 492.098389 136.274139,
				 382.374298 481.267273 151.012497,
				 345.093689 462.587646 121.335556,
				 382.374298 481.267273 151.012497,
				 345.093689 462.587646 121.335556,
				 370.370270 446.647705 151.012558,
				 360.749390 438.329224 121.335587,
				 370.370270 446.647705 151.012558,
				 360.749390 438.329224 121.335587,
				 370.370270 446.647705 151.012558,
				 368.768921 419.432800 121.335587,
				 331.380005 407.020386 45.643127,
				 368.768921 419.432800 121.335587,
				 358.214478 372.951233 45.643139,
				 323.063599 378.771606 18.700623,
				 358.214478 372.951233 45.643139,
				 338.546143 359.116089 18.700623,
				 338.546143 359.116089 18.700623,
				 323.063599 378.771606 18.700623,
				 338.546143 359.116089 18.700623,
				 334.276611 351.766815 18.700638,
				 340.114807 344.353455 18.700638,
				 340.114807 344.353455 18.700638,
				 358.214478 372.951233 45.643139,
				 378.503571 347.190735 45.643147,
				 342.894348 318.202820 18.700668,
				 378.503571 347.190735 45.643147,
				 390.939240 331.403351 45.643150,
				 390.939240 331.403351 45.643150,
				 298.422546 295.518860 -27.715210,
				 342.894348 318.202820 18.700668,
				 302.645386 285.543976 -27.715195,
				 269.019897 288.267334 -67.528763,
				 302.645386 285.543976 -27.715195,
				 300.683411 274.501709 -27.715195,
				 300.683411 274.501709 -27.715195,
				 269.019897 288.267334 -67.528763,
				 300.683411 274.501709 -27.715195,
				 261.689819 236.441437 -67.528702,
				 219.147736 265.190826 -108.476181,
				 261.689819 236.441437 -67.528702,
				 244.576385 198.258148 -67.528641,
				 244.576385 198.258148 -67.528641,
				 166.861115 281.548767 -148.489822,
				 157.707001 254.289749 -148.489761,
				 117.901215 275.295410 -180.234146,
				 165.331085 283.491272 -148.489822,
				 157.707001 254.289749 -148.489761,
				 117.901215 275.295410 -180.234146,
				 157.707001 254.289749 -148.489761,
				 117.238007 265.993195 -180.234146,
				 167.254303 201.026489 -108.476028,
				 219.147736 265.190826 -108.476181,
				 244.576385 198.258148 -67.528641,
				 167.254303 201.026489 -108.476028,
				 244.576385 198.258148 -67.528641,
				 202.437714 148.153732 -67.528519,
				 123.939667 162.856979 -108.475967,
				 202.437714 148.153732 -67.528519,
				 158.345978 116.401581 -67.528442,
				 83.938904 140.088867 -108.475876,
				 158.345978 116.401581 -67.528442,
				 58.159042 46.890030 -67.528244,
				 -54.565796 -1.121666 -108.475540,
				 58.159042 46.890030 -67.528244,
				 39.597748 2.223427 -67.528183,
				 39.597748 2.223427 -67.528183,
				 -78.253036 6.916039 -108.475540,
				 -78.253036 6.916039 -108.475540,
				 -94.078499 22.627342 -108.475540,
				 -78.253036 6.916039 -108.475540,
				 -119.852844 -76.250000 -148.489090,
				 -260.752045 -63.561340 -180.233292,
				 -119.852844 -76.250000 -148.489090,
				 -139.861252 -135.600952 -148.488968,
				 -139.861252 -135.600952 -148.488968,
				 -260.752045 -63.561340 -180.233292,
				 -139.861252 -135.600952 -148.488968,
				 -263.433533 -71.533249 -180.233292,
				 -392.315308 6.937744 -148.488846,
				 -319.996338 -26.020355 -180.233292,
				 -346.016479 -40.938614 -180.233231,
				 -554.137756 351.930084 18.701630,
				 -484.812927 349.645325 -67.528000,
				 -536.273682 310.834045 -27.714310,
				 -554.137756 351.930084 18.701630,
				 -484.812927 349.645325 -67.528000,
				 -466.725098 352.774780 -108.475540,
				 -479.907349 331.901825 -67.527985,
				 -578.567261 329.425842 45.644234,
				 -536.273682 310.834045 -27.714310,
				 -582.204285 314.904602 45.644253,
				 -578.567261 329.425842 45.644234,
				 -594.607849 318.207703 86.791733,
				 -582.204285 314.904602 45.644253,
				 -582.492065 303.145386 45.644268,
				 -594.607849 318.207703 86.791733,
				 -598.910950 280.019836 86.791786,
				 -582.492065 303.145386 45.644268,
				 -589.251404 280.675018 45.644302,
				 -598.910950 280.019836 86.791786,
				 -589.806885 274.902130 45.644310,
				 -574.348083 256.954926 18.701759,
				 -598.356201 260.213257 45.644337,
				 -598.910950 280.019836 86.791786,
				 -589.251404 280.675018 45.644302,
				 -589.806885 274.902130 45.644310,
				 -610.407288 254.668091 86.791832,
				 -598.356201 260.213257 45.644337,
				 -610.181519 219.828766 45.644398,
				 -610.407288 254.668091 86.791832,
				 -610.181519 219.828766 45.644398,
				 -596.610107 184.587006 18.701874,
				 -611.601624 203.775909 45.644417,
				 -611.601624 203.775909 45.644417,
				 -615.380554 173.732666 45.644455,
				 -596.610107 184.587006 18.701874,
				 -602.775513 144.108017 18.701927,
				 -615.380554 173.732666 45.644455,
				 -464.403809 2.921005 -108.475113,
				 -429.795837 43.677071 -108.475174,
				 -392.315308 6.937744 -148.488846,
				 -575.109558 57.399338 -27.713959,
				 -545.832581 90.870789 -27.714035,
				 -464.403809 2.921005 -108.475113,
				 -575.109558 57.399338 -27.713959,
				 -602.775513 144.108017 18.701927,
				 -545.832581 90.870789 -27.714035,
				 -617.638123 77.937164 18.702019,
				 -617.638123 77.937164 18.702019,
				 -484.812927 349.645325 -67.528000,
				 -474.629822 364.209503 -108.475540,
				 -466.725098 352.774780 -108.475540,
				 -476.471924 372.273285 -108.475540,
				 -476.471924 372.273285 -108.475540,
				 -497.119873 389.153503 -67.528030,
				 -473.656616 375.552795 -108.475540,
				 -496.815002 381.293518 -67.528030,
				 -496.815002 381.293518 -67.528030,
				 -556.776428 419.543274 45.644100,
				 -497.119873 389.153503 -67.528030,
				 -558.291077 398.940918 45.644127,
				 -558.291077 398.940918 45.644127,
				 -615.151672 478.274841 151.013626,
				 -625.331421 466.723328 180.232513,
				 -619.538147 491.776733 180.232468,
				 -625.331421 466.723328 180.232513,
				 -582.551331 417.973755 86.791611,
				 -556.776428 419.543274 45.644100,
				 -558.291077 398.940918 45.644127,
				 -600.590942 435.443970 121.336655,
				 -584.633179 457.439209 86.791565,
				 -582.551331 417.973755 86.791611,
				 -600.590942 435.443970 121.336655,
				 -624.156311 451.528442 180.232529,
				 -622.402344 460.941040 180.232513,
				 -594.293457 469.243591 121.336594,
				 -624.156311 451.528442 180.232529,
				 -622.402344 460.941040 180.232513,
				 -594.293457 469.243591 121.336594,
				 -622.402344 460.941040 180.232513,
				 -625.331421 466.723328 180.232513,
				 -615.151672 478.274841 151.013626,
				 369.558716 583.560486 151.012405,
				 389.498199 612.624756 180.231216,
				 401.428864 591.948608 180.231216,
				 401.428864 591.948608 180.231216,
				 332.683777 530.373901 136.274094,
				 369.558716 583.560486 151.012405,
				 374.449738 533.921021 151.012451,
				 374.449738 533.921021 151.012451,
				 332.683777 530.373901 136.274094,
				 374.449738 533.921021 151.012451,
				 372.667023 514.784912 151.012466,
				 340.247620 505.714478 136.274124,
				 372.667023 514.784912 151.012466,
				 378.502716 494.635498 151.012497,
				 339.234497 492.098389 136.274139,
				 378.502716 494.635498 151.012497,
				 382.374298 481.267273 151.012497,
				 345.093689 462.587646 121.335556,
				 382.374298 481.267273 151.012497,
				 370.370270 446.647705 151.012558,
				 370.370270 446.647705 151.012558,
				 393.445953 399.732483 121.335587,
				 368.768921 419.432800 121.335587,
				 393.445953 399.732483 121.335587,
				 368.768921 419.432800 121.335587,
				 386.443024 382.585510 86.790573,
				 358.214478 372.951233 45.643139,
				 386.443024 382.585510 86.790573,
				 338.546143 359.116089 18.700623,
				 358.214478 372.951233 45.643139,
				 340.114807 344.353455 18.700638,
				 358.214478 372.951233 45.643139,
				 386.443024 382.585510 86.790573,
				 378.503571 347.190735 45.643147,
				 378.503571 347.190735 45.643147,
				 399.187775 357.828186 86.790588,
				 390.939240 331.403351 45.643150,
				 399.187775 357.828186 86.790588,
				 342.894348 318.202820 18.700668,
				 390.939240 331.403351 45.643150,
				 393.251007 315.385986 45.643169,
				 393.251007 315.385986 45.643169,
				 302.645386 285.543976 -27.715195,
				 342.894348 318.202820 18.700668,
				 338.083618 275.654541 18.700729,
				 338.083618 275.654541 18.700729,
				 302.645386 285.543976 -27.715195,
				 338.083618 275.654541 18.700729,
				 300.683411 274.501709 -27.715195,
				 261.689819 236.441437 -67.528702,
				 300.683411 274.501709 -27.715195,
				 299.886353 221.450150 -27.715134,
				 299.886353 221.450150 -27.715134,
				 261.689819 236.441437 -67.528702,
				 299.886353 221.450150 -27.715134,
				 244.576385 198.258148 -67.528641,
				 202.437714 148.153732 -67.528519,
				 244.576385 198.258148 -67.528641,
				 294.091736 175.823517 -27.715073,
				 294.091736 175.823517 -27.715073,
				 158.345978 116.401581 -67.528442,
				 202.437714 148.153732 -67.528519,
				 196.845306 73.417084 -27.714828,
				 196.845306 73.417084 -27.714828,
				 58.159042 46.890030 -67.528244,
				 158.345978 116.401581 -67.528442,
				 196.845306 73.417084 -27.714828,
				 58.159042 46.890030 -67.528244,
				 53.537643 -26.683807 -67.528152,
				 39.597748 2.223427 -67.528183,
				 53.537643 -26.683807 -67.528152,
				 -54.565796 -1.121666 -108.475540,
				 39.597748 2.223427 -67.528183,
				 -47.307137 -14.762314 -108.475540,
				 -47.307137 -14.762314 -108.475540,
				 -47.307137 -14.762314 -108.475540,
				 -78.253036 6.916039 -108.475540,
				 -47.307137 -14.762314 -108.475540,
				 -119.852844 -76.250000 -148.489090,
				 -119.852844 -76.250000 -148.489090,
				 -118.244980 -110.981628 -148.489029,
				 -139.861252 -135.600952 -148.488968,
				 -118.244980 -110.981628 -148.489029,
				 -263.433533 -71.533249 -180.233292,
				 -139.861252 -135.600952 -148.488968,
				 -207.614838 -172.430283 -148.488846,
				 -207.614838 -172.430283 -148.488846,
				 -287.220398 -130.113449 -180.233200,
				 -287.220398 -130.113449 -180.233200,
				 -392.315308 6.937744 -148.488846,
				 -346.016479 -40.938614 -180.233231,
				 -394.530884 -85.789856 -180.233139,
				 -394.530884 -85.789856 -180.233139,
				 -554.137756 351.930084 18.701630,
				 -493.047546 370.062683 -67.528015,
				 -484.812927 349.645325 -67.528000,
				 -493.047546 370.062683 -67.528015,
				 -578.567261 329.425842 45.644234,
				 -554.137756 351.930084 18.701630,
				 -536.273682 310.834045 -27.714310,
				 -594.607849 318.207703 86.791733,
				 -578.567261 329.425842 45.644234,
				 -582.204285 314.904602 45.644253,
				 -606.510315 313.958923 121.336807,
				 -594.607849 318.207703 86.791733,
				 -582.492065 303.145386 45.644268,
				 -606.510315 313.958923 121.336807,
				 -606.510315 313.958923 121.336807,
				 -582.492065 303.145386 45.644268,
				 -598.910950 280.019836 86.791786,
				 -598.910950 280.019836 86.791786,
				 -589.806885 274.902130 45.644310,
				 -598.356201 260.213257 45.644337,
				 -616.341064 272.865692 151.013870,
				 -598.356201 260.213257 45.644337,
				 -610.407288 254.668091 86.791832,
				 -616.341064 272.865692 151.013870,
				 -610.407288 254.668091 86.791832,
				 -610.181519 219.828766 45.644398,
				 -617.559937 229.731903 86.791870,
				 -617.559937 229.731903 86.791870,
				 -611.601624 203.775909 45.644417,
				 -596.610107 184.587006 18.701874,
				 -615.380554 173.732666 45.644455,
				 -617.559937 229.731903 86.791870,
				 -610.181519 219.828766 45.644398,
				 -611.601624 203.775909 45.644417,
				 -615.380554 173.732666 45.644455,
				 -602.775513 144.108017 18.701927,
				 -623.382263 140.985840 45.644505,
				 -623.382263 140.985840 45.644505,
				 -464.403809 2.921005 -108.475113,
				 -392.315308 6.937744 -148.488846,
				 -446.183899 -40.824387 -148.488754,
				 -446.183899 -40.824387 -148.488754,
				 -617.638123 77.937164 18.702019,
				 -545.832581 90.870789 -27.714035,
				 -575.109558 57.399338 -27.713959,
				 -575.109558 57.399338 -27.713959,
				 -464.403809 2.921005 -108.475113,
				 -563.668335 -36.778366 -67.527451,
				 -563.668335 -36.778366 -67.527451,
				 -628.886169 118.977814 45.644539,
				 -602.775513 144.108017 18.701927,
				 -617.638123 77.937164 18.702019,
				 -628.886169 118.977814 45.644539,
				 -487.614319 361.338318 -67.528015,
				 -474.629822 364.209503 -108.475540,
				 -484.812927 349.645325 -67.528000,
				 -487.614319 361.338318 -67.528015,
				 -496.815002 381.293518 -67.528030,
				 -473.656616 375.552795 -108.475540,
				 -476.471924 372.273285 -108.475540,
				 -487.614319 361.338318 -67.528015,
				 -476.471924 372.273285 -108.475540,
				 -474.629822 364.209503 -108.475540,
				 -557.260864 390.216919 45.644135,
				 -497.119873 389.153503 -67.528030,
				 -496.815002 381.293518 -67.528030,
				 -557.260864 390.216919 45.644135,
				 -558.291077 398.940918 45.644127,
				 -497.119873 389.153503 -67.528030,
				 -557.260864 390.216919 45.644135,
				 -582.551331 417.973755 86.791611,
				 -558.291077 398.940918 45.644127,
				 -580.469482 378.508362 86.791649,
				 -580.469482 378.508362 86.791649,
				 -600.590942 435.443970 121.336655,
				 -582.551331 417.973755 86.791611,
				 -599.553406 396.728943 121.336685,
				 -599.553406 396.728943 121.336685,
				 -617.472046 430.523315 151.013672,
				 -626.347229 445.828918 180.232529,
				 -624.156311 451.528442 180.232529,
				 -600.590942 435.443970 121.336655,
				 -626.347229 445.828918 180.232529,
				 -617.472046 430.523315 151.013672,
				 369.558716 583.560486 151.012405,
				 401.428864 591.948608 180.231216,
				 404.755768 571.604126 180.231247,
				 404.755768 571.604126 180.231247,
				 369.558716 583.560486 151.012405,
				 404.755768 571.604126 180.231247,
				 406.896515 549.883850 180.231277,
				 374.449738 533.921021 151.012451,
				 406.896515 549.883850 180.231277,
				 374.449738 533.921021 151.012451,
				 411.390411 525.010132 180.231293,
				 410.610626 516.636963 180.231308,
				 372.667023 514.784912 151.012466,
				 411.390411 525.010132 180.231293,
				 410.610626 516.636963 180.231308,
				 372.667023 514.784912 151.012466,
				 410.610626 516.636963 180.231308,
				 413.164337 507.820618 180.231308,
				 378.502716 494.635498 151.012497,
				 413.164337 507.820618 180.231308,
				 378.502716 494.635498 151.012497,
				 412.992950 487.538696 180.231339,
				 414.687164 481.689270 180.231339,
				 382.374298 481.267273 151.012497,
				 412.992950 487.538696 180.231339,
				 414.687164 481.689270 180.231339,
				 382.374298 481.267273 151.012497,
				 414.687164 481.689270 180.231339,
				 409.434967 466.541077 180.231369,
				 370.370270 446.647705 151.012558,
				 409.434967 466.541077 180.231369,
				 370.370270 446.647705 151.012558,
				 420.005646 404.454468 151.012558,
				 393.445953 399.732483 121.335587,
				 420.005646 404.454468 151.012558,
				 368.768921 419.432800 121.335587,
				 393.445953 399.732483 121.335587,
				 386.443024 382.585510 86.790573,
				 386.443024 382.585510 86.790573,
				 399.187775 357.828186 86.790588,
				 378.503571 347.190735 45.643147,
				 399.187775 357.828186 86.790588,
				 413.775421 339.307434 86.790588,
				 390.939240 331.403351 45.643150,
				 413.775421 339.307434 86.790588,
				 390.939240 331.403351 45.643150,
				 395.195587 323.373077 45.643158,
				 393.251007 315.385986 45.643169,
				 395.195587 323.373077 45.643158,
				 342.894348 318.202820 18.700668,
				 393.251007 315.385986 45.643169,
				 392.406525 308.487183 45.643177,
				 392.406525 308.487183 45.643177,
				 342.894348 318.202820 18.700668,
				 395.002350 289.673218 45.643196,
				 338.083618 275.654541 18.700729,
				 395.002350 289.673218 45.643196,
				 300.683411 274.501709 -27.715195,
				 338.083618 275.654541 18.700729,
				 340.462769 242.144974 18.700760,
				 340.462769 242.144974 18.700760,
				 300.683411 274.501709 -27.715195,
				 340.462769 242.144974 18.700760,
				 299.886353 221.450150 -27.715134,
				 244.576385 198.258148 -67.528641,
				 299.886353 221.450150 -27.715134,
				 294.091736 175.823517 -27.715073,
				 202.437714 148.153732 -67.528519,
				 294.091736 175.823517 -27.715073,
				 330.891602 111.950500 18.700928,
				 330.891602 111.950500 18.700928,
				 202.437714 148.153732 -67.528519,
				 311.666748 60.888092 18.701004,
				 196.845306 73.417084 -27.714828,
				 311.666748 60.888092 18.701004,
				 58.159042 46.890030 -67.528244,
				 196.845306 73.417084 -27.714828,
				 115.634186 -41.703476 -27.714615,
				 115.634186 -41.703476 -27.714615,
				 58.159042 46.890030 -67.528244,
				 115.634186 -41.703476 -27.714615,
				 53.537643 -26.683807 -67.528152,
				 -47.307137 -14.762314 -108.475540,
				 39.597748 2.223427 -67.528183,
				 53.537643 -26.683807 -67.528152,
				 -119.852844 -76.250000 -148.489090,
				 -47.307137 -14.762314 -108.475540,
				 -28.587799 -77.956207 -108.475479,
				 -28.587799 -77.956207 -108.475479,
				 -119.852844 -76.250000 -148.489090,
				 -112.849312 -93.361938 -148.489059,
				 -118.244980 -110.981628 -148.489029,
				 -112.849312 -93.361938 -148.489059,
				 -139.861252 -135.600952 -148.488968,
				 -118.244980 -110.981628 -148.489029,
				 -104.705978 -164.351852 -108.475296,
				 -104.705978 -164.351852 -108.475296,
				 -207.614838 -172.430283 -148.488846,
				 -139.861252 -135.600952 -148.488968,
				 -156.123642 -188.779099 -108.475235,
				 -156.123642 -188.779099 -108.475235,
				 -263.433533 -71.533249 -180.233292,
				 -207.614838 -172.430283 -148.488846,
				 -287.220398 -130.113449 -180.233200,
				 -337.846802 -154.299484 -180.233109,
				 -337.846802 -154.299484 -180.233109,
				 -394.530884 -85.789856 -180.233139,
				 -446.183899 -40.824387 -148.488754,
				 -392.315308 6.937744 -148.488846,
				 -394.530884 -85.789856 -180.233139,
				 -554.137756 351.930084 18.701630,
				 -496.815002 381.293518 -67.528030,
				 -493.047546 370.062683 -67.528015,
				 -493.047546 370.062683 -67.528015,
				 -487.614319 361.338318 -67.528015,
				 -484.812927 349.645325 -67.528000,
				 -568.825806 347.179138 45.644199,
				 -554.137756 351.930084 18.701630,
				 -578.567261 329.425842 45.644234,
				 -568.825806 347.179138 45.644199,
				 -585.186096 340.118591 86.791702,
				 -578.567261 329.425842 45.644234,
				 -594.607849 318.207703 86.791733,
				 -585.186096 340.118591 86.791702,
				 -607.125000 324.898376 121.336777,
				 -594.607849 318.207703 86.791733,
				 -606.510315 313.958923 121.336807,
				 -607.125000 324.898376 121.336777,
				 -606.510315 313.958923 121.336807,
				 -598.910950 280.019836 86.791786,
				 -616.341064 272.865692 151.013870,
				 -616.341064 272.865692 151.013870,
				 -598.910950 280.019836 86.791786,
				 -598.356201 260.213257 45.644337,
				 -610.407288 254.668091 86.791832,
				 -653.104919 250.137604 180.232803,
				 -642.860352 259.463104 180.232773,
				 -616.341064 272.865692 151.013870,
				 -653.104919 250.137604 180.232803,
				 -642.860352 259.463104 180.232773,
				 -617.559937 229.731903 86.791870,
				 -654.504639 245.258255 180.232803,
				 -653.104919 250.137604 180.232803,
				 -610.407288 254.668091 86.791832,
				 -654.504639 245.258255 180.232803,
				 -630.536194 172.071182 86.791946,
				 -611.601624 203.775909 45.644417,
				 -615.380554 173.732666 45.644455,
				 -630.536194 172.071182 86.791946,
				 -648.583496 221.784393 151.013962,
				 -617.559937 229.731903 86.791870,
				 -611.601624 203.775909 45.644417,
				 -648.583496 221.784393 151.013962,
				 -623.382263 140.985840 45.644505,
				 -602.775513 144.108017 18.701927,
				 -628.886169 118.977814 45.644539,
				 -633.701416 154.284546 86.791977,
				 -615.380554 173.732666 45.644455,
				 -623.382263 140.985840 45.644505,
				 -633.701416 154.284546 86.791977,
				 -540.067261 -69.549866 -108.474930,
				 -464.403809 2.921005 -108.475113,
				 -446.183899 -40.824387 -148.488754,
				 -540.067261 -69.549866 -108.474930,
				 -617.638123 77.937164 18.702019,
				 -575.109558 57.399338 -27.713959,
				 -604.154114 3.793427 -27.713852,
				 -604.154114 3.793427 -27.713852,
				 -563.668335 -36.778366 -67.527451,
				 -464.403809 2.921005 -108.475113,
				 -540.067261 -69.549866 -108.474930,
				 -575.109558 57.399338 -27.713959,
				 -563.668335 -36.778366 -67.527451,
				 -604.154114 3.793427 -27.713852,
				 -628.886169 118.977814 45.644539,
				 -617.638123 77.937164 18.702019,
				 -634.319397 106.679749 45.644558,
				 -634.319397 106.679749 45.644558,
				 -496.815002 381.293518 -67.528030,
				 -476.471924 372.273285 -108.475540,
				 -493.047546 370.062683 -67.528015,
				 -493.047546 370.062683 -67.528015,
				 -476.471924 372.273285 -108.475540,
				 -487.614319 361.338318 -67.528015,
				 -557.260864 390.216919 45.644135,
				 -496.815002 381.293518 -67.528030,
				 -554.137756 351.930084 18.701630,
				 -558.291077 398.940918 45.644127,
				 -557.260864 390.216919 45.644135,
				 -560.845886 384.951599 45.644146,
				 -560.845886 384.951599 45.644146,
				 -580.469482 378.508362 86.791649,
				 -558.291077 398.940918 45.644127,
				 -560.845886 384.951599 45.644146,
				 -599.553406 396.728943 121.336685,
				 -582.551331 417.973755 86.791611,
				 -580.469482 378.508362 86.791649,
				 -617.472046 430.523315 151.013672,
				 -600.590942 435.443970 121.336655,
				 -599.553406 396.728943 121.336685,
				 -622.960266 381.710449 151.013748,
				 -628.748474 424.469604 180.232559,
				 -626.347229 445.828918 180.232529,
				 -617.472046 430.523315 151.013672,
				 -628.748474 424.469604 180.232559,
				 -622.960266 381.710449 151.013748,
				 374.449738 533.921021 151.012451,
				 406.896515 549.883850 180.231277,
				 411.390411 525.010132 180.231293,
				 378.502716 494.635498 151.012497,
				 413.164337 507.820618 180.231308,
				 412.992950 487.538696 180.231339,
				 370.370270 446.647705 151.012558,
				 409.434967 466.541077 180.231369,
				 431.153473 448.077820 180.231369,
				 420.005646 404.454468 151.012558,
				 431.153473 448.077820 180.231369,
				 393.445953 399.732483 121.335587,
				 420.005646 404.454468 151.012558,
				 386.443024 382.585510 86.790573,
				 386.443024 382.585510 86.790573,
				 428.044708 361.656067 121.335587,
				 399.187775 357.828186 86.790588,
				 428.044708 361.656067 121.335587,
				 399.187775 357.828186 86.790588,
				 428.044708 361.656067 121.335587,
				 413.775421 339.307434 86.790588,
				 390.939240 331.403351 45.643150,
				 413.775421 339.307434 86.790588,
				 395.195587 323.373077 45.643158,
				 395.195587 323.373077 45.643158,
				 417.957916 319.813782 86.790611,
				 393.251007 315.385986 45.643169,
				 417.957916 319.813782 86.790611,
				 393.251007 315.385986 45.643169,
				 411.137848 296.624634 86.790649,
				 392.406525 308.487183 45.643177,
				 411.137848 296.624634 86.790649,
				 342.894348 318.202820 18.700668,
				 392.406525 308.487183 45.643177,
				 395.002350 289.673218 45.643196,
				 338.083618 275.654541 18.700729,
				 395.002350 289.673218 45.643196,
				 402.005280 266.404816 45.643219,
				 402.005280 266.404816 45.643219,
				 338.083618 275.654541 18.700729,
				 402.005280 266.404816 45.643219,
				 340.462769 242.144974 18.700760,
				 299.886353 221.450150 -27.715134,
				 340.462769 242.144974 18.700760,
				 358.709778 193.847305 18.700798,
				 358.709778 193.847305 18.700798,
				 299.886353 221.450150 -27.715134,
				 358.709778 193.847305 18.700798,
				 294.091736 175.823517 -27.715073,
				 294.091736 175.823517 -27.715073,
				 343.482727 143.347702 18.700874,
				 330.891602 111.950500 18.700928,
				 343.482727 143.347702 18.700874,
				 202.437714 148.153732 -67.528519,
				 330.891602 111.950500 18.700928,
				 311.666748 60.888092 18.701004,
				 196.845306 73.417084 -27.714828,
				 311.666748 60.888092 18.701004,
				 286.399048 40.481552 18.701065,
				 286.399048 40.481552 18.701065,
				 115.634186 -41.703476 -27.714615,
				 196.845306 73.417084 -27.714828,
				 189.827789 -54.858185 18.701279,
				 189.827789 -54.858185 18.701279,
				 53.537643 -26.683807 -67.528152,
				 115.634186 -41.703476 -27.714615,
				 106.924026 -79.578598 -27.714554,
				 106.924026 -79.578598 -27.714554,
				 -47.307137 -14.762314 -108.475540,
				 53.537643 -26.683807 -67.528152,
				 -28.587799 -77.956207 -108.475479,
				 -119.852844 -76.250000 -148.489090,
				 -28.587799 -77.956207 -108.475479,
				 -112.849312 -93.361938 -148.489059,
				 -112.849312 -93.361938 -148.489059,
				 -53.707024 -122.843018 -108.475418,
				 -118.244980 -110.981628 -148.489029,
				 -53.707024 -122.843018 -108.475418,
				 -118.244980 -110.981628 -148.489029,
				 -53.707024 -122.843018 -108.475418,
				 -104.705978 -164.351852 -108.475296,
				 -139.861252 -135.600952 -148.488968,
				 -104.705978 -164.351852 -108.475296,
				 -156.123642 -188.779099 -108.475235,
				 -207.614838 -172.430283 -148.488846,
				 -156.123642 -188.779099 -108.475235,
				 -212.061310 -207.360397 -108.475143,
				 -212.061310 -207.360397 -108.475143,
				 -287.220398 -130.113449 -180.233200,
				 -207.614838 -172.430283 -148.488846,
				 -258.181488 -231.071762 -108.475052,
				 -258.181488 -231.071762 -108.475052,
				 -337.846802 -154.299484 -180.233109,
				 -287.220398 -130.113449 -180.233200,
				 -258.181488 -231.071762 -108.475052,
				 -416.381226 -139.216415 -180.233047,
				 -416.381226 -139.216415 -180.233047,
				 -491.959839 -98.739182 -148.488632,
				 -446.183899 -40.824387 -148.488754,
				 -394.530884 -85.789856 -180.233139,
				 -491.959839 -98.739182 -148.488632,
				 -580.469482 378.508362 86.791649,
				 -554.137756 351.930084 18.701630,
				 -568.825806 347.179138 45.644199,
				 -585.186096 340.118591 86.791702,
				 -568.825806 347.179138 45.644199,
				 -578.567261 329.425842 45.644234,
				 -601.284546 338.512054 121.336761,
				 -585.186096 340.118591 86.791702,
				 -594.607849 318.207703 86.791733,
				 -601.284546 338.512054 121.336761,
				 -601.284546 338.512054 121.336761,
				 -594.607849 318.207703 86.791733,
				 -607.125000 324.898376 121.336777,
				 -610.425537 320.266785 121.336807,
				 -607.125000 324.898376 121.336777,
				 -606.510315 313.958923 121.336807,
				 -610.425537 320.266785 121.336807,
				 -611.658936 317.947693 121.336807,
				 -606.510315 313.958923 121.336807,
				 -616.341064 272.865692 151.013870,
				 -611.658936 317.947693 121.336807,
				 -616.341064 272.865692 151.013870,
				 -642.860352 259.463104 180.232773,
				 -639.868408 287.362122 180.232742,
				 -639.868408 287.362122 180.232742,
				 -648.583496 221.784393 151.013962,
				 -656.969238 237.111633 180.232819,
				 -654.504639 245.258255 180.232803,
				 -617.559937 229.731903 86.791870,
				 -656.969238 237.111633 180.232819,
				 -648.583496 221.784393 151.013962,
				 -611.601624 203.775909 45.644417,
				 -630.536194 172.071182 86.791946,
				 -630.536194 172.071182 86.791946,
				 -615.380554 173.732666 45.644455,
				 -633.701416 154.284546 86.791977,
				 -636.358215 139.345947 86.791992,
				 -623.382263 140.985840 45.644505,
				 -628.886169 118.977814 45.644539,
				 -636.358215 139.345947 86.791992,
				 -633.701416 154.284546 86.791977,
				 -623.382263 140.985840 45.644505,
				 -636.358215 139.345947 86.791992,
				 -540.067261 -69.549866 -108.474930,
				 -446.183899 -40.824387 -148.488754,
				 -491.959839 -98.739182 -148.488632,
				 -651.151001 49.052277 45.644646,
				 -617.638123 77.937164 18.702019,
				 -604.154114 3.793427 -27.713852,
				 -651.151001 49.052277 45.644646,
				 -624.386963 -90.791199 -67.527328,
				 -563.668335 -36.778366 -67.527451,
				 -540.067261 -69.549866 -108.474930,
				 -624.386963 -90.791199 -67.527328,
				 -604.154114 3.793427 -27.713852,
				 -563.668335 -36.778366 -67.527451,
				 -649.903687 -73.343842 -27.713730,
				 -649.903687 -73.343842 -27.713730,
				 -634.319397 106.679749 45.644558,
				 -617.638123 77.937164 18.702019,
				 -636.521362 99.069458 45.644569,
				 -636.521362 99.069458 45.644569,
				 -639.329590 121.794739 86.792023,
				 -628.886169 118.977814 45.644539,
				 -634.319397 106.679749 45.644558,
				 -639.329590 121.794739 86.792023,
				 -560.845886 384.951599 45.644146,
				 -557.260864 390.216919 45.644135,
				 -554.137756 351.930084 18.701630,
				 -580.469482 378.508362 86.791649,
				 -560.845886 384.951599 45.644146,
				 -554.137756 351.930084 18.701630,
				 -599.553406 396.728943 121.336685,
				 -580.469482 378.508362 86.791649,
				 -601.283142 384.696106 121.336716,
				 -601.283142 384.696106 121.336716,
				 -617.472046 430.523315 151.013672,
				 -599.553406 396.728943 121.336685,
				 -622.960266 381.710449 151.013748,
				 -622.960266 381.710449 151.013748,
				 -634.409424 355.707275 180.232651,
				 -628.748474 424.469604 180.232559,
				 -634.409424 355.707275 180.232651,
				 420.005646 404.454468 151.012558,
				 431.153473 448.077820 180.231369,
				 469.949860 404.941467 180.231369,
				 469.949860 404.941467 180.231369,
				 386.443024 382.585510 86.790573,
				 420.005646 404.454468 151.012558,
				 428.044708 361.656067 121.335587,
				 413.775421 339.307434 86.790588,
				 428.044708 361.656067 121.335587,
				 433.679596 354.501465 121.335587,
				 433.679596 354.501465 121.335587,
				 395.195587 323.373077 45.643158,
				 413.775421 339.307434 86.790588,
				 417.957916 319.813782 86.790611,
				 393.251007 315.385986 45.643169,
				 417.957916 319.813782 86.790611,
				 411.137848 296.624634 86.790649,
				 392.406525 308.487183 45.643177,
				 411.137848 296.624634 86.790649,
				 395.002350 289.673218 45.643196,
				 395.002350 289.673218 45.643196,
				 417.526642 288.512543 86.790649,
				 402.005280 266.404816 45.643219,
				 417.526642 288.512543 86.790649,
				 340.462769 242.144974 18.700760,
				 402.005280 266.404816 45.643219,
				 408.935333 202.390244 45.643284,
				 408.935333 202.390244 45.643284,
				 340.462769 242.144974 18.700760,
				 408.935333 202.390244 45.643284,
				 358.709778 193.847305 18.700798,
				 294.091736 175.823517 -27.715073,
				 358.709778 193.847305 18.700798,
				 355.533386 171.135239 18.700829,
				 355.533386 171.135239 18.700829,
				 294.091736 175.823517 -27.715073,
				 355.533386 171.135239 18.700829,
				 343.482727 143.347702 18.700874,
				 343.482727 143.347702 18.700874,
				 405.334747 108.637939 45.643402,
				 330.891602 111.950500 18.700928,
				 405.334747 108.637939 45.643402,
				 330.891602 111.950500 18.700928,
				 328.798584 86.836823 18.700958,
				 311.666748 60.888092 18.701004,
				 328.798584 86.836823 18.700958,
				 286.399048 40.481552 18.701065,
				 311.666748 60.888092 18.701004,
				 331.172668 -1.820175 45.643616,
				 331.172668 -1.820175 45.643616,
				 196.845306 73.417084 -27.714828,
				 286.399048 40.481552 18.701065,
				 236.558319 8.605667 18.701157,
				 236.558319 8.605667 18.701157,
				 196.845306 73.417084 -27.714828,
				 236.558319 8.605667 18.701157,
				 189.827789 -54.858185 18.701279,
				 115.634186 -41.703476 -27.714615,
				 189.827789 -54.858185 18.701279,
				 183.138031 -65.386734 18.701302,
				 183.138031 -65.386734 18.701302,
				 115.634186 -41.703476 -27.714615,
				 180.271881 -78.676682 18.701324,
				 106.924026 -79.578598 -27.714554,
				 180.271881 -78.676682 18.701324,
				 53.537643 -26.683807 -67.528152,
				 106.924026 -79.578598 -27.714554,
				 32.090347 -82.083374 -67.528061,
				 32.090347 -82.083374 -67.528061,
				 -28.587799 -77.956207 -108.475479,
				 53.537643 -26.683807 -67.528152,
				 32.090347 -82.083374 -67.528061,
				 -112.849312 -93.361938 -148.489059,
				 -28.587799 -77.956207 -108.475479,
				 -35.946938 -103.073090 -108.475479,
				 -35.946938 -103.073090 -108.475479,
				 -112.849312 -93.361938 -148.489059,
				 -35.946938 -103.073090 -108.475479,
				 -53.707024 -122.843018 -108.475418,
				 -104.705978 -164.351852 -108.475296,
				 -53.707024 -122.843018 -108.475418,
				 -39.814285 -184.318527 -67.527863,
				 -39.814285 -184.318527 -67.527863,
				 -156.123642 -188.779099 -108.475235,
				 -104.705978 -164.351852 -108.475296,
				 -129.324890 -231.910690 -67.527710,
				 -129.324890 -231.910690 -67.527710,
				 -212.061310 -207.360397 -108.475143,
				 -156.123642 -188.779099 -108.475235,
				 -129.324890 -231.910690 -67.527710,
				 -258.181488 -231.071762 -108.475052,
				 -207.614838 -172.430283 -148.488846,
				 -212.061310 -207.360397 -108.475143,
				 -337.846802 -154.299484 -180.233109,
				 -258.181488 -231.071762 -108.475052,
				 -367.999939 -236.725327 -148.488602,
				 -367.999939 -236.725327 -148.488602,
				 -416.381226 -139.216415 -180.233047,
				 -337.846802 -154.299484 -180.233109,
				 -374.553101 -172.348190 -180.233047,
				 -374.553101 -172.348190 -180.233047,
				 -491.959839 -98.739182 -148.488632,
				 -394.530884 -85.789856 -180.233139,
				 -416.381226 -139.216415 -180.233047,
				 -596.439087 366.718872 121.336716,
				 -580.469482 378.508362 86.791649,
				 -568.825806 347.179138 45.644199,
				 -596.439087 366.718872 121.336716,
				 -596.439087 366.718872 121.336716,
				 -568.825806 347.179138 45.644199,
				 -585.186096 340.118591 86.791702,
				 -596.439087 366.718872 121.336716,
				 -585.186096 340.118591 86.791702,
				 -601.284546 338.512054 121.336761,
				 -620.483582 346.554321 151.013779,
				 -601.284546 338.512054 121.336761,
				 -607.125000 324.898376 121.336777,
				 -620.483582 346.554321 151.013779,
				 -620.483582 346.554321 151.013779,
				 -607.125000 324.898376 121.336777,
				 -610.425537 320.266785 121.336807,
				 -611.658936 317.947693 121.336807,
				 -616.341064 272.865692 151.013870,
				 -639.868408 287.362122 180.232742,
				 -645.218933 304.016724 180.232727,
				 -611.658936 317.947693 121.336807,
				 -645.218933 304.016724 180.232727,
				 -648.583496 221.784393 151.013962,
				 -664.735596 218.205154 180.232849,
				 -656.969238 237.111633 180.232819,
				 -664.735596 218.205154 180.232849,
				 -648.583496 221.784393 151.013962,
				 -630.536194 172.071182 86.791946,
				 -668.680786 171.073151 151.014038,
				 -668.680786 171.073151 151.014038,
				 -668.680786 171.073151 151.014038,
				 -630.536194 172.071182 86.791946,
				 -633.701416 154.284546 86.791977,
				 -636.358215 139.345947 86.791992,
				 -628.886169 118.977814 45.644539,
				 -639.329590 121.794739 86.792023,
				 -645.258789 142.628571 132.874405,
				 -633.701416 154.284546 86.791977,
				 -636.358215 139.345947 86.791992,
				 -645.258789 142.628571 132.874405,
				 -540.067261 -69.549866 -108.474930,
				 -491.959839 -98.739182 -148.488632,
				 -525.185547 -159.772079 -148.488541,
				 -525.185547 -159.772079 -148.488541,
				 -648.176392 65.048538 45.644623,
				 -617.638123 77.937164 18.702019,
				 -651.151001 49.052277 45.644646,
				 -648.176392 65.048538 45.644623,
				 -657.437500 41.297516 45.644661,
				 -651.151001 49.052277 45.644646,
				 -604.154114 3.793427 -27.713852,
				 -657.437500 41.297516 45.644661,
				 -649.903687 -73.343842 -27.713730,
				 -563.668335 -36.778366 -67.527451,
				 -624.386963 -90.791199 -67.527328,
				 -624.386963 -90.791199 -67.527328,
				 -540.067261 -69.549866 -108.474930,
				 -593.566284 -153.284592 -108.474777,
				 -593.566284 -153.284592 -108.474777,
				 -656.667480 0.950180 18.702156,
				 -604.154114 3.793427 -27.713852,
				 -649.903687 -73.343842 -27.713730,
				 -656.667480 0.950180 18.702156,
				 -636.521362 99.069458 45.644569,
				 -617.638123 77.937164 18.702019,
				 -642.203308 82.415344 45.644596,
				 -642.203308 82.415344 45.644596,
				 -644.198120 108.816162 86.792038,
				 -634.319397 106.679749 45.644558,
				 -636.521362 99.069458 45.644569,
				 -644.198120 108.816162 86.792038,
				 -639.329590 121.794739 86.792023,
				 -634.319397 106.679749 45.644558,
				 -644.198120 108.816162 86.792038,
				 -601.283142 384.696106 121.336716,
				 -580.469482 378.508362 86.791649,
				 -596.439087 366.718872 121.336716,
				 -622.960266 381.710449 151.013748,
				 -599.553406 396.728943 121.336685,
				 -601.283142 384.696106 121.336716,
				 -620.483582 346.554321 151.013779,
				 -633.325928 340.324280 180.232681,
				 -634.409424 355.707275 180.232651,
				 -622.960266 381.710449 151.013748,
				 -633.325928 340.324280 180.232681,
				 420.005646 404.454468 151.012558,
				 469.949860 404.941467 180.231369,
				 480.544464 391.490601 180.231369,
				 444.217926 373.714661 151.012558,
				 480.544464 391.490601 180.231369,
				 444.217926 373.714661 151.012558,
				 420.005646 404.454468 151.012558,
				 444.217926 373.714661 151.012558,
				 428.044708 361.656067 121.335587,
				 428.044708 361.656067 121.335587,
				 444.217926 373.714661 151.012558,
				 433.679596 354.501465 121.335587,
				 413.775421 339.307434 86.790588,
				 433.679596 354.501465 121.335587,
				 434.484283 344.714172 121.335617,
				 434.484283 344.714172 121.335617,
				 413.775421 339.307434 86.790588,
				 433.554352 325.645111 121.335632,
				 417.957916 319.813782 86.790611,
				 433.554352 325.645111 121.335632,
				 417.957916 319.813782 86.790611,
				 434.548126 298.750122 121.335663,
				 411.137848 296.624634 86.790649,
				 434.548126 298.750122 121.335663,
				 395.002350 289.673218 45.643196,
				 411.137848 296.624634 86.790649,
				 417.526642 288.512543 86.790649,
				 402.005280 266.404816 45.643219,
				 417.526642 288.512543 86.790649,
				 422.508820 271.583405 86.790665,
				 422.508820 271.583405 86.790665,
				 402.005280 266.404816 45.643219,
				 424.253693 234.188538 86.790710,
				 408.935333 202.390244 45.643284,
				 424.253693 234.188538 86.790710,
				 358.709778 193.847305 18.700798,
				 408.935333 202.390244 45.643284,
				 355.533386 171.135239 18.700829,
				 355.533386 171.135239 18.700829,
				 410.245636 139.334930 45.643356,
				 343.482727 143.347702 18.700874,
				 410.245636 139.334930 45.643356,
				 343.482727 143.347702 18.700874,
				 410.245636 139.334930 45.643356,
				 405.334747 108.637939 45.643402,
				 330.891602 111.950500 18.700928,
				 405.334747 108.637939 45.643402,
				 388.611481 74.736038 45.643459,
				 388.611481 74.736038 45.643459,
				 330.891602 111.950500 18.700928,
				 388.611481 74.736038 45.643459,
				 328.798584 86.836823 18.700958,
				 311.666748 60.888092 18.701004,
				 328.798584 86.836823 18.700958,
				 323.606812 72.148575 18.700981,
				 323.606812 72.148575 18.700981,
				 311.666748 60.888092 18.701004,
				 350.901367 17.815552 45.643570,
				 331.172668 -1.820175 45.643616,
				 350.901367 17.815552 45.643570,
				 286.399048 40.481552 18.701065,
				 331.172668 -1.820175 45.643616,
				 321.157837 -14.065903 45.643639,
				 321.157837 -14.065903 45.643639,
				 236.558319 8.605667 18.701157,
				 286.399048 40.481552 18.701065,
				 321.157837 -14.065903 45.643639,
				 189.827789 -54.858185 18.701279,
				 236.558319 8.605667 18.701157,
				 268.494751 -81.701660 45.643776,
				 268.494751 -81.701660 45.643776,
				 183.138031 -65.386734 18.701302,
				 189.827789 -54.858185 18.701279,
				 180.271881 -78.676682 18.701324,
				 115.634186 -41.703476 -27.714615,
				 183.138031 -65.386734 18.701302,
				 180.271881 -78.676682 18.701324,
				 106.924026 -79.578598 -27.714554,
				 180.271881 -78.676682 18.701324,
				 173.622345 -109.511475 18.701363,
				 173.622345 -109.511475 18.701363,
				 32.090347 -82.083374 -67.528061,
				 106.924026 -79.578598 -27.714554,
				 112.527420 -108.122177 -27.714523,
				 112.527420 -108.122177 -27.714523,
				 -28.587799 -77.956207 -108.475479,
				 32.090347 -82.083374 -67.528061,
				 29.374039 -116.346542 -67.528030,
				 29.374039 -116.346542 -67.528030,
				 -28.587799 -77.956207 -108.475479,
				 29.374039 -116.346542 -67.528030,
				 -35.946938 -103.073090 -108.475479,
				 -53.707024 -122.843018 -108.475418,
				 -35.946938 -103.073090 -108.475479,
				 29.374039 -116.346542 -67.528030,
				 -53.707024 -122.843018 -108.475418,
				 29.374039 -116.346542 -67.528030,
				 -39.814285 -184.318527 -67.527863,
				 -104.705978 -164.351852 -108.475296,
				 -39.814285 -184.318527 -67.527863,
				 -129.324890 -231.910690 -67.527710,
				 -212.061310 -207.360397 -108.475143,
				 -129.324890 -231.910690 -67.527710,
				 -173.467529 -279.553528 -27.714005,
				 -173.467529 -279.553528 -27.714005,
				 -258.181488 -231.071762 -108.475052,
				 -212.061310 -207.360397 -108.475143,
				 -238.859024 -262.118347 -67.527542,
				 -238.859024 -262.118347 -67.527542,
				 -367.999939 -236.725327 -148.488602,
				 -258.181488 -231.071762 -108.475052,
				 -348.272217 -277.947937 -108.474899,
				 -348.272217 -277.947937 -108.474899,
				 -374.553101 -172.348190 -180.233047,
				 -337.846802 -154.299484 -180.233109,
				 -367.999939 -236.725327 -148.488602,
				 -416.381226 -139.216415 -180.233047,
				 -374.553101 -172.348190 -180.233047,
				 -397.553101 -173.029831 -180.233047,
				 -397.553101 -173.029831 -180.233047,
				 -491.959839 -98.739182 -148.488632,
				 -416.381226 -139.216415 -180.233047,
				 -525.185547 -159.772079 -148.488541,
				 -620.483582 346.554321 151.013779,
				 -596.439087 366.718872 121.336716,
				 -601.284546 338.512054 121.336761,
				 -610.425537 320.266785 121.336807,
				 -634.157227 331.241028 180.232681,
				 -633.325928 340.324280 180.232681,
				 -620.483582 346.554321 151.013779,
				 -634.157227 331.241028 180.232681,
				 -611.658936 317.947693 121.336807,
				 -634.501038 330.595459 180.232681,
				 -634.157227 331.241028 180.232681,
				 -610.425537 320.266785 121.336807,
				 -634.501038 330.595459 180.232681,
				 -611.658936 317.947693 121.336807,
				 -645.218933 304.016724 180.232727,
				 -634.501038 330.595459 180.232681,
				 -668.680786 171.073151 151.014038,
				 -673.529053 196.015091 180.232895,
				 -664.735596 218.205154 180.232849,
				 -648.583496 221.784393 151.013962,
				 -673.529053 196.015091 180.232895,
				 -668.680786 171.073151 151.014038,
				 -633.701416 154.284546 86.791977,
				 -649.517395 143.010208 132.874405,
				 -649.517395 143.010208 132.874405,
				 -650.841492 136.998672 132.874405,
				 -636.358215 139.345947 86.791992,
				 -639.329590 121.794739 86.792023,
				 -650.841492 136.998672 132.874405,
				 -649.517395 143.010208 132.874405,
				 -633.701416 154.284546 86.791977,
				 -645.258789 142.628571 132.874405,
				 -650.841492 136.998672 132.874405,
				 -645.258789 142.628571 132.874405,
				 -636.358215 139.345947 86.791992,
				 -593.566284 -153.284592 -108.474777,
				 -540.067261 -69.549866 -108.474930,
				 -525.185547 -159.772079 -148.488541,
				 -648.176392 65.048538 45.644623,
				 -641.552063 76.029053 45.644600,
				 -617.638123 77.937164 18.702019,
				 -641.552063 76.029053 45.644600,
				 -655.087158 54.050079 45.644642,
				 -648.176392 65.048538 45.644623,
				 -651.151001 49.052277 45.644646,
				 -655.087158 54.050079 45.644642,
				 -657.437500 41.297516 45.644661,
				 -657.437500 41.297516 45.644661,
				 -604.154114 3.793427 -27.713852,
				 -661.723389 31.121841 45.644676,
				 -661.723389 31.121841 45.644676,
				 -652.171997 -74.460022 -27.713715,
				 -649.903687 -73.343842 -27.713730,
				 -624.386963 -90.791199 -67.527328,
				 -652.171997 -74.460022 -27.713715,
				 -663.345825 -150.615402 -67.527206,
				 -624.386963 -90.791199 -67.527328,
				 -593.566284 -153.284592 -108.474777,
				 -663.345825 -150.615402 -67.527206,
				 -661.723389 31.121841 45.644676,
				 -604.154114 3.793427 -27.713852,
				 -656.667480 0.950180 18.702156,
				 -656.667480 0.950180 18.702156,
				 -649.903687 -73.343842 -27.713730,
				 -682.649902 -62.463821 18.702255,
				 -682.649902 -62.463821 18.702255,
				 -642.203308 82.415344 45.644596,
				 -617.638123 77.937164 18.702019,
				 -641.013367 77.716827 45.644600,
				 -641.013367 77.716827 45.644600,
				 -644.198120 108.816162 86.792038,
				 -636.521362 99.069458 45.644569,
				 -642.203308 82.415344 45.644596,
				 -657.506104 120.884720 132.874435,
				 -639.329590 121.794739 86.792023,
				 -644.198120 108.816162 86.792038,
				 -657.506104 120.884720 132.874435,
				 -622.960266 381.710449 151.013748,
				 -601.283142 384.696106 121.336716,
				 -596.439087 366.718872 121.336716,
				 -622.960266 381.710449 151.013748,
				 -596.439087 366.718872 121.336716,
				 -620.483582 346.554321 151.013779,
				 444.217926 373.714661 151.012558,
				 480.544464 391.490601 180.231369,
				 489.057648 383.309448 180.231369,
				 463.673248 355.016602 151.012558,
				 489.057648 383.309448 180.231369,
				 463.673248 355.016602 151.012558,
				 444.217926 373.714661 151.012558,
				 463.673248 355.016602 151.012558,
				 433.679596 354.501465 121.335587,
				 433.679596 354.501465 121.335587,
				 463.673248 355.016602 151.012558,
				 434.484283 344.714172 121.335617,
				 413.775421 339.307434 86.790588,
				 434.484283 344.714172 121.335617,
				 433.554352 325.645111 121.335632,
				 417.957916 319.813782 86.790611,
				 433.554352 325.645111 121.335632,
				 438.782867 307.557281 121.335648,
				 438.782867 307.557281 121.335648,
				 417.957916 319.813782 86.790611,
				 438.782867 307.557281 121.335648,
				 434.548126 298.750122 121.335663,
				 411.137848 296.624634 86.790649,
				 434.548126 298.750122 121.335663,
				 417.526642 288.512543 86.790649,
				 417.526642 288.512543 86.790649,
				 435.602814 282.558838 121.335678,
				 422.508820 271.583405 86.790665,
				 435.602814 282.558838 121.335678,
				 402.005280 266.404816 45.643219,
				 422.508820 271.583405 86.790665,
				 424.253693 234.188538 86.790710,
				 424.253693 234.188538 86.790710,
				 440.769073 226.202515 121.335739,
				 408.935333 202.390244 45.643284,
				 440.769073 226.202515 121.335739,
				 355.533386 171.135239 18.700829,
				 408.935333 202.390244 45.643284,
				 421.994537 184.842041 86.790771,
				 421.994537 184.842041 86.790771,
				 355.533386 171.135239 18.700829,
				 421.994537 184.842041 86.790771,
				 410.245636 139.334930 45.643356,
				 410.245636 139.334930 45.643356,
				 434.364655 120.780151 86.790833,
				 405.334747 108.637939 45.643402,
				 434.364655 120.780151 86.790833,
				 405.334747 108.637939 45.643402,
				 432.504791 79.370880 86.790878,
				 388.611481 74.736038 45.643459,
				 432.504791 79.370880 86.790878,
				 328.798584 86.836823 18.700958,
				 388.611481 74.736038 45.643459,
				 370.225861 41.337494 45.643517,
				 370.225861 41.337494 45.643517,
				 328.798584 86.836823 18.700958,
				 370.225861 41.337494 45.643517,
				 323.606812 72.148575 18.700981,
				 311.666748 60.888092 18.701004,
				 323.606812 72.148575 18.700981,
				 350.901367 17.815552 45.643570,
				 331.172668 -1.820175 45.643616,
				 350.901367 17.815552 45.643570,
				 368.873779 -8.961121 86.791054,
				 368.873779 -8.961121 86.791054,
				 321.157837 -14.065903 45.643639,
				 331.172668 -1.820175 45.643616,
				 345.945313 -35.941193 86.791107,
				 345.945313 -35.941193 86.791107,
				 236.558319 8.605667 18.701157,
				 321.157837 -14.065903 45.643639,
				 314.452881 -30.421219 45.643665,
				 314.452881 -30.421219 45.643665,
				 236.558319 8.605667 18.701157,
				 283.714355 -68.135895 45.643745,
				 268.494751 -81.701660 45.643776,
				 283.714355 -68.135895 45.643745,
				 189.827789 -54.858185 18.701279,
				 268.494751 -81.701660 45.643776,
				 251.666351 -105.073624 45.643822,
				 251.666351 -105.073624 45.643822,
				 189.827789 -54.858185 18.701279,
				 251.666351 -105.073624 45.643822,
				 180.271881 -78.676682 18.701324,
				 180.271881 -78.676682 18.701324,
				 251.666351 -105.073624 45.643822,
				 173.622345 -109.511475 18.701363,
				 106.924026 -79.578598 -27.714554,
				 173.622345 -109.511475 18.701363,
				 112.527420 -108.122177 -27.714523,
				 32.090347 -82.083374 -67.528061,
				 112.527420 -108.122177 -27.714523,
				 29.374039 -116.346542 -67.528030,
				 -39.814285 -184.318527 -67.527863,
				 29.374039 -116.346542 -67.528030,
				 40.464920 -220.750290 -27.714310,
				 40.464920 -220.750290 -27.714310,
				 -129.324890 -231.910690 -67.527710,
				 -39.814285 -184.318527 -67.527863,
				 -63.636948 -271.318665 -27.714127,
				 -63.636948 -271.318665 -27.714127,
				 -173.467529 -279.553528 -27.714005,
				 -129.324890 -231.910690 -67.527710,
				 -148.103271 -273.651855 -27.714035,
				 -148.103271 -273.651855 -27.714035,
				 -212.061310 -207.360397 -108.475143,
				 -173.467529 -279.553528 -27.714005,
				 -238.859024 -262.118347 -67.527542,
				 -258.181488 -231.071762 -108.475052,
				 -238.859024 -262.118347 -67.527542,
				 -282.105347 -318.454102 -27.713837,
				 -282.105347 -318.454102 -27.713837,
				 -348.272217 -277.947937 -108.474899,
				 -258.181488 -231.071762 -108.475052,
				 -282.105347 -318.454102 -27.713837,
				 -399.105896 -235.825851 -148.488571,
				 -367.999939 -236.725327 -148.488602,
				 -348.272217 -277.947937 -108.474899,
				 -399.105896 -235.825851 -148.488571,
				 -374.553101 -172.348190 -180.233047,
				 -367.999939 -236.725327 -148.488602,
				 -399.105896 -235.825851 -148.488571,
				 -397.553101 -173.029831 -180.233047,
				 -374.553101 -172.348190 -180.233047,
				 -399.105896 -235.825851 -148.488571,
				 -416.381226 -139.216415 -180.233047,
				 -397.553101 -173.029831 -180.233047,
				 -413.515015 -159.341476 -180.233047,
				 -413.515015 -159.341476 -180.233047,
				 -525.185547 -159.772079 -148.488541,
				 -416.381226 -139.216415 -180.233047,
				 -413.515015 -159.341476 -180.233047,
				 -668.680786 171.073151 151.014038,
				 -689.201782 181.583817 180.232925,
				 -673.529053 196.015091 180.232895,
				 -689.201782 181.583817 180.232925,
				 -668.680786 171.073151 151.014038,
				 -649.517395 143.010208 132.874405,
				 -650.901672 140.990845 132.874405,
				 -650.901672 140.990845 132.874405,
				 -650.841492 136.998672 132.874405,
				 -639.329590 121.794739 86.792023,
				 -657.506104 120.884720 132.874435,
				 -650.901672 140.990845 132.874405,
				 -649.517395 143.010208 132.874405,
				 -645.258789 142.628571 132.874405,
				 -650.841492 136.998672 132.874405,
				 -593.566284 -153.284592 -108.474777,
				 -525.185547 -159.772079 -148.488541,
				 -540.151306 -182.869614 -148.488480,
				 -540.151306 -182.869614 -148.488480,
				 -645.190369 73.731979 45.644608,
				 -641.552063 76.029053 45.644600,
				 -645.190369 73.731979 45.644608,
				 -641.013367 77.716827 45.644600,
				 -617.638123 77.937164 18.702019,
				 -641.552063 76.029053 45.644600,
				 -663.287231 74.428070 86.792099,
				 -648.176392 65.048538 45.644623,
				 -655.087158 54.050079 45.644642,
				 -663.287231 74.428070 86.792099,
				 -677.096069 44.368805 86.792152,
				 -655.087158 54.050079 45.644642,
				 -657.437500 41.297516 45.644661,
				 -677.096069 44.368805 86.792152,
				 -677.096069 44.368805 86.792152,
				 -657.437500 41.297516 45.644661,
				 -661.723389 31.121841 45.644676,
				 -653.728821 -74.744003 -27.713715,
				 -649.903687 -73.343842 -27.713730,
				 -652.171997 -74.460022 -27.713715,
				 -653.728821 -74.744003 -27.713715,
				 -653.289063 -75.009476 -27.713715,
				 -652.171997 -74.460022 -27.713715,
				 -624.386963 -90.791199 -67.527328,
				 -653.289063 -75.009476 -27.713715,
				 -658.625977 -77.635666 -27.713699,
				 -624.386963 -90.791199 -67.527328,
				 -663.345825 -150.615402 -67.527206,
				 -658.625977 -77.635666 -27.713699,
				 -663.345825 -150.615402 -67.527206,
				 -593.566284 -153.284592 -108.474777,
				 -620.625427 -181.822922 -108.474716,
				 -620.625427 -181.822922 -108.474716,
				 -661.723389 31.121841 45.644676,
				 -656.667480 0.950180 18.702156,
				 -673.183228 10.965927 45.644714,
				 -673.183228 10.965927 45.644714,
				 -682.649902 -62.463821 18.702255,
				 -649.903687 -73.343842 -27.713730,
				 -653.728821 -74.744003 -27.713715,
				 -694.635986 -33.164322 45.644791,
				 -656.667480 0.950180 18.702156,
				 -682.649902 -62.463821 18.702255,
				 -694.635986 -33.164322 45.644791,
				 -642.203308 82.415344 45.644596,
				 -641.013367 77.716827 45.644600,
				 -644.198120 108.816162 86.792038,
				 -642.203308 82.415344 45.644596,
				 -663.287231 74.428070 86.792099,
				 -657.506104 120.884720 132.874435,
				 -644.198120 108.816162 86.792038,
				 -663.287231 74.428070 86.792099,
				 463.673248 355.016602 151.012558,
				 489.057648 383.309448 180.231369,
				 499.210236 369.177216 180.231369,
				 499.210236 369.177216 180.231369,
				 434.484283 344.714172 121.335617,
				 463.673248 355.016602 151.012558,
				 476.033234 336.319458 151.012573,
				 476.033234 336.319458 151.012573,
				 434.484283 344.714172 121.335617,
				 476.033234 336.319458 151.012573,
				 433.554352 325.645111 121.335632,
				 433.554352 325.645111 121.335632,
				 441.225250 315.904724 121.335632,
				 438.782867 307.557281 121.335648,
				 441.225250 315.904724 121.335632,
				 438.782867 307.557281 121.335648,
				 445.986603 277.237305 151.012680,
				 434.548126 298.750122 121.335663,
				 445.986603 277.237305 151.012680,
				 417.526642 288.512543 86.790649,
				 434.548126 298.750122 121.335663,
				 435.602814 282.558838 121.335678,
				 422.508820 271.583405 86.790665,
				 435.602814 282.558838 121.335678,
				 445.986603 277.237305 151.012680,
				 422.508820 271.583405 86.790665,
				 452.790314 254.510071 151.012695,
				 424.253693 234.188538 86.790710,
				 452.790314 254.510071 151.012695,
				 424.253693 234.188538 86.790710,
				 452.790314 254.510071 151.012695,
				 440.769073 226.202515 121.335739,
				 408.935333 202.390244 45.643284,
				 440.769073 226.202515 121.335739,
				 445.560577 200.030457 121.335770,
				 445.560577 200.030457 121.335770,
				 408.935333 202.390244 45.643284,
				 445.560577 200.030457 121.335770,
				 421.994537 184.842041 86.790771,
				 421.994537 184.842041 86.790771,
				 430.013336 139.931580 86.790810,
				 410.245636 139.334930 45.643356,
				 430.013336 139.931580 86.790810,
				 410.245636 139.334930 45.643356,
				 434.218048 130.847534 86.790817,
				 434.364655 120.780151 86.790833,
				 434.218048 130.847534 86.790817,
				 405.334747 108.637939 45.643402,
				 434.364655 120.780151 86.790833,
				 432.208649 99.473877 86.790855,
				 432.208649 99.473877 86.790855,
				 405.334747 108.637939 45.643402,
				 432.208649 99.473877 86.790855,
				 432.504791 79.370880 86.790878,
				 388.611481 74.736038 45.643459,
				 432.504791 79.370880 86.790878,
				 422.994049 63.551575 86.790909,
				 422.994049 63.551575 86.790909,
				 388.611481 74.736038 45.643459,
				 394.199860 26.476440 86.790985,
				 370.225861 41.337494 45.643517,
				 394.199860 26.476440 86.790985,
				 323.606812 72.148575 18.700981,
				 370.225861 41.337494 45.643517,
				 350.901367 17.815552 45.643570,
				 350.901367 17.815552 45.643570,
				 394.199860 26.476440 86.790985,
				 368.873779 -8.961121 86.791054,
				 331.172668 -1.820175 45.643616,
				 368.873779 -8.961121 86.791054,
				 345.945313 -35.941193 86.791107,
				 321.157837 -14.065903 45.643639,
				 345.945313 -35.941193 86.791107,
				 314.452881 -30.421219 45.643665,
				 236.558319 8.605667 18.701157,
				 314.452881 -30.421219 45.643665,
				 303.210754 -51.157730 45.643703,
				 303.210754 -51.157730 45.643703,
				 236.558319 8.605667 18.701157,
				 303.210754 -51.157730 45.643703,
				 283.714355 -68.135895 45.643745,
				 268.494751 -81.701660 45.643776,
				 283.714355 -68.135895 45.643745,
				 310.199768 -95.669327 86.791222,
				 310.199768 -95.669327 86.791222,
				 251.666351 -105.073624 45.643822,
				 268.494751 -81.701660 45.643776,
				 263.785461 -92.521133 45.643795,
				 263.785461 -92.521133 45.643795,
				 173.622345 -109.511475 18.701363,
				 251.666351 -105.073624 45.643822,
				 249.027618 -140.059128 45.643867,
				 249.027618 -140.059128 45.643867,
				 112.527420 -108.122177 -27.714523,
				 173.622345 -109.511475 18.701363,
				 131.135345 -137.074066 -27.714508,
				 131.135345 -137.074066 -27.714508,
				 29.374039 -116.346542 -67.528030,
				 112.527420 -108.122177 -27.714523,
				 86.775040 -189.915878 -27.714401,
				 86.775040 -189.915878 -27.714401,
				 29.374039 -116.346542 -67.528030,
				 86.775040 -189.915878 -27.714401,
				 40.464920 -220.750290 -27.714310,
				 -39.814285 -184.318527 -67.527863,
				 40.464920 -220.750290 -27.714310,
				 -63.636948 -271.318665 -27.714127,
				 -129.324890 -231.910690 -67.527710,
				 -63.636948 -271.318665 -27.714127,
				 -102.978485 -279.046692 -27.714081,
				 -102.978485 -279.046692 -27.714081,
				 -129.324890 -231.910690 -67.527710,
				 -122.561203 -271.623291 -27.714066,
				 -148.103271 -273.651855 -27.714035,
				 -122.561203 -271.623291 -27.714066,
				 -173.467529 -279.553528 -27.714005,
				 -148.103271 -273.651855 -27.714035,
				 -199.792236 -377.552856 18.702095,
				 -199.792236 -377.552856 18.702095,
				 -238.859024 -262.118347 -67.527542,
				 -173.467529 -279.553528 -27.714005,
				 -212.797241 -376.802307 18.702110,
				 -212.797241 -376.802307 18.702110,
				 -282.105347 -318.454102 -27.713837,
				 -238.859024 -262.118347 -67.527542,
				 -212.797241 -376.802307 18.702110,
				 -348.272217 -277.947937 -108.474899,
				 -282.105347 -318.454102 -27.713837,
				 -373.879639 -326.274658 -67.527328,
				 -373.879639 -326.274658 -67.527328,
				 -399.105896 -235.825851 -148.488571,
				 -348.272217 -277.947937 -108.474899,
				 -435.138367 -298.271912 -108.474777,
				 -435.138367 -298.271912 -108.474777,
				 -397.553101 -173.029831 -180.233047,
				 -399.105896 -235.825851 -148.488571,
				 -424.944763 -243.950363 -148.488541,
				 -424.944763 -243.950363 -148.488541,
				 -413.515015 -159.341476 -180.233047,
				 -397.553101 -173.029831 -180.233047,
				 -424.944763 -243.950363 -148.488541,
				 -525.185547 -159.772079 -148.488541,
				 -413.515015 -159.341476 -180.233047,
				 -424.944763 -243.950363 -148.488541,
				 -668.680786 171.073151 151.014038,
				 -696.024780 177.710663 180.232925,
				 -689.201782 181.583817 180.232925,
				 -696.024780 177.710663 180.232925,
				 -668.680786 171.073151 151.014038,
				 -650.901672 140.990845 132.874405,
				 -657.506104 120.884720 132.874435,
				 -657.506104 120.884720 132.874435,
				 -540.151306 -182.869614 -148.488480,
				 -525.185547 -159.772079 -148.488541,
				 -522.591370 -243.394699 -148.488419,
				 -522.591370 -243.394699 -148.488419,
				 -593.566284 -153.284592 -108.474777,
				 -540.151306 -182.869614 -148.488480,
				 -547.200195 -197.543747 -148.488449,
				 -547.200195 -197.543747 -148.488449,
				 -663.287231 74.428070 86.792099,
				 -645.190369 73.731979 45.644608,
				 -648.176392 65.048538 45.644623,
				 -685.467285 59.945587 132.874542,
				 -663.287231 74.428070 86.792099,
				 -655.087158 54.050079 45.644642,
				 -685.467285 59.945587 132.874542,
				 -685.467285 59.945587 132.874542,
				 -655.087158 54.050079 45.644642,
				 -677.096069 44.368805 86.792152,
				 -677.096069 44.368805 86.792152,
				 -661.723389 31.121841 45.644676,
				 -682.167480 22.221268 86.792191,
				 -682.167480 22.221268 86.792191,
				 -653.289063 -75.009476 -27.713715,
				 -654.264832 -75.489731 -27.713715,
				 -653.289063 -75.009476 -27.713715,
				 -624.386963 -90.791199 -67.527328,
				 -654.264832 -75.489731 -27.713715,
				 -658.625977 -77.635666 -27.713699,
				 -654.264832 -75.489731 -27.713715,
				 -624.386963 -90.791199 -67.527328,
				 -709.907349 -145.833603 -27.713577,
				 -658.625977 -77.635666 -27.713699,
				 -663.345825 -150.615402 -67.527206,
				 -709.907349 -145.833603 -27.713577,
				 -620.625427 -181.822922 -108.474716,
				 -593.566284 -153.284592 -108.474777,
				 -553.376465 -204.311447 -148.488419,
				 -553.376465 -204.311447 -148.488419,
				 -663.345825 -150.615402 -67.527206,
				 -620.625427 -181.822922 -108.474716,
				 -641.518433 -224.132919 -108.474625,
				 -641.518433 -224.132919 -108.474625,
				 -673.183228 10.965927 45.644714,
				 -656.667480 0.950180 18.702156,
				 -694.635986 -33.164322 45.644791,
				 -682.167480 22.221268 86.792191,
				 -661.723389 31.121841 45.644676,
				 -673.183228 10.965927 45.644714,
				 -682.649902 -62.463821 18.702255,
				 -653.728821 -74.744003 -27.713715,
				 -658.625977 -77.635666 -27.713699,
				 -718.041870 -39.108765 132.874695,
				 -694.635986 -33.164322 45.644791,
				 -682.649902 -62.463821 18.702255,
				 -718.041870 -39.108765 132.874695,
				 -663.287231 74.428070 86.792099,
				 -642.203308 82.415344 45.644596,
				 -645.190369 73.731979 45.644608,
				 -702.363037 96.781860 151.014175,
				 -657.506104 120.884720 132.874435,
				 -663.287231 74.428070 86.792099,
				 -702.363037 96.781860 151.014175,
				 463.673248 355.016602 151.012558,
				 499.210236 369.177216 180.231369,
				 498.551178 354.279175 180.231400,
				 498.551178 354.279175 180.231400,
				 463.673248 355.016602 151.012558,
				 498.551178 354.279175 180.231400,
				 503.959869 346.097504 180.231400,
				 476.033234 336.319458 151.012573,
				 503.959869 346.097504 180.231400,
				 433.554352 325.645111 121.335632,
				 476.033234 336.319458 151.012573,
				 441.225250 315.904724 121.335632,
				 441.225250 315.904724 121.335632,
				 476.033234 336.319458 151.012573,
				 438.782867 307.557281 121.335648,
				 438.782867 307.557281 121.335648,
				 490.553131 301.650208 180.231461,
				 482.289337 289.685272 180.231491,
				 445.986603 277.237305 151.012680,
				 490.553131 301.650208 180.231461,
				 482.289337 289.685272 180.231491,
				 434.548126 298.750122 121.335663,
				 445.986603 277.237305 151.012680,
				 435.602814 282.558838 121.335678,
				 422.508820 271.583405 86.790665,
				 445.986603 277.237305 151.012680,
				 450.355255 268.535278 151.012680,
				 450.355255 268.535278 151.012680,
				 422.508820 271.583405 86.790665,
				 450.355255 268.535278 151.012680,
				 452.790314 254.510071 151.012695,
				 452.790314 254.510071 151.012695,
				 453.127716 229.707764 151.012726,
				 440.769073 226.202515 121.335739,
				 453.127716 229.707764 151.012726,
				 440.769073 226.202515 121.335739,
				 453.127716 229.707764 151.012726,
				 445.560577 200.030457 121.335770,
				 421.994537 184.842041 86.790771,
				 445.560577 200.030457 121.335770,
				 444.984039 175.779755 121.335800,
				 444.984039 175.779755 121.335800,
				 421.994537 184.842041 86.790771,
				 444.984039 175.779755 121.335800,
				 430.013336 139.931580 86.790810,
				 410.245636 139.334930 45.643356,
				 430.013336 139.931580 86.790810,
				 434.218048 130.847534 86.790817,
				 434.218048 130.847534 86.790817,
				 466.205841 107.905060 151.012863,
				 434.364655 120.780151 86.790833,
				 466.205841 107.905060 151.012863,
				 434.364655 120.780151 86.790833,
				 466.205841 107.905060 151.012863,
				 432.208649 99.473877 86.790855,
				 432.208649 99.473877 86.790855,
				 445.537384 83.732330 121.335892,
				 432.504791 79.370880 86.790878,
				 445.537384 83.732330 121.335892,
				 422.994049 63.551575 86.790909,
				 432.504791 79.370880 86.790878,
				 443.474030 62.028107 121.335922,
				 443.474030 62.028107 121.335922,
				 388.611481 74.736038 45.643459,
				 422.994049 63.551575 86.790909,
				 394.199860 26.476440 86.790985,
				 350.901367 17.815552 45.643570,
				 370.225861 41.337494 45.643517,
				 394.199860 26.476440 86.790985,
				 368.873779 -8.961121 86.791054,
				 394.199860 26.476440 86.790985,
				 401.950226 -8.678162 121.336060,
				 401.950226 -8.678162 121.336060,
				 345.945313 -35.941193 86.791107,
				 368.873779 -8.961121 86.791054,
				 377.974762 -37.178406 121.336121,
				 377.974762 -37.178406 121.336121,
				 314.452881 -30.421219 45.643665,
				 345.945313 -35.941193 86.791107,
				 314.311646 -69.605164 86.791183,
				 314.311646 -69.605164 86.791183,
				 314.452881 -30.421219 45.643665,
				 314.311646 -69.605164 86.791183,
				 303.210754 -51.157730 45.643703,
				 283.714355 -68.135895 45.643745,
				 303.210754 -51.157730 45.643703,
				 314.311646 -69.605164 86.791183,
				 283.714355 -68.135895 45.643745,
				 314.311646 -69.605164 86.791183,
				 310.199768 -95.669327 86.791222,
				 268.494751 -81.701660 45.643776,
				 310.199768 -95.669327 86.791222,
				 263.785461 -92.521133 45.643795,
				 262.972290 -95.785080 45.643799,
				 262.972290 -95.785080 45.643799,
				 254.848358 -109.113663 45.643826,
				 249.027618 -140.059128 45.643867,
				 254.848358 -109.113663 45.643826,
				 173.622345 -109.511475 18.701363,
				 249.027618 -140.059128 45.643867,
				 166.381683 -140.838364 18.701408,
				 166.381683 -140.838364 18.701408,
				 131.135345 -137.074066 -27.714508,
				 173.622345 -109.511475 18.701363,
				 166.381683 -140.838364 18.701408,
				 112.527420 -108.122177 -27.714523,
				 131.135345 -137.074066 -27.714508,
				 86.775040 -189.915878 -27.714401,
				 40.464920 -220.750290 -27.714310,
				 86.775040 -189.915878 -27.714401,
				 138.556976 -239.165085 18.701553,
				 138.556976 -239.165085 18.701553,
				 -63.636948 -271.318665 -27.714127,
				 40.464920 -220.750290 -27.714310,
				 81.944931 -339.397339 18.701736,
				 81.944931 -339.397339 18.701736,
				 -102.978485 -279.046692 -27.714081,
				 -63.636948 -271.318665 -27.714127,
				 -96.482376 -466.446899 18.702087,
				 -96.482376 -466.446899 18.702087,
				 -129.324890 -231.910690 -67.527710,
				 -102.978485 -279.046692 -27.714081,
				 -122.561203 -271.623291 -27.714066,
				 -148.103271 -273.651855 -27.714035,
				 -122.561203 -271.623291 -27.714066,
				 -102.978485 -279.046692 -27.714081,
				 -148.103271 -273.651855 -27.714035,
				 -102.978485 -279.046692 -27.714081,
				 -199.792236 -377.552856 18.702095,
				 -173.467529 -279.553528 -27.714005,
				 -199.792236 -377.552856 18.702095,
				 -212.797241 -376.802307 18.702110,
				 -282.105347 -318.454102 -27.713837,
				 -212.797241 -376.802307 18.702110,
				 -240.150787 -382.029846 18.702148,
				 -240.150787 -382.029846 18.702148,
				 -373.879639 -326.274658 -67.527328,
				 -282.105347 -318.454102 -27.713837,
				 -306.230530 -376.002014 18.702209,
				 -306.230530 -376.002014 18.702209,
				 -435.138367 -298.271912 -108.474777,
				 -348.272217 -277.947937 -108.474899,
				 -373.879639 -326.274658 -67.527328,
				 -424.944763 -243.950363 -148.488541,
				 -399.105896 -235.825851 -148.488571,
				 -435.138367 -298.271912 -108.474777,
				 -424.944763 -243.950363 -148.488541,
				 -495.947327 -259.680115 -148.488419,
				 -495.947327 -259.680115 -148.488419,
				 -702.363037 96.781860 151.014175,
				 -710.763550 145.202591 180.232986,
				 -696.024780 177.710663 180.232925,
				 -668.680786 171.073151 151.014038,
				 -710.763550 145.202591 180.232986,
				 -668.680786 171.073151 151.014038,
				 -657.506104 120.884720 132.874435,
				 -702.363037 96.781860 151.014175,
				 -547.200195 -197.543747 -148.488449,
				 -593.566284 -153.284592 -108.474777,
				 -547.200195 -197.543747 -148.488449,
				 -553.376465 -204.311447 -148.488419,
				 -702.363037 96.781860 151.014175,
				 -663.287231 74.428070 86.792099,
				 -685.467285 59.945587 132.874542,
				 -685.467285 59.945587 132.874542,
				 -677.096069 44.368805 86.792152,
				 -698.354492 33.836044 132.874588,
				 -698.354492 33.836044 132.874588,
				 -698.354492 33.836044 132.874588,
				 -677.096069 44.368805 86.792152,
				 -682.167480 22.221268 86.792191,
				 -654.264832 -75.489731 -27.713715,
				 -658.625977 -77.635666 -27.713699,
				 -682.649902 -62.463821 18.702255,
				 -658.625977 -77.635666 -27.713699,
				 -709.907349 -145.833603 -27.713577,
				 -709.907349 -145.833603 -27.713577,
				 -663.345825 -150.615402 -67.527206,
				 -641.518433 -224.132919 -108.474625,
				 -620.625427 -181.822922 -108.474716,
				 -553.376465 -204.311447 -148.488419,
				 -641.518433 -224.132919 -108.474625,
				 -702.107788 -4.551147 86.792236,
				 -673.183228 10.965927 45.644714,
				 -694.635986 -33.164322 45.644791,
				 -702.107788 -4.551147 86.792236,
				 -702.107788 -4.551147 86.792236,
				 -682.167480 22.221268 86.792191,
				 -673.183228 10.965927 45.644714,
				 -713.295532 -30.832794 86.792282,
				 -694.635986 -33.164322 45.644791,
				 -718.041870 -39.108765 132.874695,
				 -713.295532 -30.832794 86.792282,
				 -718.041870 -39.108765 132.874695,
				 -682.649902 -62.463821 18.702255,
				 -728.551270 -57.434265 86.792328,
				 -728.551270 -57.434265 86.792328,
				 476.033234 336.319458 151.012573,
				 503.959869 346.097504 180.231400,
				 496.201080 332.801514 180.231430,
				 496.201080 332.801514 180.231430,
				 476.033234 336.319458 151.012573,
				 495.438263 315.537964 180.231445,
				 490.553131 301.650208 180.231461,
				 438.782867 307.557281 121.335648,
				 495.438263 315.537964 180.231445,
				 445.986603 277.237305 151.012680,
				 482.289337 289.685272 180.231491,
				 484.201691 285.878357 180.231491,
				 450.355255 268.535278 151.012680,
				 484.201691 285.878357 180.231491,
				 450.355255 268.535278 151.012680,
				 484.201691 285.878357 180.231491,
				 485.267120 279.740723 180.231491,
				 452.790314 254.510071 151.012695,
				 485.267120 279.740723 180.231491,
				 452.790314 254.510071 151.012695,
				 488.823517 238.434448 180.231552,
				 488.971222 227.581360 180.231552,
				 453.127716 229.707764 151.012726,
				 488.823517 238.434448 180.231552,
				 488.971222 227.581360 180.231552,
				 453.127716 229.707764 151.012726,
				 488.971222 227.581360 180.231552,
				 497.001740 218.715271 180.231552,
				 445.560577 200.030457 121.335770,
				 497.001740 218.715271 180.231552,
				 445.560577 200.030457 121.335770,
				 463.072662 161.039185 151.012802,
				 444.984039 175.779755 121.335800,
				 463.072662 161.039185 151.012802,
				 444.984039 175.779755 121.335800,
				 463.072662 161.039185 151.012802,
				 430.013336 139.931580 86.790810,
				 430.013336 139.931580 86.790810,
				 463.072662 161.039185 151.012802,
				 434.218048 130.847534 86.790817,
				 434.218048 130.847534 86.790817,
				 463.072662 161.039185 151.012802,
				 466.205841 107.905060 151.012863,
				 432.208649 99.473877 86.790855,
				 466.205841 107.905060 151.012863,
				 445.537384 83.732330 121.335892,
				 432.504791 79.370880 86.790878,
				 445.537384 83.732330 121.335892,
				 446.506012 74.286865 121.335922,
				 446.506012 74.286865 121.335922,
				 432.504791 79.370880 86.790878,
				 446.506012 74.286865 121.335922,
				 443.474030 62.028107 121.335922,
				 422.994049 63.551575 86.790909,
				 443.474030 62.028107 121.335922,
				 428.418365 35.254028 121.335983,
				 428.418365 35.254028 121.335983,
				 394.199860 26.476440 86.790985,
				 422.994049 63.551575 86.790909,
				 428.418365 35.254028 121.335983,
				 394.199860 26.476440 86.790985,
				 416.349518 11.949585 121.336014,
				 401.950226 -8.678162 121.336060,
				 416.349518 11.949585 121.336014,
				 368.873779 -8.961121 86.791054,
				 401.950226 -8.678162 121.336060,
				 377.974762 -37.178406 121.336121,
				 345.945313 -35.941193 86.791107,
				 377.974762 -37.178406 121.336121,
				 366.657104 -49.174225 121.336151,
				 366.657104 -49.174225 121.336151,
				 314.311646 -69.605164 86.791183,
				 345.945313 -35.941193 86.791107,
				 354.355347 -60.084015 121.336166,
				 354.355347 -60.084015 121.336166,
				 314.311646 -69.605164 86.791183,
				 339.630432 -89.650711 121.336227,
				 310.199768 -95.669327 86.791222,
				 339.630432 -89.650711 121.336227,
				 263.785461 -92.521133 45.643795,
				 310.199768 -95.669327 86.791222,
				 262.972290 -95.785080 45.643799,
				 254.848358 -109.113663 45.643826,
				 290.335754 -144.076218 86.791306,
				 249.027618 -140.059128 45.643867,
				 290.335754 -144.076218 86.791306,
				 166.381683 -140.838364 18.701408,
				 249.027618 -140.059128 45.643867,
				 248.268280 -167.081039 45.643902,
				 248.268280 -167.081039 45.643902,
				 131.135345 -137.074066 -27.714508,
				 166.381683 -140.838364 18.701408,
				 163.817108 -187.631088 18.701462,
				 163.817108 -187.631088 18.701462,
				 86.775040 -189.915878 -27.714401,
				 131.135345 -137.074066 -27.714508,
				 157.191071 -197.533066 18.701485,
				 157.191071 -197.533066 18.701485,
				 86.775040 -189.915878 -27.714401,
				 151.031036 -208.955368 18.701508,
				 138.556976 -239.165085 18.701553,
				 151.031036 -208.955368 18.701508,
				 40.464920 -220.750290 -27.714310,
				 138.556976 -239.165085 18.701553,
				 108.431900 -297.390564 18.701660,
				 108.431900 -297.390564 18.701660,
				 40.464920 -220.750290 -27.714310,
				 108.431900 -297.390564 18.701660,
				 81.944931 -339.397339 18.701736,
				 -63.636948 -271.318665 -27.714127,
				 81.944931 -339.397339 18.701736,
				 74.996506 -355.865662 18.701767,
				 74.996506 -355.865662 18.701767,
				 -63.636948 -271.318665 -27.714127,
				 -36.708633 -469.785767 18.702026,
				 -96.482376 -466.446899 18.702087,
				 -36.708633 -469.785767 18.702026,
				 -102.978485 -279.046692 -27.714081,
				 -96.482376 -466.446899 18.702087,
				 -119.499374 -461.025940 18.702103,
				 -119.499374 -461.025940 18.702103,
				 -199.792236 -377.552856 18.702095,
				 -102.978485 -279.046692 -27.714081,
				 -119.499374 -461.025940 18.702103,
				 -212.797241 -376.802307 18.702110,
				 -199.792236 -377.552856 18.702095,
				 -198.595078 -388.123047 18.702103,
				 -198.595078 -388.123047 18.702103,
				 -240.150787 -382.029846 18.702148,
				 -282.105347 -318.454102 -27.713837,
				 -240.150787 -382.029846 18.702148,
				 -268.521729 -382.679871 18.702179,
				 -268.521729 -382.679871 18.702179,
				 -282.105347 -318.454102 -27.713837,
				 -296.433167 -374.375793 18.702194,
				 -306.230530 -376.002014 18.702209,
				 -296.433167 -374.375793 18.702194,
				 -373.879639 -326.274658 -67.527328,
				 -306.230530 -376.002014 18.702209,
				 -316.844971 -382.590271 18.702232,
				 -316.844971 -382.590271 18.702232,
				 -435.138367 -298.271912 -108.474777,
				 -373.879639 -326.274658 -67.527328,
				 -448.928223 -359.423279 -67.527206,
				 -448.928223 -359.423279 -67.527206,
				 -495.947327 -259.680115 -148.488419,
				 -424.944763 -243.950363 -148.488541,
				 -435.138367 -298.271912 -108.474777,
				 -702.363037 96.781860 151.014175,
				 -729.628662 113.724976 180.233047,
				 -710.763550 145.202591 180.232986,
				 -729.628662 113.724976 180.233047,
				 -522.591370 -243.394699 -148.488419,
				 -495.947327 -259.680115 -148.488419,
				 -533.474426 -314.794800 -108.474655,
				 -533.474426 -314.794800 -108.474655,
				 -549.100769 -209.739548 -148.488419,
				 -549.100769 -209.739548 -148.488419,
				 -553.376465 -204.311447 -148.488419,
				 -702.363037 96.781860 151.014175,
				 -685.467285 59.945587 132.874542,
				 -714.384521 59.078247 151.014221,
				 -714.384521 59.078247 151.014221,
				 -714.384521 59.078247 151.014221,
				 -685.467285 59.945587 132.874542,
				 -698.354492 33.836044 132.874588,
				 -698.354492 33.836044 132.874588,
				 -682.167480 22.221268 86.792191,
				 -703.787598 21.079300 132.874619,
				 -703.787598 21.079300 132.874619,
				 -743.807373 -84.036560 86.792381,
				 -682.649902 -62.463821 18.702255,
				 -709.907349 -145.833603 -27.713577,
				 -743.807373 -84.036560 86.792381,
				 -709.907349 -145.833603 -27.713577,
				 -641.518433 -224.132919 -108.474625,
				 -742.207520 -242.172775 -27.713425,
				 -742.207520 -242.172775 -27.713425,
				 -641.518433 -224.132919 -108.474625,
				 -553.376465 -204.311447 -148.488419,
				 -632.516907 -259.688904 -108.474625,
				 -632.516907 -259.688904 -108.474625,
				 -712.739868 -18.574295 132.874664,
				 -702.107788 -4.551147 86.792236,
				 -694.635986 -33.164322 45.644791,
				 -712.739868 -18.574295 132.874664,
				 -706.338989 13.100220 132.874619,
				 -682.167480 22.221268 86.792191,
				 -702.107788 -4.551147 86.792236,
				 -706.338989 13.100220 132.874619,
				 -712.739868 -18.574295 132.874664,
				 -694.635986 -33.164322 45.644791,
				 -713.295532 -30.832794 86.792282,
				 -723.986450 -24.391205 151.014328,
				 -713.295532 -30.832794 86.792282,
				 -718.041870 -39.108765 132.874695,
				 -723.986450 -24.391205 151.014328,
				 -728.551270 -57.434265 86.792328,
				 -682.649902 -62.463821 18.702255,
				 -743.807373 -84.036560 86.792381,
				 -732.821899 -51.633789 151.014374,
				 -718.041870 -39.108765 132.874695,
				 -728.551270 -57.434265 86.792328,
				 -732.821899 -51.633789 151.014374,
				 476.033234 336.319458 151.012573,
				 496.201080 332.801514 180.231430,
				 495.438263 315.537964 180.231445,
				 452.790314 254.510071 151.012695,
				 485.267120 279.740723 180.231491,
				 488.823517 238.434448 180.231552,
				 445.560577 200.030457 121.335770,
				 497.001740 218.715271 180.231552,
				 492.834869 176.424316 180.231613,
				 492.834869 176.424316 180.231613,
				 445.560577 200.030457 121.335770,
				 492.834869 176.424316 180.231613,
				 490.073639 164.568115 180.231628,
				 463.072662 161.039185 151.012802,
				 490.073639 164.568115 180.231628,
				 463.072662 161.039185 151.012802,
				 489.210358 145.043640 180.231659,
				 490.581329 121.794373 180.231674,
				 466.205841 107.905060 151.012863,
				 489.210358 145.043640 180.231659,
				 490.581329 121.794373 180.231674,
				 445.537384 83.732330 121.335892,
				 466.205841 107.905060 151.012863,
				 462.602936 59.706848 151.012924,
				 462.602936 59.706848 151.012924,
				 445.537384 83.732330 121.335892,
				 462.602936 59.706848 151.012924,
				 446.506012 74.286865 121.335922,
				 446.506012 74.286865 121.335922,
				 462.602936 59.706848 151.012924,
				 443.474030 62.028107 121.335922,
				 443.474030 62.028107 121.335922,
				 458.182037 41.087463 151.012939,
				 428.418365 35.254028 121.335983,
				 458.182037 41.087463 151.012939,
				 394.199860 26.476440 86.790985,
				 428.418365 35.254028 121.335983,
				 416.349518 11.949585 121.336014,
				 401.950226 -8.678162 121.336060,
				 416.349518 11.949585 121.336014,
				 420.256622 -18.939087 151.013046,
				 420.256622 -18.939087 151.013046,
				 377.974762 -37.178406 121.336121,
				 401.950226 -8.678162 121.336060,
				 406.561432 -39.598816 151.013092,
				 406.561432 -39.598816 151.013092,
				 366.657104 -49.174225 121.336151,
				 377.974762 -37.178406 121.336121,
				 394.870636 -52.857788 151.013123,
				 394.870636 -52.857788 151.013123,
				 345.945313 -35.941193 86.791107,
				 366.657104 -49.174225 121.336151,
				 354.355347 -60.084015 121.336166,
				 314.311646 -69.605164 86.791183,
				 354.355347 -60.084015 121.336166,
				 339.630432 -89.650711 121.336227,
				 310.199768 -95.669327 86.791222,
				 339.630432 -89.650711 121.336227,
				 331.301208 -127.539963 121.336288,
				 331.301208 -127.539963 121.336288,
				 262.972290 -95.785080 45.643799,
				 310.199768 -95.669327 86.791222,
				 290.335754 -144.076218 86.791306,
				 254.848358 -109.113663 45.643826,
				 262.972290 -95.785080 45.643799,
				 290.335754 -144.076218 86.791306,
				 249.027618 -140.059128 45.643867,
				 290.335754 -144.076218 86.791306,
				 282.408752 -160.877792 86.791336,
				 282.408752 -160.877792 86.791336,
				 249.027618 -140.059128 45.643867,
				 282.408752 -160.877792 86.791336,
				 248.268280 -167.081039 45.643902,
				 166.381683 -140.838364 18.701408,
				 248.268280 -167.081039 45.643902,
				 163.817108 -187.631088 18.701462,
				 131.135345 -137.074066 -27.714508,
				 163.817108 -187.631088 18.701462,
				 157.191071 -197.533066 18.701485,
				 86.775040 -189.915878 -27.714401,
				 157.191071 -197.533066 18.701485,
				 151.031036 -208.955368 18.701508,
				 151.031036 -208.955368 18.701508,
				 228.965607 -246.538803 45.644016,
				 138.556976 -239.165085 18.701553,
				 228.965607 -246.538803 45.644016,
				 138.556976 -239.165085 18.701553,
				 205.785065 -303.483521 45.644112,
				 108.431900 -297.390564 18.701660,
				 205.785065 -303.483521 45.644112,
				 81.944931 -339.397339 18.701736,
				 108.431900 -297.390564 18.701660,
				 195.351959 -380.174072 45.644211,
				 195.351959 -380.174072 45.644211,
				 81.944931 -339.397339 18.701736,
				 195.351959 -380.174072 45.644211,
				 74.996506 -355.865662 18.701767,
				 -63.636948 -271.318665 -27.714127,
				 74.996506 -355.865662 18.701767,
				 72.609467 -369.767883 18.701782,
				 72.609467 -369.767883 18.701782,
				 -63.636948 -271.318665 -27.714127,
				 72.609467 -369.767883 18.701782,
				 -36.708633 -469.785767 18.702026,
				 -96.482376 -466.446899 18.702087,
				 -36.708633 -469.785767 18.702026,
				 -88.635757 -524.356384 45.644699,
				 -88.635757 -524.356384 45.644699,
				 -119.499374 -461.025940 18.702103,
				 -96.482376 -466.446899 18.702087,
				 -106.521255 -468.079285 18.702103,
				 -106.521255 -468.079285 18.702103,
				 -240.150787 -382.029846 18.702148,
				 -198.595078 -388.123047 18.702103,
				 -213.154129 -477.990234 45.644783,
				 -213.154129 -477.990234 45.644783,
				 -268.521729 -382.679871 18.702179,
				 -240.150787 -382.029846 18.702148,
				 -260.443542 -487.096924 45.644844,
				 -260.443542 -487.096924 45.644844,
				 -282.105347 -318.454102 -27.713837,
				 -268.521729 -382.679871 18.702179,
				 -296.433167 -374.375793 18.702194,
				 -316.844971 -382.590271 18.702232,
				 -306.230530 -376.002014 18.702209,
				 -296.433167 -374.375793 18.702194,
				 -373.879639 -326.274658 -67.527328,
				 -316.844971 -382.590271 18.702232,
				 -348.732971 -387.861938 18.702271,
				 -348.732971 -387.861938 18.702271,
				 -448.928223 -359.423279 -67.527206,
				 -373.879639 -326.274658 -67.527328,
				 -363.477112 -395.134460 18.702301,
				 -363.477112 -395.134460 18.702301,
				 -533.474426 -314.794800 -108.474655,
				 -435.138367 -298.271912 -108.474777,
				 -448.928223 -359.423279 -67.527206,
				 -533.474426 -314.794800 -108.474655,
				 -495.947327 -259.680115 -148.488419,
				 -435.138367 -298.271912 -108.474777,
				 -702.363037 96.781860 151.014175,
				 -739.998901 86.293335 180.233093,
				 -729.628662 113.724976 180.233047,
				 -739.998901 86.293335 180.233093,
				 -522.591370 -243.394699 -148.488419,
				 -533.474426 -314.794800 -108.474655,
				 -562.019226 -314.233887 -108.474625,
				 -562.019226 -314.233887 -108.474625,
				 -612.545654 -287.703003 -108.474594,
				 -549.100769 -209.739548 -148.488419,
				 -522.591370 -243.394699 -148.488419,
				 -612.545654 -287.703003 -108.474594,
				 -632.516907 -259.688904 -108.474625,
				 -553.376465 -204.311447 -148.488419,
				 -549.100769 -209.739548 -148.488419,
				 -714.384521 59.078247 151.014221,
				 -745.259644 69.795654 180.233109,
				 -739.998901 86.293335 180.233093,
				 -702.363037 96.781860 151.014175,
				 -745.259644 69.795654 180.233109,
				 -714.384521 59.078247 151.014221,
				 -698.354492 33.836044 132.874588,
				 -715.634155 19.072021 151.014267,
				 -715.634155 19.072021 151.014267,
				 -703.787598 21.079300 132.874619,
				 -682.167480 22.221268 86.792191,
				 -705.161743 16.336121 132.874619,
				 -705.161743 16.336121 132.874619,
				 -715.634155 19.072021 151.014267,
				 -698.354492 33.836044 132.874588,
				 -703.787598 21.079300 132.874619,
				 -743.807373 -84.036560 86.792381,
				 -709.907349 -145.833603 -27.713577,
				 -737.460571 -141.883408 18.702415,
				 -737.460571 -141.883408 18.702415,
				 -742.207520 -242.172775 -27.713425,
				 -641.518433 -224.132919 -108.474625,
				 -720.732300 -281.283447 -67.526993,
				 -720.732300 -281.283447 -67.526993,
				 -763.083740 -187.325668 18.702499,
				 -709.907349 -145.833603 -27.713577,
				 -742.207520 -242.172775 -27.713425,
				 -763.083740 -187.325668 18.702499,
				 -720.732300 -281.283447 -67.526993,
				 -641.518433 -224.132919 -108.474625,
				 -632.516907 -259.688904 -108.474625,
				 -711.285034 -9.921173 132.874649,
				 -702.107788 -4.551147 86.792236,
				 -712.739868 -18.574295 132.874664,
				 -711.285034 -9.921173 132.874649,
				 -705.161743 16.336121 132.874619,
				 -682.167480 22.221268 86.792191,
				 -706.338989 13.100220 132.874619,
				 -706.338989 13.100220 132.874619,
				 -702.107788 -4.551147 86.792236,
				 -710.078003 -1.330872 132.874649,
				 -710.078003 -1.330872 132.874649,
				 -716.878906 -23.062042 132.874680,
				 -712.739868 -18.574295 132.874664,
				 -713.295532 -30.832794 86.792282,
				 -716.878906 -23.062042 132.874680,
				 -723.986450 -24.391205 151.014328,
				 -716.878906 -23.062042 132.874680,
				 -713.295532 -30.832794 86.792282,
				 -723.986450 -24.391205 151.014328,
				 -718.041870 -39.108765 132.874695,
				 -729.195313 -34.028625 151.014359,
				 -729.195313 -34.028625 151.014359,
				 -749.828125 -76.439148 151.014420,
				 -728.551270 -57.434265 86.792328,
				 -743.807373 -84.036560 86.792381,
				 -749.828125 -76.439148 151.014420,
				 -731.845093 -43.332581 151.014359,
				 -718.041870 -39.108765 132.874695,
				 -732.821899 -51.633789 151.014374,
				 -731.845093 -43.332581 151.014359,
				 -749.828125 -76.439148 151.014420,
				 -732.821899 -51.633789 151.014374,
				 -728.551270 -57.434265 86.792328,
				 463.072662 161.039185 151.012802,
				 490.073639 164.568115 180.231628,
				 489.210358 145.043640 180.231659,
				 466.205841 107.905060 151.012863,
				 490.581329 121.794373 180.231674,
				 484.562775 107.677673 180.231705,
				 484.562775 107.677673 180.231705,
				 466.205841 107.905060 151.012863,
				 484.562775 107.677673 180.231705,
				 482.985748 86.587341 180.231735,
				 462.602936 59.706848 151.012924,
				 482.985748 86.587341 180.231735,
				 443.474030 62.028107 121.335922,
				 462.602936 59.706848 151.012924,
				 458.182037 41.087463 151.012939,
				 428.418365 35.254028 121.335983,
				 458.182037 41.087463 151.012939,
				 446.314728 24.211548 151.012985,
				 446.314728 24.211548 151.012985,
				 428.418365 35.254028 121.335983,
				 446.314728 24.211548 151.012985,
				 416.349518 11.949585 121.336014,
				 416.349518 11.949585 121.336014,
				 446.314728 24.211548 151.012985,
				 420.256622 -18.939087 151.013046,
				 401.950226 -8.678162 121.336060,
				 420.256622 -18.939087 151.013046,
				 406.561432 -39.598816 151.013092,
				 377.974762 -37.178406 121.336121,
				 406.561432 -39.598816 151.013092,
				 394.870636 -52.857788 151.013123,
				 366.657104 -49.174225 121.336151,
				 394.870636 -52.857788 151.013123,
				 368.588745 -82.562988 151.013199,
				 368.588745 -82.562988 151.013199,
				 354.355347 -60.084015 121.336166,
				 366.657104 -49.174225 121.336151,
				 368.588745 -82.562988 151.013199,
				 354.355347 -60.084015 121.336166,
				 368.588745 -82.562988 151.013199,
				 339.630432 -89.650711 121.336227,
				 339.630432 -89.650711 121.336227,
				 360.928711 -131.450912 151.013260,
				 331.301208 -127.539963 121.336288,
				 360.928711 -131.450912 151.013260,
				 310.199768 -95.669327 86.791222,
				 331.301208 -127.539963 121.336288,
				 290.335754 -144.076218 86.791306,
				 290.335754 -144.076218 86.791306,
				 358.035706 -178.973129 151.013321,
				 282.408752 -160.877792 86.791336,
				 358.035706 -178.973129 151.013321,
				 248.268280 -167.081039 45.643902,
				 282.408752 -160.877792 86.791336,
				 279.373535 -172.194077 86.791351,
				 279.373535 -172.194077 86.791351,
				 163.817108 -187.631088 18.701462,
				 248.268280 -167.081039 45.643902,
				 247.146759 -178.694199 45.643917,
				 247.146759 -178.694199 45.643917,
				 157.191071 -197.533066 18.701485,
				 163.817108 -187.631088 18.701462,
				 164.365570 -192.593246 18.701477,
				 164.365570 -192.593246 18.701477,
				 151.031036 -208.955368 18.701508,
				 151.031036 -208.955368 18.701508,
				 229.631012 -221.291916 45.643986,
				 228.965607 -246.538803 45.644016,
				 229.631012 -221.291916 45.643986,
				 138.556976 -239.165085 18.701553,
				 228.965607 -246.538803 45.644016,
				 219.320892 -275.261292 45.644062,
				 219.320892 -275.261292 45.644062,
				 138.556976 -239.165085 18.701553,
				 208.537323 -293.757874 45.644096,
				 205.785065 -303.483521 45.644112,
				 208.537323 -293.757874 45.644096,
				 108.431900 -297.390564 18.701660,
				 205.785065 -303.483521 45.644112,
				 204.964874 -306.776489 45.644115,
				 204.964874 -306.776489 45.644115,
				 108.431900 -297.390564 18.701660,
				 204.530365 -343.414063 45.644157,
				 195.351959 -380.174072 45.644211,
				 204.530365 -343.414063 45.644157,
				 74.996506 -355.865662 18.701767,
				 195.351959 -380.174072 45.644211,
				 72.609467 -369.767883 18.701782,
				 -36.708633 -469.785767 18.702026,
				 72.609467 -369.767883 18.701782,
				 72.046234 -385.537048 18.701805,
				 72.046234 -385.537048 18.701805,
				 -88.635757 -524.356384 45.644699,
				 -36.708633 -469.785767 18.702026,
				 -54.918686 -534.011963 45.644672,
				 -54.918686 -534.011963 45.644672,
				 -106.521255 -468.079285 18.702103,
				 -96.482376 -466.446899 18.702087,
				 -88.635757 -524.356384 45.644699,
				 -162.978928 -489.878113 45.644741,
				 -119.499374 -461.025940 18.702103,
				 -106.521255 -468.079285 18.702103,
				 -162.978928 -489.878113 45.644741,
				 -198.595078 -388.123047 18.702103,
				 -119.499374 -461.025940 18.702103,
				 -162.978928 -489.878113 45.644741,
				 -198.595078 -388.123047 18.702103,
				 -162.978928 -489.878113 45.644741,
				 -213.154129 -477.990234 45.644783,
				 -240.150787 -382.029846 18.702148,
				 -213.154129 -477.990234 45.644783,
				 -260.443542 -487.096924 45.644844,
				 -268.521729 -382.679871 18.702179,
				 -260.443542 -487.096924 45.644844,
				 -308.637360 -488.793335 45.644901,
				 -308.637360 -488.793335 45.644901,
				 -268.521729 -382.679871 18.702179,
				 -348.732971 -387.861938 18.702271,
				 -332.700287 -391.361755 18.702255,
				 -332.700287 -391.361755 18.702255,
				 -373.879639 -326.274658 -67.527328,
				 -348.732971 -387.861938 18.702271,
				 -356.732361 -389.221741 18.702286,
				 -356.732361 -389.221741 18.702286,
				 -373.879639 -326.274658 -67.527328,
				 -356.732361 -389.221741 18.702286,
				 -363.477112 -395.134460 18.702301,
				 -448.928223 -359.423279 -67.527206,
				 -363.477112 -395.134460 18.702301,
				 -391.547119 -415.132629 18.702354,
				 -391.547119 -415.132629 18.702354,
				 -533.474426 -314.794800 -108.474655,
				 -448.928223 -359.423279 -67.527206,
				 -492.994690 -377.900818 -67.527130,
				 -492.994690 -377.900818 -67.527130,
				 -562.019226 -314.233887 -108.474625,
				 -533.474426 -314.794800 -108.474655,
				 -561.715393 -373.252563 -67.527054,
				 -561.715393 -373.252563 -67.527054,
				 -580.754639 -306.670837 -108.474625,
				 -522.591370 -243.394699 -148.488419,
				 -562.019226 -314.233887 -108.474625,
				 -580.754639 -306.670837 -108.474625,
				 -632.516907 -259.688904 -108.474625,
				 -549.100769 -209.739548 -148.488419,
				 -612.545654 -287.703003 -108.474594,
				 -612.545654 -287.703003 -108.474594,
				 -522.591370 -243.394699 -148.488419,
				 -580.754639 -306.670837 -108.474625,
				 -714.384521 59.078247 151.014221,
				 -739.048340 34.147522 180.233154,
				 -745.259644 69.795654 180.233109,
				 -739.048340 34.147522 180.233154,
				 -715.634155 19.072021 151.014267,
				 -739.594849 16.642029 180.233170,
				 -739.048340 34.147522 180.233154,
				 -714.384521 59.078247 151.014221,
				 -739.594849 16.642029 180.233170,
				 -715.634155 19.072021 151.014267,
				 -703.787598 21.079300 132.874619,
				 -705.161743 16.336121 132.874619,
				 -737.460571 -141.883408 18.702415,
				 -709.907349 -145.833603 -27.713577,
				 -763.083740 -187.325668 18.702499,
				 -743.807373 -84.036560 86.792381,
				 -737.460571 -141.883408 18.702415,
				 -755.580200 -125.363861 45.644966,
				 -755.580200 -125.363861 45.644966,
				 -784.051758 -242.512619 18.702583,
				 -742.207520 -242.172775 -27.713425,
				 -720.732300 -281.283447 -67.526993,
				 -784.051758 -242.512619 18.702583,
				 -763.083740 -187.325668 18.702499,
				 -742.207520 -242.172775 -27.713425,
				 -784.051758 -242.512619 18.702583,
				 -720.732300 -281.283447 -67.526993,
				 -632.516907 -259.688904 -108.474625,
				 -706.987793 -335.243774 -67.526947,
				 -706.987793 -335.243774 -67.526947,
				 -710.078003 -1.330872 132.874649,
				 -702.107788 -4.551147 86.792236,
				 -711.285034 -9.921173 132.874649,
				 -713.523560 -11.231384 132.874649,
				 -711.285034 -9.921173 132.874649,
				 -712.739868 -18.574295 132.874664,
				 -713.523560 -11.231384 132.874649,
				 -715.634155 19.072021 151.014267,
				 -705.161743 16.336121 132.874619,
				 -706.338989 13.100220 132.874619,
				 -715.634155 19.072021 151.014267,
				 -706.338989 13.100220 132.874619,
				 -710.078003 -1.330872 132.874649,
				 -720.462524 -15.291718 151.014328,
				 -712.739868 -18.574295 132.874664,
				 -716.878906 -23.062042 132.874680,
				 -720.462524 -15.291718 151.014328,
				 -722.502319 -19.053162 151.014328,
				 -716.878906 -23.062042 132.874680,
				 -723.986450 -24.391205 151.014328,
				 -722.502319 -19.053162 151.014328,
				 -729.195313 -34.028625 151.014359,
				 -718.041870 -39.108765 132.874695,
				 -731.788452 -40.412689 151.014359,
				 -731.788452 -40.412689 151.014359,
				 -729.195313 -34.028625 151.014359,
				 -745.528076 -6.593658 180.233200,
				 -743.248657 -2.376526 180.233200,
				 -723.986450 -24.391205 151.014328,
				 -745.528076 -6.593658 180.233200,
				 -743.248657 -2.376526 180.233200,
				 -749.828125 -76.439148 151.014420,
				 -743.807373 -84.036560 86.792381,
				 -760.566772 -95.548889 151.014450,
				 -760.566772 -95.548889 151.014450,
				 -731.788452 -40.412689 151.014359,
				 -718.041870 -39.108765 132.874695,
				 -731.845093 -43.332581 151.014359,
				 -731.845093 -43.332581 151.014359,
				 -732.821899 -51.633789 151.014374,
				 -749.828125 -76.439148 151.014420,
				 462.602936 59.706848 151.012924,
				 482.985748 86.587341 180.231735,
				 480.896027 39.350555 180.231796,
				 480.896027 39.350555 180.231796,
				 462.602936 59.706848 151.012924,
				 480.896027 39.350555 180.231796,
				 478.961945 31.203735 180.231796,
				 458.182037 41.087463 151.012939,
				 478.961945 31.203735 180.231796,
				 458.182037 41.087463 151.012939,
				 478.961945 31.203735 180.231796,
				 473.770050 23.818573 180.231827,
				 446.314728 24.211548 151.012985,
				 473.770050 23.818573 180.231827,
				 446.314728 24.211548 151.012985,
				 454.225250 -9.962769 180.231888,
				 442.822540 -28.844055 180.231918,
				 420.256622 -18.939087 151.013046,
				 454.225250 -9.962769 180.231888,
				 442.822540 -28.844055 180.231918,
				 420.256622 -18.939087 151.013046,
				 432.077667 -36.132538 180.231934,
				 426.084747 -45.172577 180.231949,
				 406.561432 -39.598816 151.013092,
				 432.077667 -36.132538 180.231934,
				 426.084747 -45.172577 180.231949,
				 406.561432 -39.598816 151.013092,
				 414.280670 -54.234283 180.231979,
				 409.165192 -60.036041 180.231979,
				 394.870636 -52.857788 151.013123,
				 414.280670 -54.234283 180.231979,
				 409.165192 -60.036041 180.231979,
				 368.588745 -82.562988 151.013199,
				 394.870636 -52.857788 151.013123,
				 372.184601 -89.115005 177.022110,
				 372.184601 -89.115005 177.022110,
				 339.630432 -89.650711 121.336227,
				 368.588745 -82.562988 151.013199,
				 366.910339 -93.271667 151.013199,
				 366.910339 -93.271667 151.013199,
				 339.630432 -89.650711 121.336227,
				 366.910339 -93.271667 151.013199,
				 360.928711 -131.450912 151.013260,
				 331.301208 -127.539963 121.336288,
				 360.928711 -131.450912 151.013260,
				 359.572449 -165.959396 151.013290,
				 359.572449 -165.959396 151.013290,
				 290.335754 -144.076218 86.791306,
				 331.301208 -127.539963 121.336288,
				 359.572449 -165.959396 151.013290,
				 290.335754 -144.076218 86.791306,
				 359.572449 -165.959396 151.013290,
				 358.035706 -178.973129 151.013321,
				 282.408752 -160.877792 86.791336,
				 358.035706 -178.973129 151.013321,
				 280.561646 -186.422897 86.791367,
				 280.561646 -186.422897 86.791367,
				 282.408752 -160.877792 86.791336,
				 280.561646 -186.422897 86.791367,
				 279.373535 -172.194077 86.791351,
				 248.268280 -167.081039 45.643902,
				 279.373535 -172.194077 86.791351,
				 247.146759 -178.694199 45.643917,
				 163.817108 -187.631088 18.701462,
				 247.146759 -178.694199 45.643917,
				 242.318146 -191.130844 45.643936,
				 242.318146 -191.130844 45.643936,
				 163.817108 -187.631088 18.701462,
				 235.088043 -204.613632 45.643959,
				 164.365570 -192.593246 18.701477,
				 235.088043 -204.613632 45.643959,
				 151.031036 -208.955368 18.701508,
				 164.365570 -192.593246 18.701477,
				 229.631012 -221.291916 45.643986,
				 229.631012 -221.291916 45.643986,
				 282.552429 -212.632248 86.791397,
				 228.965607 -246.538803 45.644016,
				 282.552429 -212.632248 86.791397,
				 228.965607 -246.538803 45.644016,
				 284.948425 -291.522705 86.791489,
				 219.320892 -275.261292 45.644062,
				 284.948425 -291.522705 86.791489,
				 138.556976 -239.165085 18.701553,
				 219.320892 -275.261292 45.644062,
				 208.537323 -293.757874 45.644096,
				 208.537323 -293.757874 45.644096,
				 275.707275 -314.321045 86.791519,
				 205.785065 -303.483521 45.644112,
				 275.707275 -314.321045 86.791519,
				 205.785065 -303.483521 45.644112,
				 205.214386 -312.103027 45.644119,
				 204.964874 -306.776489 45.644115,
				 205.214386 -312.103027 45.644119,
				 108.431900 -297.390564 18.701660,
				 204.964874 -306.776489 45.644115,
				 205.214386 -312.103027 45.644119,
				 108.431900 -297.390564 18.701660,
				 205.214386 -312.103027 45.644119,
				 204.530365 -343.414063 45.644157,
				 204.530365 -343.414063 45.644157,
				 275.432495 -374.956482 86.791595,
				 195.351959 -380.174072 45.644211,
				 275.432495 -374.956482 86.791595,
				 72.609467 -369.767883 18.701782,
				 195.351959 -380.174072 45.644211,
				 73.598114 -392.008850 18.701813,
				 73.598114 -392.008850 18.701813,
				 73.598114 -392.008850 18.701813,
				 73.764145 -401.125977 18.701820,
				 73.764145 -401.125977 18.701820,
				 -36.708633 -469.785767 18.702026,
				 -39.131226 -544.729126 45.644669,
				 -54.918686 -534.011963 45.644672,
				 -39.131226 -544.729126 45.644669,
				 -88.635757 -524.356384 45.644699,
				 -54.918686 -534.011963 45.644672,
				 -67.503006 -556.322266 86.792191,
				 -67.503006 -556.322266 86.792191,
				 -162.978928 -489.878113 45.644741,
				 -106.521255 -468.079285 18.702103,
				 -88.635757 -524.356384 45.644699,
				 -213.154129 -477.990234 45.644783,
				 -162.978928 -489.878113 45.644741,
				 -189.776932 -523.747070 86.792282,
				 -189.776932 -523.747070 86.792282,
				 -260.443542 -487.096924 45.644844,
				 -213.154129 -477.990234 45.644783,
				 -224.126541 -514.596741 86.792313,
				 -224.126541 -514.596741 86.792313,
				 -308.637360 -488.793335 45.644901,
				 -260.443542 -487.096924 45.644844,
				 -294.638000 -497.284180 45.644897,
				 -294.638000 -497.284180 45.644897,
				 -323.000427 -388.085754 18.702240,
				 -268.521729 -382.679871 18.702179,
				 -308.637360 -488.793335 45.644901,
				 -323.000427 -388.085754 18.702240,
				 -323.000427 -388.085754 18.702240,
				 -363.477112 -395.134460 18.702301,
				 -356.732361 -389.221741 18.702286,
				 -391.547119 -415.132629 18.702354,
				 -363.477112 -395.134460 18.702301,
				 -369.631470 -458.831360 45.644936,
				 -369.631470 -458.831360 45.644936,
				 -448.928223 -359.423279 -67.527206,
				 -391.547119 -415.132629 18.702354,
				 -402.809265 -425.136475 18.702377,
				 -402.809265 -425.136475 18.702377,
				 -492.994690 -377.900818 -67.527130,
				 -448.928223 -359.423279 -67.527206,
				 -470.324158 -401.696106 -27.713531,
				 -470.324158 -401.696106 -27.713531,
				 -533.474426 -314.794800 -108.474655,
				 -492.994690 -377.900818 -67.527130,
				 -520.775757 -378.925110 -67.527100,
				 -520.775757 -378.925110 -67.527100,
				 -533.474426 -314.794800 -108.474655,
				 -520.775757 -378.925110 -67.527100,
				 -561.715393 -373.252563 -67.527054,
				 -562.019226 -314.233887 -108.474625,
				 -561.715393 -373.252563 -67.527054,
				 -590.842712 -378.153809 -67.527023,
				 -590.842712 -378.153809 -67.527023,
				 -580.754639 -306.670837 -108.474625,
				 -562.019226 -314.233887 -108.474625,
				 -590.842712 -378.153809 -67.527023,
				 -706.987793 -335.243774 -67.526947,
				 -632.516907 -259.688904 -108.474625,
				 -612.545654 -287.703003 -108.474594,
				 -612.545654 -287.703003 -108.474594,
				 -580.754639 -306.670837 -108.474625,
				 -605.190735 -297.041321 -108.474594,
				 -605.190735 -297.041321 -108.474594,
				 -720.462524 -15.291718 151.014328,
				 -741.706665 1.604828 180.233200,
				 -739.594849 16.642029 180.233170,
				 -715.634155 19.072021 151.014267,
				 -741.706665 1.604828 180.233200,
				 -782.428345 -161.006027 45.645039,
				 -737.460571 -141.883408 18.702415,
				 -763.083740 -187.325668 18.702499,
				 -782.428345 -161.006027 45.645039,
				 -775.423218 -132.511047 86.792473,
				 -755.580200 -125.363861 45.644966,
				 -737.460571 -141.883408 18.702415,
				 -775.423218 -132.511047 86.792473,
				 -760.566772 -95.548889 151.014450,
				 -743.807373 -84.036560 86.792381,
				 -755.580200 -125.363861 45.644966,
				 -784.051758 -242.512619 18.702583,
				 -720.732300 -281.283447 -67.526993,
				 -806.575073 -301.270142 18.702682,
				 -806.575073 -301.270142 18.702682,
				 -800.483765 -199.008224 45.645103,
				 -763.083740 -187.325668 18.702499,
				 -784.051758 -242.512619 18.702583,
				 -800.483765 -199.008224 45.645103,
				 -720.732300 -281.283447 -67.526993,
				 -706.987793 -335.243774 -67.526947,
				 -723.456909 -311.041687 -67.526962,
				 -723.456909 -311.041687 -67.526962,
				 -710.078003 -1.330872 132.874649,
				 -711.285034 -9.921173 132.874649,
				 -713.523560 -11.231384 132.874649,
				 -720.462524 -15.291718 151.014328,
				 -713.523560 -11.231384 132.874649,
				 -712.739868 -18.574295 132.874664,
				 -715.634155 19.072021 151.014267,
				 -710.078003 -1.330872 132.874649,
				 -720.462524 -15.291718 151.014328,
				 -722.066895 -17.304382 151.014328,
				 -720.462524 -15.291718 151.014328,
				 -716.878906 -23.062042 132.874680,
				 -722.066895 -17.304382 151.014328,
				 -722.066895 -17.304382 151.014328,
				 -716.878906 -23.062042 132.874680,
				 -722.502319 -19.053162 151.014328,
				 -723.986450 -24.391205 151.014328,
				 -743.248657 -2.376526 180.233200,
				 -742.599487 -0.040070 180.233200,
				 -722.502319 -19.053162 151.014328,
				 -742.599487 -0.040070 180.233200,
				 -731.788452 -40.412689 151.014359,
				 -746.663208 -9.386932 180.233215,
				 -745.528076 -6.593658 180.233200,
				 -729.195313 -34.028625 151.014359,
				 -746.663208 -9.386932 180.233215,
				 -760.566772 -95.548889 151.014450,
				 -785.903687 -95.098083 180.233353,
				 -781.205444 -86.736633 180.233353,
				 -749.828125 -76.439148 151.014420,
				 -785.903687 -95.098083 180.233353,
				 -781.205444 -86.736633 180.233353,
				 -731.788452 -40.412689 151.014359,
				 446.314728 24.211548 151.012985,
				 473.770050 23.818573 180.231827,
				 458.780426 -10.726105 180.231873,
				 458.780426 -10.726105 180.231873,
				 446.314728 24.211548 151.012985,
				 458.780426 -10.726105 180.231873,
				 454.225250 -9.962769 180.231888,
				 420.256622 -18.939087 151.013046,
				 442.822540 -28.844055 180.231918,
				 438.527740 -30.796448 180.231918,
				 438.527740 -30.796448 180.231918,
				 420.256622 -18.939087 151.013046,
				 438.527740 -30.796448 180.231918,
				 432.077667 -36.132538 180.231934,
				 406.561432 -39.598816 151.013092,
				 426.084747 -45.172577 180.231949,
				 414.280670 -54.234283 180.231979,
				 394.870636 -52.857788 151.013123,
				 409.165192 -60.036041 180.231979,
				 407.030182 -62.214172 180.231995,
				 407.030182 -62.214172 180.231995,
				 394.870636 -52.857788 151.013123,
				 406.913605 -64.845581 180.231995,
				 377.640045 -87.265381 180.232056,
				 372.184601 -89.115005 177.022110,
				 406.913605 -64.845581 180.231995,
				 377.640045 -87.265381 180.232056,
				 368.588745 -82.562988 151.013199,
				 372.184601 -89.115005 177.022110,
				 366.910339 -93.271667 151.013199,
				 366.910339 -93.271667 151.013199,
				 376.088165 -108.296478 177.022110,
				 360.928711 -131.450912 151.013260,
				 376.088165 -108.296478 177.022110,
				 360.928711 -131.450912 151.013260,
				 394.738190 -145.927780 177.022141,
				 359.572449 -165.959396 151.013290,
				 394.738190 -145.927780 177.022141,
				 359.572449 -165.959396 151.013290,
				 394.738190 -145.927780 177.022141,
				 358.035706 -178.973129 151.013321,
				 280.561646 -186.422897 86.791367,
				 358.035706 -178.973129 151.013321,
				 327.169800 -222.078049 121.336395,
				 327.169800 -222.078049 121.336395,
				 247.146759 -178.694199 45.643917,
				 279.373535 -172.194077 86.791351,
				 280.561646 -186.422897 86.791367,
				 247.146759 -178.694199 45.643917,
				 246.328705 -184.562485 45.643925,
				 242.318146 -191.130844 45.643936,
				 246.328705 -184.562485 45.643925,
				 163.817108 -187.631088 18.701462,
				 242.318146 -191.130844 45.643936,
				 235.088043 -204.613632 45.643959,
				 164.365570 -192.593246 18.701477,
				 235.088043 -204.613632 45.643959,
				 229.631012 -221.291916 45.643986,
				 235.088043 -204.613632 45.643959,
				 282.552429 -212.632248 86.791397,
				 229.631012 -221.291916 45.643986,
				 228.965607 -246.538803 45.644016,
				 282.552429 -212.632248 86.791397,
				 290.791138 -242.971542 86.791420,
				 290.791138 -242.971542 86.791420,
				 228.965607 -246.538803 45.644016,
				 292.602112 -272.982483 86.791458,
				 284.948425 -291.522705 86.791489,
				 292.602112 -272.982483 86.791458,
				 219.320892 -275.261292 45.644062,
				 284.948425 -291.522705 86.791489,
				 278.510010 -301.737488 86.791504,
				 278.510010 -301.737488 86.791504,
				 219.320892 -275.261292 45.644062,
				 275.707275 -314.321045 86.791519,
				 208.537323 -293.757874 45.644096,
				 205.785065 -303.483521 45.644112,
				 275.707275 -314.321045 86.791519,
				 205.214386 -312.103027 45.644119,
				 205.214386 -312.103027 45.644119,
				 275.707275 -314.321045 86.791519,
				 204.530365 -343.414063 45.644157,
				 204.530365 -343.414063 45.644157,
				 274.642883 -360.907654 86.791580,
				 275.432495 -374.956482 86.791595,
				 274.642883 -360.907654 86.791580,
				 195.351959 -380.174072 45.644211,
				 275.432495 -374.956482 86.791595,
				 206.625580 -433.311462 45.644264,
				 206.625580 -433.311462 45.644264,
				 73.598114 -392.008850 18.701813,
				 195.351959 -380.174072 45.644211,
				 73.764145 -401.125977 18.701820,
				 69.652542 -428.048096 18.701859,
				 69.652542 -428.048096 18.701859,
				 -36.708633 -469.785767 18.702026,
				 34.976196 -477.387695 18.701950,
				 -39.131226 -544.729126 45.644669,
				 34.976196 -477.387695 18.701950,
				 -54.918686 -534.011963 45.644672,
				 -39.131226 -544.729126 45.644669,
				 -67.503006 -556.322266 86.792191,
				 -88.635757 -524.356384 45.644699,
				 -67.503006 -556.322266 86.792191,
				 -100.007034 -595.305298 151.014313,
				 -100.007034 -595.305298 151.014313,
				 -162.978928 -489.878113 45.644741,
				 -88.635757 -524.356384 45.644699,
				 -151.798874 -543.585388 121.337311,
				 -151.798874 -543.585388 121.337311,
				 -189.776932 -523.747070 86.792282,
				 -162.978928 -489.878113 45.644741,
				 -175.411148 -531.252258 121.337326,
				 -175.411148 -531.252258 121.337326,
				 -213.154129 -477.990234 45.644783,
				 -189.776932 -523.747070 86.792282,
				 -224.126541 -514.596741 86.792313,
				 -260.443542 -487.096924 45.644844,
				 -224.126541 -514.596741 86.792313,
				 -244.269104 -517.463684 121.337387,
				 -244.269104 -517.463684 121.337387,
				 -294.638000 -497.284180 45.644897,
				 -260.443542 -487.096924 45.644844,
				 -285.429565 -504.965637 86.792374,
				 -285.429565 -504.965637 86.792374,
				 -308.637360 -488.793335 45.644901,
				 -294.638000 -497.284180 45.644897,
				 -302.834961 -496.161438 45.644905,
				 -302.834961 -496.161438 45.644905,
				 -323.000427 -388.085754 18.702240,
				 -308.637360 -488.793335 45.644901,
				 -352.439972 -461.728210 45.644917,
				 -352.439972 -461.728210 45.644917,
				 -332.700287 -391.361755 18.702255,
				 -323.000427 -388.085754 18.702240,
				 -352.439972 -461.728210 45.644917,
				 -363.477112 -395.134460 18.702301,
				 -332.700287 -391.361755 18.702255,
				 -352.439972 -461.728210 45.644917,
				 -363.477112 -395.134460 18.702301,
				 -352.439972 -461.728210 45.644917,
				 -369.631470 -458.831360 45.644936,
				 -391.547119 -415.132629 18.702354,
				 -369.631470 -458.831360 45.644936,
				 -388.658752 -459.271851 45.644955,
				 -388.658752 -459.271851 45.644955,
				 -402.809265 -425.136475 18.702377,
				 -391.547119 -415.132629 18.702354,
				 -388.658752 -459.271851 45.644955,
				 -448.928223 -359.423279 -67.527206,
				 -402.809265 -425.136475 18.702377,
				 -419.605530 -433.342590 18.702408,
				 -419.605530 -433.342590 18.702408,
				 -448.928223 -359.423279 -67.527206,
				 -419.605530 -433.342590 18.702408,
				 -470.324158 -401.696106 -27.713531,
				 -520.775757 -378.925110 -67.527100,
				 -492.994690 -377.900818 -67.527130,
				 -470.324158 -401.696106 -27.713531,
				 -561.715393 -373.252563 -67.527054,
				 -520.775757 -378.925110 -67.527100,
				 -555.567200 -428.398987 -27.713394,
				 -555.567200 -428.398987 -27.713394,
				 -590.842712 -378.153809 -67.527023,
				 -561.715393 -373.252563 -67.527054,
				 -555.567200 -428.398987 -27.713394,
				 -605.190735 -297.041321 -108.474594,
				 -580.754639 -306.670837 -108.474625,
				 -590.842712 -378.153809 -67.527023,
				 -706.987793 -335.243774 -67.526947,
				 -612.545654 -287.703003 -108.474594,
				 -655.640869 -367.268188 -67.526962,
				 -655.640869 -367.268188 -67.526962,
				 -612.545654 -287.703003 -108.474594,
				 -605.190735 -297.041321 -108.474594,
				 -655.640869 -367.268188 -67.526962,
				 -722.066895 -17.304382 151.014328,
				 -742.409058 0.724030 180.233200,
				 -741.706665 1.604828 180.233200,
				 -720.462524 -15.291718 151.014328,
				 -742.409058 0.724030 180.233200,
				 -775.423218 -132.511047 86.792473,
				 -737.460571 -141.883408 18.702415,
				 -782.428345 -161.006027 45.645039,
				 -782.428345 -161.006027 45.645039,
				 -763.083740 -187.325668 18.702499,
				 -795.437256 -183.200851 45.645081,
				 -795.437256 -183.200851 45.645081,
				 -760.566772 -95.548889 151.014450,
				 -755.580200 -125.363861 45.644966,
				 -775.423218 -132.511047 86.792473,
				 -806.575073 -301.270142 18.702682,
				 -720.732300 -281.283447 -67.526993,
				 -766.896851 -333.222351 -27.713272,
				 -766.896851 -333.222351 -27.713272,
				 -814.450684 -243.298813 45.645172,
				 -784.051758 -242.512619 18.702583,
				 -806.575073 -301.270142 18.702682,
				 -814.450684 -243.298813 45.645172,
				 -795.437256 -183.200851 45.645081,
				 -763.083740 -187.325668 18.702499,
				 -800.483765 -199.008224 45.645103,
				 -800.483765 -199.008224 45.645103,
				 -784.051758 -242.512619 18.702583,
				 -814.450684 -243.298813 45.645172,
				 -766.896851 -333.222351 -27.713272,
				 -723.456909 -311.041687 -67.526962,
				 -706.987793 -335.243774 -67.526947,
				 -766.896851 -333.222351 -27.713272,
				 -720.732300 -281.283447 -67.526993,
				 -723.456909 -311.041687 -67.526962,
				 -720.462524 -15.291718 151.014328,
				 -710.078003 -1.330872 132.874649,
				 -713.523560 -11.231384 132.874649,
				 -722.502319 -19.053162 151.014328,
				 -742.599487 -0.040070 180.233200,
				 -742.409058 0.724030 180.233200,
				 -722.066895 -17.304382 151.014328,
				 -749.828125 -76.439148 151.014420,
				 -754.556030 -25.150696 180.233231,
				 -746.663208 -9.386932 180.233215,
				 -731.788452 -40.412689 151.014359,
				 -754.556030 -25.150696 180.233231,
				 -775.423218 -132.511047 86.792473,
				 -799.708008 -102.137115 180.233383,
				 -785.903687 -95.098083 180.233353,
				 -760.566772 -95.548889 151.014450,
				 -799.708008 -102.137115 180.233383,
				 -749.828125 -76.439148 151.014420,
				 -781.205444 -86.736633 180.233353,
				 -754.556030 -25.150696 180.233231,
				 394.870636 -52.857788 151.013123,
				 407.030182 -62.214172 180.231995,
				 406.913605 -64.845581 180.231995,
				 372.184601 -89.115005 177.022110,
				 377.640045 -87.265381 180.232056,
				 377.694122 -88.609222 180.232056,
				 377.694122 -88.609222 180.232056,
				 366.910339 -93.271667 151.013199,
				 372.184601 -89.115005 177.022110,
				 372.683624 -94.650406 177.022110,
				 372.683624 -94.650406 177.022110,
				 366.910339 -93.271667 151.013199,
				 373.970490 -98.529968 177.022110,
				 376.088165 -108.296478 177.022110,
				 373.970490 -98.529968 177.022110,
				 360.928711 -131.450912 151.013260,
				 376.088165 -108.296478 177.022110,
				 382.351715 -116.249298 177.022125,
				 382.351715 -116.249298 177.022125,
				 360.928711 -131.450912 151.013260,
				 389.772003 -129.883484 177.022141,
				 394.738190 -145.927780 177.022141,
				 389.772003 -129.883484 177.022141,
				 358.035706 -178.973129 151.013321,
				 394.738190 -145.927780 177.022141,
				 361.316406 -198.987778 151.013336,
				 361.316406 -198.987778 151.013336,
				 327.169800 -222.078049 121.336395,
				 358.035706 -178.973129 151.013321,
				 361.316406 -198.987778 151.013336,
				 280.561646 -186.422897 86.791367,
				 327.169800 -222.078049 121.336395,
				 282.552429 -212.632248 86.791397,
				 247.146759 -178.694199 45.643917,
				 280.561646 -186.422897 86.791367,
				 246.328705 -184.562485 45.643925,
				 242.318146 -191.130844 45.643936,
				 246.328705 -184.562485 45.643925,
				 280.561646 -186.422897 86.791367,
				 242.318146 -191.130844 45.643936,
				 282.552429 -212.632248 86.791397,
				 235.088043 -204.613632 45.643959,
				 282.552429 -212.632248 86.791397,
				 327.169800 -222.078049 121.336395,
				 290.791138 -242.971542 86.791420,
				 228.965607 -246.538803 45.644016,
				 290.791138 -242.971542 86.791420,
				 292.602112 -272.982483 86.791458,
				 292.602112 -272.982483 86.791458,
				 335.127197 -287.411072 121.336472,
				 284.948425 -291.522705 86.791489,
				 335.127197 -287.411072 121.336472,
				 278.510010 -301.737488 86.791504,
				 284.948425 -291.522705 86.791489,
				 338.965149 -313.834473 121.336502,
				 338.965149 -313.834473 121.336502,
				 219.320892 -275.261292 45.644062,
				 278.510010 -301.737488 86.791504,
				 275.707275 -314.321045 86.791519,
				 204.530365 -343.414063 45.644157,
				 275.707275 -314.321045 86.791519,
				 273.851501 -346.858032 86.791565,
				 273.851501 -346.858032 86.791565,
				 204.530365 -343.414063 45.644157,
				 273.851501 -346.858032 86.791565,
				 274.642883 -360.907654 86.791580,
				 274.642883 -360.907654 86.791580,
				 334.788208 -371.281494 121.336563,
				 275.432495 -374.956482 86.791595,
				 334.788208 -371.281494 121.336563,
				 206.625580 -433.311462 45.644264,
				 275.432495 -374.956482 86.791595,
				 279.274597 -488.697021 86.791725,
				 279.274597 -488.697021 86.791725,
				 73.764145 -401.125977 18.701820,
				 195.351959 -380.174072 45.644211,
				 206.625580 -433.311462 45.644264,
				 73.764145 -401.125977 18.701820,
				 206.625580 -433.311462 45.644264,
				 69.652542 -428.048096 18.701859,
				 54.445160 -457.565918 18.701904,
				 54.445160 -457.565918 18.701904,
				 34.976196 -477.387695 18.701950,
				 -39.131226 -544.729126 45.644669,
				 34.976196 -477.387695 18.701950,
				 9.122070 -566.337830 45.644638,
				 9.122070 -566.337830 45.644638,
				 -67.503006 -556.322266 86.792191,
				 -39.131226 -544.729126 45.644669,
				 -72.468094 -578.619385 121.337265,
				 -72.468094 -578.619385 121.337265,
				 -100.007034 -595.305298 151.014313,
				 -67.503006 -556.322266 86.792191,
				 -72.468094 -578.619385 121.337265,
				 -151.798874 -543.585388 121.337311,
				 -88.635757 -524.356384 45.644699,
				 -100.007034 -595.305298 151.014313,
				 -162.978928 -489.878113 45.644741,
				 -151.798874 -543.585388 121.337311,
				 -175.411148 -531.252258 121.337326,
				 -189.776932 -523.747070 86.792282,
				 -175.411148 -531.252258 121.337326,
				 -184.145218 -532.176453 121.337326,
				 -184.145218 -532.176453 121.337326,
				 -224.126541 -514.596741 86.792313,
				 -189.776932 -523.747070 86.792282,
				 -216.523773 -525.222961 121.337357,
				 -216.523773 -525.222961 121.337357,
				 -244.269104 -517.463684 121.337387,
				 -224.126541 -514.596741 86.792313,
				 -223.853775 -534.966003 151.014389,
				 -223.853775 -534.966003 151.014389,
				 -260.443542 -487.096924 45.644844,
				 -244.269104 -517.463684 121.337387,
				 -255.112030 -519.007813 121.337387,
				 -255.112030 -519.007813 121.337387,
				 -285.429565 -504.965637 86.792374,
				 -260.443542 -487.096924 45.644844,
				 -272.481812 -521.403687 121.337418,
				 -272.481812 -521.403687 121.337418,
				 -294.638000 -497.284180 45.644897,
				 -285.429565 -504.965637 86.792374,
				 -310.666046 -527.431335 121.337479,
				 -310.666046 -527.431335 121.337479,
				 -302.834961 -496.161438 45.644905,
				 -294.638000 -497.284180 45.644897,
				 -310.666046 -527.431335 121.337479,
				 -308.637360 -488.793335 45.644901,
				 -302.834961 -496.161438 45.644905,
				 -312.962585 -500.286255 86.792397,
				 -312.962585 -500.286255 86.792397,
				 -352.439972 -461.728210 45.644917,
				 -308.637360 -488.793335 45.644901,
				 -343.798889 -504.017883 86.792435,
				 -343.798889 -504.017883 86.792435,
				 -369.631470 -458.831360 45.644936,
				 -352.439972 -461.728210 45.644917,
				 -362.712921 -506.628967 86.792458,
				 -362.712921 -506.628967 86.792458,
				 -388.658752 -459.271851 45.644955,
				 -369.631470 -458.831360 45.644936,
				 -380.793823 -503.672729 86.792473,
				 -380.793823 -503.672729 86.792473,
				 -419.605530 -433.342590 18.702408,
				 -402.809265 -425.136475 18.702377,
				 -388.658752 -459.271851 45.644955,
				 -470.324158 -401.696106 -27.713531,
				 -419.605530 -433.342590 18.702408,
				 -483.087280 -447.935486 18.702499,
				 -483.087280 -447.935486 18.702499,
				 -520.775757 -378.925110 -67.527100,
				 -470.324158 -401.696106 -27.713531,
				 -499.513550 -451.591736 18.702515,
				 -499.513550 -451.591736 18.702515,
				 -555.567200 -428.398987 -27.713394,
				 -520.775757 -378.925110 -67.527100,
				 -499.513550 -451.591736 18.702515,
				 -590.842712 -378.153809 -67.527023,
				 -555.567200 -428.398987 -27.713394,
				 -602.422302 -442.923645 -27.713333,
				 -602.422302 -442.923645 -27.713333,
				 -605.190735 -297.041321 -108.474594,
				 -590.842712 -378.153809 -67.527023,
				 -625.815918 -381.604675 -67.526978,
				 -625.815918 -381.604675 -67.526978,
				 -745.515747 -397.332336 -27.713226,
				 -706.987793 -335.243774 -67.526947,
				 -655.640869 -367.268188 -67.526962,
				 -745.515747 -397.332336 -27.713226,
				 -655.640869 -367.268188 -67.526962,
				 -605.190735 -297.041321 -108.474594,
				 -625.815918 -381.604675 -67.526978,
				 -790.977783 -135.250854 151.014542,
				 -775.423218 -132.511047 86.792473,
				 -782.428345 -161.006027 45.645039,
				 -790.977783 -135.250854 151.014542,
				 -805.886963 -169.912399 86.792549,
				 -782.428345 -161.006027 45.645039,
				 -795.437256 -183.200851 45.645081,
				 -805.886963 -169.912399 86.792549,
				 -806.575073 -301.270142 18.702682,
				 -766.896851 -333.222351 -27.713272,
				 -769.367798 -348.641296 -27.713257,
				 -769.367798 -348.641296 -27.713257,
				 -814.450684 -243.298813 45.645172,
				 -806.575073 -301.270142 18.702682,
				 -836.810913 -287.516357 45.645248,
				 -836.810913 -287.516357 45.645248,
				 -814.959595 -192.584335 86.792587,
				 -795.437256 -183.200851 45.645081,
				 -800.483765 -199.008224 45.645103,
				 -814.959595 -192.584335 86.792587,
				 -831.860107 -214.349167 86.792633,
				 -800.483765 -199.008224 45.645103,
				 -814.450684 -243.298813 45.645172,
				 -831.860107 -214.349167 86.792633,
				 -766.896851 -333.222351 -27.713272,
				 -706.987793 -335.243774 -67.526947,
				 -769.367798 -348.641296 -27.713257,
				 -790.977783 -135.250854 151.014542,
				 -799.210938 -112.470886 180.233383,
				 -799.708008 -102.137115 180.233383,
				 -775.423218 -132.511047 86.792473,
				 -799.210938 -112.470886 180.233383,
				 372.184601 -89.115005 177.022110,
				 377.694122 -88.609222 180.232056,
				 379.259186 -96.859360 180.232071,
				 373.970490 -98.529968 177.022110,
				 379.259186 -96.859360 180.232071,
				 372.184601 -89.115005 177.022110,
				 373.970490 -98.529968 177.022110,
				 372.683624 -94.650406 177.022110,
				 366.910339 -93.271667 151.013199,
				 372.683624 -94.650406 177.022110,
				 372.511261 -96.274643 177.022110,
				 372.511261 -96.274643 177.022110,
				 366.910339 -93.271667 151.013199,
				 372.511261 -96.274643 177.022110,
				 373.970490 -98.529968 177.022110,
				 382.351715 -116.249298 177.022125,
				 376.088165 -108.296478 177.022110,
				 360.928711 -131.450912 151.013260,
				 382.351715 -116.249298 177.022125,
				 389.772003 -129.883484 177.022141,
				 389.772003 -129.883484 177.022141,
				 394.251007 -128.526016 180.232086,
				 398.602936 -142.585281 180.232101,
				 394.738190 -145.927780 177.022141,
				 394.251007 -128.526016 180.232086,
				 398.602936 -142.585281 180.232101,
				 361.316406 -198.987778 151.013336,
				 394.738190 -145.927780 177.022141,
				 385.134186 -229.227097 177.022263,
				 385.134186 -229.227097 177.022263,
				 327.169800 -222.078049 121.336395,
				 361.316406 -198.987778 151.013336,
				 363.420044 -220.666550 151.013351,
				 363.420044 -220.666550 151.013351,
				 242.318146 -191.130844 45.643936,
				 280.561646 -186.422897 86.791367,
				 282.552429 -212.632248 86.791397,
				 290.791138 -242.971542 86.791420,
				 327.169800 -222.078049 121.336395,
				 326.394592 -252.952744 121.336441,
				 326.394592 -252.952744 121.336441,
				 290.791138 -242.971542 86.791420,
				 326.394592 -252.952744 121.336441,
				 292.602112 -272.982483 86.791458,
				 292.602112 -272.982483 86.791458,
				 326.394592 -252.952744 121.336441,
				 335.127197 -287.411072 121.336472,
				 284.948425 -291.522705 86.791489,
				 335.127197 -287.411072 121.336472,
				 338.965149 -313.834473 121.336502,
				 278.510010 -301.737488 86.791504,
				 338.965149 -313.834473 121.336502,
				 275.707275 -314.321045 86.791519,
				 275.707275 -314.321045 86.791519,
				 336.058838 -335.579407 121.336533,
				 273.851501 -346.858032 86.791565,
				 336.058838 -335.579407 121.336533,
				 273.851501 -346.858032 86.791565,
				 336.058838 -335.579407 121.336533,
				 274.642883 -360.907654 86.791580,
				 274.642883 -360.907654 86.791580,
				 336.058838 -335.579407 121.336533,
				 334.788208 -371.281494 121.336563,
				 275.432495 -374.956482 86.791595,
				 334.788208 -371.281494 121.336563,
				 340.664612 -417.430908 121.336624,
				 340.664612 -417.430908 121.336624,
				 275.432495 -374.956482 86.791595,
				 340.664612 -417.430908 121.336624,
				 279.274597 -488.697021 86.791725,
				 206.625580 -433.311462 45.644264,
				 279.274597 -488.697021 86.791725,
				 202.141388 -488.851501 45.644333,
				 202.141388 -488.851501 45.644333,
				 69.652542 -428.048096 18.701859,
				 206.625580 -433.311462 45.644264,
				 66.826706 -444.342285 18.701874,
				 66.826706 -444.342285 18.701874,
				 66.826706 -444.342285 18.701874,
				 48.457764 -468.698669 18.701927,
				 48.457764 -468.698669 18.701927,
				 34.976196 -477.387695 18.701950,
				 37.717346 -568.013306 45.644611,
				 9.122070 -566.337830 45.644638,
				 37.717346 -568.013306 45.644611,
				 -39.131226 -544.729126 45.644669,
				 9.122070 -566.337830 45.644638,
				 2.700562 -576.547119 86.792130,
				 2.700562 -576.547119 86.792130,
				 -72.468094 -578.619385 121.337265,
				 -39.131226 -544.729126 45.644669,
				 -56.889832 -605.007751 151.014282,
				 -56.889832 -605.007751 151.014282,
				 -100.007034 -595.305298 151.014313,
				 -72.468094 -578.619385 121.337265,
				 -56.889832 -605.007751 151.014282,
				 -151.798874 -543.585388 121.337311,
				 -100.007034 -595.305298 151.014313,
				 -155.781113 -565.985413 151.014343,
				 -155.781113 -565.985413 151.014343,
				 -178.192001 -532.666626 121.337326,
				 -175.411148 -531.252258 121.337326,
				 -151.798874 -543.585388 121.337311,
				 -178.192001 -532.666626 121.337326,
				 -184.145218 -532.176453 121.337326,
				 -175.411148 -531.252258 121.337326,
				 -180.458328 -532.940369 121.337326,
				 -180.458328 -532.940369 121.337326,
				 -197.925003 -529.075745 121.337341,
				 -189.776932 -523.747070 86.792282,
				 -184.145218 -532.176453 121.337326,
				 -197.925003 -529.075745 121.337341,
				 -216.523773 -525.222961 121.337357,
				 -189.776932 -523.747070 86.792282,
				 -197.925003 -529.075745 121.337341,
				 -224.126541 -514.596741 86.792313,
				 -216.523773 -525.222961 121.337357,
				 -223.853775 -534.966003 151.014389,
				 -255.112030 -519.007813 121.337387,
				 -244.269104 -517.463684 121.337387,
				 -223.853775 -534.966003 151.014389,
				 -260.443542 -487.096924 45.644844,
				 -255.112030 -519.007813 121.337387,
				 -272.481812 -521.403687 121.337418,
				 -310.666046 -527.431335 121.337479,
				 -285.429565 -504.965637 86.792374,
				 -272.481812 -521.403687 121.337418,
				 -312.962585 -500.286255 86.792397,
				 -302.834961 -496.161438 45.644905,
				 -310.666046 -527.431335 121.337479,
				 -343.798889 -504.017883 86.792435,
				 -308.637360 -488.793335 45.644901,
				 -312.962585 -500.286255 86.792397,
				 -352.439972 -461.728210 45.644917,
				 -343.798889 -504.017883 86.792435,
				 -362.712921 -506.628967 86.792458,
				 -369.631470 -458.831360 45.644936,
				 -362.712921 -506.628967 86.792458,
				 -380.793823 -503.672729 86.792473,
				 -388.658752 -459.271851 45.644955,
				 -380.793823 -503.672729 86.792473,
				 -398.063293 -498.997925 86.792488,
				 -398.063293 -498.997925 86.792488,
				 -419.605530 -433.342590 18.702408,
				 -388.658752 -459.271851 45.644955,
				 -418.391663 -465.184448 45.644997,
				 -418.391663 -465.184448 45.644997,
				 -483.087280 -447.935486 18.702499,
				 -419.605530 -433.342590 18.702408,
				 -446.073792 -470.375366 45.645031,
				 -446.073792 -470.375366 45.645031,
				 -470.324158 -401.696106 -27.713531,
				 -483.087280 -447.935486 18.702499,
				 -499.513550 -451.591736 18.702515,
				 -555.567200 -428.398987 -27.713394,
				 -499.513550 -451.591736 18.702515,
				 -513.950012 -459.725281 18.702545,
				 -513.950012 -459.725281 18.702545,
				 -602.422302 -442.923645 -27.713333,
				 -555.567200 -428.398987 -27.713394,
				 -564.831970 -478.217407 18.702621,
				 -564.831970 -478.217407 18.702621,
				 -607.569641 -384.393494 -67.526993,
				 -590.842712 -378.153809 -67.527023,
				 -602.422302 -442.923645 -27.713333,
				 -607.569641 -384.393494 -67.526993,
				 -625.815918 -381.604675 -67.526978,
				 -590.842712 -378.153809 -67.527023,
				 -607.569641 -384.393494 -67.526993,
				 -766.010498 -363.965332 -27.713242,
				 -706.987793 -335.243774 -67.526947,
				 -745.515747 -397.332336 -27.713226,
				 -766.010498 -363.965332 -27.713242,
				 -745.515747 -397.332336 -27.713226,
				 -655.640869 -367.268188 -67.526962,
				 -694.328125 -430.298645 -27.713242,
				 -694.328125 -430.298645 -27.713242,
				 -655.640869 -367.268188 -67.526962,
				 -625.815918 -381.604675 -67.526978,
				 -663.666138 -447.257690 -27.713272,
				 -663.666138 -447.257690 -27.713272,
				 -805.825439 -152.507126 151.014572,
				 -790.977783 -135.250854 151.014542,
				 -782.428345 -161.006027 45.645039,
				 -805.825439 -152.507126 151.014572,
				 -805.825439 -152.507126 151.014572,
				 -782.428345 -161.006027 45.645039,
				 -805.886963 -169.912399 86.792549,
				 -805.886963 -169.912399 86.792549,
				 -795.437256 -183.200851 45.645081,
				 -814.959595 -192.584335 86.792587,
				 -844.162354 -360.503235 45.645344,
				 -806.575073 -301.270142 18.702682,
				 -769.367798 -348.641296 -27.713257,
				 -844.162354 -360.503235 45.645344,
				 -836.810913 -287.516357 45.645248,
				 -806.575073 -301.270142 18.702682,
				 -850.351685 -327.394226 45.645309,
				 -850.351685 -327.394226 45.645309,
				 -850.380859 -251.379257 86.792694,
				 -814.450684 -243.298813 45.645172,
				 -836.810913 -287.516357 45.645248,
				 -850.380859 -251.379257 86.792694,
				 -831.860107 -214.349167 86.792633,
				 -814.959595 -192.584335 86.792587,
				 -800.483765 -199.008224 45.645103,
				 -842.820801 -232.015610 86.792664,
				 -831.860107 -214.349167 86.792633,
				 -814.450684 -243.298813 45.645172,
				 -842.820801 -232.015610 86.792664,
				 -769.367798 -348.641296 -27.713257,
				 -706.987793 -335.243774 -67.526947,
				 -766.010498 -363.965332 -27.713242,
				 -790.977783 -135.250854 151.014542,
				 -815.376831 -140.295212 180.233444,
				 -799.210938 -112.470886 180.233383,
				 -815.376831 -140.295212 180.233444,
				 373.970490 -98.529968 177.022110,
				 379.259186 -96.859360 180.232071,
				 386.603790 -112.386444 180.232071,
				 382.351715 -116.249298 177.022125,
				 386.603790 -112.386444 180.232071,
				 372.511261 -96.274643 177.022110,
				 382.351715 -116.249298 177.022125,
				 387.750519 -116.579727 180.232071,
				 394.251007 -128.526016 180.232086,
				 389.772003 -129.883484 177.022141,
				 387.750519 -116.579727 180.232071,
				 394.738190 -145.927780 177.022141,
				 398.602936 -142.585281 180.232101,
				 402.305939 -149.527695 180.232101,
				 402.305939 -149.527695 180.232101,
				 394.738190 -145.927780 177.022141,
				 402.305939 -149.527695 180.232101,
				 393.889679 -222.519882 180.232193,
				 385.134186 -229.227097 177.022263,
				 393.889679 -222.519882 180.232193,
				 361.316406 -198.987778 151.013336,
				 385.134186 -229.227097 177.022263,
				 363.420044 -220.666550 151.013351,
				 327.169800 -222.078049 121.336395,
				 363.420044 -220.666550 151.013351,
				 368.699585 -243.566940 151.013382,
				 368.699585 -243.566940 151.013382,
				 327.169800 -222.078049 121.336395,
				 368.699585 -243.566940 151.013382,
				 326.394592 -252.952744 121.336441,
				 326.394592 -252.952744 121.336441,
				 370.392120 -262.637268 151.013397,
				 335.127197 -287.411072 121.336472,
				 370.392120 -262.637268 151.013397,
				 335.127197 -287.411072 121.336472,
				 373.679840 -281.127625 151.013412,
				 338.965149 -313.834473 121.336502,
				 373.679840 -281.127625 151.013412,
				 275.707275 -314.321045 86.791519,
				 338.965149 -313.834473 121.336502,
				 339.240784 -325.623230 121.336502,
				 339.240784 -325.623230 121.336502,
				 275.707275 -314.321045 86.791519,
				 339.240784 -325.623230 121.336502,
				 336.058838 -335.579407 121.336533,
				 336.058838 -335.579407 121.336533,
				 382.094391 -345.043396 151.013474,
				 334.788208 -371.281494 121.336563,
				 382.094391 -345.043396 151.013474,
				 334.788208 -371.281494 121.336563,
				 382.094391 -345.043396 151.013474,
				 340.664612 -417.430908 121.336624,
				 279.274597 -488.697021 86.791725,
				 340.664612 -417.430908 121.336624,
				 368.826050 -495.006226 121.336685,
				 368.826050 -495.006226 121.336685,
				 202.141388 -488.851501 45.644333,
				 279.274597 -488.697021 86.791725,
				 261.416077 -545.910095 86.791809,
				 261.416077 -545.910095 86.791809,
				 66.826706 -444.342285 18.701874,
				 206.625580 -433.311462 45.644264,
				 202.141388 -488.851501 45.644333,
				 34.976196 -477.387695 18.701950,
				 48.457764 -468.698669 18.701927,
				 62.829956 -563.944397 45.644577,
				 62.829956 -563.944397 45.644577,
				 34.976196 -477.387695 18.701950,
				 62.829956 -563.944397 45.644577,
				 37.717346 -568.013306 45.644611,
				 9.122070 -566.337830 45.644638,
				 37.717346 -568.013306 45.644611,
				 40.042206 -582.919739 86.792099,
				 40.042206 -582.919739 86.792099,
				 2.700562 -576.547119 86.792130,
				 9.122070 -566.337830 45.644638,
				 40.042206 -582.919739 86.792099,
				 -39.131226 -544.729126 45.644669,
				 2.700562 -576.547119 86.792130,
				 -1.622681 -594.554443 121.337204,
				 -1.622681 -594.554443 121.337204,
				 -39.131226 -544.729126 45.644669,
				 -1.622681 -594.554443 121.337204,
				 -56.889832 -605.007751 151.014282,
				 -56.889832 -605.007751 151.014282,
				 -66.963074 -621.635315 180.233185,
				 -85.829697 -617.389893 180.233200,
				 -100.007034 -595.305298 151.014313,
				 -66.963074 -621.635315 180.233185,
				 -85.829697 -617.389893 180.233200,
				 -100.007034 -595.305298 151.014313,
				 -113.489853 -606.675415 180.233215,
				 -137.894791 -593.845886 180.233231,
				 -155.781113 -565.985413 151.014343,
				 -113.489853 -606.675415 180.233215,
				 -137.894791 -593.845886 180.233231,
				 -178.192001 -532.666626 121.337326,
				 -151.798874 -543.585388 121.337311,
				 -155.781113 -565.985413 151.014343,
				 -180.458328 -532.940369 121.337326,
				 -175.411148 -531.252258 121.337326,
				 -178.192001 -532.666626 121.337326,
				 -196.652206 -542.219299 151.014359,
				 -184.145218 -532.176453 121.337326,
				 -180.458328 -532.940369 121.337326,
				 -196.652206 -542.219299 151.014359,
				 -197.925003 -529.075745 121.337341,
				 -184.145218 -532.176453 121.337326,
				 -196.652206 -542.219299 151.014359,
				 -216.523773 -525.222961 121.337357,
				 -197.925003 -529.075745 121.337341,
				 -196.652206 -542.219299 151.014359,
				 -223.853775 -534.966003 151.014389,
				 -216.523773 -525.222961 121.337357,
				 -196.652206 -542.219299 151.014359,
				 -270.353394 -543.971558 151.014450,
				 -255.112030 -519.007813 121.337387,
				 -223.853775 -534.966003 151.014389,
				 -270.353394 -543.971558 151.014450,
				 -272.481812 -521.403687 121.337418,
				 -255.112030 -519.007813 121.337387,
				 -270.353394 -543.971558 151.014450,
				 -310.666046 -527.431335 121.337479,
				 -272.481812 -521.403687 121.337418,
				 -270.353394 -543.971558 151.014450,
				 -312.962585 -500.286255 86.792397,
				 -310.666046 -527.431335 121.337479,
				 -327.985474 -528.998840 121.337479,
				 -327.985474 -528.998840 121.337479,
				 -343.798889 -504.017883 86.792435,
				 -312.962585 -500.286255 86.792397,
				 -327.985474 -528.998840 121.337479,
				 -362.712921 -506.628967 86.792458,
				 -343.798889 -504.017883 86.792435,
				 -348.371582 -526.027222 121.337509,
				 -348.371582 -526.027222 121.337509,
				 -380.793823 -503.672729 86.792473,
				 -362.712921 -506.628967 86.792458,
				 -365.836304 -523.825806 121.337524,
				 -365.836304 -523.825806 121.337524,
				 -398.063293 -498.997925 86.792488,
				 -380.793823 -503.672729 86.792473,
				 -377.481659 -526.265076 121.337540,
				 -377.481659 -526.265076 121.337540,
				 -418.391663 -465.184448 45.644997,
				 -388.658752 -459.271851 45.644955,
				 -398.063293 -498.997925 86.792488,
				 -419.605530 -433.342590 18.702408,
				 -418.391663 -465.184448 45.644997,
				 -437.381042 -468.190613 45.645020,
				 -437.381042 -468.190613 45.645020,
				 -446.073792 -470.375366 45.645031,
				 -419.605530 -433.342590 18.702408,
				 -437.381042 -468.190613 45.645020,
				 -483.087280 -447.935486 18.702499,
				 -446.073792 -470.375366 45.645031,
				 -448.103455 -474.298462 45.645039,
				 -448.103455 -474.298462 45.645039,
				 -499.513550 -451.591736 18.702515,
				 -483.087280 -447.935486 18.702499,
				 -450.133789 -478.222473 45.645046,
				 -450.133789 -478.222473 45.645046,
				 -513.950012 -459.725281 18.702545,
				 -499.513550 -451.591736 18.702515,
				 -518.498230 -506.817200 45.645157,
				 -518.498230 -506.817200 45.645157,
				 -555.567200 -428.398987 -27.713394,
				 -513.950012 -459.725281 18.702545,
				 -523.046326 -465.199341 18.702560,
				 -523.046326 -465.199341 18.702560,
				 -555.567200 -428.398987 -27.713394,
				 -536.749084 -469.770569 18.702576,
				 -564.831970 -478.217407 18.702621,
				 -536.749084 -469.770569 18.702576,
				 -602.422302 -442.923645 -27.713333,
				 -564.831970 -478.217407 18.702621,
				 -577.545166 -480.094116 18.702637,
				 -577.545166 -480.094116 18.702637,
				 -625.815918 -381.604675 -67.526978,
				 -607.569641 -384.393494 -67.526993,
				 -602.422302 -442.923645 -27.713333,
				 -806.297241 -408.515320 18.702805,
				 -766.010498 -363.965332 -27.713242,
				 -745.515747 -397.332336 -27.713226,
				 -806.297241 -408.515320 18.702805,
				 -694.328125 -430.298645 -27.713242,
				 -655.640869 -367.268188 -67.526962,
				 -663.666138 -447.257690 -27.713272,
				 -745.515747 -397.332336 -27.713226,
				 -694.328125 -430.298645 -27.713242,
				 -773.449341 -449.593140 18.702820,
				 -773.449341 -449.593140 18.702820,
				 -625.815918 -381.604675 -67.526978,
				 -632.155884 -459.396179 -27.713272,
				 -663.666138 -447.257690 -27.713272,
				 -632.155884 -459.396179 -27.713272,
				 -805.825439 -152.507126 151.014572,
				 -821.874268 -147.847031 180.233459,
				 -815.376831 -140.295212 180.233444,
				 -790.977783 -135.250854 151.014542,
				 -821.874268 -147.847031 180.233459,
				 -811.746826 -161.760788 151.014603,
				 -805.825439 -152.507126 151.014572,
				 -805.886963 -169.912399 86.792549,
				 -811.746826 -161.760788 151.014603,
				 -816.425171 -172.446396 151.014603,
				 -805.886963 -169.912399 86.792549,
				 -814.959595 -192.584335 86.792587,
				 -816.425171 -172.446396 151.014603,
				 -850.351685 -327.394226 45.645309,
				 -806.575073 -301.270142 18.702682,
				 -844.162354 -360.503235 45.645344,
				 -844.162354 -360.503235 45.645344,
				 -769.367798 -348.641296 -27.713257,
				 -809.488037 -389.788879 18.702789,
				 -809.488037 -389.788879 18.702789,
				 -865.410522 -297.969727 86.792770,
				 -836.810913 -287.516357 45.645248,
				 -850.351685 -327.394226 45.645309,
				 -865.410522 -297.969727 86.792770,
				 -850.064575 -243.825729 86.792686,
				 -814.450684 -243.298813 45.645172,
				 -850.380859 -251.379257 86.792694,
				 -850.064575 -243.825729 86.792686,
				 -865.439087 -261.870605 121.337769,
				 -850.380859 -251.379257 86.792694,
				 -836.810913 -287.516357 45.645248,
				 -865.439087 -261.870605 121.337769,
				 -837.897705 -203.068527 151.014664,
				 -814.959595 -192.584335 86.792587,
				 -831.860107 -214.349167 86.792633,
				 -837.897705 -203.068527 151.014664,
				 -850.135254 -219.790878 151.014694,
				 -831.860107 -214.349167 86.792633,
				 -842.820801 -232.015610 86.792664,
				 -850.135254 -219.790878 151.014694,
				 -850.064575 -243.825729 86.792686,
				 -842.820801 -232.015610 86.792664,
				 -814.450684 -243.298813 45.645172,
				 -809.488037 -389.788879 18.702789,
				 -769.367798 -348.641296 -27.713257,
				 -766.010498 -363.965332 -27.713242,
				 382.351715 -116.249298 177.022125,
				 386.603790 -112.386444 180.232071,
				 387.750519 -116.579727 180.232071,
				 385.134186 -229.227097 177.022263,
				 393.889679 -222.519882 180.232193,
				 403.059723 -236.270248 180.232193,
				 395.599152 -244.919174 177.022263,
				 403.059723 -236.270248 180.232193,
				 395.599152 -244.919174 177.022263,
				 363.420044 -220.666550 151.013351,
				 385.134186 -229.227097 177.022263,
				 368.699585 -243.566940 151.013382,
				 326.394592 -252.952744 121.336441,
				 368.699585 -243.566940 151.013382,
				 370.392120 -262.637268 151.013397,
				 335.127197 -287.411072 121.336472,
				 370.392120 -262.637268 151.013397,
				 373.679840 -281.127625 151.013412,
				 338.965149 -313.834473 121.336502,
				 373.679840 -281.127625 151.013412,
				 381.267487 -291.848938 151.013412,
				 381.267487 -291.848938 151.013412,
				 338.965149 -313.834473 121.336502,
				 381.884430 -328.559265 151.013474,
				 339.240784 -325.623230 121.336502,
				 381.884430 -328.559265 151.013474,
				 339.240784 -325.623230 121.336502,
				 382.102936 -340.031799 151.013474,
				 336.058838 -335.579407 121.336533,
				 382.102936 -340.031799 151.013474,
				 336.058838 -335.579407 121.336533,
				 382.102936 -340.031799 151.013474,
				 382.094391 -345.043396 151.013474,
				 382.094391 -345.043396 151.013474,
				 420.972809 -401.945190 151.013504,
				 340.664612 -417.430908 121.336624,
				 420.972809 -401.945190 151.013504,
				 340.664612 -417.430908 121.336624,
				 425.965607 -437.501465 151.013535,
				 368.826050 -495.006226 121.336685,
				 425.965607 -437.501465 151.013535,
				 279.274597 -488.697021 86.791725,
				 368.826050 -495.006226 121.336685,
				 287.836426 -503.503906 86.791733,
				 287.836426 -503.503906 86.791733,
				 279.274597 -488.697021 86.791725,
				 287.836426 -503.503906 86.791733,
				 261.416077 -545.910095 86.791809,
				 202.141388 -488.851501 45.644333,
				 261.416077 -545.910095 86.791809,
				 194.988037 -515.269165 45.644371,
				 194.988037 -515.269165 45.644371,
				 66.826706 -444.342285 18.701874,
				 202.141388 -488.851501 45.644333,
				 171.321533 -529.668457 45.644417,
				 171.321533 -529.668457 45.644417,
				 48.457764 -468.698669 18.701927,
				 66.826706 -444.342285 18.701874,
				 113.674622 -552.299072 45.644508,
				 113.674622 -552.299072 45.644508,
				 48.457764 -468.698669 18.701927,
				 113.674622 -552.299072 45.644508,
				 62.829956 -563.944397 45.644577,
				 37.717346 -568.013306 45.644611,
				 62.829956 -563.944397 45.644577,
				 40.042206 -582.919739 86.792099,
				 2.700562 -576.547119 86.792130,
				 40.042206 -582.919739 86.792099,
				 -1.622681 -594.554443 121.337204,
				 -1.622681 -594.554443 121.337204,
				 -27.900391 -634.607788 180.233154,
				 -46.289215 -630.350403 180.233170,
				 -56.889832 -605.007751 151.014282,
				 -27.900391 -634.607788 180.233154,
				 -46.289215 -630.350403 180.233170,
				 -56.889832 -605.007751 151.014282,
				 -46.289215 -630.350403 180.233170,
				 -66.963074 -621.635315 180.233185,
				 -100.007034 -595.305298 151.014313,
				 -85.829697 -617.389893 180.233200,
				 -113.489853 -606.675415 180.233215,
				 -155.781113 -565.985413 151.014343,
				 -137.894791 -593.845886 180.233231,
				 -165.913925 -592.403564 180.233261,
				 -165.913925 -592.403564 180.233261,
				 -180.458328 -532.940369 121.337326,
				 -178.192001 -532.666626 121.337326,
				 -155.781113 -565.985413 151.014343,
				 -196.652206 -542.219299 151.014359,
				 -180.458328 -532.940369 121.337326,
				 -155.781113 -565.985413 151.014343,
				 -196.652206 -542.219299 151.014359,
				 -232.421219 -567.596802 180.233292,
				 -244.323517 -564.422485 180.233322,
				 -223.853775 -534.966003 151.014389,
				 -232.421219 -567.596802 180.233292,
				 -244.323517 -564.422485 180.233322,
				 -223.853775 -534.966003 151.014389,
				 -244.323517 -564.422485 180.233322,
				 -264.670715 -568.363464 180.233337,
				 -270.353394 -543.971558 151.014450,
				 -264.670715 -568.363464 180.233337,
				 -324.356598 -546.945984 151.014511,
				 -310.666046 -527.431335 121.337479,
				 -270.353394 -543.971558 151.014450,
				 -324.356598 -546.945984 151.014511,
				 -327.985474 -528.998840 121.337479,
				 -310.666046 -527.431335 121.337479,
				 -324.356598 -546.945984 151.014511,
				 -343.798889 -504.017883 86.792435,
				 -327.985474 -528.998840 121.337479,
				 -348.371582 -526.027222 121.337509,
				 -362.712921 -506.628967 86.792458,
				 -348.371582 -526.027222 121.337509,
				 -365.836304 -523.825806 121.337524,
				 -380.793823 -503.672729 86.792473,
				 -365.836304 -523.825806 121.337524,
				 -377.481659 -526.265076 121.337540,
				 -419.156738 -501.265076 86.792511,
				 -398.063293 -498.997925 86.792488,
				 -377.481659 -526.265076 121.337540,
				 -419.156738 -501.265076 86.792511,
				 -418.391663 -465.184448 45.644997,
				 -398.063293 -498.997925 86.792488,
				 -419.156738 -501.265076 86.792511,
				 -437.381042 -468.190613 45.645020,
				 -418.391663 -465.184448 45.644997,
				 -419.156738 -501.265076 86.792511,
				 -446.073792 -470.375366 45.645031,
				 -437.381042 -468.190613 45.645020,
				 -447.485535 -475.006714 45.645039,
				 -447.485535 -475.006714 45.645039,
				 -448.103455 -474.298462 45.645039,
				 -483.087280 -447.935486 18.702499,
				 -448.103455 -474.298462 45.645039,
				 -448.982422 -475.997131 45.645042,
				 -448.982422 -475.997131 45.645042,
				 -483.087280 -447.935486 18.702499,
				 -448.982422 -475.997131 45.645042,
				 -450.133789 -478.222473 45.645046,
				 -499.513550 -451.591736 18.702515,
				 -450.133789 -478.222473 45.645046,
				 -518.498230 -506.817200 45.645157,
				 -523.046326 -465.199341 18.702560,
				 -513.950012 -459.725281 18.702545,
				 -518.498230 -506.817200 45.645157,
				 -555.567200 -428.398987 -27.713394,
				 -523.046326 -465.199341 18.702560,
				 -536.749084 -469.770569 18.702576,
				 -564.831970 -478.217407 18.702621,
				 -536.749084 -469.770569 18.702576,
				 -552.621216 -516.055481 45.645203,
				 -552.621216 -516.055481 45.645203,
				 -577.545166 -480.094116 18.702637,
				 -564.831970 -478.217407 18.702621,
				 -552.621216 -516.055481 45.645203,
				 -602.422302 -442.923645 -27.713333,
				 -577.545166 -480.094116 18.702637,
				 -587.131592 -486.157104 18.702652,
				 -587.131592 -486.157104 18.702652,
				 -625.815918 -381.604675 -67.526978,
				 -602.422302 -442.923645 -27.713333,
				 -632.155884 -459.396179 -27.713272,
				 -809.488037 -389.788879 18.702789,
				 -766.010498 -363.965332 -27.713242,
				 -806.297241 -408.515320 18.702805,
				 -806.297241 -408.515320 18.702805,
				 -745.515747 -397.332336 -27.713226,
				 -799.107300 -419.518494 18.702812,
				 -799.107300 -419.518494 18.702812,
				 -694.328125 -430.298645 -27.713242,
				 -663.666138 -447.257690 -27.713272,
				 -726.609253 -504.646362 18.702835,
				 -726.609253 -504.646362 18.702835,
				 -773.449341 -449.593140 18.702820,
				 -694.328125 -430.298645 -27.713242,
				 -726.609253 -504.646362 18.702835,
				 -799.107300 -419.518494 18.702812,
				 -745.515747 -397.332336 -27.713226,
				 -773.449341 -449.593140 18.702820,
				 -663.666138 -447.257690 -27.713272,
				 -632.155884 -459.396179 -27.713272,
				 -665.927490 -519.342529 18.702782,
				 -665.927490 -519.342529 18.702782,
				 -811.746826 -161.760788 151.014603,
				 -824.464600 -151.895309 180.233475,
				 -821.874268 -147.847031 180.233459,
				 -805.825439 -152.507126 151.014572,
				 -824.464600 -151.895309 180.233475,
				 -811.746826 -161.760788 151.014603,
				 -805.886963 -169.912399 86.792549,
				 -816.425171 -172.446396 151.014603,
				 -837.897705 -203.068527 151.014664,
				 -816.425171 -172.446396 151.014603,
				 -814.959595 -192.584335 86.792587,
				 -867.457764 -345.451904 86.792831,
				 -850.351685 -327.394226 45.645309,
				 -844.162354 -360.503235 45.645344,
				 -867.457764 -345.451904 86.792831,
				 -844.162354 -360.503235 45.645344,
				 -809.488037 -389.788879 18.702789,
				 -861.077881 -397.950012 86.792877,
				 -861.077881 -397.950012 86.792877,
				 -873.188599 -282.185486 121.337799,
				 -836.810913 -287.516357 45.645248,
				 -865.410522 -297.969727 86.792770,
				 -873.188599 -282.185486 121.337799,
				 -865.410522 -297.969727 86.792770,
				 -850.351685 -327.394226 45.645309,
				 -880.010986 -322.534363 121.337860,
				 -880.010986 -322.534363 121.337860,
				 -861.031372 -252.003586 121.337753,
				 -850.064575 -243.825729 86.792686,
				 -850.380859 -251.379257 86.792694,
				 -861.031372 -252.003586 121.337753,
				 -861.031372 -252.003586 121.337753,
				 -850.380859 -251.379257 86.792694,
				 -865.439087 -261.870605 121.337769,
				 -865.439087 -261.870605 121.337769,
				 -836.810913 -287.516357 45.645248,
				 -873.188599 -282.185486 121.337799,
				 -850.135254 -219.790878 151.014694,
				 -837.897705 -203.068527 151.014664,
				 -831.860107 -214.349167 86.792633,
				 -850.135254 -219.790878 151.014694,
				 -842.820801 -232.015610 86.792664,
				 -857.203003 -235.040329 151.014725,
				 -857.203003 -235.040329 151.014725,
				 -857.203003 -235.040329 151.014725,
				 -842.820801 -232.015610 86.792664,
				 -850.064575 -243.825729 86.792686,
				 395.599152 -244.919174 177.022263,
				 403.059723 -236.270248 180.232193,
				 411.967804 -252.817429 180.232224,
				 405.765656 -263.803101 177.022263,
				 411.967804 -252.817429 180.232224,
				 405.765656 -263.803101 177.022263,
				 368.699585 -243.566940 151.013382,
				 385.134186 -229.227097 177.022263,
				 395.599152 -244.919174 177.022263,
				 368.699585 -243.566940 151.013382,
				 395.599152 -244.919174 177.022263,
				 370.392120 -262.637268 151.013397,
				 370.392120 -262.637268 151.013397,
				 405.765656 -263.803101 177.022263,
				 373.679840 -281.127625 151.013412,
				 373.679840 -281.127625 151.013412,
				 405.765656 -263.803101 177.022263,
				 381.267487 -291.848938 151.013412,
				 338.965149 -313.834473 121.336502,
				 381.267487 -291.848938 151.013412,
				 383.584869 -296.961853 151.013428,
				 383.584869 -296.961853 151.013428,
				 338.965149 -313.834473 121.336502,
				 385.089386 -304.266479 151.013443,
				 381.884430 -328.559265 151.013474,
				 385.089386 -304.266479 151.013443,
				 339.240784 -325.623230 121.336502,
				 381.884430 -328.559265 151.013474,
				 382.102936 -340.031799 151.013474,
				 382.102936 -340.031799 151.013474,
				 418.349884 -323.525085 177.022324,
				 382.094391 -345.043396 151.013474,
				 418.349884 -323.525085 177.022324,
				 382.094391 -345.043396 151.013474,
				 429.680817 -348.950989 177.022354,
				 420.972809 -401.945190 151.013504,
				 429.680817 -348.950989 177.022354,
				 340.664612 -417.430908 121.336624,
				 420.972809 -401.945190 151.013504,
				 424.728424 -428.689758 151.013535,
				 424.728424 -428.689758 151.013535,
				 340.664612 -417.430908 121.336624,
				 424.728424 -428.689758 151.013535,
				 425.965607 -437.501465 151.013535,
				 368.826050 -495.006226 121.336685,
				 425.965607 -437.501465 151.013535,
				 434.935089 -448.889465 151.013550,
				 434.935089 -448.889465 151.013550,
				 287.836426 -503.503906 86.791733,
				 368.826050 -495.006226 121.336685,
				 289.646729 -519.471985 86.791748,
				 289.646729 -519.471985 86.791748,
				 289.646729 -519.471985 86.791748,
				 194.988037 -515.269165 45.644371,
				 261.416077 -545.910095 86.791809,
				 213.045288 -564.065247 86.791885,
				 213.045288 -564.065247 86.791885,
				 171.321533 -529.668457 45.644417,
				 202.141388 -488.851501 45.644333,
				 194.988037 -515.269165 45.644371,
				 66.826706 -444.342285 18.701874,
				 171.321533 -529.668457 45.644417,
				 113.674622 -552.299072 45.644508,
				 62.829956 -563.944397 45.644577,
				 113.674622 -552.299072 45.644508,
				 68.704468 -581.215454 86.792068,
				 68.704468 -581.215454 86.792068,
				 40.042206 -582.919739 86.792099,
				 62.829956 -563.944397 45.644577,
				 68.704468 -581.215454 86.792068,
				 -1.622681 -594.554443 121.337204,
				 40.042206 -582.919739 86.792099,
				 42.815369 -620.136108 151.014175,
				 42.815369 -620.136108 151.014175,
				 -1.622681 -594.554443 121.337204,
				 -5.202698 -635.952393 180.233139,
				 -27.900391 -634.607788 180.233154,
				 -5.202698 -635.952393 180.233139,
				 -155.781113 -565.985413 151.014343,
				 -165.913925 -592.403564 180.233261,
				 -183.797958 -582.004333 180.233261,
				 -196.652206 -542.219299 151.014359,
				 -183.797958 -582.004333 180.233261,
				 -196.652206 -542.219299 151.014359,
				 -183.797958 -582.004333 180.233261,
				 -232.421219 -567.596802 180.233292,
				 -270.353394 -543.971558 151.014450,
				 -264.670715 -568.363464 180.233337,
				 -274.122833 -561.454041 180.233353,
				 -274.122833 -561.454041 180.233353,
				 -270.353394 -543.971558 151.014450,
				 -292.606567 -563.333801 180.233353,
				 -316.237305 -564.635498 180.233383,
				 -324.356598 -546.945984 151.014511,
				 -292.606567 -563.333801 180.233353,
				 -316.237305 -564.635498 180.233383,
				 -348.371582 -526.027222 121.337509,
				 -327.985474 -528.998840 121.337479,
				 -324.356598 -546.945984 151.014511,
				 -365.836304 -523.825806 121.337524,
				 -348.371582 -526.027222 121.337509,
				 -364.829590 -544.597229 151.014542,
				 -364.829590 -544.597229 151.014542,
				 -377.481659 -526.265076 121.337540,
				 -365.836304 -523.825806 121.337524,
				 -364.829590 -544.597229 151.014542,
				 -491.360901 -567.763977 121.337723,
				 -419.156738 -501.265076 86.792511,
				 -377.481659 -526.265076 121.337540,
				 -491.360901 -567.763977 121.337723,
				 -448.736877 -477.297424 45.645042,
				 -437.381042 -468.190613 45.645020,
				 -419.156738 -501.265076 86.792511,
				 -448.736877 -477.297424 45.645042,
				 -448.056885 -475.982666 45.645042,
				 -448.056885 -475.982666 45.645042,
				 -447.749573 -475.369995 45.645039,
				 -447.749573 -475.369995 45.645039,
				 -448.982422 -475.997131 45.645042,
				 -448.736877 -477.297424 45.645042,
				 -450.133789 -478.222473 45.645046,
				 -518.498230 -506.817200 45.645157,
				 -450.133789 -478.222473 45.645046,
				 -494.973694 -536.685425 86.792641,
				 -494.973694 -536.685425 86.792641,
				 -536.749084 -469.770569 18.702576,
				 -523.046326 -465.199341 18.702560,
				 -518.498230 -506.817200 45.645157,
				 -536.749084 -469.770569 18.702576,
				 -518.498230 -506.817200 45.645157,
				 -552.621216 -516.055481 45.645203,
				 -587.131592 -486.157104 18.702652,
				 -577.545166 -480.094116 18.702637,
				 -552.621216 -516.055481 45.645203,
				 -602.422302 -442.923645 -27.713333,
				 -587.131592 -486.157104 18.702652,
				 -605.756226 -495.041260 18.702682,
				 -605.756226 -495.041260 18.702682,
				 -632.155884 -459.396179 -27.713272,
				 -602.422302 -442.923645 -27.713333,
				 -605.756226 -495.041260 18.702682,
				 -861.077881 -397.950012 86.792877,
				 -809.488037 -389.788879 18.702789,
				 -806.297241 -408.515320 18.702805,
				 -806.297241 -408.515320 18.702805,
				 -799.107300 -419.518494 18.702812,
				 -820.115234 -449.955933 45.645424,
				 -820.115234 -449.955933 45.645424,
				 -726.609253 -504.646362 18.702835,
				 -663.666138 -447.257690 -27.713272,
				 -694.436646 -523.980225 18.702820,
				 -694.436646 -523.980225 18.702820,
				 -773.449341 -449.593140 18.702820,
				 -726.609253 -504.646362 18.702835,
				 -810.402344 -525.885498 45.645504,
				 -810.402344 -525.885498 45.645504,
				 -820.115234 -449.955933 45.645424,
				 -799.107300 -419.518494 18.702812,
				 -773.449341 -449.593140 18.702820,
				 -632.155884 -459.396179 -27.713272,
				 -605.756226 -495.041260 18.702682,
				 -665.927490 -519.342529 18.702782,
				 -663.666138 -447.257690 -27.713272,
				 -665.927490 -519.342529 18.702782,
				 -694.436646 -523.980225 18.702820,
				 -816.425171 -172.446396 151.014603,
				 -826.511841 -156.572006 180.233475,
				 -824.464600 -151.895309 180.233475,
				 -811.746826 -161.760788 151.014603,
				 -826.511841 -156.572006 180.233475,
				 -837.897705 -203.068527 151.014664,
				 -842.577759 -180.894333 180.233521,
				 -833.182129 -167.493942 180.233505,
				 -816.425171 -172.446396 151.014603,
				 -842.577759 -180.894333 180.233521,
				 -833.182129 -167.493942 180.233505,
				 -866.892700 -336.381104 86.792816,
				 -850.351685 -327.394226 45.645309,
				 -867.457764 -345.451904 86.792831,
				 -866.892700 -336.381104 86.792816,
				 -867.457764 -345.451904 86.792831,
				 -844.162354 -360.503235 45.645344,
				 -867.719849 -350.662781 86.792831,
				 -867.719849 -350.662781 86.792831,
				 -868.536011 -383.660583 86.792877,
				 -844.162354 -360.503235 45.645344,
				 -861.077881 -397.950012 86.792877,
				 -868.536011 -383.660583 86.792877,
				 -873.188599 -282.185486 121.337799,
				 -865.410522 -297.969727 86.792770,
				 -875.855713 -302.204285 121.337830,
				 -875.855713 -302.204285 121.337830,
				 -880.010986 -322.534363 121.337860,
				 -850.351685 -327.394226 45.645309,
				 -866.892700 -336.381104 86.792816,
				 -875.855713 -302.204285 121.337830,
				 -865.410522 -297.969727 86.792770,
				 -880.010986 -322.534363 121.337860,
				 -862.119507 -240.944687 151.014740,
				 -850.064575 -243.825729 86.792686,
				 -861.031372 -252.003586 121.337753,
				 -862.119507 -240.944687 151.014740,
				 -879.255737 -260.930725 151.014786,
				 -861.031372 -252.003586 121.337753,
				 -865.439087 -261.870605 121.337769,
				 -879.255737 -260.930725 151.014786,
				 -882.472778 -268.336670 151.014801,
				 -865.439087 -261.870605 121.337769,
				 -873.188599 -282.185486 121.337799,
				 -882.472778 -268.336670 151.014801,
				 -850.135254 -219.790878 151.014694,
				 -859.231079 -197.022079 180.233566,
				 -853.875977 -189.704575 180.233536,
				 -837.897705 -203.068527 151.014664,
				 -859.231079 -197.022079 180.233566,
				 -853.875977 -189.704575 180.233536,
				 -857.203003 -235.040329 151.014725,
				 -878.885376 -230.125046 180.233627,
				 -875.793091 -223.452927 180.233612,
				 -850.135254 -219.790878 151.014694,
				 -878.885376 -230.125046 180.233627,
				 -875.793091 -223.452927 180.233612,
				 -862.119507 -240.944687 151.014740,
				 -857.203003 -235.040329 151.014725,
				 -850.064575 -243.825729 86.792686,
				 405.765656 -263.803101 177.022263,
				 411.967804 -252.817429 180.232224,
				 416.182648 -264.856323 180.232224,
				 416.182648 -264.856323 180.232224,
				 370.392120 -262.637268 151.013397,
				 395.599152 -244.919174 177.022263,
				 405.765656 -263.803101 177.022263,
				 381.267487 -291.848938 151.013412,
				 405.765656 -263.803101 177.022263,
				 409.851105 -294.669189 177.022293,
				 409.851105 -294.669189 177.022293,
				 381.267487 -291.848938 151.013412,
				 409.851105 -294.669189 177.022293,
				 383.584869 -296.961853 151.013428,
				 338.965149 -313.834473 121.336502,
				 383.584869 -296.961853 151.013428,
				 385.089386 -304.266479 151.013443,
				 385.089386 -304.266479 151.013443,
				 417.028717 -311.747070 177.022324,
				 381.884430 -328.559265 151.013474,
				 417.028717 -311.747070 177.022324,
				 381.884430 -328.559265 151.013474,
				 418.349884 -323.525085 177.022324,
				 382.102936 -340.031799 151.013474,
				 382.094391 -345.043396 151.013474,
				 418.349884 -323.525085 177.022324,
				 428.251373 -336.095825 177.022324,
				 428.251373 -336.095825 177.022324,
				 382.094391 -345.043396 151.013474,
				 428.251373 -336.095825 177.022324,
				 429.680817 -348.950989 177.022354,
				 429.680817 -348.950989 177.022354,
				 444.452545 -389.177124 177.022385,
				 420.972809 -401.945190 151.013504,
				 444.452545 -389.177124 177.022385,
				 420.972809 -401.945190 151.013504,
				 452.587921 -412.176697 177.022400,
				 424.728424 -428.689758 151.013535,
				 452.587921 -412.176697 177.022400,
				 424.728424 -428.689758 151.013535,
				 451.185089 -447.671265 177.022446,
				 425.965607 -437.501465 151.013535,
				 451.185089 -447.671265 177.022446,
				 425.965607 -437.501465 151.013535,
				 451.185089 -447.671265 177.022446,
				 434.935089 -448.889465 151.013550,
				 368.826050 -495.006226 121.336685,
				 434.935089 -448.889465 151.013550,
				 389.376617 -518.933594 121.336685,
				 389.376617 -518.933594 121.336685,
				 289.646729 -519.471985 86.791748,
				 368.826050 -495.006226 121.336685,
				 289.982971 -527.636108 86.791756,
				 289.982971 -527.636108 86.791756,
				 285.957947 -534.032410 86.791771,
				 285.957947 -534.032410 86.791771,
				 213.045288 -564.065247 86.791885,
				 261.416077 -545.910095 86.791809,
				 254.215271 -576.405334 121.336899,
				 254.215271 -576.405334 121.336899,
				 171.321533 -529.668457 45.644417,
				 194.988037 -515.269165 45.644371,
				 213.045288 -564.065247 86.791885,
				 113.674622 -552.299072 45.644508,
				 171.321533 -529.668457 45.644417,
				 159.933411 -573.777161 86.791962,
				 159.933411 -573.777161 86.791962,
				 68.704468 -581.215454 86.792068,
				 113.674622 -552.299072 45.644508,
				 123.647217 -590.528931 121.337051,
				 123.647217 -590.528931 121.337051,
				 40.042206 -582.919739 86.792099,
				 68.704468 -581.215454 86.792068,
				 68.201355 -595.798340 121.337128,
				 68.201355 -595.798340 121.337128,
				 40.042206 -582.919739 86.792099,
				 68.201355 -595.798340 121.337128,
				 42.815369 -620.136108 151.014175,
				 42.815369 -620.136108 151.014175,
				 15.032013 -638.018799 180.233109,
				 -5.202698 -635.952393 180.233139,
				 -1.622681 -594.554443 121.337204,
				 15.032013 -638.018799 180.233109,
				 -270.353394 -543.971558 151.014450,
				 -274.122833 -561.454041 180.233353,
				 -292.606567 -563.333801 180.233353,
				 -324.356598 -546.945984 151.014511,
				 -316.237305 -564.635498 180.233383,
				 -343.406921 -564.520264 180.233414,
				 -343.406921 -564.520264 180.233414,
				 -364.829590 -544.597229 151.014542,
				 -348.371582 -526.027222 121.337509,
				 -324.356598 -546.945984 151.014511,
				 -364.829590 -544.597229 151.014542,
				 -427.071472 -582.266357 180.233536,
				 -448.200378 -587.816101 180.233566,
				 -377.481659 -526.265076 121.337540,
				 -427.071472 -582.266357 180.233536,
				 -448.200378 -587.816101 180.233566,
				 -494.973694 -536.685425 86.792641,
				 -419.156738 -501.265076 86.792511,
				 -491.360901 -567.763977 121.337723,
				 -377.481659 -526.265076 121.337540,
				 -448.200378 -587.816101 180.233566,
				 -479.914063 -599.372681 180.233612,
				 -491.360901 -567.763977 121.337723,
				 -479.914063 -599.372681 180.233612,
				 -450.133789 -478.222473 45.645046,
				 -448.736877 -477.297424 45.645042,
				 -419.156738 -501.265076 86.792511,
				 -494.973694 -536.685425 86.792641,
				 -450.133789 -478.222473 45.645046,
				 -419.156738 -501.265076 86.792511,
				 -518.498230 -506.817200 45.645157,
				 -494.973694 -536.685425 86.792641,
				 -549.775574 -562.200867 86.792732,
				 -549.775574 -562.200867 86.792732,
				 -552.621216 -516.055481 45.645203,
				 -518.498230 -506.817200 45.645157,
				 -549.775574 -562.200867 86.792732,
				 -587.131592 -486.157104 18.702652,
				 -552.621216 -516.055481 45.645203,
				 -587.455200 -544.848328 45.645279,
				 -587.455200 -544.848328 45.645279,
				 -605.756226 -495.041260 18.702682,
				 -587.131592 -486.157104 18.702652,
				 -587.455200 -544.848328 45.645279,
				 -861.077881 -397.950012 86.792877,
				 -806.297241 -408.515320 18.702805,
				 -861.467896 -418.963379 86.792908,
				 -861.467896 -418.963379 86.792908,
				 -861.467896 -418.963379 86.792908,
				 -806.297241 -408.515320 18.702805,
				 -820.115234 -449.955933 45.645424,
				 -726.609253 -504.646362 18.702835,
				 -694.436646 -523.980225 18.702820,
				 -706.367676 -523.303589 18.702835,
				 -706.367676 -523.303589 18.702835,
				 -810.402344 -525.885498 45.645504,
				 -726.609253 -504.646362 18.702835,
				 -795.063965 -547.660583 45.645512,
				 -795.063965 -547.660583 45.645512,
				 -820.115234 -449.955933 45.645424,
				 -773.449341 -449.593140 18.702820,
				 -810.402344 -525.885498 45.645504,
				 -665.927490 -519.342529 18.702782,
				 -605.756226 -495.041260 18.702682,
				 -613.310364 -565.980164 45.645332,
				 -613.310364 -565.980164 45.645332,
				 -694.436646 -523.980225 18.702820,
				 -665.927490 -519.342529 18.702782,
				 -652.849609 -570.486145 45.645382,
				 -652.849609 -570.486145 45.645382,
				 -816.425171 -172.446396 151.014603,
				 -833.182129 -167.493942 180.233505,
				 -826.511841 -156.572006 180.233475,
				 -837.897705 -203.068527 151.014664,
				 -853.875977 -189.704575 180.233536,
				 -842.577759 -180.894333 180.233521,
				 -866.892700 -336.381104 86.792816,
				 -867.457764 -345.451904 86.792831,
				 -871.651733 -350.436035 86.792839,
				 -871.651733 -350.436035 86.792839,
				 -867.719849 -350.662781 86.792831,
				 -844.162354 -360.503235 45.645344,
				 -868.536011 -383.660583 86.792877,
				 -871.651733 -350.436035 86.792839,
				 -867.457764 -345.451904 86.792831,
				 -867.719849 -350.662781 86.792831,
				 -905.319946 -409.975647 121.337997,
				 -868.536011 -383.660583 86.792877,
				 -861.077881 -397.950012 86.792877,
				 -905.319946 -409.975647 121.337997,
				 -883.868164 -281.732971 151.014816,
				 -873.188599 -282.185486 121.337799,
				 -875.855713 -302.204285 121.337830,
				 -883.868164 -281.732971 151.014816,
				 -880.010986 -322.534363 121.337860,
				 -866.892700 -336.381104 86.792816,
				 -892.418945 -345.154419 121.337906,
				 -892.418945 -345.154419 121.337906,
				 -883.116821 -302.611389 151.014847,
				 -875.855713 -302.204285 121.337830,
				 -880.010986 -322.534363 121.337860,
				 -883.116821 -302.611389 151.014847,
				 -879.255737 -260.930725 151.014786,
				 -862.119507 -240.944687 151.014740,
				 -861.031372 -252.003586 121.337753,
				 -879.255737 -260.930725 151.014786,
				 -865.439087 -261.870605 121.337769,
				 -882.046021 -265.925049 151.014786,
				 -882.046021 -265.925049 151.014786,
				 -882.046021 -265.925049 151.014786,
				 -865.439087 -261.870605 121.337769,
				 -882.472778 -268.336670 151.014801,
				 -882.472778 -268.336670 151.014801,
				 -873.188599 -282.185486 121.337799,
				 -883.868164 -281.732971 151.014816,
				 -850.135254 -219.790878 151.014694,
				 -875.793091 -223.452927 180.233612,
				 -859.231079 -197.022079 180.233566,
				 -862.119507 -240.944687 151.014740,
				 -881.036377 -232.709457 180.233627,
				 -878.885376 -230.125046 180.233627,
				 -857.203003 -235.040329 151.014725,
				 -881.036377 -232.709457 180.233627,
				 405.765656 -263.803101 177.022263,
				 416.182648 -264.856323 180.232224,
				 419.762604 -291.903137 180.232254,
				 409.851105 -294.669189 177.022293,
				 419.762604 -291.903137 180.232254,
				 383.584869 -296.961853 151.013428,
				 409.851105 -294.669189 177.022293,
				 385.089386 -304.266479 151.013443,
				 385.089386 -304.266479 151.013443,
				 409.851105 -294.669189 177.022293,
				 417.028717 -311.747070 177.022324,
				 381.884430 -328.559265 151.013474,
				 417.028717 -311.747070 177.022324,
				 418.349884 -323.525085 177.022324,
				 417.028717 -311.747070 177.022324,
				 428.251373 -336.095825 177.022324,
				 418.349884 -323.525085 177.022324,
				 428.251373 -336.095825 177.022324,
				 436.734406 -339.932190 180.232285,
				 437.987457 -351.196777 180.232300,
				 429.680817 -348.950989 177.022354,
				 436.734406 -339.932190 180.232285,
				 437.987457 -351.196777 180.232300,
				 429.680817 -348.950989 177.022354,
				 437.987457 -351.196777 180.232300,
				 450.931427 -386.446045 180.232330,
				 444.452545 -389.177124 177.022385,
				 450.931427 -386.446045 180.232330,
				 420.972809 -401.945190 151.013504,
				 444.452545 -389.177124 177.022385,
				 452.587921 -412.176697 177.022400,
				 424.728424 -428.689758 151.013535,
				 452.587921 -412.176697 177.022400,
				 451.185089 -447.671265 177.022446,
				 434.935089 -448.889465 151.013550,
				 451.185089 -447.671265 177.022446,
				 455.815704 -482.599060 151.013565,
				 455.815704 -482.599060 151.013565,
				 389.376617 -518.933594 121.336685,
				 434.935089 -448.889465 151.013550,
				 455.815704 -482.599060 151.013565,
				 368.826050 -495.006226 121.336685,
				 389.376617 -518.933594 121.336685,
				 367.146179 -560.127563 121.336746,
				 367.146179 -560.127563 121.336746,
				 289.982971 -527.636108 86.791756,
				 368.826050 -495.006226 121.336685,
				 346.588257 -570.208130 121.336777,
				 346.588257 -570.208130 121.336777,
				 289.982971 -527.636108 86.791756,
				 261.416077 -545.910095 86.791809,
				 285.957947 -534.032410 86.791771,
				 291.869629 -597.344482 151.013885,
				 291.869629 -597.344482 151.013885,
				 261.416077 -545.910095 86.791809,
				 291.869629 -597.344482 151.013885,
				 254.215271 -576.405334 121.336899,
				 213.045288 -564.065247 86.791885,
				 254.215271 -576.405334 121.336899,
				 222.140625 -584.097961 121.336945,
				 222.140625 -584.097961 121.336945,
				 171.321533 -529.668457 45.644417,
				 213.045288 -564.065247 86.791885,
				 159.933411 -573.777161 86.791962,
				 113.674622 -552.299072 45.644508,
				 159.933411 -573.777161 86.791962,
				 123.647217 -590.528931 121.337051,
				 68.704468 -581.215454 86.792068,
				 123.647217 -590.528931 121.337051,
				 68.201355 -595.798340 121.337128,
				 68.201355 -595.798340 121.337128,
				 63.189636 -634.091919 180.233047,
				 53.187500 -636.298706 180.233063,
				 42.815369 -620.136108 151.014175,
				 63.189636 -634.091919 180.233047,
				 53.187500 -636.298706 180.233063,
				 42.815369 -620.136108 151.014175,
				 38.868469 -634.885437 180.233078,
				 15.032013 -638.018799 180.233109,
				 38.868469 -634.885437 180.233078,
				 -324.356598 -546.945984 151.014511,
				 -343.406921 -564.520264 180.233414,
				 -361.116272 -563.491821 180.233444,
				 -364.829590 -544.597229 151.014542,
				 -361.116272 -563.491821 180.233444,
				 -364.829590 -544.597229 151.014542,
				 -361.116272 -563.491821 180.233444,
				 -427.071472 -582.266357 180.233536,
				 -549.775574 -562.200867 86.792732,
				 -494.973694 -536.685425 86.792641,
				 -491.360901 -567.763977 121.337723,
				 -491.360901 -567.763977 121.337723,
				 -479.914063 -599.372681 180.233612,
				 -500.691223 -611.384827 180.233658,
				 -533.074890 -611.141541 151.014816,
				 -500.691223 -611.384827 180.233658,
				 -533.074890 -611.141541 151.014816,
				 -587.455200 -544.848328 45.645279,
				 -552.621216 -516.055481 45.645203,
				 -549.775574 -562.200867 86.792732,
				 -605.756226 -495.041260 18.702682,
				 -587.455200 -544.848328 45.645279,
				 -613.310364 -565.980164 45.645332,
				 -905.319946 -409.975647 121.337997,
				 -861.077881 -397.950012 86.792877,
				 -861.467896 -418.963379 86.792908,
				 -902.787354 -467.296448 121.338058,
				 -861.467896 -418.963379 86.792908,
				 -820.115234 -449.955933 45.645424,
				 -902.787354 -467.296448 121.338058,
				 -706.367676 -523.303589 18.702835,
				 -694.436646 -523.980225 18.702820,
				 -679.881958 -611.051453 86.792938,
				 -679.881958 -611.051453 86.792938,
				 -764.629517 -558.422302 45.645493,
				 -726.609253 -504.646362 18.702835,
				 -706.367676 -523.303589 18.702835,
				 -764.629517 -558.422302 45.645493,
				 -795.063965 -547.660583 45.645512,
				 -726.609253 -504.646362 18.702835,
				 -764.629517 -558.422302 45.645493,
				 -839.999023 -553.633179 86.793045,
				 -810.402344 -525.885498 45.645504,
				 -795.063965 -547.660583 45.645512,
				 -839.999023 -553.633179 86.793045,
				 -820.115234 -449.955933 45.645424,
				 -810.402344 -525.885498 45.645504,
				 -856.115601 -517.674500 86.793015,
				 -856.115601 -517.674500 86.793015,
				 -665.927490 -519.342529 18.702782,
				 -613.310364 -565.980164 45.645332,
				 -652.849609 -570.486145 45.645382,
				 -694.436646 -523.980225 18.702820,
				 -652.849609 -570.486145 45.645382,
				 -679.881958 -611.051453 86.792938,
				 -892.418945 -345.154419 121.337906,
				 -866.892700 -336.381104 86.792816,
				 -871.651733 -350.436035 86.792839,
				 -871.651733 -350.436035 86.792839,
				 -867.719849 -350.662781 86.792831,
				 -868.536011 -383.660583 86.792877,
				 -908.968506 -389.173401 121.337967,
				 -868.536011 -383.660583 86.792877,
				 -905.319946 -409.975647 121.337997,
				 -908.968506 -389.173401 121.337967,
				 -883.868164 -281.732971 151.014816,
				 -875.855713 -302.204285 121.337830,
				 -883.116821 -302.611389 151.014847,
				 -892.418945 -345.154419 121.337906,
				 -911.115112 -304.169067 180.233749,
				 -907.659912 -297.870300 180.233734,
				 -880.010986 -322.534363 121.337860,
				 -911.115112 -304.169067 180.233749,
				 -907.659912 -297.870300 180.233734,
				 -880.010986 -322.534363 121.337860,
				 -907.659912 -297.870300 180.233734,
				 -902.923218 -294.590759 180.233719,
				 -883.116821 -302.611389 151.014847,
				 -902.923218 -294.590759 180.233719,
				 -879.255737 -260.930725 151.014786,
				 -888.535156 -241.454941 180.233643,
				 -881.036377 -232.709457 180.233627,
				 -862.119507 -240.944687 151.014740,
				 -888.535156 -241.454941 180.233643,
				 -882.046021 -265.925049 151.014786,
				 -889.756104 -243.638718 180.233658,
				 -888.535156 -241.454941 180.233643,
				 -879.255737 -260.930725 151.014786,
				 -889.756104 -243.638718 180.233658,
				 -882.472778 -268.336670 151.014801,
				 -902.641235 -279.593018 180.233704,
				 -902.454224 -278.536926 180.233704,
				 -882.046021 -265.925049 151.014786,
				 -902.641235 -279.593018 180.233704,
				 -902.454224 -278.536926 180.233704,
				 -883.868164 -281.732971 151.014816,
				 -903.250977 -285.455017 180.233719,
				 -902.641235 -279.593018 180.233704,
				 -882.472778 -268.336670 151.014801,
				 -903.250977 -285.455017 180.233719,
				 409.851105 -294.669189 177.022293,
				 419.762604 -291.903137 180.232254,
				 426.052032 -306.868042 180.232254,
				 417.028717 -311.747070 177.022324,
				 426.052032 -306.868042 180.232254,
				 417.028717 -311.747070 177.022324,
				 426.052032 -306.868042 180.232254,
				 435.886871 -328.204468 180.232285,
				 428.251373 -336.095825 177.022324,
				 435.886871 -328.204468 180.232285,
				 428.251373 -336.095825 177.022324,
				 435.886871 -328.204468 180.232285,
				 436.734406 -339.932190 180.232285,
				 444.452545 -389.177124 177.022385,
				 450.931427 -386.446045 180.232330,
				 458.059601 -406.599426 180.232346,
				 452.587921 -412.176697 177.022400,
				 458.059601 -406.599426 180.232346,
				 452.587921 -412.176697 177.022400,
				 459.526642 -413.339539 180.232346,
				 458.297150 -444.442444 180.232391,
				 451.185089 -447.671265 177.022446,
				 459.526642 -413.339539 180.232346,
				 458.297150 -444.442444 180.232391,
				 451.185089 -447.671265 177.022446,
				 459.319366 -448.420898 180.232391,
				 490.182526 -466.360779 180.232376,
				 455.815704 -482.599060 151.013565,
				 459.319366 -448.420898 180.232391,
				 490.182526 -466.360779 180.232376,
				 389.376617 -518.933594 121.336685,
				 455.815704 -482.599060 151.013565,
				 396.186188 -527.578430 121.336685,
				 396.186188 -527.578430 121.336685,
				 394.726349 -538.656799 121.336700,
				 394.726349 -538.656799 121.336700,
				 346.588257 -570.208130 121.336777,
				 289.982971 -527.636108 86.791756,
				 346.588257 -570.208130 121.336777,
				 322.318176 -576.373169 121.336823,
				 322.318176 -576.373169 121.336823,
				 285.957947 -534.032410 86.791771,
				 289.982971 -527.636108 86.791756,
				 322.318176 -576.373169 121.336823,
				 285.957947 -534.032410 86.791771,
				 322.318176 -576.373169 121.336823,
				 291.869629 -597.344482 151.013885,
				 254.215271 -576.405334 121.336899,
				 291.869629 -597.344482 151.013885,
				 264.281189 -601.496887 151.013916,
				 264.281189 -601.496887 151.013916,
				 222.140625 -584.097961 121.336945,
				 254.215271 -576.405334 121.336899,
				 236.189392 -593.449158 151.013931,
				 236.189392 -593.449158 151.013931,
				 178.101501 -587.310486 121.336990,
				 213.045288 -564.065247 86.791885,
				 222.140625 -584.097961 121.336945,
				 178.101501 -587.310486 121.336990,
				 159.933411 -573.777161 86.791962,
				 213.045288 -564.065247 86.791885,
				 178.101501 -587.310486 121.336990,
				 123.647217 -590.528931 121.337051,
				 159.933411 -573.777161 86.791962,
				 148.755981 -593.787048 121.337036,
				 148.755981 -593.787048 121.337036,
				 123.647217 -590.528931 121.337051,
				 78.630859 -632.624695 180.233032,
				 63.189636 -634.091919 180.233047,
				 68.201355 -595.798340 121.337128,
				 78.630859 -632.624695 180.233032,
				 42.815369 -620.136108 151.014175,
				 53.187500 -636.298706 180.233063,
				 38.868469 -634.885437 180.233078,
				 -549.775574 -562.200867 86.792732,
				 -491.360901 -567.763977 121.337723,
				 -533.074890 -611.141541 151.014816,
				 -533.074890 -611.141541 151.014816,
				 -500.691223 -611.384827 180.233658,
				 -570.972656 -629.894348 180.233749,
				 -570.972656 -629.894348 180.233749,
				 -587.455200 -544.848328 45.645279,
				 -549.775574 -562.200867 86.792732,
				 -597.648560 -575.221924 86.792801,
				 -597.648560 -575.221924 86.792801,
				 -613.310364 -565.980164 45.645332,
				 -587.455200 -544.848328 45.645279,
				 -597.648560 -575.221924 86.792801,
				 -905.319946 -409.975647 121.337997,
				 -861.467896 -418.963379 86.792908,
				 -905.607910 -427.873474 121.338013,
				 -905.607910 -427.873474 121.338013,
				 -905.607910 -427.873474 121.338013,
				 -861.467896 -418.963379 86.792908,
				 -902.787354 -467.296448 121.338058,
				 -902.787354 -467.296448 121.338058,
				 -820.115234 -449.955933 45.645424,
				 -884.376099 -499.490967 121.338074,
				 -884.376099 -499.490967 121.338074,
				 -764.629517 -558.422302 45.645493,
				 -706.367676 -523.303589 18.702835,
				 -679.881958 -611.051453 86.792938,
				 -795.063965 -547.660583 45.645512,
				 -764.629517 -558.422302 45.645493,
				 -784.806152 -608.210083 86.793045,
				 -784.806152 -608.210083 86.793045,
				 -856.115601 -517.674500 86.793015,
				 -810.402344 -525.885498 45.645504,
				 -839.999023 -553.633179 86.793045,
				 -839.999023 -553.633179 86.793045,
				 -795.063965 -547.660583 45.645512,
				 -820.782593 -582.426331 86.793060,
				 -820.782593 -582.426331 86.793060,
				 -884.376099 -499.490967 121.338074,
				 -820.115234 -449.955933 45.645424,
				 -856.115601 -517.674500 86.793015,
				 -652.849609 -570.486145 45.645382,
				 -613.310364 -565.980164 45.645332,
				 -624.437439 -572.923462 45.645351,
				 -624.437439 -572.923462 45.645351,
				 -679.881958 -611.051453 86.792938,
				 -652.849609 -570.486145 45.645382,
				 -633.182251 -598.013306 86.792862,
				 -633.182251 -598.013306 86.792862,
				 -892.418945 -345.154419 121.337906,
				 -871.651733 -350.436035 86.792839,
				 -903.765503 -370.013550 121.337936,
				 -903.765503 -370.013550 121.337936,
				 -903.765503 -370.013550 121.337936,
				 -871.651733 -350.436035 86.792839,
				 -868.536011 -383.660583 86.792877,
				 -903.765503 -370.013550 121.337936,
				 -868.536011 -383.660583 86.792877,
				 -908.968506 -389.173401 121.337967,
				 -935.429932 -405.803284 151.015030,
				 -908.968506 -389.173401 121.337967,
				 -905.319946 -409.975647 121.337997,
				 -935.429932 -405.803284 151.015030,
				 -883.116821 -302.611389 151.014847,
				 -902.923218 -294.590759 180.233719,
				 -903.250977 -285.455017 180.233719,
				 -883.868164 -281.732971 151.014816,
				 -892.418945 -345.154419 121.337906,
				 -926.690308 -340.989258 180.233810,
				 -911.115112 -304.169067 180.233749,
				 -926.690308 -340.989258 180.233810,
				 -882.046021 -265.925049 151.014786,
				 -902.454224 -278.536926 180.233704,
				 -889.756104 -243.638718 180.233658,
				 452.587921 -412.176697 177.022400,
				 458.059601 -406.599426 180.232346,
				 459.526642 -413.339539 180.232346,
				 451.185089 -447.671265 177.022446,
				 458.297150 -444.442444 180.232391,
				 459.319366 -448.420898 180.232391,
				 455.815704 -482.599060 151.013565,
				 490.182526 -466.360779 180.232376,
				 490.930817 -475.370850 180.232391,
				 490.930817 -475.370850 180.232391,
				 396.186188 -527.578430 121.336685,
				 455.815704 -482.599060 151.013565,
				 455.021027 -542.290833 151.013626,
				 455.021027 -542.290833 151.013626,
				 396.186188 -527.578430 121.336685,
				 367.146179 -560.127563 121.336746,
				 394.726349 -538.656799 121.336700,
				 397.288971 -569.449463 151.013733,
				 397.288971 -569.449463 151.013733,
				 346.588257 -570.208130 121.336777,
				 367.146179 -560.127563 121.336746,
				 359.182068 -574.264038 151.013779,
				 359.182068 -574.264038 151.013779,
				 322.318176 -576.373169 121.336823,
				 346.588257 -570.208130 121.336777,
				 342.585144 -602.103882 177.022751,
				 342.585144 -602.103882 177.022751,
				 291.869629 -597.344482 151.013885,
				 322.318176 -576.373169 121.336823,
				 319.807617 -582.717651 151.013840,
				 319.807617 -582.717651 151.013840,
				 264.281189 -601.496887 151.013916,
				 291.869629 -597.344482 151.013885,
				 285.755188 -605.781494 151.013901,
				 285.755188 -605.781494 151.013901,
				 236.189392 -593.449158 151.013931,
				 254.215271 -576.405334 121.336899,
				 264.281189 -601.496887 151.013916,
				 178.101501 -587.310486 121.336990,
				 222.140625 -584.097961 121.336945,
				 236.189392 -593.449158 151.013931,
				 159.933411 -573.777161 86.791962,
				 178.101501 -587.310486 121.336990,
				 148.755981 -593.787048 121.337036,
				 148.755981 -593.787048 121.337036,
				 150.932495 -629.543945 180.232956,
				 143.939453 -628.636414 180.232956,
				 123.647217 -590.528931 121.337051,
				 150.932495 -629.543945 180.232956,
				 143.939453 -628.636414 180.232956,
				 123.647217 -590.528931 121.337051,
				 143.939453 -628.636414 180.232956,
				 78.630859 -632.624695 180.233032,
				 -589.864685 -619.429932 151.014877,
				 -549.775574 -562.200867 86.792732,
				 -533.074890 -611.141541 151.014816,
				 -589.864685 -619.429932 151.014877,
				 -533.074890 -611.141541 151.014816,
				 -570.972656 -629.894348 180.233749,
				 -595.823181 -633.522705 180.233780,
				 -589.864685 -619.429932 151.014877,
				 -595.823181 -633.522705 180.233780,
				 -597.648560 -575.221924 86.792801,
				 -549.775574 -562.200867 86.792732,
				 -589.864685 -619.429932 151.014877,
				 -624.437439 -572.923462 45.645351,
				 -613.310364 -565.980164 45.645332,
				 -597.648560 -575.221924 86.792801,
				 -935.429932 -405.803284 151.015030,
				 -905.319946 -409.975647 121.337997,
				 -905.607910 -427.873474 121.338013,
				 -926.868042 -452.124878 151.015060,
				 -905.607910 -427.873474 121.338013,
				 -902.787354 -467.296448 121.338058,
				 -926.868042 -452.124878 151.015060,
				 -902.787354 -467.296448 121.338058,
				 -884.376099 -499.490967 121.338074,
				 -912.514526 -485.579895 151.015091,
				 -912.514526 -485.579895 151.015091,
				 -764.629517 -558.422302 45.645493,
				 -679.881958 -611.051453 86.792938,
				 -696.649902 -630.586121 121.338028,
				 -696.649902 -630.586121 121.338028,
				 -764.629517 -558.422302 45.645493,
				 -748.710571 -640.617676 121.338089,
				 -784.806152 -608.210083 86.793045,
				 -748.710571 -640.617676 121.338089,
				 -820.782593 -582.426331 86.793060,
				 -795.063965 -547.660583 45.645512,
				 -784.806152 -608.210083 86.793045,
				 -872.043823 -532.627808 121.338089,
				 -856.115601 -517.674500 86.793015,
				 -839.999023 -553.633179 86.793045,
				 -872.043823 -532.627808 121.338089,
				 -839.999023 -553.633179 86.793045,
				 -820.782593 -582.426331 86.793060,
				 -857.276978 -615.032654 121.338181,
				 -857.276978 -615.032654 121.338181,
				 -884.376099 -499.490967 121.338074,
				 -856.115601 -517.674500 86.793015,
				 -872.043823 -532.627808 121.338089,
				 -652.849609 -570.486145 45.645382,
				 -624.437439 -572.923462 45.645351,
				 -633.182251 -598.013306 86.792862,
				 -679.881958 -611.051453 86.792938,
				 -633.182251 -598.013306 86.792862,
				 -641.656555 -635.030884 151.014969,
				 -641.656555 -635.030884 151.014969,
				 -903.765503 -370.013550 121.337936,
				 -928.794189 -349.539612 180.233810,
				 -925.634277 -342.616821 180.233810,
				 -892.418945 -345.154419 121.337906,
				 -928.794189 -349.539612 180.233810,
				 -925.634277 -342.616821 180.233810,
				 -908.968506 -389.173401 121.337967,
				 -937.502075 -377.550598 180.233871,
				 -936.051880 -372.214478 180.233856,
				 -903.765503 -370.013550 121.337936,
				 -937.502075 -377.550598 180.233871,
				 -936.051880 -372.214478 180.233856,
				 -935.429932 -405.803284 151.015030,
				 -942.789307 -387.390259 180.233871,
				 -937.502075 -377.550598 180.233871,
				 -908.968506 -389.173401 121.337967,
				 -942.789307 -387.390259 180.233871,
				 -892.418945 -345.154419 121.337906,
				 -925.634277 -342.616821 180.233810,
				 -926.690308 -340.989258 180.233810,
				 455.815704 -482.599060 151.013565,
				 490.930817 -475.370850 180.232391,
				 497.775665 -486.150146 180.232391,
				 471.456085 -507.232117 151.013580,
				 497.775665 -486.150146 180.232391,
				 471.456085 -507.232117 151.013580,
				 455.815704 -482.599060 151.013565,
				 471.456085 -507.232117 151.013580,
				 455.021027 -542.290833 151.013626,
				 396.186188 -527.578430 121.336685,
				 455.021027 -542.290833 151.013626,
				 428.290192 -557.453979 151.013687,
				 428.290192 -557.453979 151.013687,
				 396.186188 -527.578430 121.336685,
				 428.290192 -557.453979 151.013687,
				 394.726349 -538.656799 121.336700,
				 394.726349 -538.656799 121.336700,
				 428.290192 -557.453979 151.013687,
				 397.288971 -569.449463 151.013733,
				 367.146179 -560.127563 121.336746,
				 397.288971 -569.449463 151.013733,
				 359.182068 -574.264038 151.013779,
				 346.588257 -570.208130 121.336777,
				 359.182068 -574.264038 151.013779,
				 342.585144 -602.103882 177.022751,
				 322.318176 -576.373169 121.336823,
				 342.585144 -602.103882 177.022751,
				 319.807617 -582.717651 151.013840,
				 291.869629 -597.344482 151.013885,
				 319.807617 -582.717651 151.013840,
				 290.537781 -606.480042 177.022812,
				 290.537781 -606.480042 177.022812,
				 285.755188 -605.781494 151.013901,
				 291.869629 -597.344482 151.013885,
				 290.537781 -606.480042 177.022812,
				 285.755188 -605.781494 151.013901,
				 271.644836 -619.258240 180.232803,
				 262.248657 -617.383301 180.232803,
				 264.281189 -601.496887 151.013916,
				 271.644836 -619.258240 180.232803,
				 262.248657 -617.383301 180.232803,
				 264.281189 -601.496887 151.013916,
				 262.248657 -617.383301 180.232803,
				 249.955566 -613.862366 180.232819,
				 236.189392 -593.449158 151.013931,
				 249.955566 -613.862366 180.232819,
				 236.189392 -593.449158 151.013931,
				 188.710571 -621.512146 180.232895,
				 159.104126 -627.739929 180.232941,
				 178.101501 -587.310486 121.336990,
				 188.710571 -621.512146 180.232895,
				 159.104126 -627.739929 180.232941,
				 178.101501 -587.310486 121.336990,
				 159.104126 -627.739929 180.232941,
				 150.932495 -629.543945 180.232956,
				 148.755981 -593.787048 121.337036,
				 -589.864685 -619.429932 151.014877,
				 -595.823181 -633.522705 180.233780,
				 -601.205505 -634.264038 180.233780,
				 -603.144348 -607.785950 121.337891,
				 -601.205505 -634.264038 180.233780,
				 -603.144348 -607.785950 121.337891,
				 -597.648560 -575.221924 86.792801,
				 -589.864685 -619.429932 151.014877,
				 -603.144348 -607.785950 121.337891,
				 -624.437439 -572.923462 45.645351,
				 -597.648560 -575.221924 86.792801,
				 -603.144348 -607.785950 121.337891,
				 -905.607910 -427.873474 121.338013,
				 -938.859619 -427.494690 180.233932,
				 -944.577271 -417.920349 180.233917,
				 -935.429932 -405.803284 151.015030,
				 -938.859619 -427.494690 180.233932,
				 -944.577271 -417.920349 180.233917,
				 -926.868042 -452.124878 151.015060,
				 -940.831055 -438.190796 180.233932,
				 -938.859619 -427.494690 180.233932,
				 -905.607910 -427.873474 121.338013,
				 -940.831055 -438.190796 180.233932,
				 -926.868042 -452.124878 151.015060,
				 -902.787354 -467.296448 121.338058,
				 -912.514526 -485.579895 151.015091,
				 -912.514526 -485.579895 151.015091,
				 -884.376099 -499.490967 121.338074,
				 -899.228027 -521.795715 151.015121,
				 -899.228027 -521.795715 151.015121,
				 -696.649902 -630.586121 121.338028,
				 -679.881958 -611.051453 86.792938,
				 -641.656555 -635.030884 151.014969,
				 -764.629517 -558.422302 45.645493,
				 -696.649902 -630.586121 121.338028,
				 -748.710571 -640.617676 121.338089,
				 -784.806152 -608.210083 86.793045,
				 -748.710571 -640.617676 121.338089,
				 -800.789429 -657.405090 121.338165,
				 -800.789429 -657.405090 121.338165,
				 -820.782593 -582.426331 86.793060,
				 -784.806152 -608.210083 86.793045,
				 -803.370361 -613.286499 86.793076,
				 -803.370361 -613.286499 86.793076,
				 -890.398560 -562.571899 151.015152,
				 -872.043823 -532.627808 121.338089,
				 -839.999023 -553.633179 86.793045,
				 -890.398560 -562.571899 151.015152,
				 -857.276978 -615.032654 121.338181,
				 -820.782593 -582.426331 86.793060,
				 -820.682983 -612.953857 86.793091,
				 -820.682983 -612.953857 86.793091,
				 -882.213501 -603.955383 151.015198,
				 -839.999023 -553.633179 86.793045,
				 -857.276978 -615.032654 121.338181,
				 -882.213501 -603.955383 151.015198,
				 -899.228027 -521.795715 151.015121,
				 -884.376099 -499.490967 121.338074,
				 -872.043823 -532.627808 121.338089,
				 -624.437439 -572.923462 45.645351,
				 -603.144348 -607.785950 121.337891,
				 -633.182251 -598.013306 86.792862,
				 -633.182251 -598.013306 86.792862,
				 -603.144348 -607.785950 121.337891,
				 -641.656555 -635.030884 151.014969,
				 -903.765503 -370.013550 121.337936,
				 -932.353027 -353.904236 180.233826,
				 -928.794189 -349.539612 180.233810,
				 -932.353027 -353.904236 180.233826,
				 -903.765503 -370.013550 121.337936,
				 -936.051880 -372.214478 180.233856,
				 -932.353027 -353.904236 180.233826,
				 -935.429932 -405.803284 151.015030,
				 -944.577271 -417.920349 180.233917,
				 -942.789307 -387.390259 180.233871,
				 471.456085 -507.232117 151.013580,
				 497.775665 -486.150146 180.232391,
				 506.926910 -502.020569 180.232407,
				 505.327301 -506.577332 177.022446,
				 506.926910 -502.020569 180.232407,
				 505.327301 -506.577332 177.022446,
				 471.997345 -526.843933 151.013596,
				 471.997345 -526.843933 151.013596,
				 428.290192 -557.453979 151.013687,
				 455.021027 -542.290833 151.013626,
				 444.069000 -573.105774 177.022598,
				 444.069000 -573.105774 177.022598,
				 428.290192 -557.453979 151.013687,
				 418.212189 -582.200012 180.232590,
				 404.646759 -587.449524 180.232620,
				 397.288971 -569.449463 151.013733,
				 418.212189 -582.200012 180.232590,
				 404.646759 -587.449524 180.232620,
				 397.288971 -569.449463 151.013733,
				 395.762726 -595.186829 180.232635,
				 379.088531 -597.294067 180.232651,
				 359.182068 -574.264038 151.013779,
				 395.762726 -595.186829 180.232635,
				 379.088531 -597.294067 180.232651,
				 359.182068 -574.264038 151.013779,
				 379.088531 -597.294067 180.232651,
				 349.017212 -603.725708 180.232697,
				 342.585144 -602.103882 177.022751,
				 349.017212 -603.725708 180.232697,
				 290.537781 -606.480042 177.022812,
				 319.807617 -582.717651 151.013840,
				 342.585144 -602.103882 177.022751,
				 290.537781 -606.480042 177.022812,
				 286.841553 -609.358704 180.232773,
				 271.644836 -619.258240 180.232803,
				 285.755188 -605.781494 151.013901,
				 286.841553 -609.358704 180.232773,
				 236.189392 -593.449158 151.013931,
				 249.955566 -613.862366 180.232819,
				 188.710571 -621.512146 180.232895,
				 -603.144348 -607.785950 121.337891,
				 -601.205505 -634.264038 180.233780,
				 -618.485718 -640.349121 180.233810,
				 -641.656555 -635.030884 151.014969,
				 -618.485718 -640.349121 180.233810,
				 -926.868042 -452.124878 151.015060,
				 -948.742065 -454.169006 180.233963,
				 -940.831055 -438.190796 180.233932,
				 -948.742065 -454.169006 180.233963,
				 -912.514526 -485.579895 151.015091,
				 -945.126343 -489.438721 180.233994,
				 -951.406982 -474.799561 180.233994,
				 -926.868042 -452.124878 151.015060,
				 -945.126343 -489.438721 180.233994,
				 -951.406982 -474.799561 180.233994,
				 -899.228027 -521.795715 151.015121,
				 -938.091187 -516.928711 180.234024,
				 -943.905518 -501.082642 180.234024,
				 -912.514526 -485.579895 151.015091,
				 -938.091187 -516.928711 180.234024,
				 -943.905518 -501.082642 180.234024,
				 -696.649902 -630.586121 121.338028,
				 -641.656555 -635.030884 151.014969,
				 -702.274292 -649.270874 151.015060,
				 -702.274292 -649.270874 151.015060,
				 -748.710571 -640.617676 121.338089,
				 -696.649902 -630.586121 121.338028,
				 -702.274292 -649.270874 151.015060,
				 -800.789429 -657.405090 121.338165,
				 -748.710571 -640.617676 121.338089,
				 -746.113770 -672.831360 151.015121,
				 -746.113770 -672.831360 151.015121,
				 -803.370361 -613.286499 86.793076,
				 -784.806152 -608.210083 86.793045,
				 -800.789429 -657.405090 121.338165,
				 -820.682983 -612.953857 86.793091,
				 -899.228027 -521.795715 151.015121,
				 -872.043823 -532.627808 121.338089,
				 -890.398560 -562.571899 151.015152,
				 -890.398560 -562.571899 151.015152,
				 -839.999023 -553.633179 86.793045,
				 -882.213501 -603.955383 151.015198,
				 -857.276978 -615.032654 121.338181,
				 -820.682983 -612.953857 86.793091,
				 -851.010498 -635.375000 121.338196,
				 -851.010498 -635.375000 121.338196,
				 -882.213501 -603.955383 151.015198,
				 -857.276978 -615.032654 121.338181,
				 -877.177124 -622.550537 151.015213,
				 -877.177124 -622.550537 151.015213,
				 505.327301 -506.577332 177.022446,
				 506.926910 -502.020569 180.232407,
				 507.669586 -505.897705 180.232407,
				 507.669586 -505.897705 180.232407,
				 471.456085 -507.232117 151.013580,
				 505.327301 -506.577332 177.022446,
				 473.967804 -515.179688 151.013580,
				 473.967804 -515.179688 151.013580,
				 473.967804 -515.179688 151.013580,
				 455.021027 -542.290833 151.013626,
				 471.997345 -526.843933 151.013596,
				 489.267731 -541.707825 177.022507,
				 489.267731 -541.707825 177.022507,
				 455.021027 -542.290833 151.013626,
				 461.253448 -566.938110 180.232529,
				 446.795563 -574.715027 180.232559,
				 444.069000 -573.105774 177.022598,
				 461.253448 -566.938110 180.232529,
				 446.795563 -574.715027 180.232559,
				 444.069000 -573.105774 177.022598,
				 442.387482 -576.525940 180.232559,
				 429.515045 -581.803040 180.232590,
				 428.290192 -557.453979 151.013687,
				 442.387482 -576.525940 180.232559,
				 429.515045 -581.803040 180.232590,
				 428.290192 -557.453979 151.013687,
				 429.515045 -581.803040 180.232590,
				 418.212189 -582.200012 180.232590,
				 397.288971 -569.449463 151.013733,
				 404.646759 -587.449524 180.232620,
				 395.762726 -595.186829 180.232635,
				 342.585144 -602.103882 177.022751,
				 349.017212 -603.725708 180.232697,
				 346.029907 -605.418884 180.232712,
				 346.029907 -605.418884 180.232712,
				 342.585144 -602.103882 177.022751,
				 346.029907 -605.418884 180.232712,
				 300.423706 -609.253845 180.232758,
				 290.537781 -606.480042 177.022812,
				 300.423706 -609.253845 180.232758,
				 290.537781 -606.480042 177.022812,
				 300.423706 -609.253845 180.232758,
				 286.841553 -609.358704 180.232773,
				 -641.656555 -635.030884 151.014969,
				 -618.485718 -640.349121 180.233810,
				 -664.631592 -659.392639 180.233902,
				 -664.631592 -659.392639 180.233902,
				 -926.868042 -452.124878 151.015060,
				 -951.406982 -474.799561 180.233994,
				 -948.742065 -454.169006 180.233963,
				 -912.514526 -485.579895 151.015091,
				 -943.905518 -501.082642 180.234024,
				 -945.126343 -489.438721 180.233994,
				 -899.228027 -521.795715 151.015121,
				 -927.588013 -536.065125 180.234039,
				 -938.091187 -516.928711 180.234024,
				 -927.588013 -536.065125 180.234039,
				 -641.656555 -635.030884 151.014969,
				 -664.631592 -659.392639 180.233902,
				 -691.155640 -665.622742 180.233932,
				 -702.274292 -649.270874 151.015060,
				 -691.155640 -665.622742 180.233932,
				 -748.710571 -640.617676 121.338089,
				 -702.274292 -649.270874 151.015060,
				 -746.113770 -672.831360 151.015121,
				 -800.789429 -657.405090 121.338165,
				 -746.113770 -672.831360 151.015121,
				 -782.065063 -695.929871 151.015182,
				 -782.065063 -695.929871 151.015182,
				 -820.682983 -612.953857 86.793091,
				 -803.370361 -613.286499 86.793076,
				 -800.789429 -657.405090 121.338165,
				 -890.398560 -562.571899 151.015152,
				 -923.723877 -553.907043 180.234055,
				 -927.588013 -536.065125 180.234039,
				 -899.228027 -521.795715 151.015121,
				 -923.723877 -553.907043 180.234055,
				 -882.213501 -603.955383 151.015198,
				 -911.480103 -600.244812 180.234085,
				 -915.061401 -582.137207 180.234085,
				 -890.398560 -562.571899 151.015152,
				 -911.480103 -600.244812 180.234085,
				 -915.061401 -582.137207 180.234085,
				 -851.010498 -635.375000 121.338196,
				 -820.682983 -612.953857 86.793091,
				 -837.945923 -643.716980 121.338181,
				 -837.945923 -643.716980 121.338181,
				 -857.276978 -615.032654 121.338181,
				 -851.010498 -635.375000 121.338196,
				 -868.394531 -637.744324 151.015213,
				 -868.394531 -637.744324 151.015213,
				 -877.177124 -622.550537 151.015213,
				 -857.276978 -615.032654 121.338181,
				 -868.394531 -637.744324 151.015213,
				 -877.177124 -622.550537 151.015213,
				 -906.854004 -618.968384 180.234116,
				 -909.058716 -610.833008 180.234116,
				 -882.213501 -603.955383 151.015198,
				 -906.854004 -618.968384 180.234116,
				 -909.058716 -610.833008 180.234116,
				 505.327301 -506.577332 177.022446,
				 507.669586 -505.897705 180.232407,
				 507.517731 -509.364502 180.232407,
				 507.517731 -509.364502 180.232407,
				 473.967804 -515.179688 151.013580,
				 505.327301 -506.577332 177.022446,
				 501.751373 -524.055542 177.022476,
				 501.751373 -524.055542 177.022476,
				 473.967804 -515.179688 151.013580,
				 501.751373 -524.055542 177.022476,
				 471.997345 -526.843933 151.013596,
				 471.997345 -526.843933 151.013596,
				 501.751373 -524.055542 177.022476,
				 489.267731 -541.707825 177.022507,
				 489.267731 -541.707825 177.022507,
				 489.736115 -545.717163 180.232468,
				 476.414215 -560.190735 180.232498,
				 455.021027 -542.290833 151.013626,
				 489.736115 -545.717163 180.232468,
				 476.414215 -560.190735 180.232498,
				 455.021027 -542.290833 151.013626,
				 476.414215 -560.190735 180.232498,
				 461.253448 -566.938110 180.232529,
				 444.069000 -573.105774 177.022598,
				 446.795563 -574.715027 180.232559,
				 445.063019 -575.649719 180.232559,
				 445.063019 -575.649719 180.232559,
				 444.069000 -573.105774 177.022598,
				 445.063019 -575.649719 180.232559,
				 442.387482 -576.525940 180.232559,
				 -702.274292 -649.270874 151.015060,
				 -691.155640 -665.622742 180.233932,
				 -710.338867 -675.932739 180.233963,
				 -746.113770 -672.831360 151.015121,
				 -710.338867 -675.932739 180.233963,
				 -746.113770 -672.831360 151.015121,
				 -756.664551 -697.217834 180.234039,
				 -772.395630 -707.325134 180.234070,
				 -782.065063 -695.929871 151.015182,
				 -756.664551 -697.217834 180.234039,
				 -772.395630 -707.325134 180.234070,
				 -823.919678 -692.192627 151.015244,
				 -800.789429 -657.405090 121.338165,
				 -782.065063 -695.929871 151.015182,
				 -823.919678 -692.192627 151.015244,
				 -820.682983 -612.953857 86.793091,
				 -800.789429 -657.405090 121.338165,
				 -837.945923 -643.716980 121.338181,
				 -890.398560 -562.571899 151.015152,
				 -915.061401 -582.137207 180.234085,
				 -923.723877 -553.907043 180.234055,
				 -882.213501 -603.955383 151.015198,
				 -909.058716 -610.833008 180.234116,
				 -911.480103 -600.244812 180.234085,
				 -868.394531 -637.744324 151.015213,
				 -851.010498 -635.375000 121.338196,
				 -837.945923 -643.716980 121.338181,
				 -868.394531 -637.744324 151.015213,
				 -893.006592 -643.844971 180.234116,
				 -896.849365 -637.196106 180.234116,
				 -877.177124 -622.550537 151.015213,
				 -893.006592 -643.844971 180.234116,
				 -896.849365 -637.196106 180.234116,
				 -877.177124 -622.550537 151.015213,
				 -896.849365 -637.196106 180.234116,
				 -906.854004 -618.968384 180.234116,
				 505.327301 -506.577332 177.022446,
				 507.517731 -509.364502 180.232407,
				 504.383087 -524.679443 180.232437,
				 501.751373 -524.055542 177.022476,
				 504.383087 -524.679443 180.232437,
				 501.751373 -524.055542 177.022476,
				 503.064484 -526.147888 180.232437,
				 492.126129 -541.615906 180.232468,
				 489.267731 -541.707825 177.022507,
				 503.064484 -526.147888 180.232437,
				 492.126129 -541.615906 180.232468,
				 489.267731 -541.707825 177.022507,
				 491.265533 -544.387268 180.232468,
				 489.736115 -545.717163 180.232468,
				 491.265533 -544.387268 180.232468,
				 -746.113770 -672.831360 151.015121,
				 -710.338867 -675.932739 180.233963,
				 -756.664551 -697.217834 180.234039,
				 -782.065063 -695.929871 151.015182,
				 -772.395630 -707.325134 180.234070,
				 -801.275391 -710.857239 180.234100,
				 -801.275391 -710.857239 180.234100,
				 -837.945923 -643.716980 121.338181,
				 -800.789429 -657.405090 121.338165,
				 -823.919678 -692.192627 151.015244,
				 -782.065063 -695.929871 151.015182,
				 -801.275391 -710.857239 180.234100,
				 -819.589111 -709.221069 180.234116,
				 -823.919678 -692.192627 151.015244,
				 -819.589111 -709.221069 180.234116,
				 -837.945923 -643.716980 121.338181,
				 -873.840942 -679.385864 180.234146,
				 -879.250244 -668.908691 180.234146,
				 -868.394531 -637.744324 151.015213,
				 -873.840942 -679.385864 180.234146,
				 -879.250244 -668.908691 180.234146,
				 -868.394531 -637.744324 151.015213,
				 -879.250244 -668.908691 180.234146,
				 -893.006592 -643.844971 180.234116,
				 501.751373 -524.055542 177.022476,
				 504.383087 -524.679443 180.232437,
				 504.013702 -525.543274 180.232437,
				 504.013702 -525.543274 180.232437,
				 501.751373 -524.055542 177.022476,
				 504.013702 -525.543274 180.232437,
				 503.064484 -526.147888 180.232437,
				 489.267731 -541.707825 177.022507,
				 492.126129 -541.615906 180.232468,
				 491.784943 -542.226440 180.232468,
				 491.784943 -542.226440 180.232468,
				 489.267731 -541.707825 177.022507,
				 491.784943 -542.226440 180.232468,
				 491.265533 -544.387268 180.232468,
				 -823.919678 -692.192627 151.015244,
				 -859.788452 -692.732056 180.234146,
				 -873.840942 -679.385864 180.234146,
				 -837.945923 -643.716980 121.338181,
				 -859.788452 -692.732056 180.234146,
				 -823.919678 -692.192627 151.015244,
				 -819.589111 -709.221069 180.234116,
				 -835.919556 -708.179810 180.234146,
				 -835.919556 -708.179810 180.234146,
				 -823.919678 -692.192627 151.015244,
				 -853.454224 -701.191528 180.234146,
				 -859.788452 -692.732056 180.234146,
				 -853.454224 -701.191528 180.234146,
				 -823.919678 -692.192627 151.015244,
				 -835.919556 -708.179810 180.234146,
				 -853.454224 -701.191528 180.234146,
			]
		}
		IndexedFaceSet {
			coordIndex [
				 2, 0, 1, -1,
				 8, 6, 7, -1,
				 12, 10, 11, -1,
				 16, 14, 15, -1,
				 20, 18, 19, -1,
				 24, 22, 23, -1,
				 28, 26, 27, -1,
				 32, 30, 31, -1,
				 36, 34, 35, -1,
				 40, 38, 39, -1,
				 43, 41, 42, -1,
				 47, 45, 46, -1,
				 50, 48, 49, -1,
				 53, 51, 52, -1,
				 57, 55, 56, -1,
				 60, 58, 59, -1,
				 63, 61, 62, -1,
				 67, 65, 66, -1,
				 71, 69, 70, -1,
				 75, 73, 74, -1,
				 78, 76, 77, -1,
				 82, 80, 81, -1,
				 86, 84, 85, -1,
				 90, 88, 89, -1,
				 93, 91, 92, -1,
				 97, 95, 96, -1,
				 101, 99, 100, -1,
				 105, 103, 104, -1,
				 109, 107, 108, -1,
				 112, 110, 111, -1,
				 116, 114, 115, -1,
				 119, 117, 118, -1,
				 123, 121, 122, -1,
				 127, 125, 126, -1,
				 130, 128, 129, -1,
				 133, 131, 132, -1,
				 97, 135, 95, -1,
				 139, 137, 138, -1,
				 142, 140, 141, -1,
				 146, 144, 145, -1,
				 150, 148, 149, -1,
				 153, 151, 152, -1,
				 157, 155, 156, -1,
				 160, 158, 159, -1,
				 164, 162, 163, -1,
				 168, 166, 167, -1,
				 172, 170, 171, -1,
				 176, 174, 175, -1,
				 179, 177, 178, -1,
				 182, 180, 181, -1,
				 185, 186, 183, -1,
				 185, 183, 184, -1,
				 191, 189, 190, -1,
				 195, 193, 194, -1,
				 199, 197, 198, -1,
				 203, 201, 202, -1,
				 206, 204, 205, -1,
				 209, 207, 208, -1,
				 213, 211, 212, -1,
				 217, 215, 216, -1,
				 221, 219, 220, -1,
				 225, 223, 224, -1,
				 229, 227, 228, -1,
				 233, 231, 232, -1,
				 236, 234, 235, -1,
				 240, 238, 239, -1,
				 243, 241, 242, -1,
				 247, 248, 245, -1,
				 247, 245, 246, -1,
				 253, 251, 252, -1,
				 257, 255, 256, -1,
				 260, 258, 259, -1,
				 264, 262, 263, -1,
				 268, 266, 267, -1,
				 272, 270, 271, -1,
				 275, 273, 274, -1,
				 279, 277, 278, -1,
				 282, 280, 281, -1,
				 285, 283, 284, -1,
				 288, 286, 287, -1,
				 292, 290, 291, -1,
				 295, 293, 294, -1,
				 299, 297, 298, -1,
				 302, 300, 301, -1,
				 303, 229, 228, -1,
				 307, 305, 306, -1,
				 311, 309, 310, -1,
				 315, 313, 314, -1,
				 318, 319, 316, -1,
				 318, 316, 317, -1,
				 323, 324, 321, -1,
				 323, 321, 322, -1,
				 328, 326, 327, -1,
				 331, 329, 330, -1,
				 335, 333, 334, -1,
				 339, 337, 338, -1,
				 342, 340, 341, -1,
				 345, 343, 344, -1,
				 348, 346, 347, -1,
				 352, 350, 351, -1,
				 356, 354, 355, -1,
				 360, 358, 359, -1,
				 364, 362, 363, -1,
				 368, 366, 367, -1,
				 372, 370, 371, -1,
				 375, 373, 374, -1,
				 377, 229, 303, -1,
				 379, 229, 377, -1,
				 382, 380, 381, -1,
				 385, 383, 384, -1,
				 388, 386, 387, -1,
				 392, 393, 390, -1,
				 392, 390, 391, -1,
				 397, 395, 396, -1,
				 400, 398, 399, -1,
				 404, 402, 403, -1,
				 407, 405, 406, -1,
				 411, 409, 410, -1,
				 415, 413, 414, -1,
				 419, 417, 418, -1,
				 423, 421, 422, -1,
				 426, 424, 425, -1,
				 429, 427, 428, -1,
				 433, 431, 432, -1,
				 436, 434, 435, -1,
				 439, 437, 438, -1,
				 442, 440, 441, -1,
				 445, 443, 444, -1,
				 377, 303, 447, -1,
				 449, 379, 377, -1,
				 453, 451, 452, -1,
				 457, 458, 455, -1,
				 457, 455, 456, -1,
				 463, 461, 462, -1,
				 467, 465, 466, -1,
				 470, 468, 469, -1,
				 474, 472, 473, -1,
				 478, 476, 477, -1,
				 482, 480, 481, -1,
				 486, 484, 485, -1,
				 490, 488, 489, -1,
				 494, 492, 493, -1,
				 497, 495, 496, -1,
				 500, 498, 499, -1,
				 503, 501, 502, -1,
				 507, 505, 506, -1,
				 511, 509, 510, -1,
				 432, 431, 513, -1,
				 515, 432, 514, -1,
				 518, 515, 517, -1,
				 521, 518, 520, -1,
				 523, 521, 520, -1,
				 526, 524, 525, -1,
				 449, 377, 447, -1,
				 527, 379, 449, -1,
				 529, 379, 527, -1,
				 532, 533, 530, -1,
				 532, 530, 531, -1,
				 538, 539, 536, -1,
				 538, 536, 537, -1,
				 543, 541, 542, -1,
				 547, 545, 546, -1,
				 550, 548, 549, -1,
				 554, 552, 553, -1,
				 557, 555, 556, -1,
				 477, 559, 478, -1,
				 562, 560, 561, -1,
				 566, 564, 565, -1,
				 569, 567, 568, -1,
				 572, 570, 571, -1,
				 576, 574, 575, -1,
				 580, 578, 579, -1,
				 583, 581, 582, -1,
				 586, 584, 585, -1,
				 590, 588, 589, -1,
				 593, 591, 592, -1,
				 596, 594, 595, -1,
				 432, 513, 514, -1,
				 515, 514, 597, -1,
				 517, 515, 599, -1,
				 520, 518, 517, -1,
				 523, 520, 517, -1,
				 603, 601, 602, -1,
				 449, 447, 605, -1,
				 609, 607, 608, -1,
				 611, 529, 527, -1,
				 615, 616, 613, -1,
				 615, 613, 614, -1,
				 621, 619, 620, -1,
				 625, 623, 624, -1,
				 628, 626, 627, -1,
				 631, 629, 630, -1,
				 634, 632, 633, -1,
				 638, 636, 637, -1,
				 478, 559, 640, -1,
				 644, 642, 643, -1,
				 648, 646, 647, -1,
				 652, 650, 651, -1,
				 652, 654, 650, -1,
				 657, 655, 656, -1,
				 661, 659, 660, -1,
				 664, 662, 663, -1,
				 668, 666, 667, -1,
				 671, 669, 670, -1,
				 675, 673, 674, -1,
				 678, 676, 677, -1,
				 682, 680, 681, -1,
				 597, 514, 684, -1,
				 688, 686, 687, -1,
				 692, 690, 691, -1,
				 523, 517, 599, -1,
				 695, 693, 694, -1,
				 605, 447, 697, -1,
				 449, 605, 697, -1,
				 700, 698, 699, -1,
				 704, 702, 703, -1,
				 708, 706, 707, -1,
				 711, 709, 710, -1,
				 715, 716, 713, -1,
				 715, 713, 714, -1,
				 720, 718, 719, -1,
				 724, 722, 723, -1,
				 727, 725, 726, -1,
				 731, 729, 730, -1,
				 735, 733, 734, -1,
				 738, 736, 737, -1,
				 742, 740, 741, -1,
				 746, 744, 745, -1,
				 748, 652, 651, -1,
				 751, 749, 750, -1,
				 748, 654, 652, -1,
				 748, 753, 654, -1,
				 756, 754, 755, -1,
				 760, 758, 759, -1,
				 763, 761, 762, -1,
				 767, 765, 766, -1,
				 770, 768, 769, -1,
				 773, 771, 772, -1,
				 684, 514, 775, -1,
				 778, 776, 777, -1,
				 781, 779, 780, -1,
				 523, 599, 782, -1,
				 785, 783, 784, -1,
				 789, 787, 788, -1,
				 793, 791, 792, -1,
				 796, 794, 795, -1,
				 800, 798, 799, -1,
				 804, 802, 803, -1,
				 807, 808, 805, -1,
				 807, 805, 806, -1,
				 813, 811, 812, -1,
				 817, 815, 816, -1,
				 819, 723, 818, -1,
				 823, 821, 822, -1,
				 826, 824, 825, -1,
				 829, 827, 828, -1,
				 832, 830, 831, -1,
				 835, 478, 834, -1,
				 838, 836, 837, -1,
				 842, 840, 841, -1,
				 846, 844, 845, -1,
				 850, 848, 849, -1,
				 853, 851, 852, -1,
				 857, 855, 856, -1,
				 860, 858, 859, -1,
				 863, 861, 862, -1,
				 867, 865, 866, -1,
				 871, 869, 870, -1,
				 874, 872, 873, -1,
				 878, 876, 877, -1,
				 882, 880, 881, -1,
				 886, 884, 885, -1,
				 684, 775, 888, -1,
				 892, 890, 891, -1,
				 896, 894, 895, -1,
				 899, 782, 898, -1,
				 902, 900, 901, -1,
				 906, 904, 905, -1,
				 910, 908, 909, -1,
				 914, 912, 913, -1,
				 918, 916, 917, -1,
				 921, 919, 920, -1,
				 924, 925, 922, -1,
				 924, 922, 923, -1,
				 930, 928, 929, -1,
				 933, 934, 931, -1,
				 933, 931, 932, -1,
				 939, 937, 938, -1,
				 818, 723, 941, -1,
				 834, 819, 818, -1,
				 945, 943, 944, -1,
				 948, 946, 947, -1,
				 835, 834, 949, -1,
				 952, 950, 951, -1,
				 956, 954, 955, -1,
				 960, 958, 959, -1,
				 964, 962, 963, -1,
				 968, 966, 967, -1,
				 972, 970, 971, -1,
				 976, 974, 975, -1,
				 980, 978, 979, -1,
				 983, 981, 982, -1,
				 987, 985, 986, -1,
				 991, 989, 990, -1,
				 994, 992, 993, -1,
				 998, 996, 997, -1,
				 1001, 999, 1000, -1,
				 1005, 1003, 1004, -1,
				 1008, 1006, 1007, -1,
				 1011, 1009, 1010, -1,
				 888, 775, 1013, -1,
				 1017, 1015, 1016, -1,
				 1020, 1018, 1019, -1,
				 1024, 1022, 1023, -1,
				 899, 898, 1026, -1,
				 1029, 899, 1028, -1,
				 1033, 1031, 1032, -1,
				 1037, 1035, 1036, -1,
				 1040, 1038, 1039, -1,
				 1044, 1042, 1043, -1,
				 1048, 1046, 1047, -1,
				 1051, 1049, 1050, -1,
				 1055, 1053, 1054, -1,
				 1059, 1060, 1057, -1,
				 1059, 1057, 1058, -1,
				 1065, 1063, 1064, -1,
				 1069, 1067, 1068, -1,
				 1072, 1073, 1070, -1,
				 1072, 1070, 1071, -1,
				 1078, 1076, 1077, -1,
				 941, 723, 1080, -1,
				 1083, 1081, 1082, -1,
				 834, 818, 949, -1,
				 1087, 1085, 1086, -1,
				 1091, 1089, 1090, -1,
				 1095, 1093, 1094, -1,
				 1099, 1097, 1098, -1,
				 1103, 1101, 1102, -1,
				 1106, 1104, 1105, -1,
				 1109, 1107, 1108, -1,
				 1112, 1110, 1111, -1,
				 1115, 1113, 1114, -1,
				 1118, 1116, 1117, -1,
				 1122, 1120, 1121, -1,
				 1125, 1123, 1124, -1,
				 1129, 1127, 1128, -1,
				 1132, 1130, 1131, -1,
				 1135, 1133, 1134, -1,
				 1139, 1137, 1138, -1,
				 1143, 1141, 1142, -1,
				 1147, 1145, 1146, -1,
				 1150, 1148, 1149, -1,
				 1153, 1151, 1152, -1,
				 1157, 1155, 1156, -1,
				 1161, 1159, 1160, -1,
				 1164, 1162, 1163, -1,
				 1167, 1165, 1166, -1,
				 1171, 1169, 1170, -1,
				 1175, 1173, 1174, -1,
				 1179, 1177, 1178, -1,
				 899, 1026, 1028, -1,
				 1182, 1180, 1181, -1,
				 1184, 1029, 1183, -1,
				 1188, 1186, 1187, -1,
				 1191, 1189, 1190, -1,
				 1194, 1192, 1193, -1,
				 1197, 1195, 1196, -1,
				 1201, 1199, 1200, -1,
				 1054, 1053, 1203, -1,
				 1205, 1055, 1054, -1,
				 1208, 1206, 1207, -1,
				 1212, 1210, 1211, -1,
				 1216, 1214, 1215, -1,
				 1218, 1063, 1065, -1,
				 1222, 1220, 1221, -1,
				 1225, 1223, 1224, -1,
				 1229, 1227, 1228, -1,
				 1233, 1231, 1232, -1,
				 1237, 1235, 1236, -1,
				 1240, 1238, 1239, -1,
				 1243, 1241, 1242, -1,
				 1247, 1245, 1246, -1,
				 1250, 1248, 1249, -1,
				 1254, 1252, 1253, -1,
				 1257, 1255, 1256, -1,
				 1261, 1259, 1260, -1,
				 1265, 1263, 1264, -1,
				 1269, 1267, 1268, -1,
				 1273, 1271, 1272, -1,
				 1277, 1275, 1276, -1,
				 1281, 1279, 1280, -1,
				 1285, 1283, 1284, -1,
				 1289, 1287, 1288, -1,
				 1293, 1291, 1292, -1,
				 1297, 1295, 1296, -1,
				 1300, 1298, 1299, -1,
				 1304, 1302, 1303, -1,
				 1307, 1305, 1306, -1,
				 1310, 1308, 1309, -1,
				 1314, 1312, 1313, -1,
				 1317, 1315, 1316, -1,
				 1320, 1318, 1319, -1,
				 1324, 1322, 1323, -1,
				 1328, 1326, 1327, -1,
				 1332, 1330, 1331, -1,
				 1336, 1334, 1335, -1,
				 1339, 1337, 1338, -1,
				 1343, 1341, 1342, -1,
				 1346, 1344, 1345, -1,
				 1350, 1348, 1349, -1,
				 1353, 1351, 1352, -1,
				 1357, 1355, 1356, -1,
				 1360, 1358, 1359, -1,
				 1363, 1361, 1362, -1,
				 1366, 1364, 1365, -1,
				 1369, 1367, 1368, -1,
				 1373, 1371, 1372, -1,
				 1377, 1375, 1376, -1,
				 1380, 1378, 1379, -1,
				 1384, 1382, 1383, -1,
				 1203, 1053, 1385, -1,
				 1386, 1054, 1203, -1,
				 1390, 1388, 1389, -1,
				 1393, 1394, 1391, -1,
				 1393, 1391, 1392, -1,
				 1399, 1397, 1398, -1,
				 1402, 1400, 1401, -1,
				 1406, 1404, 1405, -1,
				 1409, 1410, 1407, -1,
				 1409, 1407, 1408, -1,
				 1415, 1413, 1414, -1,
				 1419, 1417, 1418, -1,
				 1422, 1420, 1421, -1,
				 1425, 1423, 1424, -1,
				 1429, 1427, 1428, -1,
				 1254, 1253, 1431, -1,
				 1434, 1254, 1433, -1,
				 1438, 1436, 1437, -1,
				 1441, 1439, 1440, -1,
				 1445, 1443, 1444, -1,
				 1449, 1447, 1448, -1,
				 1452, 1450, 1451, -1,
				 1455, 1453, 1454, -1,
				 1459, 1457, 1458, -1,
				 1462, 1460, 1461, -1,
				 1465, 1463, 1464, -1,
				 1468, 1466, 1467, -1,
				 1472, 1470, 1471, -1,
				 1476, 1474, 1475, -1,
				 1479, 1477, 1478, -1,
				 1483, 1481, 1482, -1,
				 1487, 1485, 1486, -1,
				 1491, 1489, 1490, -1,
				 1495, 1493, 1494, -1,
				 1499, 1497, 1498, -1,
				 1502, 1500, 1501, -1,
				 1506, 1504, 1505, -1,
				 1509, 1507, 1508, -1,
				 1513, 1511, 1512, -1,
				 1517, 1515, 1516, -1,
				 1520, 1518, 1519, -1,
				 1524, 1522, 1523, -1,
				 1528, 1526, 1527, -1,
				 1531, 1529, 1530, -1,
				 1534, 1532, 1533, -1,
				 1537, 1535, 1536, -1,
				 1540, 1538, 1539, -1,
				 1544, 1542, 1543, -1,
				 1547, 1545, 1546, -1,
				 1551, 1549, 1550, -1,
				 1554, 1552, 1553, -1,
				 1558, 1556, 1557, -1,
				 1561, 1559, 1560, -1,
				 1565, 1563, 1564, -1,
				 1568, 1566, 1567, -1,
				 1386, 1203, 1385, -1,
				 1571, 1569, 1570, -1,
				 1574, 1572, 1573, -1,
				 1578, 1576, 1577, -1,
				 1582, 1580, 1581, -1,
				 1585, 1583, 1584, -1,
				 1588, 1586, 1587, -1,
				 1591, 1592, 1589, -1,
				 1591, 1589, 1590, -1,
				 1597, 1595, 1596, -1,
				 1601, 1599, 1600, -1,
				 1604, 1602, 1603, -1,
				 1608, 1606, 1607, -1,
				 1611, 1609, 1610, -1,
				 1614, 1612, 1613, -1,
				 1618, 1616, 1617, -1,
				 1622, 1620, 1621, -1,
				 1433, 1254, 1431, -1,
				 1625, 1623, 1624, -1,
				 1629, 1627, 1628, -1,
				 1633, 1631, 1632, -1,
				 1636, 1634, 1635, -1,
				 1640, 1638, 1639, -1,
				 1643, 1641, 1642, -1,
				 1646, 1644, 1645, -1,
				 1650, 1648, 1649, -1,
				 1654, 1652, 1653, -1,
				 1658, 1656, 1657, -1,
				 1661, 1659, 1660, -1,
				 1664, 1662, 1663, -1,
				 1668, 1666, 1667, -1,
				 1671, 1669, 1670, -1,
				 1675, 1673, 1674, -1,
				 1679, 1677, 1678, -1,
				 1683, 1681, 1682, -1,
				 1686, 1684, 1685, -1,
				 1689, 1687, 1688, -1,
				 1693, 1691, 1692, -1,
				 1697, 1695, 1696, -1,
				 1700, 1698, 1699, -1,
				 1704, 1702, 1703, -1,
				 1707, 1705, 1706, -1,
				 1710, 1708, 1709, -1,
				 1713, 1711, 1712, -1,
				 1716, 1714, 1715, -1,
				 1719, 1717, 1718, -1,
				 1722, 1720, 1721, -1,
				 1726, 1724, 1725, -1,
				 1730, 1728, 1729, -1,
				 1733, 1731, 1732, -1,
				 1737, 1735, 1736, -1,
				 1740, 1738, 1739, -1,
				 1743, 1741, 1742, -1,
				 1746, 1744, 1745, -1,
				 1750, 1748, 1749, -1,
				 1754, 1752, 1753, -1,
				 1758, 1756, 1757, -1,
				 1762, 1760, 1761, -1,
				 1765, 1763, 1764, -1,
				 1768, 1766, 1767, -1,
				 1772, 1770, 1771, -1,
				 1775, 1773, 1774, -1,
				 1779, 1777, 1778, -1,
				 1783, 1781, 1782, -1,
				 1787, 1788, 1785, -1,
				 1787, 1785, 1786, -1,
				 1793, 1791, 1792, -1,
				 1604, 1603, 1794, -1,
				 1797, 1795, 1796, -1,
				 1800, 1798, 1799, -1,
				 1804, 1802, 1803, -1,
				 1807, 1805, 1806, -1,
				 1811, 1809, 1810, -1,
				 1814, 1812, 1813, -1,
				 1818, 1816, 1817, -1,
				 1822, 1820, 1821, -1,
				 1825, 1823, 1824, -1,
				 1829, 1827, 1828, -1,
				 1833, 1831, 1832, -1,
				 1837, 1835, 1836, -1,
				 1841, 1839, 1840, -1,
				 1650, 1649, 1843, -1,
				 1844, 1648, 1650, -1,
				 1844, 1846, 1648, -1,
				 1849, 1847, 1848, -1,
				 1664, 1850, 1662, -1,
				 1853, 1851, 1852, -1,
				 1856, 1854, 1855, -1,
				 1859, 1857, 1858, -1,
				 1679, 1678, 1861, -1,
				 1862, 1677, 1679, -1,
				 1866, 1864, 1865, -1,
				 1870, 1868, 1869, -1,
				 1874, 1872, 1873, -1,
				 1878, 1876, 1877, -1,
				 1881, 1879, 1880, -1,
				 1885, 1883, 1884, -1,
				 1889, 1887, 1888, -1,
				 1892, 1890, 1891, -1,
				 1896, 1894, 1895, -1,
				 1900, 1898, 1899, -1,
				 1903, 1901, 1902, -1,
				 1906, 1904, 1905, -1,
				 1909, 1907, 1908, -1,
				 1913, 1911, 1912, -1,
				 1916, 1917, 1914, -1,
				 1916, 1914, 1915, -1,
				 1922, 1920, 1921, -1,
				 1925, 1539, 1924, -1,
				 1928, 1926, 1927, -1,
				 1932, 1930, 1931, -1,
				 1935, 1933, 1934, -1,
				 1939, 1937, 1938, -1,
				 1942, 1940, 1941, -1,
				 1946, 1944, 1945, -1,
				 1949, 1947, 1948, -1,
				 1953, 1951, 1952, -1,
				 1956, 1957, 1954, -1,
				 1956, 1954, 1955, -1,
				 1961, 1959, 1960, -1,
				 1965, 1963, 1964, -1,
				 1968, 1966, 1967, -1,
				 1971, 1969, 1970, -1,
				 1975, 1973, 1974, -1,
				 1978, 1976, 1977, -1,
				 1981, 1979, 1980, -1,
				 1984, 1982, 1983, -1,
				 1988, 1986, 1987, -1,
				 1992, 1990, 1991, -1,
				 1996, 1994, 1995, -1,
				 2000, 1998, 1999, -1,
				 2003, 2001, 2002, -1,
				 2007, 2005, 2006, -1,
				 2011, 2009, 2010, -1,
				 2015, 2013, 2014, -1,
				 2019, 2017, 2018, -1,
				 2023, 2021, 2022, -1,
				 2026, 2024, 2025, -1,
				 2030, 2028, 2029, -1,
				 2033, 2031, 2032, -1,
				 2037, 2035, 2036, -1,
				 2040, 2038, 2039, -1,
				 2043, 2041, 2042, -1,
				 2044, 1844, 1650, -1,
				 2048, 2046, 2047, -1,
				 2052, 2050, 2051, -1,
				 2055, 2053, 2054, -1,
				 2058, 2056, 2057, -1,
				 1679, 1861, 1862, -1,
				 2061, 2059, 2060, -1,
				 2064, 2062, 2063, -1,
				 2068, 2066, 2067, -1,
				 2071, 2070, 2068, -1,
				 2075, 2073, 2074, -1,
				 2079, 2077, 2078, -1,
				 2083, 2081, 2082, -1,
				 2087, 2085, 2086, -1,
				 2090, 2088, 2089, -1,
				 2094, 2092, 2093, -1,
				 2097, 2095, 2096, -1,
				 2101, 2099, 2100, -1,
				 2104, 2102, 2103, -1,
				 2108, 2106, 2107, -1,
				 2111, 2109, 2110, -1,
				 2114, 2112, 2113, -1,
				 2117, 2115, 2116, -1,
				 2121, 2122, 2119, -1,
				 2121, 2119, 2120, -1,
				 2126, 2124, 2125, -1,
				 2130, 2128, 2129, -1,
				 2132, 1924, 2131, -1,
				 2136, 2134, 2135, -1,
				 2140, 2138, 2139, -1,
				 2143, 2141, 2142, -1,
				 2147, 2145, 2146, -1,
				 2150, 2148, 2149, -1,
				 2153, 2151, 2152, -1,
				 2156, 2154, 2155, -1,
				 2159, 2160, 2157, -1,
				 2159, 2157, 2158, -1,
				 2165, 2163, 2164, -1,
				 2169, 2167, 2168, -1,
				 2173, 2171, 2172, -1,
				 2177, 2178, 2175, -1,
				 2177, 2175, 2176, -1,
				 2182, 2180, 2181, -1,
				 2185, 2183, 2184, -1,
				 2188, 2186, 2187, -1,
				 2191, 2189, 2190, -1,
				 2195, 2193, 2194, -1,
				 2198, 2196, 2197, -1,
				 2202, 2200, 2201, -1,
				 2205, 2203, 2204, -1,
				 2208, 2206, 2207, -1,
				 2212, 2210, 2211, -1,
				 2216, 2214, 2215, -1,
				 2219, 2217, 2218, -1,
				 2222, 2220, 2221, -1,
				 2226, 2224, 2225, -1,
				 2229, 2227, 2228, -1,
				 2233, 2231, 2232, -1,
				 2237, 2235, 2236, -1,
				 2241, 2239, 2240, -1,
				 2245, 2243, 2244, -1,
				 2249, 2247, 2248, -1,
				 2252, 2250, 2251, -1,
				 2256, 2254, 2255, -1,
				 2260, 2258, 2259, -1,
				 2264, 2262, 2263, -1,
				 2266, 1844, 2044, -1,
				 2270, 2268, 2269, -1,
				 2274, 2272, 2273, -1,
				 2278, 2276, 2277, -1,
				 2281, 2279, 2280, -1,
				 2284, 2282, 2283, -1,
				 2288, 2286, 2287, -1,
				 2292, 2290, 2291, -1,
				 2067, 2066, 2294, -1,
				 2297, 2295, 2296, -1,
				 2301, 2299, 2300, -1,
				 2302, 2070, 2071, -1,
				 2306, 2304, 2305, -1,
				 2309, 2307, 2308, -1,
				 2313, 2311, 2312, -1,
				 2316, 2066, 2315, -1,
				 2294, 2066, 2316, -1,
				 2319, 2317, 2318, -1,
				 2322, 2320, 2321, -1,
				 2326, 2324, 2325, -1,
				 2330, 2328, 2329, -1,
				 2333, 2331, 2332, -1,
				 2337, 2335, 2336, -1,
				 2340, 2341, 2338, -1,
				 2340, 2338, 2339, -1,
				 2344, 2345, 2342, -1,
				 2344, 2342, 2343, -1,
				 2350, 2348, 2349, -1,
				 2353, 2351, 2352, -1,
				 2356, 2354, 2355, -1,
				 2360, 2358, 2359, -1,
				 2364, 2362, 2363, -1,
				 2367, 2365, 2366, -1,
				 2371, 2369, 2370, -1,
				 2374, 2372, 2373, -1,
				 2378, 2376, 2377, -1,
				 2381, 2379, 2380, -1,
				 2385, 2383, 2384, -1,
				 2389, 2387, 2388, -1,
				 2392, 2390, 2391, -1,
				 2395, 2393, 2394, -1,
				 2399, 2397, 2398, -1,
				 2402, 2400, 2401, -1,
				 2406, 2404, 2405, -1,
				 2409, 2407, 2408, -1,
				 2413, 2411, 2412, -1,
				 2416, 2414, 2415, -1,
				 2420, 2418, 2419, -1,
				 2422, 2420, 2419, -1,
				 2424, 2422, 2423, -1,
				 2427, 2424, 2426, -1,
				 2431, 2429, 2430, -1,
				 2435, 2433, 2434, -1,
				 2439, 2437, 2438, -1,
				 2443, 2441, 2442, -1,
				 2447, 2445, 2446, -1,
				 2451, 2449, 2450, -1,
				 2454, 2452, 2453, -1,
				 2457, 2455, 2456, -1,
				 2461, 2459, 2460, -1,
				 2465, 2463, 2464, -1,
				 2252, 2251, 2467, -1,
				 2470, 2468, 2469, -1,
				 2473, 2471, 2472, -1,
				 2476, 2474, 2475, -1,
				 2480, 2478, 2479, -1,
				 2484, 2482, 2483, -1,
				 2488, 2486, 2487, -1,
				 2491, 2489, 2490, -1,
				 2494, 2492, 2493, -1,
				 2498, 2496, 2497, -1,
				 2501, 2499, 2500, -1,
				 2504, 2502, 2503, -1,
				 2507, 2505, 2506, -1,
				 2511, 2509, 2510, -1,
				 2514, 2512, 2513, -1,
				 2518, 2516, 2517, -1,
				 2522, 2520, 2521, -1,
				 2526, 2524, 2525, -1,
				 2528, 2302, 2071, -1,
				 2531, 2529, 2530, -1,
				 2535, 2533, 2534, -1,
				 2539, 2537, 2538, -1,
				 2066, 2541, 2315, -1,
				 2544, 2542, 2543, -1,
				 2548, 2546, 2547, -1,
				 2551, 2549, 2550, -1,
				 2555, 2553, 2554, -1,
				 2559, 2557, 2558, -1,
				 2563, 2561, 2562, -1,
				 2566, 2564, 2565, -1,
				 2570, 2568, 2569, -1,
				 2573, 2571, 2572, -1,
				 2576, 2574, 2575, -1,
				 2579, 2577, 2578, -1,
				 2583, 2581, 2582, -1,
				 2586, 2584, 2585, -1,
				 2589, 2587, 2588, -1,
				 2593, 2591, 2592, -1,
				 2597, 2595, 2596, -1,
				 2601, 2599, 2600, -1,
				 2604, 2602, 2603, -1,
				 2608, 2606, 2607, -1,
				 2612, 2610, 2611, -1,
				 2616, 2614, 2615, -1,
				 2619, 2617, 2618, -1,
				 2623, 2621, 2622, -1,
				 2626, 2624, 2625, -1,
				 2630, 2628, 2629, -1,
				 2634, 2632, 2633, -1,
				 2635, 2630, 2418, -1,
				 2418, 2630, 2419, -1,
				 2422, 2419, 2423, -1,
				 2426, 2424, 2423, -1,
				 2636, 2427, 2426, -1,
				 2638, 2427, 2636, -1,
				 2641, 2639, 2640, -1,
				 2644, 2642, 2643, -1,
				 2647, 2645, 2646, -1,
				 2651, 2649, 2650, -1,
				 2654, 2652, 2653, -1,
				 2657, 2655, 2656, -1,
				 2661, 2659, 2660, -1,
				 2665, 2663, 2664, -1,
				 2669, 2667, 2668, -1,
				 2673, 2671, 2672, -1,
				 2676, 2674, 2675, -1,
				 2680, 2678, 2679, -1,
				 2684, 2682, 2683, -1,
				 2687, 2685, 2686, -1,
				 2691, 2689, 2690, -1,
				 2695, 2693, 2694, -1,
				 2699, 2697, 2698, -1,
				 2703, 2701, 2702, -1,
				 2707, 2705, 2706, -1,
				 2711, 2709, 2710, -1,
				 2714, 2712, 2713, -1,
				 2718, 2716, 2717, -1,
				 2721, 2719, 2720, -1,
				 2724, 2722, 2723, -1,
				 2728, 2726, 2727, -1,
				 2731, 2729, 2730, -1,
				 2734, 2732, 2733, -1,
				 2737, 2735, 2736, -1,
				 2740, 2738, 2739, -1,
				 2744, 2742, 2743, -1,
				 2748, 2746, 2747, -1,
				 2750, 2302, 2528, -1,
				 2753, 2751, 2752, -1,
				 2756, 2754, 2755, -1,
				 2759, 2757, 2758, -1,
				 2763, 2761, 2762, -1,
				 2767, 2765, 2766, -1,
				 2770, 2768, 2769, -1,
				 2774, 2772, 2773, -1,
				 2778, 2776, 2777, -1,
				 2782, 2780, 2781, -1,
				 2786, 2784, 2785, -1,
				 2789, 2787, 2788, -1,
				 2793, 2791, 2792, -1,
				 2796, 2794, 2795, -1,
				 2800, 2798, 2799, -1,
				 2803, 2804, 2801, -1,
				 2803, 2801, 2802, -1,
				 2808, 2809, 2806, -1,
				 2808, 2806, 2807, -1,
				 2813, 2814, 2811, -1,
				 2813, 2811, 2812, -1,
				 2819, 2820, 2817, -1,
				 2819, 2817, 2818, -1,
				 2825, 2826, 2823, -1,
				 2825, 2823, 2824, -1,
				 2830, 2828, 2829, -1,
				 2834, 2835, 2832, -1,
				 2834, 2832, 2833, -1,
				 2839, 2837, 2838, -1,
				 2843, 2841, 2842, -1,
				 2846, 2844, 2845, -1,
				 2849, 2847, 2848, -1,
				 2852, 2850, 2851, -1,
				 2855, 2853, 2854, -1,
				 2858, 2856, 2857, -1,
				 2862, 2860, 2861, -1,
				 2630, 2629, 2864, -1,
				 2635, 2628, 2630, -1,
				 2419, 2630, 2864, -1,
				 2423, 2419, 2864, -1,
				 2867, 2865, 2866, -1,
				 2636, 2426, 2638, -1,
				 2638, 2426, 2869, -1,
				 2872, 2870, 2871, -1,
				 2875, 2873, 2874, -1,
				 2878, 2876, 2877, -1,
				 2881, 2879, 2880, -1,
				 2884, 2882, 2883, -1,
				 2887, 2885, 2886, -1,
				 2890, 2888, 2889, -1,
				 2894, 2892, 2893, -1,
				 2898, 2896, 2897, -1,
				 2902, 2900, 2901, -1,
				 2905, 2903, 2904, -1,
				 2908, 2906, 2907, -1,
				 2687, 2686, 2909, -1,
				 2913, 2911, 2912, -1,
				 2917, 2915, 2916, -1,
				 2921, 2919, 2920, -1,
				 2925, 2923, 2924, -1,
				 2928, 2926, 2927, -1,
				 2932, 2930, 2931, -1,
				 2935, 2933, 2934, -1,
				 2939, 2937, 2938, -1,
				 2942, 2940, 2941, -1,
				 2945, 2943, 2944, -1,
				 2948, 2946, 2947, -1,
				 2951, 2949, 2950, -1,
				 2955, 2953, 2954, -1,
				 2959, 2957, 2958, -1,
				 2962, 2960, 2961, -1,
				 2966, 2964, 2965, -1,
				 2736, 2735, 2968, -1,
				 2737, 2969, 2735, -1,
				 2972, 2970, 2971, -1,
				 2976, 2974, 2975, -1,
				 2980, 2978, 2979, -1,
				 2984, 2982, 2983, -1,
				 2987, 2985, 2986, -1,
				 2990, 2988, 2989, -1,
				 2994, 2992, 2993, -1,
				 2997, 2995, 2996, -1,
				 2968, 2735, 2998, -1,
				 2735, 2999, 3000, -1,
				 3004, 3002, 3003, -1,
				 3007, 3005, 3006, -1,
				 3010, 3008, 3009, -1,
				 3009, 3008, 3012, -1,
				 3015, 3013, 3014, -1,
				 3018, 3016, 3017, -1,
				 3021, 3019, 3020, -1,
				 3025, 3023, 3024, -1,
				 3028, 3026, 3027, -1,
				 3031, 3032, 3029, -1,
				 3031, 3029, 3030, -1,
				 3036, 3034, 3035, -1,
				 3040, 3038, 3039, -1,
				 3044, 3042, 3043, -1,
				 3048, 3046, 3047, -1,
				 3051, 3049, 3050, -1,
				 3054, 3052, 3053, -1,
				 3058, 3059, 3056, -1,
				 3058, 3056, 3057, -1,
				 3064, 3062, 3063, -1,
				 3067, 3065, 3066, -1,
				 3070, 3068, 3069, -1,
				 3073, 3071, 3072, -1,
				 3077, 3075, 3076, -1,
				 3080, 3078, 3079, -1,
				 3084, 3082, 3083, -1,
				 3088, 3086, 3087, -1,
				 3092, 3090, 3091, -1,
				 3096, 3094, 3095, -1,
				 3099, 3097, 3098, -1,
				 3103, 3101, 3102, -1,
				 3106, 3104, 3105, -1,
				 3110, 3108, 3109, -1,
				 3114, 3112, 3113, -1,
				 3118, 3116, 3117, -1,
				 3122, 3120, 3121, -1,
				 2909, 2686, 3124, -1,
				 3126, 2687, 2909, -1,
				 3129, 3127, 3128, -1,
				 3133, 3131, 3132, -1,
				 3136, 3134, 3135, -1,
				 3139, 3137, 3138, -1,
				 3143, 3141, 3142, -1,
				 3146, 3144, 3145, -1,
				 3149, 3147, 3148, -1,
				 3153, 3151, 3152, -1,
				 3156, 3155, 3151, -1,
				 3156, 3158, 3155, -1,
				 3161, 3159, 3160, -1,
				 3164, 3162, 3163, -1,
				 3168, 3166, 3167, -1,
				 3171, 3169, 3170, -1,
				 3175, 3173, 3174, -1,
				 2969, 2999, 2735, -1,
				 3178, 3176, 3177, -1,
				 3182, 3180, 3181, -1,
				 3184, 2999, 2969, -1,
				 3187, 3185, 3186, -1,
				 3190, 3188, 3189, -1,
				 3194, 3192, 3193, -1,
				 3198, 3196, 3197, -1,
				 3202, 3200, 3201, -1,
				 3206, 3204, 3205, -1,
				 3210, 3208, 3209, -1,
				 2999, 3212, 3000, -1,
				 3000, 3212, 3010, -1,
				 3012, 3008, 3214, -1,
				 3215, 3008, 3010, -1,
				 3219, 3217, 3218, -1,
				 3222, 3220, 3221, -1,
				 3226, 3224, 3225, -1,
				 3229, 3227, 3228, -1,
				 3233, 3234, 3231, -1,
				 3233, 3231, 3232, -1,
				 3238, 3239, 3236, -1,
				 3238, 3236, 3237, -1,
				 3244, 3242, 3243, -1,
				 3248, 3246, 3247, -1,
				 3251, 3249, 3250, -1,
				 3254, 3252, 3253, -1,
				 3258, 3256, 3257, -1,
				 3262, 3260, 3261, -1,
				 3265, 3263, 3264, -1,
				 3269, 3267, 3268, -1,
				 3273, 3271, 3272, -1,
				 3276, 3274, 3275, -1,
				 3280, 3278, 3279, -1,
				 3283, 3281, 3282, -1,
				 3286, 3284, 3285, -1,
				 3290, 3288, 3289, -1,
				 3294, 3292, 3293, -1,
				 3298, 3296, 3297, -1,
				 3301, 3299, 3300, -1,
				 3305, 3303, 3304, -1,
				 3308, 3306, 3307, -1,
				 3312, 3310, 3311, -1,
				 3316, 3314, 3315, -1,
				 3319, 3317, 3318, -1,
				 3322, 3320, 3321, -1,
				 3325, 3323, 3324, -1,
				 3329, 3327, 3328, -1,
				 3124, 2686, 3330, -1,
				 3126, 2909, 3124, -1,
				 3333, 3331, 3332, -1,
				 3336, 3334, 3335, -1,
				 3339, 3337, 3338, -1,
				 3343, 3341, 3342, -1,
				 3347, 3345, 3346, -1,
				 3350, 3348, 3349, -1,
				 3153, 3156, 3151, -1,
				 3353, 3351, 3352, -1,
				 3357, 3355, 3356, -1,
				 3360, 3358, 3359, -1,
				 3363, 3361, 3362, -1,
				 3361, 3365, 3366, -1,
				 3370, 3368, 3369, -1,
				 3373, 3371, 3372, -1,
				 3377, 3375, 3376, -1,
				 3381, 3379, 3380, -1,
				 3384, 3382, 3383, -1,
				 3387, 3385, 3386, -1,
				 3391, 3389, 3390, -1,
				 3395, 3393, 3394, -1,
				 3398, 3396, 3397, -1,
				 3402, 3400, 3401, -1,
				 3405, 3403, 3404, -1,
				 3409, 3407, 3408, -1,
				 3412, 3410, 3411, -1,
				 3415, 3413, 3414, -1,
				 3212, 3215, 3010, -1,
				 3215, 3416, 3008, -1,
				 3420, 3418, 3419, -1,
				 3423, 3421, 3422, -1,
				 3426, 3424, 3425, -1,
				 3429, 3427, 3428, -1,
				 3433, 3434, 3431, -1,
				 3433, 3431, 3432, -1,
				 3439, 3437, 3438, -1,
				 3442, 3440, 3441, -1,
				 3446, 3444, 3445, -1,
				 3450, 3448, 3449, -1,
				 3453, 3454, 3451, -1,
				 3453, 3451, 3452, -1,
				 3458, 3456, 3457, -1,
				 3461, 3459, 3460, -1,
				 3464, 3462, 3463, -1,
				 3468, 3466, 3467, -1,
				 3472, 3470, 3471, -1,
				 3476, 3474, 3475, -1,
				 3480, 3478, 3479, -1,
				 3483, 3481, 3482, -1,
				 3486, 3484, 3485, -1,
				 3490, 3488, 3489, -1,
				 3490, 3489, 3491, -1,
				 3494, 3492, 3493, -1,
				 3497, 3495, 3496, -1,
				 3501, 3499, 3500, -1,
				 3504, 3502, 3503, -1,
				 3508, 3506, 3507, -1,
				 3511, 3509, 3510, -1,
				 3325, 3324, 3513, -1,
				 3514, 3325, 3513, -1,
				 3517, 3515, 3516, -1,
				 3520, 3518, 3519, -1,
				 3523, 3521, 3522, -1,
				 3526, 3524, 3525, -1,
				 3529, 3527, 3528, -1,
				 3532, 3530, 3531, -1,
				 3535, 3533, 3534, -1,
				 3537, 3156, 3153, -1,
				 3541, 3539, 3540, -1,
				 3544, 3542, 3543, -1,
				 3548, 3546, 3547, -1,
				 3363, 3365, 3361, -1,
				 3551, 3549, 3550, -1,
				 3554, 3552, 3553, -1,
				 3558, 3556, 3557, -1,
				 3561, 3559, 3560, -1,
				 3565, 3563, 3564, -1,
				 3569, 3567, 3568, -1,
				 3573, 3571, 3572, -1,
				 3576, 3574, 3575, -1,
				 3579, 3577, 3578, -1,
				 3583, 3581, 3582, -1,
				 3587, 3585, 3586, -1,
				 3591, 3589, 3590, -1,
				 3594, 3592, 3593, -1,
				 3598, 3596, 3597, -1,
				 3602, 3600, 3601, -1,
				 3215, 3603, 3416, -1,
				 3607, 3605, 3606, -1,
				 3611, 3609, 3610, -1,
				 3615, 3613, 3614, -1,
				 3619, 3617, 3618, -1,
				 3622, 3620, 3621, -1,
				 3625, 3626, 3623, -1,
				 3625, 3623, 3624, -1,
				 3631, 3632, 3629, -1,
				 3631, 3629, 3630, -1,
				 3635, 3633, 3634, -1,
				 3639, 3637, 3638, -1,
				 3643, 3641, 3642, -1,
				 3646, 3644, 3645, -1,
				 3649, 3647, 3648, -1,
				 3652, 3650, 3651, -1,
				 3655, 3653, 3654, -1,
				 3659, 3657, 3658, -1,
				 3663, 3661, 3662, -1,
				 3666, 3664, 3665, -1,
				 3669, 3667, 3668, -1,
				 3673, 3671, 3672, -1,
				 3677, 3675, 3676, -1,
				 3681, 3679, 3680, -1,
				 3684, 3682, 3683, -1,
				 3688, 3686, 3687, -1,
				 3691, 3689, 3690, -1,
				 3695, 3693, 3694, -1,
				 3699, 3697, 3698, -1,
				 3702, 3700, 3701, -1,
				 3706, 3704, 3705, -1,
				 3708, 3537, 3153, -1,
				 3711, 3709, 3710, -1,
				 3714, 3712, 3713, -1,
				 3718, 3716, 3717, -1,
				 3720, 3365, 3363, -1,
				 3724, 3722, 3723, -1,
				 3728, 3726, 3727, -1,
				 3732, 3730, 3731, -1,
				 3735, 3733, 3734, -1,
				 3738, 3736, 3737, -1,
				 3742, 3740, 3741, -1,
				 3745, 3743, 3744, -1,
				 3748, 3746, 3747, -1,
				 3752, 3750, 3751, -1,
				 3756, 3754, 3755, -1,
				 3759, 3757, 3758, -1,
				 3762, 3760, 3761, -1,
				 3766, 3764, 3765, -1,
				 3770, 3768, 3769, -1,
				 3773, 3771, 3772, -1,
				 3777, 3775, 3776, -1,
				 3781, 3779, 3780, -1,
				 3785, 3783, 3784, -1,
				 3788, 3786, 3787, -1,
				 3791, 3789, 3790, -1,
				 3795, 3793, 3794, -1,
				 3798, 3796, 3797, -1,
				 3802, 3800, 3801, -1,
				 3806, 3807, 3804, -1,
				 3806, 3804, 3805, -1,
				 3812, 3810, 3811, -1,
				 3816, 3817, 3814, -1,
				 3816, 3814, 3815, -1,
				 3821, 3822, 3819, -1,
				 3821, 3819, 3820, -1,
				 3827, 3828, 3825, -1,
				 3827, 3825, 3826, -1,
				 3832, 3833, 3830, -1,
				 3832, 3830, 3831, -1,
				 3838, 3839, 3836, -1,
				 3838, 3836, 3837, -1,
				 3843, 3841, 3842, -1,
				 3847, 3845, 3846, -1,
				 3850, 3848, 3849, -1,
				 3853, 3851, 3852, -1,
				 3857, 3855, 3856, -1,
				 3861, 3859, 3860, -1,
				 3865, 3863, 3864, -1,
				 3869, 3867, 3868, -1,
				 3873, 3871, 3872, -1,
				 3876, 3874, 3875, -1,
				 3879, 3877, 3878, -1,
				 3883, 3881, 3882, -1,
				 3887, 3885, 3886, -1,
				 3891, 3889, 3890, -1,
				 3894, 3892, 3893, -1,
				 3897, 3895, 3896, -1,
				 3901, 3899, 3900, -1,
				 3905, 3903, 3904, -1,
				 3909, 3907, 3908, -1,
				 3913, 3911, 3912, -1,
				 3914, 3365, 3720, -1,
				 3914, 3916, 3365, -1,
				 3919, 3917, 3918, -1,
				 3922, 3920, 3921, -1,
				 3925, 3923, 3924, -1,
				 3928, 3926, 3927, -1,
				 3932, 3930, 3931, -1,
				 3936, 3934, 3935, -1,
				 3940, 3938, 3939, -1,
				 3943, 3941, 3942, -1,
				 3946, 3947, 3944, -1,
				 3946, 3944, 3945, -1,
				 3952, 3953, 3950, -1,
				 3952, 3950, 3951, -1,
				 3957, 3955, 3956, -1,
				 3961, 3959, 3960, -1,
				 3965, 3963, 3964, -1,
				 3968, 3966, 3967, -1,
				 3972, 3970, 3971, -1,
				 3976, 3974, 3975, -1,
				 3980, 3978, 3979, -1,
				 3983, 3981, 3982, -1,
				 3986, 3984, 3985, -1,
				 3990, 3988, 3989, -1,
				 3993, 3991, 3992, -1,
				 3996, 3994, 3995, -1,
				 3999, 3997, 3998, -1,
				 4003, 4001, 4002, -1,
				 4006, 4004, 4005, -1,
				 4009, 4007, 4008, -1,
				 4012, 4013, 4010, -1,
				 4012, 4010, 4011, -1,
				 4018, 4016, 4017, -1,
				 4021, 4019, 4020, -1,
				 4024, 4025, 4022, -1,
				 4024, 4022, 4023, -1,
				 4029, 4027, 4028, -1,
				 4032, 4030, 4031, -1,
				 4036, 4034, 4035, -1,
				 4039, 4037, 4038, -1,
				 4042, 4040, 4041, -1,
				 4046, 4044, 4045, -1,
				 4050, 4048, 4049, -1,
				 4053, 4051, 4052, -1,
				 4057, 4055, 4056, -1,
				 4060, 4058, 4059, -1,
				 4064, 4062, 4063, -1,
				 4067, 4065, 4066, -1,
				 4071, 4069, 4070, -1,
				 4074, 4072, 4073, -1,
				 4078, 4076, 4077, -1,
				 4082, 4080, 4081, -1,
				 4086, 4084, 4085, -1,
				 4089, 4087, 4088, -1,
				 4092, 4090, 4091, -1,
				 4096, 4094, 4095, -1,
				 4099, 4097, 4098, -1,
				 4102, 4100, 4101, -1,
				 4106, 4104, 4105, -1,
				 4110, 4108, 4109, -1,
				 4111, 3916, 3914, -1,
				 4115, 4113, 4114, -1,
				 4119, 4117, 4118, -1,
				 4122, 4120, 4121, -1,
				 4125, 4123, 4124, -1,
				 4129, 4127, 4128, -1,
				 4132, 4130, 4131, -1,
				 4136, 4134, 4135, -1,
				 4140, 4138, 4139, -1,
				 4144, 4145, 4142, -1,
				 4144, 4142, 4143, -1,
				 4149, 4147, 4148, -1,
				 4152, 4150, 4151, -1,
				 4155, 4153, 4154, -1,
				 4159, 4157, 4158, -1,
				 4162, 4160, 4161, -1,
				 4165, 4163, 4164, -1,
				 4169, 4167, 4168, -1,
				 4173, 4171, 4172, -1,
				 4177, 4175, 4176, -1,
				 4181, 4179, 4180, -1,
				 4185, 4183, 4184, -1,
				 4188, 4186, 4187, -1,
				 4191, 4189, 4190, -1,
				 4195, 4193, 4194, -1,
				 4198, 4196, 4197, -1,
				 4202, 4200, 4201, -1,
				 4206, 4204, 4205, -1,
				 4209, 4207, 4208, -1,
				 4213, 4211, 4212, -1,
				 4216, 4214, 4215, -1,
				 4219, 4217, 4218, -1,
				 4222, 4220, 4221, -1,
				 4226, 4224, 4225, -1,
				 4230, 4228, 4229, -1,
				 4233, 4231, 4232, -1,
				 4237, 4235, 4236, -1,
				 4240, 4238, 4239, -1,
				 4244, 4242, 4243, -1,
				 4248, 4246, 4247, -1,
				 4252, 4250, 4251, -1,
				 4256, 4254, 4255, -1,
				 4259, 4257, 4258, -1,
				 4263, 4261, 4262, -1,
				 4267, 4265, 4266, -1,
				 4271, 4269, 4270, -1,
				 4274, 4272, 4273, -1,
				 4278, 4276, 4277, -1,
				 4281, 4279, 4280, -1,
				 4285, 4283, 4284, -1,
				 4289, 4287, 4288, -1,
				 4292, 4290, 4291, -1,
				 4295, 4293, 4294, -1,
				 4299, 4297, 4298, -1,
				 4303, 4301, 4302, -1,
				 4306, 4304, 4305, -1,
				 4310, 4308, 4309, -1,
				 4313, 4311, 4312, -1,
				 4316, 4314, 4315, -1,
				 4320, 4318, 4319, -1,
				 4321, 4130, 4132, -1,
				 4324, 4325, 4322, -1,
				 4324, 4322, 4323, -1,
				 4329, 4327, 4328, -1,
				 4333, 4331, 4332, -1,
				 4337, 4335, 4336, -1,
				 4340, 4338, 4339, -1,
				 4343, 4341, 4342, -1,
				 4347, 4345, 4346, -1,
				 4351, 4349, 4350, -1,
				 4355, 4353, 4354, -1,
				 4359, 4357, 4358, -1,
				 4362, 4360, 4361, -1,
				 4366, 4364, 4365, -1,
				 4370, 4368, 4369, -1,
				 4374, 4372, 4373, -1,
				 4378, 4376, 4377, -1,
				 4381, 4379, 4380, -1,
				 4384, 4382, 4383, -1,
				 4387, 4388, 4385, -1,
				 4387, 4385, 4386, -1,
				 4392, 4393, 4390, -1,
				 4392, 4390, 4391, -1,
				 4398, 4396, 4397, -1,
				 4401, 4399, 4400, -1,
				 4404, 4402, 4403, -1,
				 4408, 4406, 4407, -1,
				 4412, 4410, 4411, -1,
				 4416, 4414, 4415, -1,
				 4419, 4417, 4418, -1,
				 4423, 4421, 4422, -1,
				 4427, 4425, 4426, -1,
				 4430, 4428, 4429, -1,
				 4434, 4432, 4433, -1,
				 4437, 4435, 4436, -1,
				 4441, 4439, 4440, -1,
				 4444, 4442, 4443, -1,
				 4448, 4446, 4447, -1,
				 4452, 4450, 4451, -1,
				 4456, 4454, 4455, -1,
				 4459, 4457, 4458, -1,
				 4463, 4461, 4462, -1,
				 4466, 4464, 4465, -1,
				 4469, 4467, 4468, -1,
				 4473, 4471, 4472, -1,
				 4477, 4475, 4476, -1,
				 4481, 4479, 4480, -1,
				 4484, 4482, 4483, -1,
				 4487, 4485, 4486, -1,
				 4490, 4488, 4489, -1,
				 4493, 4491, 4492, -1,
				 4497, 4495, 4496, -1,
				 4501, 4499, 4500, -1,
				 4505, 4503, 4504, -1,
				 4508, 4506, 4507, -1,
				 4512, 4510, 4511, -1,
				 4515, 4513, 4514, -1,
				 4518, 4519, 4516, -1,
				 4518, 4516, 4517, -1,
				 4523, 4524, 4521, -1,
				 4523, 4521, 4522, -1,
				 4528, 4526, 4527, -1,
				 4531, 4532, 4529, -1,
				 4531, 4529, 4530, -1,
				 4536, 4534, 4535, -1,
				 4540, 4538, 4539, -1,
				 4544, 4542, 4543, -1,
				 4547, 4545, 4546, -1,
				 4550, 4548, 4549, -1,
				 4553, 4551, 4552, -1,
				 4557, 4555, 4556, -1,
				 4559, 4555, 4557, -1,
				 4562, 4560, 4561, -1,
				 4566, 4564, 4565, -1,
				 4570, 4568, 4569, -1,
				 4574, 4572, 4573, -1,
				 4577, 4575, 4576, -1,
				 4581, 4579, 4580, -1,
				 4585, 4583, 4584, -1,
				 4588, 4586, 4587, -1,
				 4592, 4590, 4591, -1,
				 4595, 4593, 4594, -1,
				 4598, 4599, 4596, -1,
				 4598, 4596, 4597, -1,
				 4604, 4602, 4603, -1,
				 4607, 4605, 4606, -1,
				 4610, 4608, 4609, -1,
				 4613, 4611, 4612, -1,
				 4617, 4615, 4616, -1,
				 4620, 4618, 4619, -1,
				 4623, 4621, 4622, -1,
				 4627, 4625, 4626, -1,
				 4630, 4628, 4629, -1,
				 4634, 4632, 4633, -1,
				 4638, 4636, 4637, -1,
				 4641, 4639, 4640, -1,
				 4645, 4643, 4644, -1,
				 4649, 4647, 4648, -1,
				 4653, 4651, 4652, -1,
				 4656, 4654, 4655, -1,
				 4659, 4657, 4658, -1,
				 4663, 4661, 4662, -1,
				 4667, 4665, 4666, -1,
				 4671, 4669, 4670, -1,
				 4675, 4673, 4674, -1,
				 4679, 4677, 4678, -1,
				 4682, 4680, 4681, -1,
				 4685, 4683, 4684, -1,
				 4688, 4686, 4687, -1,
				 4691, 4689, 4690, -1,
				 4695, 4693, 4694, -1,
				 4699, 4697, 4698, -1,
				 4703, 4701, 4702, -1,
				 4706, 4704, 4705, -1,
				 4710, 4708, 4709, -1,
				 4713, 4711, 4712, -1,
				 4717, 4715, 4716, -1,
				 4720, 4718, 4719, -1,
				 4723, 4721, 4722, -1,
				 4727, 4725, 4726, -1,
				 4730, 4728, 4729, -1,
				 4734, 4732, 4733, -1,
				 4738, 4736, 4737, -1,
				 4741, 4739, 4740, -1,
				 4742, 4739, 4741, -1,
				 4745, 4743, 4744, -1,
				 4556, 4747, 4748, -1,
				 4752, 4750, 4751, -1,
				 4755, 4753, 4754, -1,
				 4759, 4757, 4758, -1,
				 4763, 4761, 4762, -1,
				 4766, 4764, 4765, -1,
				 4770, 4768, 4769, -1,
				 4774, 4772, 4773, -1,
				 4778, 4776, 4777, -1,
				 4782, 4780, 4781, -1,
				 4786, 4784, 4785, -1,
				 4789, 4787, 4788, -1,
				 4747, 4791, 4792, -1,
				 4795, 4793, 4794, -1,
				 4798, 4796, 4797, -1,
				 4801, 4799, 4800, -1,
				 4805, 4803, 4804, -1,
				 4809, 4807, 4808, -1,
				 4812, 4810, 4811, -1,
				 4816, 4814, 4815, -1,
				 4820, 4818, 4819, -1,
				 4823, 4821, 4822, -1,
				 4826, 4824, 4825, -1,
				 4830, 4828, 4829, -1,
				 4833, 4831, 4832, -1,
				 4837, 4835, 4836, -1,
				 4840, 4838, 4839, -1,
				 4844, 4842, 4843, -1,
				 4848, 4846, 4847, -1,
				 4852, 4850, 4851, -1,
				 4855, 4853, 4854, -1,
				 4859, 4857, 4858, -1,
				 4863, 4861, 4862, -1,
				 4866, 4864, 4865, -1,
				 4869, 4867, 4868, -1,
				 4872, 4870, 4871, -1,
				 4875, 4873, 4874, -1,
				 4879, 4877, 4878, -1,
				 4882, 4880, 4881, -1,
				 4886, 4884, 4885, -1,
				 4890, 4888, 4889, -1,
				 4894, 4892, 4893, -1,
				 4898, 4896, 4897, -1,
				 4902, 4900, 4901, -1,
				 4905, 4903, 4904, -1,
				 4908, 4906, 4907, -1,
				 4912, 4910, 4911, -1,
				 4916, 4914, 4915, -1,
				 4920, 4918, 4919, -1,
				 4924, 4922, 4923, -1,
				 4927, 4925, 4926, -1,
				 4931, 4929, 4930, -1,
				 4935, 4933, 4934, -1,
				 4939, 4937, 4938, -1,
				 4942, 4940, 4941, -1,
				 4945, 4943, 4944, -1,
				 4949, 4947, 4948, -1,
				 4950, 4739, 4742, -1,
				 4953, 4951, 4952, -1,
				 4957, 4955, 4956, -1,
				 4748, 4747, 4792, -1,
				 4961, 4959, 4960, -1,
				 4964, 4962, 4963, -1,
				 4968, 4966, 4967, -1,
				 4971, 4969, 4970, -1,
				 4973, 4764, 4766, -1,
				 4976, 4974, 4975, -1,
				 4980, 4978, 4979, -1,
				 4983, 4981, 4982, -1,
				 4987, 4985, 4986, -1,
				 4991, 4989, 4990, -1,
				 4995, 4993, 4994, -1,
				 4998, 4996, 4997, -1,
				 5001, 4999, 5000, -1,
				 5004, 5002, 5003, -1,
				 5008, 5006, 5007, -1,
				 5011, 5009, 5010, -1,
				 5015, 5013, 5014, -1,
				 5019, 5020, 5017, -1,
				 5019, 5017, 5018, -1,
				 5024, 5022, 5023, -1,
				 5027, 5025, 5026, -1,
				 5030, 5031, 5028, -1,
				 5030, 5028, 5029, -1,
				 5036, 5034, 5035, -1,
				 5039, 5037, 5038, -1,
				 5043, 5041, 5042, -1,
				 5046, 5044, 5045, -1,
				 5050, 5048, 5049, -1,
				 5053, 5051, 5052, -1,
				 5057, 5055, 5056, -1,
				 5060, 5058, 5059, -1,
				 5063, 5061, 5062, -1,
				 5067, 5065, 5066, -1,
				 5070, 5068, 5069, -1,
				 5074, 5072, 5073, -1,
				 5078, 5076, 5077, -1,
				 5081, 5079, 5080, -1,
				 5084, 5082, 5083, -1,
				 5088, 5086, 5087, -1,
				 5092, 5090, 5091, -1,
				 5096, 5094, 5095, -1,
				 5099, 5097, 5098, -1,
				 5102, 5100, 5101, -1,
				 5105, 5103, 5104, -1,
				 5106, 4884, 4886, -1,
				 5109, 4884, 5108, -1,
				 5113, 5111, 5112, -1,
				 5117, 5115, 5116, -1,
				 5120, 5118, 5119, -1,
				 5123, 5121, 5122, -1,
				 5127, 5125, 5126, -1,
				 5131, 5129, 5130, -1,
				 5135, 5133, 5134, -1,
				 5138, 5136, 5137, -1,
				 5141, 5139, 5140, -1,
				 5144, 5142, 5143, -1,
				 5147, 5145, 5146, -1,
				 5151, 5149, 5150, -1,
				 5155, 5153, 5154, -1,
				 5158, 5156, 5157, -1,
				 5160, 4952, 5159, -1,
				 5164, 5165, 5162, -1,
				 5164, 5162, 5163, -1,
				 5169, 5167, 5168, -1,
				 4953, 4952, 5160, -1,
				 5170, 4951, 4953, -1,
				 5173, 5171, 5172, -1,
				 5176, 5174, 5175, -1,
				 5179, 5177, 5178, -1,
				 5183, 5181, 5182, -1,
				 4973, 5184, 4764, -1,
				 5184, 5185, 4764, -1,
				 5188, 5186, 5187, -1,
				 5191, 5189, 5190, -1,
				 5194, 5192, 5193, -1,
				 5197, 5195, 5196, -1,
				 5201, 5199, 5200, -1,
				 5204, 5202, 5203, -1,
				 5208, 5206, 5207, -1,
				 5212, 5210, 5211, -1,
				 5216, 5217, 5214, -1,
				 5216, 5214, 5215, -1,
				 5221, 5222, 5219, -1,
				 5221, 5219, 5220, -1,
				 5226, 5227, 5224, -1,
				 5226, 5224, 5225, -1,
				 5231, 5232, 5229, -1,
				 5231, 5229, 5230, -1,
				 5237, 5238, 5235, -1,
				 5237, 5235, 5236, -1,
				 5242, 5240, 5241, -1,
				 5246, 5244, 5245, -1,
				 5249, 5247, 5248, -1,
				 5252, 5250, 5251, -1,
				 5255, 5253, 5254, -1,
				 5258, 5256, 5257, -1,
				 5262, 5260, 5261, -1,
				 5265, 5263, 5264, -1,
				 5269, 5267, 5268, -1,
				 5272, 5270, 5271, -1,
				 5276, 5274, 5275, -1,
				 5279, 5277, 5278, -1,
				 5283, 5281, 5282, -1,
				 5287, 5285, 5286, -1,
				 5291, 5289, 5290, -1,
				 5108, 4884, 5106, -1,
				 5294, 5292, 5293, -1,
				 5298, 5296, 5297, -1,
				 5302, 5300, 5301, -1,
				 5306, 5304, 5305, -1,
				 5310, 5308, 5309, -1,
				 5314, 5312, 5313, -1,
				 5318, 5316, 5317, -1,
				 5321, 5319, 5320, -1,
				 5325, 5323, 5324, -1,
				 5329, 5327, 5328, -1,
				 5333, 5331, 5332, -1,
				 5336, 5334, 5335, -1,
				 5336, 5338, 5334, -1,
				 5341, 5339, 5340, -1,
				 5345, 5343, 5344, -1,
				 5349, 5347, 5348, -1,
				 5353, 5351, 5352, -1,
				 5357, 5355, 5356, -1,
				 5360, 5358, 5359, -1,
				 5364, 5362, 5363, -1,
				 5366, 5170, 4953, -1,
				 5366, 5368, 5170, -1,
				 5371, 5369, 5370, -1,
				 5375, 5373, 5374, -1,
				 5378, 5376, 5377, -1,
				 5382, 5380, 5381, -1,
				 5386, 5384, 5385, -1,
				 5390, 5388, 5389, -1,
				 5394, 5392, 5393, -1,
				 5398, 5396, 5397, -1,
				 5402, 5400, 5401, -1,
				 5405, 5403, 5404, -1,
				 5409, 5407, 5408, -1,
				 5412, 5410, 5411, -1,
				 5416, 5414, 5415, -1,
				 5419, 5417, 5418, -1,
				 5422, 5420, 5421, -1,
				 5426, 5427, 5424, -1,
				 5426, 5424, 5425, -1,
				 5431, 5432, 5429, -1,
				 5431, 5429, 5430, -1,
				 5437, 5435, 5436, -1,
				 5441, 5439, 5440, -1,
				 5444, 5442, 5443, -1,
				 5447, 5445, 5446, -1,
				 5451, 5449, 5450, -1,
				 5454, 5452, 5453, -1,
				 5458, 5456, 5457, -1,
				 5462, 5460, 5461, -1,
				 5466, 5464, 5465, -1,
				 5469, 5467, 5468, -1,
				 5472, 5470, 5471, -1,
				 5476, 5474, 5475, -1,
				 5479, 5477, 5478, -1,
				 5482, 5480, 5481, -1,
				 5486, 5484, 5485, -1,
				 5489, 5487, 5488, -1,
				 5492, 5490, 5491, -1,
				 5495, 5493, 5494, -1,
				 5498, 5496, 5497, -1,
				 5502, 5500, 5501, -1,
				 5506, 5504, 5505, -1,
				 5510, 5508, 5509, -1,
				 5513, 5511, 5512, -1,
				 5517, 5515, 5516, -1,
				 5520, 5518, 5519, -1,
				 5524, 5522, 5523, -1,
				 5336, 5335, 5522, -1,
				 5528, 5526, 5527, -1,
				 5532, 5530, 5531, -1,
				 5536, 5534, 5535, -1,
				 5539, 5537, 5538, -1,
				 5542, 5540, 5541, -1,
				 5546, 5544, 5545, -1,
				 5550, 5548, 5549, -1,
				 5553, 5551, 5552, -1,
				 5556, 5554, 5555, -1,
				 5560, 5558, 5559, -1,
				 5564, 5562, 5563, -1,
				 5568, 5566, 5567, -1,
				 5571, 5572, 5569, -1,
				 5571, 5569, 5570, -1,
				 5576, 5574, 5575, -1,
				 5580, 5578, 5579, -1,
				 5584, 5582, 5583, -1,
				 5587, 5585, 5586, -1,
				 5591, 5589, 5590, -1,
				 5595, 5593, 5594, -1,
				 5599, 5597, 5598, -1,
				 5602, 5600, 5601, -1,
				 5606, 5604, 5605, -1,
				 5609, 5607, 5608, -1,
				 5613, 5611, 5612, -1,
				 5617, 5615, 5616, -1,
				 5620, 5618, 5619, -1,
				 5624, 5622, 5623, -1,
				 5628, 5626, 5627, -1,
				 5632, 5630, 5631, -1,
				 5635, 5633, 5634, -1,
				 5638, 5636, 5637, -1,
				 5642, 5643, 5640, -1,
				 5642, 5640, 5641, -1,
				 5647, 5645, 5646, -1,
				 5650, 5648, 5649, -1,
				 5654, 5652, 5653, -1,
				 5657, 5655, 5656, -1,
				 5660, 5658, 5659, -1,
				 5663, 5661, 5662, -1,
				 5666, 5664, 5665, -1,
				 5670, 5668, 5669, -1,
				 5673, 5671, 5672, -1,
				 5676, 5674, 5675, -1,
				 5680, 5678, 5679, -1,
				 5683, 5681, 5682, -1,
				 5687, 5685, 5686, -1,
				 5691, 5689, 5690, -1,
				 5695, 5693, 5694, -1,
				 5697, 5693, 5695, -1,
				 5700, 5698, 5699, -1,
				 5704, 5702, 5703, -1,
				 5708, 5706, 5707, -1,
				 5712, 5710, 5711, -1,
				 5716, 5714, 5715, -1,
				 5720, 5718, 5719, -1,
				 5723, 5721, 5722, -1,
				 5727, 5725, 5726, -1,
				 5731, 5729, 5730, -1,
				 5734, 5732, 5733, -1,
				 5738, 5736, 5737, -1,
				 5741, 5739, 5740, -1,
				 5744, 5742, 5743, -1,
				 5747, 5745, 5746, -1,
				 5749, 5537, 5539, -1,
				 5751, 5750, 5537, -1,
				 5755, 5753, 5754, -1,
				 5759, 5757, 5758, -1,
				 5762, 5760, 5761, -1,
				 5766, 5764, 5765, -1,
				 5770, 5768, 5769, -1,
				 5774, 5772, 5773, -1,
				 5778, 5776, 5777, -1,
				 5781, 5779, 5780, -1,
				 5784, 5782, 5783, -1,
				 5788, 5789, 5786, -1,
				 5788, 5786, 5787, -1,
				 5793, 5791, 5792, -1,
				 5796, 5794, 5795, -1,
				 5799, 5797, 5798, -1,
				 5803, 5801, 5802, -1,
				 5807, 5805, 5806, -1,
				 5810, 5808, 5809, -1,
				 5814, 5812, 5813, -1,
				 5817, 5815, 5816, -1,
				 5821, 5819, 5820, -1,
				 5824, 5822, 5823, -1,
				 5827, 5825, 5826, -1,
				 5831, 5829, 5830, -1,
				 5835, 5833, 5834, -1,
				 5839, 5840, 5837, -1,
				 5839, 5837, 5838, -1,
				 5845, 5843, 5844, -1,
				 5849, 5847, 5848, -1,
				 5852, 5850, 5851, -1,
				 5855, 5853, 5854, -1,
				 5859, 5860, 5857, -1,
				 5859, 5857, 5858, -1,
				 5864, 5865, 5862, -1,
				 5864, 5862, 5863, -1,
				 5869, 5870, 5867, -1,
				 5869, 5867, 5868, -1,
				 5875, 5876, 5873, -1,
				 5875, 5873, 5874, -1,
				 5881, 5882, 5879, -1,
				 5881, 5879, 5880, -1,
				 5887, 5885, 5886, -1,
				 5891, 5889, 5890, -1,
				 5895, 5893, 5894, -1,
				 5898, 5896, 5897, -1,
				 5902, 5900, 5901, -1,
				 5905, 5903, 5904, -1,
				 5908, 5906, 5907, -1,
				 5912, 5910, 5911, -1,
				 5915, 5913, 5914, -1,
				 5918, 5916, 5917, -1,
				 5922, 5920, 5921, -1,
				 5926, 5924, 5925, -1,
				 5929, 5927, 5928, -1,
				 5933, 5931, 5932, -1,
				 5937, 5935, 5936, -1,
				 5940, 5938, 5939, -1,
				 5944, 5942, 5943, -1,
				 5948, 5946, 5947, -1,
				 5951, 5949, 5950, -1,
				 5954, 5952, 5953, -1,
				 5958, 5956, 5957, -1,
				 5723, 5722, 5960, -1,
				 5961, 5721, 5723, -1,
				 5965, 5963, 5964, -1,
				 5969, 5967, 5968, -1,
				 5973, 5971, 5972, -1,
				 5976, 5974, 5975, -1,
				 5980, 5978, 5979, -1,
				 5984, 5982, 5983, -1,
				 5988, 5986, 5987, -1,
				 5749, 5990, 5537, -1,
				 5990, 5751, 5537, -1,
				 5751, 5991, 5750, -1,
				 5750, 5991, 5992, -1,
				 5995, 5993, 5994, -1,
				 5999, 5997, 5998, -1,
				 6003, 6001, 6002, -1,
				 6007, 6005, 6006, -1,
				 6011, 6009, 6010, -1,
				 6014, 6012, 6013, -1,
				 6018, 6016, 6017, -1,
				 6021, 6019, 6020, -1,
				 6024, 6022, 6023, -1,
				 6028, 6029, 6026, -1,
				 6028, 6026, 6027, -1,
				 6033, 6031, 6032, -1,
				 6037, 6035, 6036, -1,
				 6041, 6039, 6040, -1,
				 6044, 6042, 6043, -1,
				 6048, 6046, 6047, -1,
				 6052, 6050, 6051, -1,
				 6056, 6054, 6055, -1,
				 6059, 6057, 6058, -1,
				 6062, 6060, 6061, -1,
				 6065, 6063, 6064, -1,
				 6069, 6067, 6068, -1,
				 6072, 6073, 6070, -1,
				 6072, 6070, 6071, -1,
				 6077, 6078, 6075, -1,
				 6077, 6075, 6076, -1,
				 6082, 6083, 6080, -1,
				 6082, 6080, 6081, -1,
				 5852, 6086, 5850, -1,
				 6089, 6087, 6088, -1,
				 6093, 6091, 6092, -1,
				 6096, 6094, 6095, -1,
				 6100, 6098, 6099, -1,
				 6103, 6101, 6102, -1,
				 6106, 6104, 6105, -1,
				 6110, 6111, 6108, -1,
				 6110, 6108, 6109, -1,
				 6116, 6114, 6115, -1,
				 6119, 6117, 6118, -1,
				 6123, 6121, 6122, -1,
				 6127, 6125, 6126, -1,
				 6130, 6128, 6129, -1,
				 6134, 6132, 6133, -1,
				 6137, 6135, 6136, -1,
				 6141, 6139, 6140, -1,
				 6144, 6142, 6143, -1,
				 6147, 6145, 6146, -1,
				 6150, 6148, 6149, -1,
				 6154, 6152, 6153, -1,
				 6158, 6156, 6157, -1,
				 6162, 6160, 6161, -1,
				 6165, 6163, 6164, -1,
				 6168, 6166, 6167, -1,
				 6171, 6169, 6170, -1,
				 6175, 6173, 6174, -1,
				 6179, 6177, 6178, -1,
				 5961, 5723, 5960, -1,
				 6180, 5721, 5961, -1,
				 6184, 6182, 6183, -1,
				 6188, 6186, 6187, -1,
				 6191, 6189, 6190, -1,
				 6195, 6193, 6194, -1,
				 6199, 6197, 6198, -1,
				 6203, 6201, 6202, -1,
				 6206, 6204, 6205, -1,
				 6210, 6208, 6209, -1,
				 6214, 6212, 6213, -1,
				 6218, 6216, 6217, -1,
				 6222, 6220, 6221, -1,
				 6225, 6223, 6224, -1,
				 6228, 6226, 6227, -1,
				 6231, 6229, 6230, -1,
				 6235, 6233, 6234, -1,
				 6238, 6236, 6237, -1,
				 6242, 6240, 6241, -1,
				 6245, 6243, 6244, -1,
				 6248, 6246, 6247, -1,
				 6252, 6250, 6251, -1,
				 6255, 6253, 6254, -1,
				 6258, 6256, 6257, -1,
				 6262, 6260, 6261, -1,
				 6265, 6266, 6263, -1,
				 6265, 6263, 6264, -1,
				 6270, 6268, 6269, -1,
				 6273, 6271, 6272, -1,
				 6277, 6275, 6276, -1,
				 6280, 6278, 6279, -1,
				 6284, 6282, 6283, -1,
				 6288, 6286, 6287, -1,
				 6291, 6289, 6290, -1,
				 6294, 6292, 6293, -1,
				 6297, 6295, 6296, -1,
				 6300, 6298, 6299, -1,
				 6303, 6304, 6301, -1,
				 6303, 6301, 6302, -1,
				 6307, 6308, 6305, -1,
				 6307, 6305, 6306, -1,
				 6312, 6313, 6310, -1,
				 6312, 6310, 6311, -1,
				 6317, 6315, 6316, -1,
				 6320, 6318, 6319, -1,
				 6323, 6321, 6322, -1,
				 6327, 6325, 6326, -1,
				 6331, 6329, 6330, -1,
				 6335, 6333, 6334, -1,
				 6339, 6337, 6338, -1,
				 6343, 6341, 6342, -1,
				 6347, 6345, 6346, -1,
				 6350, 6348, 6349, -1,
				 6353, 6351, 6352, -1,
				 6356, 6354, 6355, -1,
				 6359, 6357, 6358, -1,
				 6362, 6360, 6361, -1,
				 6365, 6363, 6364, -1,
				 6368, 6366, 6367, -1,
				 6372, 6370, 6371, -1,
				 6376, 6374, 6375, -1,
				 6379, 6377, 6378, -1,
				 6383, 6381, 6382, -1,
				 6386, 6384, 6385, -1,
				 6390, 6388, 6389, -1,
				 6394, 6392, 6393, -1,
				 6397, 6395, 6396, -1,
				 6398, 5721, 6180, -1,
				 6400, 5721, 6398, -1,
				 6403, 6401, 6402, -1,
				 6407, 6405, 6406, -1,
				 6411, 6409, 6410, -1,
				 6414, 6412, 6413, -1,
				 6417, 6415, 6416, -1,
				 6420, 6418, 6419, -1,
				 6424, 6422, 6423, -1,
				 6428, 6426, 6427, -1,
				 6432, 6430, 6431, -1,
				 6436, 6434, 6435, -1,
				 6440, 6438, 6439, -1,
				 6444, 6442, 6443, -1,
				 6447, 6445, 6446, -1,
				 6451, 6449, 6450, -1,
				 6455, 6453, 6454, -1,
				 6459, 6457, 6458, -1,
				 6463, 6461, 6462, -1,
				 6466, 6464, 6465, -1,
				 6470, 6468, 6469, -1,
				 6474, 6472, 6473, -1,
				 6477, 6475, 6476, -1,
				 6481, 6479, 6480, -1,
				 6485, 6483, 6484, -1,
				 6489, 6487, 6488, -1,
				 6492, 6490, 6491, -1,
				 6496, 6494, 6495, -1,
				 6500, 6498, 6499, -1,
				 6504, 6502, 6503, -1,
				 6508, 6506, 6507, -1,
				 6512, 6510, 6511, -1,
				 6516, 6514, 6515, -1,
				 6519, 6520, 6517, -1,
				 6519, 6517, 6518, -1,
				 6524, 6525, 6522, -1,
				 6524, 6522, 6523, -1,
				 6529, 6527, 6528, -1,
				 6532, 6530, 6531, -1,
				 6536, 6534, 6535, -1,
				 6538, 6528, 6537, -1,
				 6541, 6539, 6540, -1,
				 6544, 6545, 6542, -1,
				 6544, 6542, 6543, -1,
				 6550, 6548, 6549, -1,
				 6554, 6552, 6553, -1,
				 6558, 6556, 6557, -1,
				 6561, 6559, 6560, -1,
				 6565, 6563, 6564, -1,
				 6568, 6566, 6567, -1,
				 6571, 6569, 6570, -1,
				 6574, 6572, 6573, -1,
				 6577, 6575, 6576, -1,
				 6581, 6579, 6580, -1,
				 6584, 6582, 6583, -1,
				 6587, 6585, 6586, -1,
				 6591, 6589, 6590, -1,
				 6594, 6592, 6593, -1,
				 6598, 6596, 6597, -1,
				 6398, 6180, 6600, -1,
				 6601, 6400, 6398, -1,
				 6605, 6603, 6604, -1,
				 6609, 6607, 6608, -1,
				 6613, 6611, 6612, -1,
				 6617, 6615, 6616, -1,
				 6620, 6618, 6619, -1,
				 6624, 6622, 6623, -1,
				 6628, 6626, 6627, -1,
				 6632, 6630, 6631, -1,
				 6636, 6634, 6635, -1,
				 6639, 6637, 6638, -1,
				 6642, 6640, 6641, -1,
				 6645, 6643, 6644, -1,
				 6648, 6646, 6647, -1,
				 6651, 6649, 6650, -1,
				 6654, 6652, 6653, -1,
				 6657, 6655, 6656, -1,
				 6660, 6658, 6659, -1,
				 6663, 6661, 6662, -1,
				 6667, 6665, 6666, -1,
				 6671, 6669, 6670, -1,
				 6675, 6673, 6674, -1,
				 6678, 6676, 6677, -1,
				 6682, 6680, 6681, -1,
				 6686, 6684, 6685, -1,
				 6690, 6688, 6689, -1,
				 6693, 6691, 6692, -1,
				 6697, 6695, 6696, -1,
				 6701, 6699, 6700, -1,
				 6705, 6703, 6704, -1,
				 6709, 6707, 6708, -1,
				 6712, 6710, 6711, -1,
				 6715, 6713, 6714, -1,
				 6719, 6717, 6718, -1,
				 6723, 6721, 6722, -1,
				 6727, 6725, 6726, -1,
				 6730, 6728, 6729, -1,
				 6734, 6732, 6733, -1,
				 6737, 6735, 6736, -1,
				 6741, 6742, 6739, -1,
				 6741, 6739, 6740, -1,
				 6744, 6529, 6528, -1,
				 6747, 6748, 6745, -1,
				 6747, 6745, 6746, -1,
				 6752, 6750, 6751, -1,
				 6756, 6757, 6754, -1,
				 6756, 6754, 6755, -1,
				 6761, 6759, 6760, -1,
				 6764, 6762, 6763, -1,
				 6768, 6766, 6767, -1,
				 6771, 6769, 6770, -1,
				 6775, 6773, 6774, -1,
				 6779, 6777, 6778, -1,
				 6783, 6781, 6782, -1,
				 6786, 6784, 6785, -1,
				 6790, 6788, 6789, -1,
				 6793, 6791, 6792, -1,
				 6797, 6795, 6796, -1,
				 6801, 6799, 6800, -1,
				 6601, 6398, 6600, -1,
				 6804, 6802, 6803, -1,
				 6808, 6806, 6807, -1,
				 6811, 6809, 6810, -1,
				 6815, 6813, 6814, -1,
				 6818, 6816, 6817, -1,
				 6822, 6820, 6821, -1,
				 6825, 6826, 6823, -1,
				 6825, 6823, 6824, -1,
				 6831, 6832, 6829, -1,
				 6831, 6829, 6830, -1,
				 6837, 6835, 6836, -1,
				 6840, 6838, 6839, -1,
				 6843, 6841, 6842, -1,
				 6847, 6845, 6846, -1,
				 6850, 6848, 6849, -1,
				 6853, 6851, 6852, -1,
				 6856, 6854, 6855, -1,
				 6860, 6858, 6859, -1,
				 6863, 6861, 6862, -1,
				 6866, 6864, 6865, -1,
				 6870, 6868, 6869, -1,
				 6873, 6871, 6872, -1,
				 6877, 6875, 6876, -1,
				 6881, 6879, 6880, -1,
				 6885, 6883, 6884, -1,
				 6888, 6886, 6887, -1,
				 6892, 6890, 6891, -1,
				 6895, 6893, 6894, -1,
				 6899, 6897, 6898, -1,
				 6903, 6901, 6902, -1,
				 6907, 6905, 6906, -1,
				 6911, 6909, 6910, -1,
				 6915, 6913, 6914, -1,
				 6919, 6917, 6918, -1,
				 6922, 6920, 6921, -1,
				 6926, 6924, 6925, -1,
				 6929, 6927, 6928, -1,
				 6933, 6931, 6932, -1,
				 6937, 6938, 6935, -1,
				 6937, 6935, 6936, -1,
				 6942, 6940, 6941, -1,
				 6946, 6944, 6945, -1,
				 6950, 6948, 6949, -1,
				 6953, 6951, 6952, -1,
				 6957, 6955, 6956, -1,
				 6961, 6959, 6960, -1,
				 6965, 6963, 6964, -1,
				 6969, 6967, 6968, -1,
				 6973, 6971, 6972, -1,
				 6977, 6975, 6976, -1,
				 6980, 6978, 6979, -1,
				 6983, 6981, 6982, -1,
				 6986, 6987, 6984, -1,
				 6986, 6984, 6985, -1,
				 6992, 6990, 6991, -1,
				 6995, 6993, 6994, -1,
				 6998, 6996, 6997, -1,
				 7001, 6999, 7000, -1,
				 7005, 7003, 7004, -1,
				 7009, 7007, 7008, -1,
				 7013, 7011, 7012, -1,
				 7016, 7014, 7015, -1,
				 7020, 7018, 7019, -1,
				 7024, 7022, 7023, -1,
				 7028, 7026, 7027, -1,
				 7031, 7029, 7030, -1,
				 7035, 7033, 7034, -1,
				 7039, 7037, 7038, -1,
				 7043, 7041, 7042, -1,
				 7046, 7044, 7045, -1,
				 7049, 7047, 7048, -1,
				 7052, 7053, 7050, -1,
				 7052, 7050, 7051, -1,
				 7058, 7056, 7057, -1,
				 7061, 7059, 7060, -1,
				 7064, 7062, 7063, -1,
				 7068, 7066, 7067, -1,
				 7071, 7069, 7070, -1,
				 7074, 7075, 7072, -1,
				 7074, 7072, 7073, -1,
				 7080, 7081, 7078, -1,
				 7080, 7078, 7079, -1,
				 7085, 7083, 7084, -1,
				 7089, 7087, 7088, -1,
				 7092, 7090, 7091, -1,
				 7095, 7093, 7094, -1,
				 7098, 7096, 7097, -1,
				 7101, 7099, 7100, -1,
				 7105, 7103, 7104, -1,
				 7108, 7106, 7107, -1,
				 7111, 7109, 7110, -1,
				 7113, 7109, 7111, -1,
				 7116, 7114, 7115, -1,
				 7120, 7118, 7119, -1,
				 7123, 7121, 7122, -1,
				 7126, 7124, 7125, -1,
				 7129, 7127, 7128, -1,
				 7132, 7130, 7131, -1,
				 7136, 7134, 7135, -1,
				 7139, 7137, 7138, -1,
				 7143, 7141, 7142, -1,
				 7146, 7144, 7145, -1,
				 7149, 7147, 7148, -1,
				 7153, 7151, 7152, -1,
				 7157, 7155, 7156, -1,
				 7160, 7158, 7159, -1,
				 7163, 7161, 7162, -1,
				 7167, 7168, 7165, -1,
				 7167, 7165, 7166, -1,
				 7172, 7170, 7171, -1,
				 7175, 7173, 7174, -1,
				 7178, 7176, 7177, -1,
				 7182, 7180, 7181, -1,
				 7186, 7184, 7185, -1,
				 7190, 7188, 7189, -1,
				 7194, 7192, 7193, -1,
				 7198, 7196, 7197, -1,
				 7201, 7199, 7200, -1,
				 7204, 7202, 7203, -1,
				 7207, 7205, 7206, -1,
				 7211, 7209, 7210, -1,
				 7214, 7215, 7212, -1,
				 7214, 7212, 7213, -1,
				 7220, 7218, 7219, -1,
				 7223, 7221, 7222, -1,
				 7226, 7224, 7225, -1,
				 7229, 7227, 7228, -1,
				 7232, 7230, 7231, -1,
				 7236, 7234, 7235, -1,
				 7240, 7238, 7239, -1,
				 7243, 7241, 7242, -1,
				 7247, 7245, 7246, -1,
				 7251, 7249, 7250, -1,
				 7255, 7253, 7254, -1,
				 7258, 7256, 7257, -1,
				 7262, 7260, 7261, -1,
				 7264, 7028, 7027, -1,
				 7267, 7265, 7266, -1,
				 7271, 7269, 7270, -1,
				 7274, 7272, 7273, -1,
				 7277, 7275, 7276, -1,
				 7281, 7279, 7280, -1,
				 7284, 7282, 7283, -1,
				 7288, 7286, 7287, -1,
				 7292, 7293, 7290, -1,
				 7292, 7290, 7291, -1,
				 7297, 7295, 7296, -1,
				 7300, 7298, 7299, -1,
				 7304, 7305, 7302, -1,
				 7304, 7302, 7303, -1,
				 7310, 7308, 7309, -1,
				 7313, 7311, 7312, -1,
				 7317, 7315, 7316, -1,
				 7320, 7318, 7319, -1,
				 7324, 7322, 7323, -1,
				 7326, 7111, 7110, -1,
				 7328, 7113, 7111, -1,
				 7330, 7113, 7328, -1,
				 7332, 7330, 7331, -1,
				 7335, 7333, 7334, -1,
				 7339, 7337, 7338, -1,
				 7342, 7340, 7341, -1,
				 7345, 7343, 7344, -1,
				 7348, 7346, 7347, -1,
				 7352, 7350, 7351, -1,
				 7355, 7353, 7354, -1,
				 7358, 7356, 7357, -1,
				 7362, 7360, 7361, -1,
				 7366, 7364, 7365, -1,
				 7370, 7368, 7369, -1,
				 7373, 7371, 7372, -1,
				 7376, 7374, 7375, -1,
				 7379, 7380, 7377, -1,
				 7379, 7377, 7378, -1,
				 7384, 7385, 7382, -1,
				 7384, 7382, 7383, -1,
				 7390, 7388, 7389, -1,
				 7394, 7392, 7393, -1,
				 7398, 7396, 7397, -1,
				 7402, 7400, 7401, -1,
				 7406, 7404, 7405, -1,
				 7409, 7407, 7408, -1,
				 7412, 7410, 7411, -1,
				 7416, 7414, 7415, -1,
				 7420, 7418, 7419, -1,
				 7424, 7425, 7422, -1,
				 7424, 7422, 7423, -1,
				 7430, 7431, 7428, -1,
				 7430, 7428, 7429, -1,
				 7436, 7434, 7435, -1,
				 7439, 7437, 7438, -1,
				 7443, 7441, 7442, -1,
				 7446, 7444, 7445, -1,
				 7450, 7448, 7449, -1,
				 7453, 7451, 7452, -1,
				 7456, 7454, 7455, -1,
				 7460, 7458, 7459, -1,
				 7463, 7461, 7462, -1,
				 7467, 7465, 7466, -1,
				 7470, 7468, 7469, -1,
				 7474, 7472, 7473, -1,
				 7478, 7476, 7477, -1,
				 7482, 7480, 7481, -1,
				 7485, 7483, 7484, -1,
				 7489, 7487, 7488, -1,
				 7491, 7028, 7264, -1,
				 7495, 7493, 7494, -1,
				 7499, 7497, 7498, -1,
				 7502, 7500, 7501, -1,
				 7506, 7504, 7505, -1,
				 7510, 7508, 7509, -1,
				 7514, 7512, 7513, -1,
				 7517, 7518, 7515, -1,
				 7517, 7515, 7516, -1,
				 7522, 7520, 7521, -1,
				 7525, 7523, 7524, -1,
				 7529, 7527, 7528, -1,
				 7532, 7533, 7530, -1,
				 7532, 7530, 7531, -1,
				 7538, 7536, 7537, -1,
				 7541, 7542, 7539, -1,
				 7541, 7539, 7540, -1,
				 7331, 7326, 7110, -1,
				 7546, 7544, 7545, -1,
				 7326, 7328, 7111, -1,
				 7326, 7330, 7328, -1,
				 7331, 7330, 7326, -1,
				 7549, 7547, 7548, -1,
				 7552, 7550, 7551, -1,
				 7556, 7554, 7555, -1,
				 7559, 7557, 7558, -1,
				 7563, 7561, 7562, -1,
				 7566, 7564, 7565, -1,
				 7570, 7568, 7569, -1,
				 7573, 7571, 7572, -1,
				 7577, 7575, 7576, -1,
				 7581, 7579, 7580, -1,
				 7584, 7582, 7583, -1,
				 7588, 7586, 7587, -1,
				 7592, 7590, 7591, -1,
				 7595, 7593, 7594, -1,
				 7598, 7596, 7597, -1,
				 7602, 7600, 7601, -1,
				 7605, 7603, 7604, -1,
				 7608, 7606, 7607, -1,
				 7612, 7610, 7611, -1,
				 7616, 7614, 7615, -1,
				 7620, 7618, 7619, -1,
				 7624, 7622, 7623, -1,
				 7627, 7625, 7626, -1,
				 7631, 7629, 7630, -1,
				 7634, 7632, 7633, -1,
				 7637, 7635, 7636, -1,
				 7640, 7641, 7638, -1,
				 7640, 7638, 7639, -1,
				 7645, 7646, 7643, -1,
				 7645, 7643, 7644, -1,
				 7650, 7648, 7649, -1,
				 7653, 7651, 7652, -1,
				 7656, 7654, 7655, -1,
				 7659, 7657, 7658, -1,
				 7662, 7663, 7660, -1,
				 7662, 7660, 7661, -1,
				 7668, 7669, 7666, -1,
				 7668, 7666, 7667, -1,
				 7673, 7671, 7672, -1,
				 7676, 7674, 7675, -1,
				 7679, 7677, 7678, -1,
				 7683, 7681, 7682, -1,
				 7686, 7684, 7685, -1,
				 7690, 7688, 7689, -1,
				 7491, 7264, 7692, -1,
				 7695, 7693, 7694, -1,
				 7699, 7697, 7698, -1,
				 7702, 7700, 7701, -1,
				 7706, 7704, 7705, -1,
				 7709, 7707, 7708, -1,
				 7712, 7710, 7711, -1,
				 7715, 7716, 7713, -1,
				 7715, 7713, 7714, -1,
				 7721, 7719, 7720, -1,
				 7725, 7726, 7723, -1,
				 7725, 7723, 7724, -1,
				 7730, 7728, 7729, -1,
				 7733, 7731, 7732, -1,
				 7736, 7737, 7734, -1,
				 7736, 7734, 7735, -1,
				 7742, 7740, 7741, -1,
				 7745, 7743, 7744, -1,
				 7748, 7746, 7747, -1,
				 7751, 7749, 7750, -1,
				 7755, 7753, 7754, -1,
				 7759, 7757, 7758, -1,
				 7763, 7761, 7762, -1,
				 7766, 7764, 7765, -1,
				 7770, 7768, 7769, -1,
				 7774, 7772, 7773, -1,
				 7777, 7775, 7776, -1,
				 7780, 7778, 7779, -1,
				 7783, 7781, 7782, -1,
				 7786, 7784, 7785, -1,
				 7790, 7788, 7789, -1,
				 7793, 7794, 7791, -1,
				 7793, 7791, 7792, -1,
				 7799, 7800, 7797, -1,
				 7799, 7797, 7798, -1,
				 7804, 7805, 7802, -1,
				 7804, 7802, 7803, -1,
				 7809, 7810, 7807, -1,
				 7809, 7807, 7808, -1,
				 7814, 7815, 7812, -1,
				 7814, 7812, 7813, -1,
				 7820, 7821, 7818, -1,
				 7820, 7818, 7819, -1,
				 7825, 7826, 7823, -1,
				 7825, 7823, 7824, -1,
				 7830, 7831, 7828, -1,
				 7830, 7828, 7829, -1,
				 7835, 7833, 7834, -1,
				 7838, 7839, 7836, -1,
				 7838, 7836, 7837, -1,
				 7843, 7844, 7841, -1,
				 7843, 7841, 7842, -1,
				 7849, 7850, 7847, -1,
				 7849, 7847, 7848, -1,
				 7855, 7853, 7854, -1,
				 7686, 7685, 7857, -1,
				 7859, 7684, 7686, -1,
				 7862, 7860, 7861, -1,
				 7866, 7864, 7865, -1,
				 7869, 7867, 7868, -1,
				 7872, 7870, 7871, -1,
				 7876, 7874, 7875, -1,
				 7880, 7878, 7879, -1,
				 7884, 7882, 7883, -1,
				 7887, 7885, 7886, -1,
				 7891, 7892, 7889, -1,
				 7891, 7889, 7890, -1,
				 7896, 7894, 7895, -1,
				 7899, 7897, 7898, -1,
				 7902, 7900, 7901, -1,
				 7906, 7904, 7905, -1,
				 7910, 7908, 7909, -1,
				 7913, 7911, 7912, -1,
				 7917, 7915, 7916, -1,
				 7920, 7918, 7919, -1,
				 7924, 7922, 7923, -1,
				 7927, 7925, 7926, -1,
				 7931, 7929, 7930, -1,
				 7934, 7932, 7933, -1,
				 7938, 7936, 7937, -1,
				 7941, 7939, 7940, -1,
				 7945, 7943, 7944, -1,
				 7949, 7947, 7948, -1,
				 7953, 7951, 7952, -1,
				 7956, 7954, 7955, -1,
				 7959, 7957, 7958, -1,
				 7963, 7964, 7961, -1,
				 7963, 7961, 7962, -1,
				 7967, 7965, 7966, -1,
				 7971, 7969, 7970, -1,
				 7974, 7972, 7973, -1,
				 7977, 7975, 7976, -1,
				 7980, 7978, 7979, -1,
				 7984, 7982, 7983, -1,
				 7857, 7685, 7986, -1,
				 7989, 7987, 7988, -1,
				 7993, 7991, 7992, -1,
				 7997, 7995, 7996, -1,
				 8001, 7999, 8000, -1,
				 8005, 8003, 8004, -1,
				 8009, 8007, 8008, -1,
				 8012, 8010, 8011, -1,
				 8015, 8013, 8014, -1,
				 8018, 8019, 8016, -1,
				 8018, 8016, 8017, -1,
				 8024, 8022, 8023, -1,
				 8027, 8025, 8026, -1,
				 8031, 8032, 8029, -1,
				 8031, 8029, 8030, -1,
				 8036, 8034, 8035, -1,
				 8039, 8037, 8038, -1,
				 8042, 8040, 8041, -1,
				 8045, 8043, 8044, -1,
				 8049, 8047, 8048, -1,
				 8053, 8051, 8052, -1,
				 8057, 8055, 8056, -1,
				 8061, 8059, 8060, -1,
				 8064, 8062, 8063, -1,
				 8068, 8066, 8067, -1,
				 8072, 8070, 8071, -1,
				 8075, 8073, 8074, -1,
				 8078, 8076, 8077, -1,
				 8082, 8083, 8080, -1,
				 8082, 8080, 8081, -1,
				 8088, 8089, 8086, -1,
				 8088, 8086, 8087, -1,
				 8094, 8095, 8092, -1,
				 8094, 8092, 8093, -1,
				 8099, 8097, 8098, -1,
				 8102, 8103, 8100, -1,
				 8102, 8100, 8101, -1,
				 8108, 8106, 8107, -1,
				 8111, 8109, 8110, -1,
				 8115, 8113, 8114, -1,
				 8118, 8116, 8117, -1,
				 8121, 8119, 8120, -1,
				 8124, 8122, 8123, -1,
				 8127, 8125, 8126, -1,
				 8130, 8128, 8129, -1,
				 8134, 8132, 8133, -1,
				 8137, 8138, 8135, -1,
				 8137, 8135, 8136, -1,
				 8143, 8144, 8141, -1,
				 8143, 8141, 8142, -1,
				 8148, 8149, 8146, -1,
				 8148, 8146, 8147, -1,
				 8154, 8155, 8152, -1,
				 8154, 8152, 8153, -1,
				 8158, 8159, 8156, -1,
				 8158, 8156, 8157, -1,
				 8164, 8162, 8163, -1,
				 8167, 8165, 8166, -1,
				 8170, 8171, 8168, -1,
				 8170, 8168, 8169, -1,
				 8176, 8177, 8174, -1,
				 8176, 8174, 8175, -1,
				 8181, 8179, 8180, -1,
				 8184, 8182, 8183, -1,
				 8188, 8186, 8187, -1,
				 8191, 8189, 8190, -1,
				 8194, 8192, 8193, -1,
				 8198, 8196, 8197, -1,
				 8202, 8200, 8201, -1,
				 8206, 8204, 8205, -1,
				 8210, 8208, 8209, -1,
				 8214, 8212, 8213, -1,
				 8217, 8215, 8216, -1,
				 8220, 8218, 8219, -1,
				 8223, 8221, 8222, -1,
				 8227, 8225, 8226, -1,
				 8230, 8228, 8229, -1,
				 8233, 8234, 8231, -1,
				 8233, 8231, 8232, -1,
				 8108, 8107, 8237, -1,
				 8241, 8239, 8240, -1,
				 8245, 8246, 8243, -1,
				 8245, 8243, 8244, -1,
				 8251, 8252, 8249, -1,
				 8251, 8249, 8250, -1,
				 8257, 8258, 8255, -1,
				 8257, 8255, 8256, -1,
				 8262, 8260, 8261, -1,
				 8265, 8266, 8263, -1,
				 8265, 8263, 8264, -1,
				 8270, 8268, 8269, -1,
				 8273, 8274, 8271, -1,
				 8273, 8271, 8272, -1,
				 8278, 8276, 8277, -1,
				 8282, 8283, 8280, -1,
				 8282, 8280, 8281, -1,
				 8288, 8289, 8286, -1,
				 8288, 8286, 8287, -1,
				 8294, 8292, 8293, -1,
				 8298, 8296, 8297, -1,
				 8301, 8299, 8300, -1,
				 8305, 8303, 8304, -1,
				 8306, 8196, 8198, -1,
				 8309, 8307, 8308, -1,
				 8312, 8310, 8311, -1,
				 8315, 8313, 8314, -1,
				 8319, 8317, 8318, -1,
				 8323, 8321, 8322, -1,
				 8327, 8325, 8326, -1,
				 8237, 8107, 8329, -1,
				 8332, 8330, 8331, -1,
				 8336, 8337, 8334, -1,
				 8336, 8334, 8335, -1,
				 8342, 8343, 8340, -1,
				 8342, 8340, 8341, -1,
				 8348, 8346, 8347, -1,
				 8351, 8349, 8350, -1,
				 8354, 8352, 8353, -1,
				 8358, 8359, 8356, -1,
				 8358, 8356, 8357, -1,
				 8363, 8361, 8362, -1,
				 8366, 8364, 8365, -1,
				 8370, 8368, 8369, -1,
				 8373, 8371, 8372, -1,
				 8376, 8374, 8375, -1,
				 8380, 8381, 8378, -1,
				 8380, 8378, 8379, -1,
				 8385, 8383, 8384, -1,
				 8388, 8386, 8387, -1,
				 8392, 8390, 8391, -1,
				 8395, 8396, 8393, -1,
				 8395, 8393, 8394, -1,
				 8400, 8401, 8398, -1,
				 8400, 8398, 8399, -1,
				 8406, 8404, 8405, -1,
				 8410, 8408, 8409, -1,
				 8414, 8412, 8413, -1,
				 8417, 8418, 8415, -1,
				 8417, 8415, 8416, -1,
				 8423, 8421, 8422, -1,
				 8427, 8425, 8426, -1,
				 8431, 8429, 8430, -1,
				 8434, 8432, 8433, -1,
				 8437, 8438, 8435, -1,
				 8437, 8435, 8436, -1,
				 8443, 8441, 8442, -1,
				 8446, 8444, 8445, -1,
				 8450, 8448, 8449, -1,
				 8453, 8454, 8451, -1,
				 8453, 8451, 8452, -1,
				 8458, 8459, 8456, -1,
				 8458, 8456, 8457, -1,
				 8464, 8462, 8463, -1,
				 8468, 8466, 8467, -1,
				 8471, 8469, 8470, -1,
				 8474, 8472, 8473, -1,
				 8477, 8475, 8476, -1,
				 8480, 8481, 8478, -1,
				 8480, 8478, 8479, -1,
				 8486, 8484, 8485, -1,
				 8489, 8490, 8487, -1,
				 8489, 8487, 8488, -1,
				 8494, 8495, 8492, -1,
				 8494, 8492, 8493, -1,
				 8500, 8498, 8499, -1,
				 8504, 8502, 8503, -1,
				 8507, 8505, 8506, -1,
				 8511, 8509, 8510, -1,
				 8514, 8515, 8512, -1,
				 8514, 8512, 8513, -1,
				 8519, 8520, 8517, -1,
				 8519, 8517, 8518, -1,
				 8525, 8523, 8524, -1,
				 8528, 8526, 8527, -1,
				 8532, 8530, 8531, -1,
				 8535, 8533, 8534, -1,
				 8539, 8537, 8538, -1,
				 8542, 8543, 8540, -1,
				 8542, 8540, 8541, -1,
				 8547, 8545, 8546, -1,
				 8551, 8549, 8550, -1,
				 8555, 8553, 8554, -1,
			]
		}
	}

	# Hidden Objects, in invisible layers

}

# Visible Objects

Separator {
	MatrixTransform {
	matrix 
		0.685880 -0.317370 0.654862 0.000000
		0.727634 0.312469 -0.610666 0.000000
		-0.010817 0.895343 0.445245 0.000000
		-0.338183 -0.376694 -11.252342 1.000000
	}
	PerspectiveCamera {
		focalDistance 3.500000
	}
	Separator {
		MatrixTransform {
		matrix 
			1.000000 0.000000 0.000000 0.000000
			0.000000 1.000000 0.000000 0.000000
			0.000000 0.000000 1.000000 0.000000
			139.474548 -113.928162 -58.141037 1.000000
		}
		USE Mesh
	}
}
}
