#VRML V1.0 ascii

Separator {
ShapeHints {
vertexOrdering  COUNTERCLOCKWISE
}


Material {
diffuseColor [0 0 0,1 1 1,0.627451 0.25098 0.25098,1 0 0,1 0.466667 0,1 1 0,0 1 0,0.270588 0.52549 0.454902,0.627451 0.752941 0.878431,0 0 1,0.509804 0 0.294118,0.933333 0.501961 0.933333,0.266667 0.266667 0.266667,0.533333 0.533333 0.533333,0.8 0.8 0.8,0.8 0.8 0.8,0.8 0.8 0.8]
ambientColor [0.2 0.2 0.2,0.2 0.2 0.2,0.2 0.2 0.2,0.2 0.2 0.2,0.2 0.2 0.2,0.2 0.2 0.2,0.2 0.2 0.2,0.2 0.2 0.2,0.2 0.2 0.2,0.2 0.2 0.2,0.2 0.2 0.2,0.2 0.2 0.2,0.2 0.2 0.2,0.2 0.2 0.2,0.2 0.2 0.2,0.2 0.2 0.2,0.2 0.2 0.2]
specularColor [0.2 0.2 0.2,0.2 0.2 0.2,0.2 0.2 0.2,0.2 0.2 0.2,0.2 0.2 0.2,0.2 0.2 0.2,0.2 0.2 0.2,0.2 0.2 0.2,0.2 0.2 0.2,0.2 0.2 0.2,0.2 0.2 0.2,0.2 0.2 0.2,0.2 0.2 0.2,0.2 0.2 0.2,0.2 0.2 0.2,0.5 0.5 0.5,0.7 0.7 0.7]
emissiveColor [0 0 0,0 0 0,0 0 0,0 0 0,0 0 0,0 0 0,0 0 0,0 0 0,0 0 0,0 0 0,0 0 0,0 0 0,0 0 0,0 0 0,0 0 0,0 0 0,0 0 0]
shininess [1,1,1,1,1,1,1,1,1,1,1,1,1,1,1,0.2,0.2]
transparency [0,0,0,0,0,0,0,0,0,0,0,0,0,0,0,0,0]
}
MaterialBinding {value PER_FACE_INDEXED }
Separator {
Separator {
Separator {
}
Separator {
ShapeHints {
shapeType UNKNOWN_SHAPE_TYPE
creaseAngle 0.79
}
Separator {
Coordinate3 { 
point [
3.19984 1.24744 -0.646992,
3.20091 1.31794 -0.643944,
3.23487 1.31479 -0.582909,
3.18293 1.24656 -0.620632,
3.18401 1.31706 -0.617592,
3.20014 1.31272 -0.522667,
3.24497 2.00441 -0.30448,
3.15657 1.24777 -0.639376,
3.15764 1.31827 -0.636336,
3.14739 1.31542 -0.566743,
3.13765 1.25085 -0.704208,
3.13873 1.32136 -0.701168,
3.10674 1.32156 -0.69452,
3.13379 1.2538 -0.770952,
3.13487 1.32429 -0.767912,
3.1009 1.32749 -0.829888,
3.15069 1.25472 -0.798256,
3.15177 1.32521 -0.795208,
3.13469 1.32957 -0.890128,
3.11217 2.03852 -1.04786,
3.13942 3.82457 -0.970751,
3.16534 1.21585 -0.710464,
3.17706 1.25346 -0.77856,
3.19597 1.25041 -0.714672,
3.17813 1.32397 -0.77552,
3.19705 1.32092 -0.711632,
3.18838 1.32685 -0.846056,
3.22903 1.32068 -0.717336,
3.31529 2.64665 -0.586728,
3.31336 2.64831 -0.624328,
3.32302 3.28189 -0.596984,
3.33225 3.43013 -0.411632,
3.32333 2.84542 -0.436871,
3.31348 2.00872 -0.428723,
3.31531 2.64621 -0.576387,
3.32021 2.64049 -0.445717,
3.14101 3.22854 -0.388036,
3.13207 2.64197 -0.413356,
3.11977 2.64394 -0.454697,
3.11883 2.64404 -0.456576,
3.13758 2.00985 -0.392628,
3.07819 2.65009 -0.582469,
3.08056 2.8052 -0.575773,
3.09024 3.43972 -0.548384,
3.07313 3.44521 -0.669624,
3.07506 3.4436 -0.632968,
3.07273 3.29037 -0.639576,
3.06301 2.65397 -0.667048,
3.06108 2.65558 -0.703712,
3.06011 2.65637 -0.721568,
3.05441 2.02239 -0.653816,
3.04273 2.03421 -0.923616,
3.05429 2.66173 -0.843776,
3.05733 2.86102 -0.835176,
3.06997 3.82027 -0.846512,
3.06728 3.45123 -0.80688,
3.06633 3.45136 -0.809696,
3.24525 2.6603 -0.878032,
3.25422 3.24877 -0.852624,
3.24587 3.81915 -0.882608,
3.25729 3.44993 -0.843936,
3.26958 3.448 -0.803544,
3.30644 3.44257 -0.6908,
3.31117 3.44181 -0.674824,
3.30147 2.80635 -0.702256,
3.3018 2.02054 -0.69852,
3.29912 2.65218 -0.708912,
3.25753 2.65849 -0.84044,
3.21862 2.03309 -0.959704,
3.25753 2.65837 -0.837624,
3.40125 3.88386 -0.407206,
3.07092 3.89119 -0.4601,
3.0661 3.57533 -0.473733,
3.38228 3.88882 -0.515282,
3.37746 3.57297 -0.528916,
3.39644 3.56801 -0.42084,
3.08895 3.88625 -0.352021,
3.08413 3.57039 -0.365656,
3.30394 3.81046 -0.505367,
3.3163 3.80364 -0.395477,
3.26085 3.82297 -0.496287,
3.244 3.81267 -0.382738,
3.27222 3.79047 -0.227384,
3.22518 3.82797 -0.490368,
3.17332 3.80475 -0.370732,
3.16954 3.80383 -0.369825,
3.19031 3.82351 -0.483916,
3.20542 3.84324 -0.597056,
3.33784 3.79689 -0.399567,
3.33045 3.57259 -0.503433,
3.33391 3.80175 -0.510496,
3.32905 3.80661 -0.621424,
3.33043 3.57332 -0.520356,
3.33661 3.71699 -0.403016,
3.32541 3.43794 -0.590244,
3.3314 3.57241 -0.499675,
3.33636 3.70007 -0.403748,
3.3353 3.63051 -0.40675,
3.34073 3.79478 -0.351626,
3.33223 3.43061 -0.422914,
3.33237 3.57138 -0.476173,
3.32734 3.43629 -0.552644,
3.33435 3.56847 -0.409428,
3.1497 3.79833 -0.366267,
3.14649 3.58777 -0.375356,
3.13961 3.57085 -0.395856,
3.11226 3.5797 -0.482088,
3.11568 3.80343 -0.472432,
3.11289 3.62106 -0.480304,
3.09401 3.43925 -0.53899,
3.08165 3.80845 -0.576716,
3.11313 3.57487 -0.479473,
3.11219 3.57501 -0.482292,
3.16483 3.79591 -0.315531,
3.14412 3.4316 -0.379272,
3.13182 3.43357 -0.420612,
3.14433 3.57013 -0.380824,
3.14622 3.5699 -0.376127,
3.33412 1.47772 -0.660784,
3.33977 1.84809 -0.6448,
3.26749 1.40825 -0.512044,
3.31671 1.83452 -0.322282,
3.31106 1.46415 -0.338269,
3.16432 1.83585 -0.299398,
3.03405 1.85057 -0.594328,
3.12819 1.40905 -0.524996,
3.02839 1.48021 -0.61032,
3.15866 1.46549 -0.315385,
3.26789 1.63804 -0.64152,
3.26708 1.5854 -0.643792,
3.27231 1.92858 -0.630864,
3.27601 1.9098 -0.524304,
3.2694 1.41031 -0.516668,
3.26827 1.40508 -0.569639,
3.2648 1.43593 -0.650248,
3.26424 1.39935 -0.653712,
3.27601 1.90862 -0.518705,
3.27694 1.90477 -0.495324,
3.27805 1.97715 -0.4922,
3.25753 1.92327 -0.458706,
3.26897 1.38211 -0.517886,
3.24939 1.38933 -0.481754,
3.22996 1.89811 -0.411716,
3.23281 1.90011 -0.415401,
3.21884 1.41462 -0.424104,
3.22737 1.97394 -0.39996,
3.22615 1.89404 -0.403409,
3.17664 1.92393 -0.445374,
3.21409 1.41301 -0.428875,
3.21125 1.41224 -0.431731,
3.21829 1.3789 -0.425645,
3.16849 1.38998 -0.468421,
3.15569 1.91091 -0.463801,
3.14619 1.90574 -0.471546,
3.13865 1.41128 -0.49289,
3.1358 1.41079 -0.502326,
3.14729 1.97812 -0.468422,
3.12928 1.91485 -0.523875,
3.10392 1.92894 -0.601408,
3.13821 1.38308 -0.494108,
3.09586 1.40065 -0.624208,
3.09643 1.43825 -0.622584,
3.10184 1.79264 -0.607288,
3.09953 1.64129 -0.613824,
3.00469 1.48608 -0.738128,
3.01033 1.85645 -0.722136,
3.03339 1.87002 -1.04466,
3.02774 1.49965 -1.06065,
3.18767 1.86865 -1.06754,
3.31794 1.85394 -0.772608,
3.18201 1.49829 -1.08353,
3.31229 1.48357 -0.7886,
3.07797 1.92624 -0.835072,
3.08585 1.98737 -0.661024,
3.07769 1.64625 -0.742616,
3.08209 1.93479 -0.729224,
3.07459 1.4432 -0.751384,
3.07685 1.59172 -0.744968,
3.07678 1.39233 -0.686712,
3.07032 1.42153 -0.837088,
3.07403 1.40649 -0.752024,
3.07701 1.92563 -0.842632,
3.06845 1.42939 -0.887608,
3.07709 1.99622 -0.863136,
3.07597 1.9229 -0.866304,
3.09694 1.94481 -0.901175,
3.07125 1.42857 -0.891408,
3.06801 1.40119 -0.888816,
3.0888 1.41088 -0.924224,
3.12007 1.92475 -0.946344,
3.12286 1.92298 -0.950192,
3.12486 1.43795 -0.974912,
3.11924 1.44008 -0.978576,
3.12654 1.91855 -0.957928,
3.12777 1.9994 -0.954431,
3.17878 1.94409 -0.913567,
3.12766 1.4359 -0.972176,
3.11869 1.40436 -0.98012,
3.17064 1.41017 -0.936616,
3.19742 1.92993 -0.897256,
3.20297 1.42701 -0.902032,
3.20014 1.42841 -0.911384,
3.20769 1.92286 -0.89004,
3.20879 1.99525 -0.886912,
3.22481 1.92773 -0.834288,
3.24954 1.93445 -0.75868,
3.26929 1.98601 -0.694312,
3.24747 1.7981 -0.763624,
3.24513 1.64488 -0.770232,
3.24203 1.44184 -0.778992,
3.26021 1.39097 -0.72,
3.20954 1.42312 -0.8796,
3.19971 1.40021 -0.9126,
3.24147 1.40521 -0.78152,
0.0136885 -3.46464 0.461466,
0.0139443 -3.47227 0.638212,
-0.0194993 -3.45583 0.727508,
-0.033133 -3.51094 0.459534,
-0.0328772 -3.51857 0.63628,
-0.0519777 -3.48731 0.726196,
-0.0973871 -3.52783 0.458897,
-0.0971313 -3.53546 0.635644,
-0.0963866 -3.49887 0.725762,
-0.159244 -3.51091 0.459718,
-0.158988 -3.51854 0.636464,
-0.139482 -3.48598 0.72638,
-0.205572 -3.46319 0.461846,
-0.205316 -3.47083 0.638592,
-0.170985 -3.45354 0.727827,
-0.222473 -3.399 0.464642,
-0.222218 -3.40663 0.641388,
-0.182557 -3.41011 0.729719,
-0.204562 -3.33534 0.467366,
-0.204306 -3.34297 0.644112,
-0.170607 -3.36704 0.731562,
-0.158681 -3.28902 0.4693,
-0.158426 -3.29665 0.646046,
-0.138128 -3.33556 0.732875,
-0.0934862 -3.27214 0.469934,
-0.0932304 -3.27977 0.64668,
-0.0937193 -3.32401 0.733309,
-0.0316159 -3.28812 0.469154,
-0.0313601 -3.29575 0.645901,
-0.0506096 -3.33595 0.732731,
-0.0954367 -3.39999 0.464416,
0.0147123 -3.33583 0.467027,
0.0315997 -3.40097 0.464189,
0.0149682 -3.34347 0.643772,
0.0318557 -3.40861 0.640936,
-0.0191064 -3.36839 0.731284,
-0.00753432 -3.41183 0.729392,
-0.0950271 -3.41221 0.747398,
0.316847 -3.76541 0.448037,
0.275799 -3.75887 0.57271,
0.122266 -3.71539 0.645452,
0.14049 -3.85112 0.444591,
0.116522 -3.83543 0.569633,
0.0274589 -3.76096 0.64362,
-0.0999425 -3.88039 0.443675,
-0.0994042 -3.86225 0.568788,
-0.0998359 -3.7769 0.643116,
-0.33846 -3.84574 0.445516,
-0.315368 -3.82982 0.5705,
-0.225674 -3.75901 0.644072,
-0.515912 -3.75655 0.449625,
-0.473176 -3.74845 0.574244,
-0.319048 -3.71058 0.646298,
-0.57994 -3.63523 0.454958,
-0.530833 -3.64132 0.578953,
-0.353827 -3.64611 0.649133,
-0.516945 -3.51583 0.460023,
-0.473671 -3.53406 0.583503,
-0.31992 -3.58269 0.651823,
-0.339633 -3.42919 0.463508,
-0.315306 -3.4556 0.586662,
-0.226994 -3.53709 0.653658,
-0.0982594 -3.39994 0.464422,
-0.0984527 -3.42974 0.587465,
-0.0978169 -3.52118 0.654157,
0.140257 -3.43459 0.46258,
0.115658 -3.46026 0.585838,
0.0280207 -3.53907 0.653203,
-0.0990938 -3.63969 0.454068,
0.317696 -3.52472 0.458431,
0.381724 -3.64605 0.453099,
0.275348 -3.54167 0.582091,
0.332976 -3.65067 0.5773,
0.121394 -3.5875 0.650976,
0.156173 -3.65197 0.648142,
-0.0987862 -3.64887 0.66654,
-0.237751 -2.68988 0.169394,
-0.3795 -2.85134 0.162627,
-0.397336 -3.03347 0.154787,
-0.450101 -2.91424 0.160954,
0.157393 -3.8702 0.116905,
0.310572 -3.76159 0.121374,
0.398092 -3.57674 0.129231,
0.41814 -3.37296 0.13706,
0.363109 -3.09386 0.150136,
0.273439 -2.92607 0.157512,
0.107188 -2.71952 0.166673,
-0.0306949 -3.92414 0.123325,
0.15273 -3.87135 0.145119,
0.304049 -3.76339 0.165575,
0.3897 -3.57888 0.181896,
0.409752 -3.37523 0.192546,
0.355652 -3.09585 0.199039,
0.266908 -2.92764 0.196072,
0.103454 -2.72035 0.187364,
0.0158586 -2.47698 0.188583,
-0.0125466 -2.17927 0.197714,
-0.0344477 -3.9244 0.130854,
0.138656 -3.87232 0.172413,
0.280589 -3.7649 0.208871,
0.36155 -3.58073 0.234603,
0.380663 -3.37715 0.247135,
0.330317 -3.09755 0.24704,
0.246264 -2.92899 0.234661,
0.0931341 -2.72109 0.208069,
0.011169 -2.47735 0.198935,
-0.0153585 -2.17955 0.205241,
-0.0410245 -3.92459 0.137449,
0.114228 -3.87304 0.197848,
0.243012 -3.76607 0.249376,
0.316457 -3.58216 0.283585,
0.333691 -3.37863 0.298002,
0.288982 -3.09882 0.291313,
0.214325 -2.93005 0.270453,
0.0752845 -2.72163 0.22691,
0.00177352 -2.47761 0.208356,
-0.0228776 -2.17968 0.210898,
-0.0504226 -3.92477 0.14499,
0.0822709 -3.87353 0.220479,
0.191313 -3.76683 0.285209,
0.25536 -3.5831 0.32696,
0.270714 -3.37958 0.342321,
0.232584 -3.09967 0.330917,
0.169205 -2.93066 0.300632,
0.0508453 -2.72199 0.243883,
-0.0113855 -2.47783 0.217785,
-0.0313362 -2.17983 0.217496,
-0.0626462 -3.92483 0.150656,
0.0427789 -3.87371 0.238424,
0.130196 -3.76716 0.314483,
0.180139 -3.58345 0.361904,
0.192671 -3.37994 0.378211,
0.163944 -3.10001 0.363027,
0.11373 -2.93095 0.327073,
0.0226371 -2.72213 0.257105,
-0.0273714 -2.47787 0.2244,
-0.0407386 -2.1799 0.222217,
-0.0748726 -3.9248 0.154443,
-0.00236448 -3.87363 0.252621,
0.0587189 -3.76702 0.336256,
0.0945541 -3.5833 0.388408,
0.103324 -3.37975 0.405662,
0.0858837 -3.09983 0.386694,
0.0516573 -2.93083 0.346007,
-0.0112206 -2.72207 0.267518,
-0.0442996 -2.47785 0.230076,
-0.0520267 -2.1798 0.224122,
-0.089923 -3.92469 0.157294,
-0.0512807 -3.87321 0.260245,
-0.018416 -3.76641 0.34958,
0.000487041 -3.58255 0.404588,
0.0073764 -3.37903 0.422787,
0.000282962 -3.09919 0.401916,
-0.0170111 -2.93031 0.358372,
-0.0479064 -2.72179 0.274175,
-0.0621727 -2.47771 0.232934,
-0.064253 -2.17979 0.227907,
-0.104036 -3.92448 0.157324,
-0.102085 -3.87256 0.263172,
-0.0993271 -3.76539 0.354452,
-0.0954772 -3.58135 0.410431,
-0.0923515 -3.37777 0.428637,
-0.0881554 -3.09806 0.406804,
-0.0866327 -2.92942 0.36228,
-0.0855399 -2.72131 0.276135,
-0.0819304 -2.47744 0.233915,
-0.0774257 -2.17958 0.227935,
-0.116268 -3.9243 0.15735,
-0.151016 -3.87174 0.261395,
-0.177428 -3.76404 0.350855,
-0.190516 -3.57971 0.40593,
-0.190212 -3.37608 0.424143,
-0.175665 -3.09657 0.403227,
-0.155324 -2.92821 0.358664,
-0.120356 -2.7207 0.274328,
-0.099809 -2.47713 0.233013,
-0.0887165 -2.17941 0.227959,
-0.130386 -3.92396 0.15456,
-0.199953 -3.87067 0.253976,
-0.255542 -3.76228 0.337857,
-0.283688 -3.5776 0.390144,
-0.28809 -3.37391 0.408366,
-0.260368 -3.09467 0.389303,
-0.223086 -2.92671 0.347524,
-0.15706 -2.7199 0.268764,
-0.118631 -2.47672 0.230232,
-0.101895 -2.17904 0.224226,
-0.144505 -3.92359 0.150828,
-0.246078 -3.86936 0.239971,
-0.328022 -3.76029 0.317327,
-0.370288 -3.57519 0.364941,
-0.376575 -3.37139 0.381288,
-0.340378 -3.09244 0.365967,
-0.286154 -2.92494 0.328854,
-0.190948 -2.71894 0.258494,
-0.135575 -2.47627 0.225567,
-0.112249 -2.17877 0.221428,
-0.155804 -3.92317 0.145212,
-0.285622 -3.86799 0.222192,
-0.390163 -3.75814 0.289252,
-0.446552 -3.57253 0.330316,
-0.454722 -3.36866 0.345727,
-0.409111 -3.09002 0.334147,
-0.341704 -2.92299 0.303587,
-0.220135 -2.71792 0.245393,
-0.15158 -2.4757 0.21808,
-0.123545 -2.17843 0.217691,
-0.165224 -3.9227 0.13771,
-0.318585 -3.86656 0.200638,
-0.442905 -3.75579 0.253638,
-0.508712 -3.5698 0.289081,
-0.519707 -3.3658 0.302616,
-0.466563 -3.08745 0.294782,
-0.387852 -2.921 0.2736,
-0.245564 -2.71681 0.228524,
-0.164766 -2.47514 0.209646,
-0.132023 -2.17802 0.211127,
-0.171819 -3.92236 0.132083,
-0.343085 -3.86509 0.175305,
-0.48154 -3.75351 0.214234,
-0.555828 -3.56698 0.240293,
-0.568706 -3.36291 0.252892,
-0.508967 -3.08493 0.251625,
-0.421775 -2.91898 0.238886,
-0.262527 -2.71574 0.209757,
-0.17419 -2.47454 0.199324,
-0.137676 -2.1777 0.205499,
-0.17985 -2.47401 0.188995,
-0.142392 -2.1773 0.197987,
-0.143344 -2.17695 0.190468,
-0.177502 -3.92114 0.105772,
-0.35923 -3.86177 0.0822244,
-0.507173 -3.74764 0.0657044,
-0.587151 -3.55973 0.0616908,
-0.600976 -3.35545 0.0695916,
-0.142415 -2.1766 0.182004,
-0.173756 -3.92067 0.0935412,
-0.345171 -3.86036 0.04459,
-0.484674 -3.74551 0.00830844,
-0.559023 -3.55719 -0.00699876,
-0.571913 -3.35276 -0.00286035,
-0.513056 -3.07518 0.0269396,
-0.424859 -2.91115 0.0583852,
-0.264548 -2.71157 0.113866,
-0.175201 -2.47241 0.150439,
-0.139606 -2.17624 0.172597,
-0.167182 -3.92039 0.085066,
-0.321696 -3.85929 0.0116348,
-0.446175 -3.74378 -0.0453604,
-0.514894 -3.55507 -0.0719612,
-0.525905 -3.35058 -0.0697076,
-0.471743 -3.07321 -0.0333164,
-0.391996 -2.90962 0.0113084,
-0.247647 -2.71077 0.0893868,
-0.165812 -2.47199 0.137258,
-0.132092 -2.17595 0.16318,
-0.157787 -3.92014 0.0756452,
-0.289748 -3.85848 -0.0185164,
-0.396375 -3.74251 -0.0924723,
-0.452876 -3.55358 -0.1285,
-0.462951 -3.34898 -0.129068,
-0.416305 -3.07177 -0.0860811,
-0.346892 -2.90851 -0.0301524,
-0.223216 -2.71017 0.0667724,
-0.152656 -2.47167 0.125008,
-0.124576 -2.17575 0.155643,
-0.145564 -3.92003 0.069038,
-0.249325 -3.85804 -0.0430452,
-0.333391 -3.74175 -0.132091,
-0.378612 -3.55267 -0.175664,
-0.384926 -3.34805 -0.17812,
-0.346741 -3.07096 -0.129474,
-0.292368 -2.90788 -0.0641124,
-0.194074 -2.70984 0.0488492,
-0.136675 -2.4715 0.115572,
-0.115176 -2.1756 0.149043,
-0.133341 -3.91998 0.0633716,
-0.205128 -3.85794 -0.0610012,
-0.262865 -3.74157 -0.161384,
-0.293042 -3.55243 -0.211568,
-0.296532 -3.34785 -0.214032,
-0.269633 -3.07075 -0.161601,
-0.230305 -2.90772 -0.0896268,
-0.160221 -2.70974 0.0346748,
-0.119749 -2.47143 0.108016,
-0.102951 -2.17559 0.144316,
-0.118291 -3.92005 0.0595796,
-0.156217 -3.85819 -0.072386,
-0.184796 -3.74198 -0.179411,
-0.199924 -3.55291 -0.233388,
-0.200592 -3.34833 -0.236796,
-0.184039 -3.07119 -0.181524,
-0.161642 -2.90807 -0.105753,
-0.123538 -2.70993 0.0261372,
-0.101877 -2.47155 0.104218,
-0.0907236 -2.17564 0.14147,
-0.104178 -3.92026 0.05955,
-0.104473 -3.85882 -0.076254,
-0.104828 -3.74291 -0.18616,
-0.103021 -3.55404 -0.241112,
-0.0999265 -3.34954 -0.244529,
-0.0946622 -3.07227 -0.188292,
-0.0910822 -2.9089 -0.111542,
-0.0868455 -2.71041 0.0241796,
-0.0821209 -2.47175 0.102296,
-0.0775522 -2.17581 0.140503,
-0.0910054 -3.92046 0.059522,
-0.0564826 -3.85966 -0.0735348,
-0.0257842 -3.74435 -0.180684,
-0.00797984 -3.55578 -0.234732,
-0.00206272 -3.3513 -0.238153,
-0.00809072 -3.07383 -0.182834,
-0.0233302 -2.91013 -0.106984,
-0.0510883 -2.71103 0.0259852,
-0.064241 -2.47211 0.104138,
-0.06626 -2.17602 0.141419,
-0.0768863 -3.92083 0.0632532,
-0.00659968 -3.86087 -0.0632988,
0.0523357 -3.74627 -0.163926,
0.0861405 -3.55809 -0.214246,
0.0958213 -3.35368 -0.217676,
0.0775589 -3.07593 -0.164212,
0.0453781 -2.91182 -0.0920868,
-0.0134412 -2.71193 0.0334268,
-0.0454174 -2.47255 0.10786,
-0.0540241 -2.17632 0.144213,
-0.0637056 -3.92127 0.0688668,
0.0385901 -3.86233 -0.0455308,
0.123885 -3.74857 -0.135873,
0.172752 -3.56087 -0.180583,
0.185259 -3.35658 -0.182139,
0.15664 -3.07847 -0.133352,
0.107512 -2.91382 -0.067774,
0.0195109 -2.71303 0.0474596,
-0.0275292 -2.47315 0.115344,
-0.0417856 -2.17671 0.148889,
-0.0514642 -3.92175 0.075422,
0.0790837 -3.86399 -0.0211716,
0.186981 -3.75119 -0.0974596,
0.249032 -3.56397 -0.135617,
0.264364 -3.35985 -0.134358,
0.227269 -3.08137 -0.0911956,
0.164957 -2.91615 -0.0340492,
0.0496445 -2.71422 0.0643188,
-0.0115202 -2.4738 0.124711,
-0.0314274 -2.17711 0.154508,
-0.0420429 -3.92225 0.0838628,
0.112059 -3.86579 0.00884365,
0.238798 -3.75396 -0.0515012,
0.312154 -3.56736 -0.0793404,
0.328429 -3.3633 -0.0771444,
0.284738 -3.08443 -0.0405476,
0.210179 -2.91859 0.00628205,
0.0731997 -2.71555 0.0868324,
0.000727843 -2.47447 0.135967,
-0.022947 -2.1776 0.162951,
-0.035443 -3.92276 0.09325,
0.136569 -3.86755 0.0407564,
0.277452 -3.75687 0.00200525,
0.358351 -3.57083 -0.0155076,
0.377453 -3.36692 -0.0104972,
0.326224 -3.08766 0.019534,
0.24412 -2.92112 0.053218,
0.0920517 -2.71686 0.110296,
0.0101546 -2.47515 0.148169,
-0.0163484 -2.17807 0.171398,
-0.104098 -3.92266 0.115018,
-0.0307221 -3.92332 0.104523,
-0.0297662 -3.92379 0.114862,
0.151676 -3.86935 0.07739,
0.156437 -3.87109 0.115926,
0.302 -3.75971 0.059302,
0.310555 -3.76243 0.119453,
0.38762 -3.57427 0.0540004,
0.398074 -3.57755 0.12637,
0.407665 -3.37046 0.06089,
0.418123 -3.37383 0.13514,
0.3536 -3.09075 0.081526,
0.363105 -3.09374 0.147316,
0.26489 -2.92355 0.102061,
0.272495 -2.92598 0.155634,
0.103382 -2.7182 0.137537,
0.107186 -2.71948 0.165733,
0.0158218 -2.47588 0.163199,
0.0167831 -2.4765 0.177299,
-0.0125711 -2.17854 0.180792,
-0.0116167 -2.17895 0.190191,
-0.0774802 -2.17795 0.19033,
-0.177476 -3.92191 0.123634,
-0.237722 -2.688 0.169476,
-0.510864 -3.75112 0.12584,
-0.358181 -3.86364 0.147133,
-0.505126 -3.75124 0.170097,
-0.513644 -3.74826 0.125968,
-0.585072 -3.56427 0.187706,
-0.402747 -2.95629 0.158128,
-0.545845 -3.08302 0.154746,
-0.598894 -3.36011 0.198427,
-0.536322 -3.08245 0.203735,
-0.443472 -2.91699 0.200385,
-0.274789 -2.71466 0.189099,
-0.196407 -2.509 0.176205,
-0.227584 -2.82543 0.163526,
-0.356354 -3.86339 0.118884,
-0.227569 -2.82449 0.163566,
-0.178429 -3.92152 0.115174,
-0.225244 -3.90582 0.116863,
-0.362926 -3.86236 0.118939,
-0.363881 -3.86328 0.1189,
-0.513658 -3.7492 0.125928,
-0.396353 -3.03067 0.154906,
-0.594602 -3.56463 0.134017,
-0.513672 -3.75014 0.125887,
-0.5955 -3.56179 0.13414,
-0.251348 -2.65583 0.170885,
-0.609353 -3.35943 0.1429,
-0.595514 -3.56273 0.1341,
-0.609324 -3.35755 0.142981,
-0.60931 -3.3566 0.143021,
-0.609339 -3.35848 0.14294,
-0.378559 -2.85135 0.162625,
-0.407941 -2.86504 0.163017,
-0.544847 -3.07927 0.154906,
-0.406031 -2.8632 0.163094,
-0.407956 -2.86599 0.162977,
-0.545802 -3.0802 0.154867,
-0.53837 -3.07747 0.0890412,
-0.545804 -3.08015 0.153927,
-0.449146 -2.91331 0.160993,
-0.27486 -2.71255 0.140212,
-0.451056 -2.91517 0.160915,
-0.444544 -2.91303 0.109193,
-0.450116 -2.91519 0.160914,
-0.180808 -2.47351 0.177715,
-0.278582 -2.71371 0.168424,
-0.179885 -2.47295 0.164551,
-0.207503 -0.466716 0.310576,
0.137209 -0.508745 0.289424,
0.163508 0.11585 0.235358,
0.0053244 0.121576 0.158599,
0.00400368 0.055651 0.00599164,
-0.0915889 0.123045 0.158803,
-0.0929096 0.0571196 0.00619644,
-0.248609 0.122103 0.236224,
-0.54704 0.0542236 0.233725,
-0.248538 0.119987 0.285111,
-0.546969 0.0521154 0.282612,
-0.0931741 0.114223 0.363757,
-0.0940634 0.0354298 0.509174,
0.006562 0.112714 0.363547,
0.00567272 0.0339128 0.508964,
0.16358 0.113694 0.285186,
0.459802 0.0368088 0.281435,
0.45973 0.038956 0.231608,
0.161944 0.0133896 0.230935,
0.0037612 0.0191163 0.154176,
-0.0178797 0.0194391 0.154221,
-0.044225 0.0198425 0.154277,
-0.0931521 0.0205849 0.154379,
-0.250156 0.0191533 0.243083,
-0.250172 0.0196356 0.231801,
-0.250137 0.0185775 0.256245,
-0.250101 0.0175272 0.280688,
-0.0947373 0.0117634 0.359334,
-0.0721555 0.0114164 0.359286,
-0.0448693 0.0110048 0.359228,
0.00499872 0.0102463 0.359124,
0.162016 0.0112344 0.280762,
-0.0440781 0.0154544 0.255812,
0.161981 0.0122927 0.256318,
0.162 0.0117247 0.26948,
0.171774 -0.330234 0.222673,
0.19864 0.0128328 0.230858,
0.179766 0.0147803 0.192352,
0.168856 -0.33555 0.215855,
-0.00621888 -0.325442 0.130833,
0.0856061 0.018278 0.144602,
0.00373264 0.0199642 0.134433,
-0.00154176 -0.327432 0.131681,
-0.049252 -0.307582 0.125073,
-0.0861542 -0.321366 0.130183,
-0.0931806 0.0214328 0.134637,
-0.172204 0.0222306 0.144204,
-0.0899308 -0.322288 0.13109,
-0.098455 -0.325963 0.131885,
-0.270457 -0.323373 0.219843,
-0.268108 0.0216526 0.191413,
-0.28969 0.0202328 0.231885,
-0.269563 -0.326082 0.216899,
-0.266376 -0.613919 0.22801,
-0.284297 -0.308063 0.241245,
-0.255019 -0.552477 0.262672,
-0.273194 -0.323149 0.259415,
-0.268552 -0.328206 0.265784,
-0.274559 -0.228452 0.270101,
-0.28962 0.0181244 0.280772,
-0.269806 0.0161998 0.318336,
-0.244875 -0.507531 0.287204,
-0.0953152 -0.335464 0.350932,
-0.100048 -0.337278 0.350861,
-0.0947101 0.0109463 0.378137,
-0.0995022 -0.301596 0.353343,
-0.175644 0.0126631 0.367024,
-0.0509911 -0.391818 0.353144,
-0.0498683 -0.318612 0.359129,
-0.0143515 -0.333958 0.352764,
0.005026 0.00943724 0.377927,
0.0812245 0.0087266 0.367424,
-0.000312399 -0.338788 0.350651,
0.184247 -0.31709 0.241119,
0.158002 -0.618518 0.228139,
0.176594 -0.326909 0.252951,
0.198712 0.0106776 0.280685,
0.176188 0.00931284 0.320218,
0.169893 -0.335718 0.262941,
0.150209 -0.576978 0.250666,
0.168928 -0.337705 0.265682,
-0.0866378 -2.71251 0.138058,
-0.257448 -0.643496 0.21165,
-0.233228 -0.716597 0.172665,
-0.219309 -0.728794 0.166467,
-0.154377 -0.78681 0.134669,
-0.145939 -0.788778 0.13363,
-0.0568988 -0.811266 0.121226,
-0.0521786 -0.810438 0.122197,
0.0413621 -0.787939 0.135278,
-0.17804 -0.506708 0.288085,
0.0508909 -0.780724 0.139344,
0.12248 -0.719254 0.173919,
-0.160805 -0.488528 0.297321,
0.130367 -0.697257 0.185219,
-0.166308 -0.422247 0.335042,
-0.198884 -0.457654 0.315664,
0.0989309 -0.662722 0.20371,
-0.118097 -0.409154 0.342131,
-0.0069644 -0.40442 0.345942,
0.132323 -0.692662 0.187298,
0.0965141 -0.464873 0.313041,
0.0585981 -0.42382 0.335591,
0.111853 -0.620596 0.227174,
0.0899821 -0.692024 0.187387,
0.110868 -0.623359 0.226114,
0.100903 -0.657226 0.20677,
0.106834 -0.639862 0.216931,
0.0959581 -0.671874 0.19861,
0.0969589 -0.66821 0.20065,
-0.0095148 -2.71274 0.116272,
0.0879797 -0.699352 0.183306,
0.0822605 -0.703882 0.181235,
0.0287742 -0.751854 0.154752,
-0.042471 -2.71151 0.0994197,
0.0240096 -0.755462 0.152719,
0.0192907 -0.756329 0.152688,
0.0164523 -0.757181 0.151713,
-0.0867018 -2.71059 0.0938724,
-0.0563279 -0.776323 0.140631,
-0.0722476 -0.7715 0.143688,
-0.0638094 -0.77347 0.14265,
-0.0666322 -0.773421 0.142655,
-0.129975 -2.71019 0.0996044,
-0.136916 -0.754857 0.152036,
-0.16193 -0.730558 0.165365,
-0.14153 -0.749272 0.15511,
-0.153582 -0.738046 0.161263,
-0.162884 -2.71037 0.115655,
-0.198085 -0.69685 0.182886,
-0.220376 -0.621081 0.224809,
-0.199861 -0.690406 0.186935,
-0.213254 -0.646045 0.211475,
-0.175084 -2.71116 0.138244,
-0.223093 -0.61462 0.228859,
-0.221137 -0.610025 0.230938,
-0.216072 -0.588026 0.243184,
-0.204971 -0.542196 0.268695,
-0.163761 -2.71227 0.159844,
-0.202923 -0.532127 0.274778,
-0.168465 -0.496753 0.294152,
-0.157951 -0.486767 0.299277,
-0.189526 -0.51851 0.28194,
-0.200056 -0.529389 0.275834,
-0.190483 -0.519394 0.280961,
-0.178996 -0.507631 0.288046,
-0.169422 -0.497638 0.293173,
-0.158892 -0.486759 0.299279,
-0.140714 -0.468634 0.309454,
-0.130805 -2.7135 0.176697,
-0.121806 -0.463396 0.312479,
-0.138847 -0.469598 0.30941,
-0.0802254 -0.452994 0.31852,
-0.0518624 -0.445161 0.323525,
-0.0865738 -2.71441 0.182245,
0.023094 -0.465599 0.312174,
-0.0509372 -0.446078 0.322544,
0.0296061 -0.470315 0.310077,
-0.0433003 -2.71482 0.176513,
0.0870549 -0.525446 0.279356,
0.0343101 -0.470388 0.310067,
0.0944477 -0.533859 0.275215,
-0.0103918 -2.71463 0.160461,
0.112824 -0.618772 0.228194,
0.00180744 -2.71384 0.137872,
0.0943877 -0.537539 0.273172,
0.385408 -3.12817 0.260707,
0.667798 -3.55651 0.241799,
0.70836 -3.62243 0.314245,
0.824246 -3.79907 0.306449,
0.824462 -3.80561 0.457812,
0.381022 -3.12802 0.411424,
0.420673 -3.19208 0.484892,
0.283245 -3.16235 0.259379,
0.506014 -3.61235 0.239622,
0.537139 -3.68 0.312006,
0.628461 -3.86286 0.303977,
0.62868 -3.86939 0.45534,
0.278873 -3.16127 0.410136,
0.31094 -3.22896 0.483458,
0.175566 -3.18799 0.258427,
0.336947 -3.6521 0.23815,
0.360501 -3.72246 0.310429,
0.425335 -3.91431 0.302048,
0.425554 -3.92086 0.453412,
0.174016 -3.18694 0.409179,
0.196646 -3.25639 0.48244,
0.0670749 -3.20515 0.257844,
0.163347 -3.68049 0.237175,
0.176536 -3.75163 0.309435,
0.216864 -3.94594 0.300985,
0.217083 -3.95248 0.452348,
0.0645997 -3.20315 0.408637,
0.0787461 -3.27339 0.481876,
-0.0441093 -3.2138 0.257631,
-0.0137728 -3.69285 0.236898,
-0.00906544 -3.76481 0.309135,
0.00393264 -3.96151 0.30062,
0.00415168 -3.96805 0.451983,
-0.0437625 -3.21183 0.408418,
-0.0399803 -3.28289 0.481638,
-0.155151 -3.21307 0.257824,
-0.188796 -3.69114 0.237224,
-0.194439 -3.76294 0.309484,
-0.208741 -3.96017 0.300987,
-0.208522 -3.96671 0.452348,
-0.153848 -3.21018 0.408649,
-0.158549 -3.28203 0.481846,
-0.266989 -3.2029 0.258424,
-0.3655 -3.67623 0.238124,
-0.380537 -3.74695 0.310444,
-0.421142 -3.94097 0.302123,
-0.420923 -3.94751 0.453485,
-0.264761 -3.20096 0.409208,
-0.278856 -3.27174 0.482464,
-0.375876 -3.18433 0.259384,
-0.539137 -3.64539 0.239708,
-0.561688 -3.71506 0.312083,
-0.628595 -3.90585 0.30394,
-0.628376 -3.91239 0.455302,
-0.373648 -3.18239 0.410168,
-0.396182 -3.25115 0.483523,
-0.482752 -3.15731 0.260704,
-0.585721 -3.12097 0.262424,
-0.707884 -3.6024 0.241809,
-0.869826 -3.54542 0.244504,
-0.739814 -3.67004 0.314284,
-0.910178 -3.61011 0.31712,
-0.832014 -3.85294 0.30652,
-1.02671 -3.78416 0.309772,
-0.83179 -3.85947 0.457882,
-1.02649 -3.79071 0.461134,
-0.478642 -3.15542 0.411484,
-0.508675 -3.22219 0.484938,
-0.620084 -3.18382 0.486756,
-0.579744 -3.12003 0.413159,
0.0962253 -2.77495 0.27638,
0.282462 -3.152 0.259828,
0.0608517 -2.70851 0.430004,
0.28268 -3.1585 0.410249,
0.0423933 -2.7873 0.275925,
0.175724 -3.17765 0.258874,
0.0164575 -2.71912 0.42961,
0.175942 -3.18415 0.409296,
-0.014219 -2.79679 0.275598,
0.0672333 -3.19481 0.25829,
-0.0307169 -2.72687 0.429344,
0.0674509 -3.20131 0.408712,
-0.0707451 -2.80063 0.275513,
-0.0448924 -3.20345 0.258079,
-0.0759378 -2.72995 0.429277,
-0.0446748 -3.20995 0.408501,
-0.126259 -2.79979 0.27563,
-0.154993 -3.20272 0.25827,
-0.121101 -2.72927 0.429372,
-0.154776 -3.20922 0.408692,
-0.183596 -2.79516 0.275913,
-0.266832 -3.19256 0.258871,
-0.167163 -2.72575 0.42959,
-0.266614 -3.19907 0.409292,
-0.238967 -2.78492 0.276436,
-0.29428 -2.77091 0.27712,
-0.375719 -3.17399 0.25983,
-0.482595 -3.14698 0.261151,
-0.213152 -2.71752 0.430012,
-0.375501 -3.18048 0.410252,
-0.482377 -3.15347 0.411573,
-0.257217 -2.70651 0.430552,
-0.0502621 -3.95348 -0.019198,
-0.0387879 -3.93449 -0.0701995,
-0.0350653 -3.93879 -0.0590883,
-0.0614415 -3.94159 -0.0506932,
-0.0651806 -3.93953 -0.0534244,
-0.0572968 -3.66992 -0.038966,
-0.0680046 -3.93945 -0.0543579,
-0.0444074 -3.93245 -0.0719868,
-0.0800941 -3.92435 -0.0941907,
-0.0347436 -3.66941 -0.0587564,
-0.0970967 -3.93169 -0.0709355,
-0.0930812 -3.66848 -0.0595739,
-0.104651 -3.9335 -0.0700604,
-0.0913658 -3.92202 -0.100667,
-0.137501 -3.92451 -0.09223,
-0.0874793 -3.66727 -0.0896707,
-0.135722 -3.93515 -0.0644356,
-0.131649 -3.66819 -0.0529115,
-0.140447 -3.9372 -0.0588668,
-0.150685 -3.92533 -0.0903628,
-0.183733 -3.93777 -0.0522348,
-0.146741 -3.66681 -0.0792044,
-0.16218 -3.94643 -0.033802,
-0.157949 -3.66912 -0.0218316,
-0.162185 -3.94766 -0.0272612,
-0.190365 -3.9418 -0.0439219,
-0.1915 -3.96196 0.00889724,
-0.186192 -3.66825 -0.032114,
-0.191519 -3.96416 0.0163372,
-0.163264 -3.96132 0.00605804,
-0.158832 -3.67085 0.0185964,
-0.159508 -3.96248 0.00977004,
-0.145456 -3.96911 0.0273588,
-0.166228 -3.97619 0.0459212,
-0.154049 -3.98164 0.0588556,
-0.187044 -3.67087 0.0289972,
-0.132441 -3.67259 0.049566,
-0.137031 -3.9734 0.0365804,
-0.134208 -3.97345 0.0365748,
-0.152164 -3.98179 0.0616716,
-0.14746 -3.67346 0.0749804,
-0.0967065 -3.98778 0.0716932,
-0.0938533 -3.6735 0.0570052,
-0.0984857 -3.97713 0.0438988,
-0.0956369 -3.97522 0.042094,
-0.0938824 -3.98787 0.0726276,
-0.0891067 -3.67483 0.0861396,
-0.0439104 -3.97804 0.0456644,
-0.0581275 -3.67319 0.0371876,
-0.0626594 -3.97024 0.0243644,
-0.0607544 -3.96823 0.020682,
-0.0484008 -3.95563 -0.013642,
-0.0440697 -3.67174 -0.00138836,
-0.0401222 -3.97609 0.0429172,
-0.018289 -3.95617 -0.0118252,
-0.0355185 -3.67435 0.055942,
-0.013958 -3.67227 0.000429243,
-0.0211454 -3.95923 -0.00536036,
-0.689098 2.50037 0.0711348,
-0.278863 2.49415 0.0702724,
0.00340896 2.48987 0.0696788,
0.28568 2.48559 0.0690852,
0.682743 2.47957 0.06825,
0.725084 2.47893 0.0681612,
1.18293 -0.0469652 0.155267,
1.53131 -0.0983224 0.152544,
0.652341 0.0277957 0.160205,
1.00941 -0.00860484 0.157174,
0.106062 0.0614713 0.16245,
0.469123 0.0475051 0.161321,
-0.0284295 0.0672704 0.162895,
-0.0792084 0.0698768 0.164024,
-0.441659 0.0622128 0.164217,
-0.628998 0.0584306 0.165267,
-0.984258 0.0280525 0.165411,
-1.16801 0.0129717 0.165025,
-1.51136 -0.0382362 0.163311,
1.57632 -0.10935 0.152003,
-1.63307 -0.0580188 0.162633,
0.00839928 2.48127 0.267098,
-1.68871 -0.0656343 0.162384,
1.6532 -0.128377 0.15107,
1.00293 2.46619 0.265007,
1.6485 -0.128553 0.156721,
1.53105 -0.135835 0.301628,
0.933438 2.46339 0.354466,
1.51699 -0.133048 0.30742,
1.50854 -0.132058 0.309358,
1.29065 -0.113399 0.39054,
1.16574 -0.102174 0.436418,
0.720907 2.46324 0.432946,
1.14041 -0.098232 0.441334,
0.979846 -0.0771013 0.466968,
0.822894 -0.0664157 0.493088,
0.619895 -0.0524977 0.526007,
0.394488 2.46597 0.485339,
0.584184 -0.0491697 0.527144,
0.321892 -0.0325996 0.541426,
0.450743 -0.0370907 0.534452,
-0.0167108 -0.0215758 0.558405,
0.017213 2.47083 0.505876,
-0.0552763 -0.0199697 0.556646,
-0.0769042 -0.0186605 0.555792,
-0.201156 -0.0193494 0.55029,
-0.609722 -0.0245632 0.531819,
-0.647419 -0.0276783 0.529856,
-0.362938 2.47733 0.489752,
-0.752936 -0.0329502 0.51471,
-0.679445 -0.0288707 0.525141,
-1.13827 -0.051815 0.455113,
-1.20239 -0.0589357 0.446421,
-0.688566 2.4845 0.438729,
-1.22031 -0.0602602 0.439796,
-1.3523 -0.0694738 0.394379,
-1.5814 -0.0851971 0.315854,
-0.905082 2.4911 0.362092,
-1.71137 -0.0699924 0.162229,
-0.98425 2.49621 0.272005,
-1.58611 -0.0848444 0.309284,
-1.68498 -0.071734 0.193198,
-0.461378 0.0695328 0.132537,
-0.0791701 0.0769376 0.131362,
-1.00496 0.0326013 0.132671,
-0.630841 0.0655232 0.132609,
-1.17173 0.0200885 0.132372,
-1.53395 -0.0336552 0.130575,
1.53699 -0.0913038 0.118931,
1.17185 -0.0284545 0.123116,
1.01321 -0.001601 0.124505,
0.635472 0.036993 0.12766,
0.470102 0.0545493 0.128658,
-0.0274489 0.074276 0.131172,
0.0872981 0.0697144 0.130809,
-1.62829 -0.0482048 0.130083,
-1.69432 -0.0584851 0.129735,
1.57168 -0.100291 0.118492,
0.00929392 2.48264 0.235131,
-0.984298 2.49771 0.23722,
-1.70849 -0.0620329 0.129602,
-1.60926 -0.019262 0.020162,
-1.70282 -0.0590155 0.123132,
-1.69619 -0.0560141 0.116658,
1.65138 -0.119366 0.117553,
1.00289 2.46769 0.230222,
1.51468 -0.053646 -0.0254044,
1.55027 -0.0700365 0.014338,
1.02845 0.0324963 -0.037934,
0.552081 0.0839112 -0.0350244,
0.47785 0.0916168 -0.0345836,
0.386611 0.0948832 -0.03431,
0.359339 0.0962424 -0.0342132,
0.0273144 0.108793 -0.0331892,
-0.00560304 0.110233 -0.0330796,
-0.0789506 0.114165 -0.0328036,
-0.199459 0.111291 -0.0327532,
-0.43011 0.106331 -0.032634,
-0.563776 0.104598 -0.0325156,
-0.639091 0.102918 -0.0324796,
-0.762536 0.0925704 -0.0327476,
-1.11402 0.0631059 -0.0335108,
-1.18847 0.0567123 -0.0336788,
1.02938 0.0324802 -0.0379356,
1.09979 0.0210734 -0.0385308,
1.11857 0.0179647 -0.0386924,
1.3279 -0.0171788 -0.0405132,
-1.55354 -0.000166924 -0.0271308,
-0.708857 2.50067 0.0711764,
-0.913858 2.50053 0.146819,
-1.57336 -0.0048534 -0.0207108,
-0.874666 1.99545 0.0495964,
-1.52805 0.00544788 -0.0354012,
-0.923042 1.84763 0.043282,
-1.5526 -0.000183084 -0.0271332,
1.0151 1.50231 0.0255636,
1.47997 -0.0439275 -0.0418884,
1.50061 -0.0482877 -0.0355132,
1.50624 -0.050333 -0.033726,
0.92371 2.47283 0.139194,
-0.706856 1.39685 0.48032,
-0.686925 1.28613 0.463264,
-0.685548 1.37637 0.46716,
-0.722468 1.11285 0.47467,
-0.689348 1.12726 0.456407,
-0.796744 1.11231 0.513372,
-0.7622 1.09657 0.494748,
-0.835006 1.13081 0.534948,
-0.833054 1.25865 0.540467,
-0.83135 1.37051 0.545296,
-0.814165 1.38754 0.537529,
-0.552511 2.4061 0.81002,
-0.501679 2.40465 0.825896,
-0.509228 2.40541 0.810869,
-0.522259 1.36545 0.771626,
-0.445956 2.39755 0.97056,
-0.43092 2.39789 0.957364,
-0.447722 1.11066 0.908392,
-0.515514 2.39654 1.01866,
-0.511124 1.08 0.964612,
-0.578534 2.39689 1.03289,
-0.595264 1.11435 0.984113,
-0.599288 2.39881 0.995328,
-0.654011 2.40411 0.892029,
-0.667115 1.35949 0.85164,
-0.650256 2.4043 0.88638,
-0.763632 2.41998 0.563207,
-0.765512 2.41997 0.564151,
-0.695648 2.41181 0.728529,
-0.69848 2.41213 0.721954,
-0.778674 2.41985 0.5717,
-0.725811 1.44841 0.492936,
-0.724872 1.44843 0.491992,
-0.780596 2.29388 0.566262,
-0.723931 1.44846 0.491051,
-0.721684 1.41085 0.488482,
-0.721111 1.44845 0.490105,
-0.582424 1.43523 0.747412,
-0.582281 1.44464 0.747818,
-0.714413 1.88745 0.509055,
-0.794077 1.41025 0.52812,
-0.786806 1.88685 0.548693,
-0.655758 1.43465 0.787052,
-0.793504 1.44785 0.529743,
-0.655615 1.44405 0.787458,
-0.612724 2.40685 0.813908,
-0.617425 2.40685 0.815798,
-0.635288 2.40667 0.826177,
-0.719444 2.42033 0.539611,
-0.636228 2.40669 0.826179,
-0.49482 2.39642 1.01391,
-0.573237 2.40719 0.792201,
-0.557216 2.40617 0.810031,
-0.567596 2.40722 0.789369,
-0.576315 1.83569 0.764698,
-0.56973 1.40005 0.772248,
-0.6554 1.45814 0.788066,
-0.784382 2.04571 0.55555,
-0.630551 2.40562 0.84873,
-0.642124 1.39949 0.810945,
-0.650538 1.77681 0.801822,
-0.663572 2.40881 0.786751,
-0.640929 2.40664 0.829009,
0.76287 1.37085 0.519455,
0.783774 1.2591 0.525901,
0.785134 1.34841 0.529756,
0.748181 1.08741 0.500642,
0.78135 1.10024 0.519044,
0.673792 1.09024 0.461312,
0.708389 1.07292 0.479352,
0.635472 1.11052 0.441522,
0.637423 1.23837 0.44704,
0.639129 1.35023 0.451869,
0.656352 1.36742 0.462006,
0.618946 2.3861 0.837601,
0.635015 2.38367 0.888334,
0.642522 2.38416 0.874218,
0.62383 1.34338 0.834004,
0.545814 2.3795 1.01638,
0.564639 2.37901 1.02104,
0.541237 1.09094 0.972041,
0.466733 2.38204 0.98552,
0.457963 1.06395 0.950274,
0.419624 2.38465 0.941436,
0.395352 1.10134 0.891699,
0.438386 2.38604 0.902854,
0.494691 2.38965 0.799316,
0.475914 1.34319 0.759801,
0.501277 2.38955 0.799303,
0.70788 2.39822 0.525288,
0.705056 2.39831 0.524353,
0.60836 2.39333 0.67404,
0.612113 2.39355 0.66745,
0.691872 2.39883 0.51686,
0.759622 2.02287 0.539142,
0.743885 1.42334 0.510447,
0.745768 1.42328 0.511383,
0.689965 2.27381 0.511464,
0.746711 1.42322 0.512321,
0.749902 1.38552 0.51163,
0.750478 1.42313 0.513253,
0.612536 1.41405 0.772083,
0.61268 1.42345 0.772488,
0.75719 1.86305 0.532244,
0.676456 1.3883 0.473239,
0.683741 1.86583 0.493852,
0.540028 1.4169 0.731809,
0.677029 1.4259 0.474862,
0.540172 1.4263 0.732215,
0.582181 2.38873 0.789732,
0.6499 2.38848 0.771727,
0.578415 2.38886 0.78786,
0.765318 2.39605 0.555251,
0.559582 2.3896 0.777557,
0.751198 2.39655 0.5487,
0.558641 2.38961 0.77756,
0.481808 2.3812 0.999592,
0.622672 2.38718 0.811269,
0.617059 2.38629 0.833844,
0.62738 2.38699 0.81408,
0.645207 2.38822 0.779257,
0.758382 1.94108 0.535612,
0.618675 1.81639 0.78945,
0.612795 1.43097 0.772813,
0.59887 1.37837 0.795992,
0.540387 1.4404 0.732823,
0.686179 2.02564 0.500751,
0.543612 2.38907 0.795454,
0.525424 1.38116 0.757602,
0.545277 1.76095 0.74666,
0.577394 2.39128 0.732392,
0.554872 2.38984 0.773807,
-0.641432 2.17139 0.495781,
-0.511231 2.15879 0.741824,
-0.488587 2.15658 0.785023,
-0.428343 2.15489 0.802759,
-0.430225 2.15493 0.802763,
-0.420812 2.15465 0.805564,
-0.433799 1.05665 0.758161,
-0.317761 2.16649 0.4951,
-0.318253 2.1531 0.805348,
0.303237 2.15707 0.493794,
0.436845 2.15505 0.493513,
0.632554 2.15208 0.493102,
0.587514 2.14906 0.57875,
0.479605 2.14189 0.782988,
0.466438 2.14193 0.786776,
-0.00923576 1.68111 0.784516,
0.413772 2.142 0.803808,
0.402824 1.0543 0.756849,
0.304627 2.14365 0.804038,
0.403836 0.97835 0.442743,
0.301277 0.97991 0.442958,
-0.00968472 1.69451 0.47427,
-0.441098 0.991166 0.444519,
-0.441628 0.956382 0.443017,
0.469034 0.955462 0.731763,
0.403502 0.92263 0.686172,
-0.279724 0.924534 0.687242,
0.619452 0.738138 0.432056,
0.400948 0.781329 0.490752,
0.400179 0.738643 0.432396,
0.400708 0.768 0.47228,
-0.328666 0.924334 0.687304,
-0.501227 0.95795 0.733275,
-0.441589 0.92511 0.687501,
-0.444912 0.741117 0.433725,
-0.65666 0.741507 0.434048,
-0.44329 0.830862 0.558161,
-0.706282 2.42045 0.532062,
-0.711989 2.04632 0.515912,
-0.590237 2.40935 0.748051,
-0.713237 1.96453 0.512382,
-0.582167 1.45216 0.748143,
-0.58552 2.40892 0.756502,
-3.21716 1.34524 -0.644784,
-3.21608 1.41574 -0.641736,
-3.20563 1.41262 -0.57313,
-3.24254 1.34481 -0.625928,
-3.24147 1.41532 -0.62288,
-3.25827 1.41151 -0.528832,
-3.28024 2.10421 -0.310505,
-3.26046 1.34626 -0.653152,
-3.25938 1.41677 -0.650112,
-3.29316 1.41456 -0.587048,
-3.25679 1.34909 -0.719912,
-3.25571 1.41959 -0.716864,
-3.28677 1.4203 -0.72244,
-3.23807 1.35161 -0.784816,
-3.23699 1.42211 -0.781776,
-3.24744 1.42527 -0.85132,
-3.21081 1.35205 -0.804616,
-3.20973 1.42255 -0.801576,
-3.19293 1.42635 -0.895624,
-3.15053 2.13431 -1.0535,
-3.12328 3.92037 -0.976391,
-3.22815 1.31366 -0.716768,
-3.19383 1.35061 -0.777384,
-3.1975 1.34774 -0.709696,
-3.19275 1.42111 -0.774344,
-3.19642 1.41825 -0.706648,
-3.15991 1.42329 -0.836464,
-3.16536 1.41753 -0.701072,
-3.10824 2.74318 -0.55254,
-3.097 2.74456 -0.58829,
-3.08734 3.37813 -0.56094,
-3.13835 3.52769 -0.384866,
-3.14727 2.94298 -0.410106,
-3.17405 2.10658 -0.402862,
-3.11011 2.74281 -0.543135,
-3.15039 2.73805 -0.418951,
-3.32967 3.32895 -0.427081,
-3.33862 2.74237 -0.4524,
-3.3368 2.74417 -0.494711,
-3.3368 2.74433 -0.498472,
-3.35003 2.11039 -0.428816,
-3.33041 2.74988 -0.629168,
-3.32804 2.90498 -0.622472,
-3.31836 3.5395 -0.59508,
-3.29501 3.54435 -0.715464,
-3.30625 3.54301 -0.680656,
-3.30859 3.38979 -0.687272,
-3.3183 2.75339 -0.714744,
-3.30706 2.75472 -0.749552,
-3.30143 2.75537 -0.76648,
-3.33915 2.12207 -0.703368,
-3.25859 2.13197 -0.961136,
-3.26491 2.75988 -0.88408,
-3.26187 2.95917 -0.87548,
-3.23135 3.91803 -0.884032,
-3.2538 3.54941 -0.847176,
-3.25287 3.54951 -0.85,
-3.07386 2.75553 -0.85064,
-3.06488 3.34398 -0.825232,
-3.05348 3.91416 -0.857144,
-3.06181 3.54515 -0.816552,
-3.06363 3.54331 -0.773304,
-3.06816 3.53826 -0.654832,
-3.06814 3.53758 -0.638856,
-3.07783 2.90211 -0.66628,
-3.09163 2.11645 -0.660632,
-3.08019 2.74795 -0.672936,
-3.07475 2.75379 -0.810216,
-3.08073 2.1281 -0.93424,
-3.07568 2.75369 -0.807384,
-3.06931 3.98049 -0.358816,
-3.36123 3.99193 -0.520848,
-3.36604 3.67609 -0.534482,
-3.05064 3.98484 -0.466032,
-3.05546 3.66899 -0.479667,
-3.07412 3.66464 -0.372452,
-3.37988 3.98756 -0.412692,
-3.38471 3.67171 -0.426327,
-3.12903 3.90765 -0.483381,
-3.1543 3.90153 -0.376232,
-3.17119 3.92084 -0.490285,
-3.22476 3.91163 -0.388881,
-3.25299 3.89027 -0.233408,
-3.20688 3.92633 -0.495648,
-3.29547 3.90477 -0.40132,
-3.30114 3.90395 -0.402289,
-3.24177 3.92245 -0.50236,
-3.18806 3.94105 -0.60336,
-3.13087 3.89443 -0.372806,
-3.1072 3.66937 -0.470156,
-3.09809 3.89848 -0.47817,
-3.06437 3.90251 -0.583537,
-3.10158 3.67005 -0.488031,
-3.13209 3.81453 -0.376255,
-3.08495 3.53418 -0.554204,
-3.10814 3.66934 -0.469214,
-3.13235 3.79761 -0.376985,
-3.13341 3.72805 -0.379988,
-3.1468 3.89265 -0.325765,
-3.13553 3.52805 -0.394273,
-3.11469 3.66847 -0.446637,
-3.09619 3.53281 -0.518455,
-3.13435 3.66601 -0.382666,
-3.32099 3.89873 -0.405312,
-3.32419 3.68817 -0.4144,
-3.32262 3.67117 -0.435859,
-3.31985 3.67973 -0.525915,
-3.31644 3.90345 -0.516258,
-3.31922 3.72109 -0.52413,
-3.32023 3.53913 -0.585675,
-3.3119 3.90813 -0.626264,
-3.31992 3.6749 -0.523297,
-3.31992 3.67503 -0.526118,
-3.32279 3.89645 -0.351719,
-3.32657 3.532 -0.418316,
-3.32475 3.5338 -0.460626,
-3.32447 3.67047 -0.418932,
-3.32447 3.67031 -0.415172,
-3.08093 1.57346 -0.611576,
-3.07528 1.94384 -0.595584,
-3.19747 1.50618 -0.495632,
-3.20752 1.93314 -0.301045,
-3.21317 1.56277 -0.317032,
-3.36094 1.9368 -0.331747,
-3.38116 1.95103 -0.654176,
-3.32367 1.50881 -0.555618,
-3.38681 1.58065 -0.67016,
-3.36659 1.56643 -0.347735,
-3.14908 1.73495 -0.618632,
-3.14988 1.6823 -0.620904,
-3.14465 2.02546 -0.607032,
-3.17671 2.00749 -0.506978,
-3.19274 1.50815 -0.499323,
-3.17787 1.50256 -0.549506,
-3.15216 1.53284 -0.627352,
-3.15272 1.49622 -0.62988,
-3.17954 2.00632 -0.500432,
-3.18519 2.00261 -0.477978,
-3.18409 2.07499 -0.474854,
-3.21684 2.02165 -0.449795,
-3.19317 1.47995 -0.50054,
-3.22499 1.48772 -0.472844,
-3.25949 1.99725 -0.414996,
-3.25571 1.99921 -0.417743,
-3.27344 1.51393 -0.430198,
-3.26491 2.07325 -0.406054,
-3.26613 1.99335 -0.409504,
-3.29779 2.02357 -0.465608,
-3.27631 1.51234 -0.435913,
-3.2782 1.51159 -0.439711,
-3.27399 1.47821 -0.431739,
-3.30593 1.48964 -0.488656,
-3.31121 2.01073 -0.490632,
-3.3179 2.0056 -0.500263,
-3.32544 1.51113 -0.521607,
-3.32453 1.51063 -0.531991,
-3.31679 2.07798 -0.497139,
-3.31505 2.01453 -0.555453,
-3.31219 2.02835 -0.636808,
-3.32587 1.48293 -0.522824,
-3.32025 1.50006 -0.659608,
-3.31874 1.53769 -0.658928,
-3.31427 1.89205 -0.642688,
-3.31564 1.74073 -0.65016,
-3.36535 1.58585 -0.798064,
-3.35971 1.95623 -0.78208,
-3.22747 1.96693 -1.07662,
-3.23311 1.59655 -1.09261,
-3.07593 1.96329 -1.04591,
-3.05383 1.94907 -0.724432,
-3.08159 1.59291 -1.0619,
-3.05947 1.57869 -0.740416,
-3.25815 2.0242 -0.865,
-3.30862 2.08658 -0.699288,
-3.29326 1.74493 -0.777168,
-3.28979 2.03354 -0.764712,
-3.29635 1.54189 -0.785936,
-3.29409 1.69041 -0.779528,
-3.31769 1.49153 -0.724968,
-3.27051 1.51964 -0.86888,
-3.29785 1.50524 -0.78752,
-3.25441 2.02352 -0.872576,
-3.25544 1.52712 -0.916616,
-3.24679 2.09396 -0.892144,
-3.24791 2.02064 -0.895312,
-3.21565 2.04201 -0.921744,
-3.25264 1.52626 -0.91948,
-3.25587 1.49892 -0.917832,
-3.22379 1.50807 -0.944791,
-3.17745 2.02122 -0.955671,
-3.17559 2.0194 -0.957632,
-3.17359 1.53424 -0.979528,
-3.17639 1.53641 -0.985079,
-3.16909 2.01489 -0.964431,
-3.16786 2.09573 -0.960936,
-3.13564 2.04006 -0.905,
-3.16985 1.53214 -0.975864,
-3.17694 1.50069 -0.986623,
-3.14379 1.50613 -0.928048,
-3.1217 2.02567 -0.882096,
-3.12556 1.52279 -0.884024,
-3.12463 1.52412 -0.893384,
-3.11708 2.01858 -0.87204,
-3.11598 2.09097 -0.868912,
-3.11876 2.02365 -0.814368,
-3.12131 2.03062 -0.734944,
-3.12415 2.08241 -0.667712,
-3.12339 1.89428 -0.739888,
-3.12573 1.74105 -0.746496,
-3.12883 1.53801 -0.755264,
-3.13323 1.48736 -0.6934,
-3.12557 1.51896 -0.86064,
-3.12505 1.49592 -0.8946,
-3.12939 1.50138 -0.757784,
-1.47299 -0.0435396 0.0980356,
-1.48688 -0.0499816 0.252248,
-1.47022 -0.0420008 0.0613644,
-1.72047 0.33793 0.0555292,
-1.49057 -0.0520804 0.302083,
-0.602005 2.48188 0.446968,
-0.606633 2.47967 0.499626,
-0.612188 2.47704 0.562627,
-0.735645 2.53066 0.542516,
-1.12716 0.996494 0.410892,
-2.40021 3.26953 0.271662,
-2.21638 1.08729 0.0452836,
-1.03421 2.68512 0.212419,
-1.40823 2.84813 0.190802,
-2.63693 3.38398 0.10458,
-2.68469 1.79577 0.0341732,
-2.86314 2.09088 -0.127074,
-2.71177 3.42017 0.0563308,
-2.78945 3.45943 -0.0181548,
-3.07555 2.44634 -0.321457,
-3.05802 3.596 -0.271831,
-3.11329 2.5025 -0.321802,
-3.06829 3.60089 -0.272546,
-3.08702 3.60785 -0.274104,
-3.17955 2.60158 -0.324021,
-3.16367 3.6422 -0.279102,
-2.78737 3.44112 0.20899,
-1.25859 0.564283 0.104196,
-0.584423 2.49042 0.24292,
-2.05719 0.84823 0.049798,
-0.888314 2.62305 0.223657,
-0.895786 2.62701 0.221955,
-0.935082 2.64281 0.218926,
-2.06915 0.866318 0.0496556,
-2.44604 3.28941 0.264109,
-1.18915 0.82115 0.392106,
-1.8181 0.449156 0.262982,
-2.66392 3.38656 0.22906,
-2.61902 3.36757 0.238536,
-2.16957 0.984726 0.222572,
-2.88012 3.49769 0.000582844,
-2.85391 3.48377 0.0300844,
-2.66031 3.39382 0.103155,
-2.96999 3.54414 -0.105599,
-2.96999 3.54419 -0.106538,
-3.0154 2.65945 -0.107948,
-3.03332 2.35113 -0.138193,
-3.02012 2.65981 -0.11452,
-3.12995 3.62576 -0.237476,
-3.01361 3.02453 -0.0987771,
-2.94282 2.65426 -0.0131468,
-3.09442 3.6043 -0.189475,
-3.01287 3.13547 -0.0939876,
-3.00643 3.55661 -0.0758092,
-2.89595 3.49978 0.0666292,
-2.79017 3.44325 0.204376,
-2.90901 2.70548 0.0323428,
-2.80991 1.96338 0.145203,
-2.92868 2.65327 0.00468604,
-2.90983 2.65189 0.03003,
1.43065 -0.0878556 0.0985116,
1.44405 -0.0945928 0.249847,
1.81431 0.426815 0.260527,
1.44882 -0.0970616 0.305305,
0.646345 2.44525 0.461475,
0.626296 2.45555 0.251906,
0.62534 2.45466 0.250927,
0.6562 2.44209 0.247514,
2.17477 3.04997 0.140646,
1.01581 1.21949 0.161226,
2.88108 2.00555 -0.158852,
3.06868 2.29707 -0.322668,
3.17987 3.47953 -0.280238,
3.13509 2.39409 -0.324225,
3.17636 2.44723 -0.325758,
3.1922 3.48596 -0.28092,
2.67665 3.24094 0.231054,
2.81109 3.29633 0.209704,
2.18614 3.05548 0.139926,
1.02661 1.18736 0.159822,
2.4673 3.16697 0.119844,
1.42779 -0.0864382 0.066554,
2.65787 1.65772 0.0346068,
2.53737 3.19535 0.114375,
2.4834 3.17336 0.119155,
1.56724 0.111308 0.0626468,
1.96253 0.671866 0.0523756,
1.1459 2.61653 0.485104,
2.12785 0.875774 0.223891,
1.1052 2.59994 0.491039,
0.884622 2.50936 0.528889,
2.06245 0.782214 0.232189,
0.654965 2.44062 0.565812,
1.13579 0.90555 0.408398,
0.877062 2.50759 0.528824,
2.04801 0.760685 0.234106,
0.683942 2.42807 0.562404,
2.97839 3.38592 -0.0918428,
2.68221 3.25295 0.103467,
2.93014 3.36165 -0.0363076,
2.86017 3.32905 0.0452724,
2.99913 3.40217 -0.191954,
3.03981 3.42206 -0.230712,
2.93961 3.36764 -0.0473652,
2.96893 3.38185 -0.0816436,
2.89143 3.33873 0.072018,
2.89523 3.34042 0.0749124,
3.08616 3.44297 -0.273204,
2.98597 3.38838 -0.0860963,
2.89807 3.34125 0.0768268,
3.16381 3.47499 -0.278528,
3.01062 3.39742 -0.0640779,
2.90565 3.34366 0.083514,
2.90755 3.34449 0.0854308,
3.00781 2.71925 -0.0867684,
3.0182 3.39984 -0.0573907,
3.14019 3.46037 -0.215076,
3.00857 2.76908 -0.084618,
2.89943 2.81244 0.0624636,
2.86026 3.32091 0.146645,
2.7886 1.82236 0.146079,
2.89794 2.71468 0.0582436,
2.90733 2.71506 0.046002,
2.95506 2.09141 -0.057294,
2.90451 2.7149 0.0507092]
}
IndexedFaceSet {
 
    coordIndex [ 1609, 1608, 1607, -1,
1606, 1608, 1609, -1,
1606, 1605, 1608, -1,
1604, 1606, 1603, -1,
1604, 1605, 1606, -1,
1609, 1603, 1606, -1,
1609, 1607, 1603, -1,
1602, 1601, 1600, -1,
1599, 1601, 1602, -1,
1599, 1608, 1601, -1,
1608, 1599, 1607, -1,
1602, 1607, 1599, -1,
1602, 1603, 1607, -1,
1602, 1598, 1603, -1,
1602, 1600, 1598, -1,
1603, 1598, 1604, -1,
1604, 1598, 1597, -1,
1598, 1600, 1596, -1,
1598, 1596, 1597, -1,
1600, 1601, 1595, -1,
1600, 1595, 1596, -1,
1604, 1597, 1594, -1,
1597, 1596, 1593, -1,
1597, 1593, 1594, -1,
1596, 1595, 1592, -1,
1596, 1592, 1593, -1,
1604, 1591, 1590, -1,
1591, 1589, 1588, -1,
1591, 1588, 1590, -1,
1589, 1587, 1586, -1,
1589, 1586, 1588, -1,
1585, 1584, 1586, -1,
1585, 1586, 1583, -1,
1604, 1590, 1585, -1,
1604, 1585, 1583, -1,
1584, 1585, 1590, -1,
1590, 1588, 1584, -1,
1604, 1594, 1591, -1,
1594, 1593, 1582, -1,
1594, 1582, 1589, -1,
1594, 1589, 1591, -1,
1582, 1593, 1592, -1,
1592, 1587, 1589, -1,
1592, 1589, 1582, -1,
1581, 1580, 1579, -1,
1578, 1581, 1577, -1,
1578, 1580, 1581, -1,
1579, 1576, 1575, -1,
1579, 1580, 1576, -1,
1575, 1576, 1574, -1,
1574, 1573, 1572, -1,
1574, 1576, 1573, -1,
1571, 1570, 1569, -1,
1571, 1569, 1568, -1,
1583, 1567, 1571, -1,
1583, 1571, 1568, -1,
1569, 1570, 1566, -1,
1569, 1566, 1565, -1,
1565, 1566, 1564, -1,
1565, 1564, 1563, -1,
1562, 1573, 1605, -1,
1562, 1561, 1573, -1,
1561, 1572, 1573, -1,
1605, 1604, 1562, -1,
1560, 1608, 1559, -1,
1560, 1601, 1608, -1,
1560, 1559, 1558, -1,
1560, 1558, 1557, -1,
1557, 1558, 1556, -1,
1557, 1556, 1595, -1,
1595, 1556, 1592, -1,
1592, 1556, 1555, -1,
1592, 1555, 1587, -1,
1587, 1555, 1567, -1,
1587, 1567, 1586, -1,
1586, 1567, 1583, -1,
1564, 1554, 1553, -1,
1564, 1553, 1563, -1,
1552, 1553, 1554, -1,
1554, 1551, 1552, -1,
1550, 1554, 1549, -1,
1549, 1554, 1578, -1,
1549, 1578, 1581, -1,
1551, 1554, 1550, -1,
1551, 1550, 1581, -1,
1551, 1581, 1552, -1,
1562, 1575, 1572, -1,
1562, 1581, 1579, -1,
1561, 1562, 1604, -1,
1574, 1572, 1604, -1,
1553, 1552, 1581, -1,
1563, 1553, 1581, -1,
1565, 1563, 1581, -1,
1569, 1565, 1581, -1,
1568, 1569, 1581, -1,
1583, 1568, 1581, -1,
1583, 1581, 1575, -1,
1583, 1575, 1574, -1,
1583, 1574, 1604, -1,
1548, 1547, 1578, -1,
1580, 1578, 1547, -1,
1548, 1578, 1546, -1,
1546, 1578, 1545, -1,
1545, 1578, 1564, -1,
1545, 1564, 1566, -1,
1570, 1545, 1566, -1,
1546, 1547, 1548, -1,
1580, 1570, 1571, -1,
1580, 1545, 1570, -1,
1580, 1546, 1545, -1,
1580, 1547, 1546, -1,
1576, 1608, 1573, -1,
1558, 1555, 1556, -1,
1567, 1580, 1571, -1,
1567, 1576, 1580, -1,
1567, 1608, 1576, -1,
1608, 1558, 1559, -1,
1608, 1555, 1558, -1,
1608, 1567, 1555, -1,
1554, 1564, 1578, -1,
1573, 1608, 1605, -1,
1581, 1578, 1577, -1,
1550, 1549, 1581, -1,
1562, 1579, 1575, -1,
1572, 1561, 1604, -1,
1575, 1581, 1579, -1,
1601, 1557, 1595, -1,
1584, 1588, 1586, -1,
1544, 1543, 1542, -1,
1541, 1544, 1542, -1,
1540, 1539, 1541, -1,
1540, 1541, 1542, -1,
1541, 1539, 1538, -1,
1538, 1537, 1543, -1,
1538, 1543, 1544, -1,
1538, 1544, 1541, -1,
1538, 1536, 1537, -1,
1542, 1543, 1535, -1,
1543, 1537, 1534, -1,
1543, 1534, 1535, -1,
1537, 1536, 1533, -1,
1537, 1533, 1534, -1,
1532, 1534, 1533, -1,
1532, 1533, 1531, -1,
1530, 1532, 1531, -1,
1542, 1535, 1530, -1,
1542, 1530, 1531, -1,
1530, 1535, 1534, -1,
1534, 1532, 1530, -1,
1529, 1528, 1527, -1,
1529, 1527, 1533, -1,
1533, 1536, 1529, -1,
1526, 1539, 1540, -1,
1526, 1540, 1527, -1,
1527, 1528, 1525, -1,
1527, 1525, 1526, -1,
1525, 1528, 1538, -1,
1538, 1539, 1526, -1,
1538, 1526, 1525, -1,
1529, 1536, 1538, -1,
1524, 1523, 1522, -1,
1524, 1521, 1523, -1,
1523, 1520, 1519, -1,
1523, 1521, 1520, -1,
1518, 1517, 1516, -1,
1518, 1516, 1515, -1,
1518, 1515, 1514, -1,
1514, 1515, 1513, -1,
1514, 1513, 1512, -1,
1542, 1511, 1540, -1,
1531, 1533, 1510, -1,
1531, 1510, 1509, -1,
1509, 1510, 1533, -1,
1509, 1508, 1507, -1,
1509, 1507, 1506, -1,
1506, 1507, 1505, -1,
1506, 1505, 1504, -1,
1504, 1505, 1503, -1,
1504, 1503, 1502, -1,
1504, 1502, 1501, -1,
1501, 1502, 1527, -1,
1501, 1527, 1500, -1,
1499, 1498, 1500, -1,
1500, 1527, 1499, -1,
1500, 1498, 1497, -1,
1500, 1497, 1496, -1,
1495, 1494, 1493, -1,
1493, 1494, 1492, -1,
1519, 1494, 1495, -1,
1519, 1520, 1494, -1,
1494, 1491, 1492, -1,
1494, 1512, 1491, -1,
1491, 1512, 1490, -1,
1490, 1512, 1513, -1,
1542, 1522, 1511, -1,
1542, 1524, 1522, -1,
1496, 1497, 1517, -1,
1496, 1517, 1518, -1,
1493, 1522, 1495, -1,
1523, 1519, 1491, -1,
1490, 1513, 1515, -1,
1498, 1499, 1540, -1,
1497, 1498, 1540, -1,
1517, 1497, 1540, -1,
1516, 1517, 1540, -1,
1511, 1522, 1491, -1,
1511, 1491, 1490, -1,
1511, 1490, 1516, -1,
1511, 1516, 1540, -1,
1527, 1502, 1508, -1,
1527, 1508, 1533, -1,
1527, 1540, 1499, -1,
1489, 1520, 1521, -1,
1514, 1512, 1488, -1,
1488, 1512, 1487, -1,
1489, 1486, 1520, -1,
1512, 1485, 1487, -1,
1512, 1520, 1485, -1,
1485, 1520, 1486, -1,
1488, 1487, 1485, -1,
1514, 1488, 1485, -1,
1486, 1489, 1521, -1,
1518, 1514, 1486, -1,
1518, 1486, 1521, -1,
1518, 1521, 1524, -1,
1518, 1524, 1496, -1,
1506, 1504, 1501, -1,
1500, 1496, 1524, -1,
1500, 1524, 1542, -1,
1542, 1531, 1506, -1,
1542, 1506, 1501, -1,
1542, 1501, 1500, -1,
1512, 1494, 1520, -1,
1514, 1485, 1486, -1,
1531, 1509, 1506, -1,
1509, 1533, 1508, -1,
1495, 1522, 1519, -1,
1493, 1492, 1491, -1,
1495, 1493, 1491, -1,
1519, 1495, 1491, -1,
1522, 1523, 1491, -1,
1516, 1490, 1515, -1,
1502, 1507, 1508, -1,
1528, 1529, 1538, -1,
1484, 1483, 1482, -1,
1484, 1481, 1483, -1,
1480, 1481, 1484, -1,
1479, 1481, 1480, -1,
1478, 1481, 1479, -1,
1478, 1477, 1481, -1,
1476, 1477, 1478, -1,
1475, 1477, 1476, -1,
1474, 1475, 1473, -1,
1474, 1477, 1475, -1,
1472, 1471, 1483, -1,
1470, 1474, 1473, -1,
1469, 1468, 1467, -1,
1469, 1483, 1468, -1,
1469, 1472, 1483, -1,
1466, 1474, 1470, -1,
1465, 1466, 1464, -1,
1465, 1474, 1466, -1,
1463, 1462, 1468, -1,
1465, 1464, 1461, -1,
1465, 1461, 1460, -1,
1459, 1463, 1468, -1,
1459, 1468, 1458, -1,
1458, 1457, 1459, -1,
1456, 1455, 1454, -1,
1465, 1460, 1456, -1,
1465, 1456, 1454, -1,
1457, 1458, 1453, -1,
1454, 1455, 1452, -1,
1451, 1450, 1458, -1,
1451, 1458, 1449, -1,
1449, 1448, 1447, -1,
1449, 1447, 1451, -1,
1446, 1445, 1449, -1,
1446, 1449, 1444, -1,
1443, 1446, 1444, -1,
1454, 1452, 1443, -1,
1454, 1443, 1444, -1,
1471, 1442, 1482, -1,
1472, 1442, 1471, -1,
1472, 1441, 1442, -1,
1472, 1469, 1441, -1,
1484, 1482, 1442, -1,
1480, 1484, 1442, -1,
1480, 1440, 1479, -1,
1480, 1442, 1440, -1,
1478, 1440, 1476, -1,
1479, 1440, 1478, -1,
1473, 1439, 1470, -1,
1475, 1439, 1473, -1,
1440, 1475, 1476, -1,
1440, 1439, 1475, -1,
1463, 1441, 1462, -1,
1463, 1438, 1441, -1,
1463, 1459, 1438, -1,
1469, 1467, 1441, -1,
1464, 1466, 1439, -1,
1464, 1439, 1437, -1,
1437, 1461, 1464, -1,
1453, 1450, 1438, -1,
1457, 1453, 1438, -1,
1438, 1459, 1457, -1,
1460, 1461, 1437, -1,
1437, 1456, 1460, -1,
1455, 1456, 1437, -1,
1436, 1443, 1452, -1,
1436, 1452, 1455, -1,
1436, 1455, 1437, -1,
1451, 1435, 1438, -1,
1451, 1438, 1450, -1,
1451, 1447, 1435, -1,
1448, 1435, 1447, -1,
1436, 1448, 1445, -1,
1436, 1435, 1448, -1,
1436, 1446, 1443, -1,
1446, 1436, 1445, -1,
1434, 1433, 1444, -1,
1432, 1434, 1444, -1,
1431, 1432, 1449, -1,
1449, 1430, 1431, -1,
1429, 1428, 1427, -1,
1429, 1427, 1444, -1,
1444, 1433, 1429, -1,
1426, 1430, 1425, -1,
1427, 1424, 1423, -1,
1422, 1425, 1430, -1,
1422, 1430, 1421, -1,
1420, 1422, 1421, -1,
1421, 1419, 1420, -1,
1418, 1417, 1416, -1,
1427, 1423, 1418, -1,
1427, 1418, 1416, -1,
1419, 1421, 1415, -1,
1414, 1416, 1413, -1,
1412, 1421, 1411, -1,
1412, 1415, 1421, -1,
1410, 1416, 1414, -1,
1409, 1410, 1408, -1,
1409, 1416, 1410, -1,
1407, 1409, 1408, -1,
1406, 1481, 1405, -1,
1404, 1403, 1406, -1,
1402, 1409, 1407, -1,
1401, 1409, 1402, -1,
1401, 1477, 1409, -1,
1477, 1400, 1481, -1,
1477, 1399, 1400, -1,
1477, 1401, 1399, -1,
1425, 1422, 1398, -1,
1426, 1425, 1398, -1,
1398, 1397, 1396, -1,
1398, 1396, 1426, -1,
1396, 1397, 1431, -1,
1431, 1397, 1432, -1,
1397, 1395, 1434, -1,
1397, 1434, 1432, -1,
1433, 1434, 1395, -1,
1395, 1429, 1433, -1,
1424, 1428, 1394, -1,
1394, 1418, 1423, -1,
1394, 1423, 1424, -1,
1394, 1428, 1429, -1,
1394, 1429, 1395, -1,
1415, 1398, 1419, -1,
1415, 1393, 1398, -1,
1415, 1412, 1393, -1,
1422, 1420, 1398, -1,
1417, 1418, 1394, -1,
1417, 1394, 1392, -1,
1392, 1413, 1417, -1,
1391, 1393, 1412, -1,
1403, 1393, 1411, -1,
1403, 1404, 1393, -1,
1414, 1413, 1392, -1,
1392, 1410, 1414, -1,
1407, 1390, 1402, -1,
1408, 1390, 1407, -1,
1408, 1392, 1390, -1,
1392, 1408, 1410, -1,
1404, 1389, 1393, -1,
1404, 1406, 1389, -1,
1405, 1389, 1406, -1,
1400, 1399, 1390, -1,
1389, 1405, 1400, -1,
1389, 1400, 1390, -1,
1402, 1390, 1401, -1,
1390, 1399, 1401, -1,
1388, 1387, 1386, -1,
1388, 1386, 1385, -1,
1385, 1384, 1388, -1,
1383, 1382, 1381, -1,
1383, 1381, 1380, -1,
1380, 1386, 1382, -1,
1380, 1382, 1383, -1,
1379, 1378, 1381, -1,
1381, 1377, 1379, -1,
1376, 1382, 1386, -1,
1386, 1387, 1376, -1,
1375, 1384, 1374, -1,
1373, 1372, 1371, -1,
1373, 1370, 1372, -1,
1373, 1369, 1370, -1,
1368, 1369, 1373, -1,
1369, 1368, 1367, -1,
1372, 1366, 1371, -1,
1372, 1365, 1366, -1,
1367, 1364, 1369, -1,
1363, 1362, 1361, -1,
1363, 1365, 1362, -1,
1360, 1365, 1363, -1,
1366, 1365, 1360, -1,
1364, 1359, 1369, -1,
1358, 1381, 1378, -1,
1358, 1378, 1357, -1,
1356, 1374, 1384, -1,
1384, 1355, 1356, -1,
1358, 1357, 1354, -1,
1355, 1384, 1353, -1,
1355, 1353, 1352, -1,
1358, 1354, 1351, -1,
1352, 1353, 1369, -1,
1352, 1369, 1350, -1,
1349, 1361, 1362, -1,
1358, 1351, 1349, -1,
1358, 1349, 1362, -1,
1350, 1369, 1359, -1,
1375, 1348, 1388, -1,
1374, 1348, 1375, -1,
1374, 1347, 1348, -1,
1356, 1347, 1374, -1,
1368, 1373, 1346, -1,
1387, 1348, 1376, -1,
1388, 1348, 1387, -1,
1371, 1346, 1373, -1,
1366, 1346, 1371, -1,
1366, 1345, 1346, -1,
1366, 1360, 1345, -1,
1361, 1349, 1344, -1,
1344, 1345, 1363, -1,
1344, 1363, 1361, -1,
1383, 1343, 1377, -1,
1382, 1343, 1383, -1,
1376, 1343, 1382, -1,
1376, 1348, 1343, -1,
1360, 1363, 1345, -1,
1378, 1379, 1343, -1,
1378, 1343, 1342, -1,
1357, 1378, 1342, -1,
1354, 1357, 1342, -1,
1351, 1354, 1342, -1,
1344, 1349, 1351, -1,
1344, 1351, 1342, -1,
1355, 1347, 1356, -1,
1352, 1347, 1355, -1,
1350, 1347, 1352, -1,
1359, 1347, 1350, -1,
1359, 1341, 1347, -1,
1367, 1341, 1364, -1,
1341, 1368, 1346, -1,
1341, 1367, 1368, -1,
1340, 1339, 1338, -1,
1337, 1339, 1340, -1,
1337, 1336, 1339, -1,
1335, 1336, 1337, -1,
1334, 1336, 1335, -1,
1334, 1362, 1336, -1,
1333, 1362, 1334, -1,
1335, 1333, 1334, -1,
1340, 1335, 1337, -1,
1340, 1333, 1335, -1,
1340, 1338, 1333, -1,
1332, 1362, 1333, -1,
1331, 1362, 1332, -1,
1331, 1330, 1362, -1,
1329, 1330, 1331, -1,
1328, 1330, 1329, -1,
1328, 1339, 1330, -1,
1339, 1328, 1338, -1,
1329, 1338, 1328, -1,
1332, 1329, 1331, -1,
1332, 1338, 1329, -1,
1332, 1333, 1338, -1,
1327, 1326, 1325, -1,
1324, 1327, 1325, -1,
1323, 1324, 1325, -1,
1323, 1325, 1322, -1,
1322, 1321, 1320, -1,
1322, 1320, 1323, -1,
1324, 1323, 1320, -1,
1320, 1326, 1327, -1,
1320, 1327, 1324, -1,
1319, 1320, 1321, -1,
1318, 1319, 1321, -1,
1317, 1318, 1321, -1,
1316, 1317, 1321, -1,
1316, 1321, 1381, -1,
1315, 1316, 1381, -1,
1325, 1326, 1315, -1,
1325, 1315, 1381, -1,
1319, 1318, 1317, -1,
1315, 1326, 1320, -1,
1320, 1319, 1317, -1,
1320, 1317, 1316, -1,
1320, 1316, 1315, -1,
1314, 1380, 1381, -1,
1313, 1314, 1381, -1,
1312, 1313, 1381, -1,
1312, 1381, 1321, -1,
1321, 1311, 1310, -1,
1321, 1310, 1312, -1,
1313, 1312, 1310, -1,
1310, 1380, 1314, -1,
1310, 1314, 1313, -1,
1309, 1310, 1311, -1,
1308, 1309, 1311, -1,
1307, 1308, 1311, -1,
1385, 1307, 1311, -1,
1385, 1311, 1384, -1,
1309, 1308, 1307, -1,
1386, 1380, 1310, -1,
1310, 1309, 1307, -1,
1310, 1307, 1385, -1,
1310, 1385, 1386, -1,
1306, 1336, 1305, -1,
1306, 1304, 1336, -1,
1303, 1304, 1306, -1,
1302, 1304, 1303, -1,
1302, 1369, 1304, -1,
1370, 1369, 1302, -1,
1303, 1370, 1302, -1,
1306, 1370, 1303, -1,
1306, 1305, 1370, -1,
1301, 1362, 1365, -1,
1300, 1362, 1301, -1,
1300, 1336, 1362, -1,
1299, 1336, 1300, -1,
1336, 1299, 1305, -1,
1301, 1299, 1300, -1,
1372, 1301, 1365, -1,
1372, 1299, 1301, -1,
1372, 1305, 1299, -1,
1372, 1370, 1305, -1,
1358, 1362, 1330, -1,
1336, 1477, 1474, -1,
1336, 1474, 1339, -1,
1481, 1298, 1297, -1,
1481, 1297, 1483, -1,
1298, 1296, 1295, -1,
1298, 1295, 1297, -1,
1296, 1294, 1293, -1,
1296, 1293, 1295, -1,
1294, 1292, 1293, -1,
1358, 1330, 1291, -1,
1330, 1339, 1290, -1,
1330, 1290, 1291, -1,
1339, 1474, 1465, -1,
1339, 1465, 1290, -1,
1483, 1297, 1289, -1,
1483, 1289, 1468, -1,
1297, 1295, 1288, -1,
1297, 1288, 1289, -1,
1295, 1293, 1287, -1,
1295, 1287, 1288, -1,
1293, 1292, 1287, -1,
1358, 1291, 1325, -1,
1291, 1290, 1322, -1,
1291, 1322, 1325, -1,
1290, 1465, 1454, -1,
1290, 1454, 1322, -1,
1468, 1289, 1286, -1,
1468, 1286, 1458, -1,
1289, 1288, 1285, -1,
1289, 1285, 1286, -1,
1288, 1287, 1284, -1,
1288, 1284, 1285, -1,
1287, 1292, 1284, -1,
1358, 1325, 1381, -1,
1322, 1454, 1444, -1,
1322, 1444, 1321, -1,
1458, 1286, 1283, -1,
1458, 1283, 1449, -1,
1286, 1285, 1282, -1,
1286, 1282, 1283, -1,
1285, 1284, 1281, -1,
1285, 1281, 1282, -1,
1284, 1292, 1281, -1,
1321, 1444, 1427, -1,
1321, 1427, 1311, -1,
1449, 1283, 1280, -1,
1449, 1280, 1430, -1,
1283, 1282, 1279, -1,
1283, 1279, 1280, -1,
1282, 1281, 1278, -1,
1282, 1278, 1279, -1,
1281, 1292, 1278, -1,
1384, 1311, 1277, -1,
1384, 1277, 1353, -1,
1311, 1427, 1416, -1,
1311, 1416, 1277, -1,
1430, 1280, 1276, -1,
1430, 1276, 1421, -1,
1280, 1279, 1275, -1,
1280, 1275, 1276, -1,
1279, 1278, 1274, -1,
1279, 1274, 1275, -1,
1278, 1292, 1274, -1,
1353, 1277, 1304, -1,
1353, 1304, 1369, -1,
1277, 1416, 1409, -1,
1277, 1409, 1304, -1,
1421, 1276, 1273, -1,
1421, 1273, 1411, -1,
1276, 1275, 1272, -1,
1276, 1272, 1273, -1,
1275, 1274, 1271, -1,
1275, 1271, 1272, -1,
1274, 1292, 1271, -1,
1304, 1409, 1477, -1,
1304, 1477, 1336, -1,
1411, 1273, 1298, -1,
1411, 1298, 1481, -1,
1273, 1272, 1296, -1,
1273, 1296, 1298, -1,
1272, 1271, 1294, -1,
1272, 1294, 1296, -1,
1271, 1292, 1294, -1,
1341, 1346, 1345, -1,
1341, 1345, 1344, -1,
1342, 1343, 1348, -1,
1342, 1348, 1347, -1,
1347, 1341, 1344, -1,
1347, 1344, 1342, -1,
1388, 1384, 1375, -1,
1382, 1377, 1381, -1,
1377, 1343, 1379, -1,
1364, 1341, 1359, -1,
1389, 1390, 1392, -1,
1389, 1392, 1393, -1,
1393, 1392, 1394, -1,
1393, 1394, 1398, -1,
1398, 1394, 1395, -1,
1398, 1395, 1397, -1,
1432, 1444, 1449, -1,
1396, 1430, 1426, -1,
1431, 1430, 1396, -1,
1428, 1424, 1427, -1,
1413, 1416, 1417, -1,
1405, 1481, 1400, -1,
1403, 1411, 1481, -1,
1406, 1403, 1481, -1,
1419, 1398, 1420, -1,
1411, 1393, 1391, -1,
1435, 1436, 1437, -1,
1435, 1437, 1438, -1,
1438, 1437, 1439, -1,
1438, 1439, 1441, -1,
1441, 1439, 1440, -1,
1441, 1440, 1442, -1,
1482, 1483, 1471, -1,
1467, 1468, 1462, -1,
1450, 1453, 1458, -1,
1445, 1448, 1449, -1,
1470, 1439, 1466, -1,
1462, 1441, 1467, -1,
1270, 1269, 1268, -1,
1267, 1268, 1266, -1,
1270, 1268, 1267, -1,
1265, 1267, 1266, -1,
1264, 1263, 1262, -1,
1261, 1263, 1264, -1,
1261, 1260, 1263, -1,
1259, 1260, 1261, -1,
1258, 1262, 1257, -1,
1264, 1259, 1261, -1,
1264, 1256, 1259, -1,
1264, 1258, 1256, -1,
1264, 1262, 1258, -1,
1258, 1255, 1256, -1,
1258, 1257, 1255, -1,
1254, 1260, 1259, -1,
1253, 1260, 1254, -1,
1253, 1252, 1260, -1,
1252, 1256, 1255, -1,
1252, 1253, 1256, -1,
1254, 1256, 1253, -1,
1254, 1259, 1256, -1,
1251, 1262, 1263, -1,
1250, 1251, 1263, -1,
1250, 1263, 1249, -1,
1248, 1250, 1249, -1,
1247, 1248, 1249, -1,
1247, 1249, 1255, -1,
1255, 1257, 1247, -1,
1251, 1250, 1248, -1,
1257, 1262, 1251, -1,
1257, 1251, 1248, -1,
1257, 1248, 1247, -1,
1246, 1245, 1244, -1,
1246, 1243, 1245, -1,
1242, 1252, 1241, -1,
1242, 1245, 1252, -1,
1244, 1245, 1242, -1,
1240, 1255, 1239, -1,
1240, 1252, 1255, -1,
1241, 1252, 1240, -1,
1238, 1239, 1255, -1,
1255, 1249, 1237, -1,
1255, 1237, 1238, -1,
1236, 1243, 1246, -1,
1237, 1249, 1235, -1,
1234, 1236, 1233, -1,
1234, 1243, 1236, -1,
1232, 1260, 1231, -1,
1232, 1230, 1260, -1,
1233, 1260, 1234, -1,
1233, 1231, 1260, -1,
1229, 1263, 1260, -1,
1229, 1260, 1230, -1,
1235, 1249, 1263, -1,
1235, 1263, 1228, -1,
1246, 1244, 1242, -1,
1236, 1246, 1242, -1,
1231, 1233, 1236, -1,
1231, 1236, 1242, -1,
1231, 1242, 1241, -1,
1231, 1241, 1240, -1,
1231, 1240, 1239, -1,
1231, 1239, 1238, -1,
1231, 1238, 1232, -1,
1235, 1228, 1229, -1,
1237, 1235, 1229, -1,
1237, 1229, 1230, -1,
1237, 1230, 1232, -1,
1237, 1232, 1238, -1,
1243, 1234, 1245, -1,
1234, 1260, 1252, -1,
1234, 1252, 1245, -1,
1227, 1226, 1225, -1,
1227, 1224, 1223, -1,
1227, 1225, 1224, -1,
1225, 1222, 1221, -1,
1225, 1226, 1222, -1,
1225, 1221, 1224, -1,
1220, 1219, 1218, -1,
1219, 1217, 1216, -1,
1219, 1216, 1218, -1,
1220, 1218, 1215, -1,
1220, 1215, 1214, -1,
1218, 1216, 1215, -1,
1215, 1216, 1213, -1,
1215, 1212, 1214, -1,
1215, 1213, 1212, -1,
1227, 1223, 1211, -1,
1227, 1210, 1226, -1,
1227, 1211, 1210, -1,
1211, 1223, 1209, -1,
1211, 1208, 1210, -1,
1211, 1209, 1208, -1,
1209, 1223, 1207, -1,
1209, 1206, 1208, -1,
1209, 1207, 1206, -1,
1205, 1212, 1213, -1,
1205, 1223, 1212, -1,
1205, 1213, 1216, -1,
1204, 1203, 1202, -1,
1204, 1201, 1203, -1,
1202, 1224, 1204, -1,
1202, 1200, 1224, -1,
1202, 1203, 1200, -1,
1199, 1198, 1197, -1,
1199, 1197, 1196, -1,
1197, 1198, 1220, -1,
1220, 1195, 1196, -1,
1220, 1196, 1197, -1,
1221, 1201, 1204, -1,
1221, 1222, 1201, -1,
1221, 1204, 1224, -1,
1220, 1198, 1219, -1,
1198, 1199, 1217, -1,
1198, 1217, 1219, -1,
1196, 1195, 1194, -1,
1196, 1193, 1199, -1,
1196, 1194, 1193, -1,
1194, 1195, 1192, -1,
1194, 1222, 1193, -1,
1194, 1192, 1222, -1,
1192, 1195, 1191, -1,
1192, 1201, 1222, -1,
1192, 1191, 1201, -1,
1191, 1200, 1203, -1,
1191, 1195, 1200, -1,
1191, 1203, 1201, -1,
1207, 1223, 1205, -1,
1207, 1216, 1206, -1,
1207, 1205, 1216, -1,
1217, 1190, 1206, -1,
1217, 1206, 1216, -1,
1189, 1193, 1188, -1,
1187, 1222, 1226, -1,
1188, 1222, 1187, -1,
1188, 1193, 1222, -1,
1206, 1190, 1208, -1,
1189, 1217, 1193, -1,
1189, 1186, 1217, -1,
1186, 1190, 1217, -1,
1186, 1185, 1190, -1,
1184, 1183, 1182, -1,
1184, 1224, 1183, -1,
1223, 1224, 1184, -1,
1181, 1180, 1179, -1,
1181, 1183, 1180, -1,
1182, 1183, 1181, -1,
1180, 1178, 1212, -1,
1180, 1212, 1177, -1,
1180, 1177, 1179, -1,
1178, 1176, 1175, -1,
1178, 1175, 1174, -1,
1178, 1174, 1212, -1,
1176, 1173, 1172, -1,
1176, 1172, 1171, -1,
1176, 1171, 1175, -1,
1170, 1220, 1214, -1,
1170, 1173, 1220, -1,
1172, 1173, 1170, -1,
1210, 1190, 1185, -1,
1210, 1208, 1190, -1,
1214, 1171, 1170, -1,
1214, 1175, 1171, -1,
1214, 1174, 1175, -1,
1214, 1212, 1174, -1,
1177, 1181, 1179, -1,
1226, 1210, 1187, -1,
1184, 1212, 1223, -1,
1212, 1181, 1177, -1,
1212, 1182, 1181, -1,
1212, 1184, 1182, -1,
1188, 1186, 1189, -1,
1169, 1168, 1183, -1,
1200, 1183, 1224, -1,
1200, 1169, 1183, -1,
1167, 1166, 1180, -1,
1168, 1180, 1183, -1,
1168, 1167, 1180, -1,
1165, 1178, 1164, -1,
1164, 1178, 1180, -1,
1164, 1180, 1166, -1,
1163, 1176, 1162, -1,
1162, 1176, 1178, -1,
1162, 1178, 1165, -1,
1161, 1173, 1160, -1,
1160, 1173, 1176, -1,
1160, 1176, 1163, -1,
1159, 1195, 1220, -1,
1161, 1220, 1173, -1,
1161, 1159, 1220, -1,
1169, 1167, 1168, -1,
1200, 1167, 1169, -1,
1200, 1166, 1167, -1,
1200, 1164, 1166, -1,
1162, 1160, 1163, -1,
1199, 1193, 1217, -1,
1195, 1164, 1200, -1,
1164, 1162, 1165, -1,
1164, 1160, 1162, -1,
1164, 1161, 1160, -1,
1164, 1159, 1161, -1,
1164, 1195, 1159, -1,
1170, 1171, 1172, -1,
1186, 1187, 1185, -1,
1185, 1187, 1210, -1,
1158, 1157, 1156, -1,
1158, 1155, 1154, -1,
1158, 1156, 1155, -1,
1156, 1153, 1152, -1,
1156, 1157, 1153, -1,
1156, 1152, 1155, -1,
1151, 1269, 1150, -1,
1269, 1270, 1150, -1,
1151, 1150, 1149, -1,
1151, 1149, 1148, -1,
1150, 1270, 1149, -1,
1149, 1270, 1147, -1,
1149, 1146, 1148, -1,
1149, 1147, 1146, -1,
1158, 1154, 1145, -1,
1158, 1144, 1157, -1,
1158, 1145, 1144, -1,
1145, 1154, 1143, -1,
1145, 1265, 1144, -1,
1145, 1143, 1265, -1,
1143, 1154, 1142, -1,
1143, 1267, 1265, -1,
1143, 1142, 1267, -1,
1141, 1146, 1147, -1,
1141, 1154, 1146, -1,
1141, 1147, 1270, -1,
1140, 1139, 1138, -1,
1140, 1137, 1139, -1,
1138, 1155, 1140, -1,
1138, 1136, 1155, -1,
1138, 1139, 1136, -1,
1135, 1134, 1133, -1,
1135, 1133, 1132, -1,
1133, 1134, 1151, -1,
1151, 1131, 1132, -1,
1151, 1132, 1133, -1,
1152, 1137, 1140, -1,
1152, 1153, 1137, -1,
1152, 1140, 1155, -1,
1151, 1134, 1269, -1,
1134, 1135, 1268, -1,
1134, 1268, 1269, -1,
1132, 1131, 1130, -1,
1132, 1129, 1135, -1,
1132, 1130, 1129, -1,
1130, 1131, 1128, -1,
1130, 1153, 1129, -1,
1130, 1128, 1153, -1,
1128, 1131, 1127, -1,
1128, 1137, 1153, -1,
1128, 1127, 1137, -1,
1127, 1136, 1139, -1,
1127, 1131, 1136, -1,
1127, 1139, 1137, -1,
1142, 1154, 1141, -1,
1142, 1270, 1267, -1,
1142, 1141, 1270, -1,
1126, 1129, 1125, -1,
1124, 1153, 1157, -1,
1125, 1153, 1124, -1,
1125, 1129, 1153, -1,
1126, 1268, 1129, -1,
1126, 1123, 1268, -1,
1123, 1266, 1268, -1,
1123, 1122, 1266, -1,
1121, 1120, 1119, -1,
1121, 1155, 1120, -1,
1154, 1155, 1121, -1,
1118, 1117, 1116, -1,
1118, 1120, 1117, -1,
1119, 1120, 1118, -1,
1117, 1115, 1146, -1,
1117, 1146, 1114, -1,
1117, 1114, 1116, -1,
1115, 1113, 1112, -1,
1115, 1112, 1111, -1,
1115, 1111, 1146, -1,
1113, 1110, 1109, -1,
1113, 1109, 1108, -1,
1113, 1108, 1112, -1,
1107, 1151, 1148, -1,
1107, 1110, 1151, -1,
1109, 1110, 1107, -1,
1144, 1266, 1122, -1,
1144, 1265, 1266, -1,
1148, 1108, 1107, -1,
1148, 1112, 1108, -1,
1148, 1111, 1112, -1,
1148, 1146, 1111, -1,
1114, 1118, 1116, -1,
1157, 1144, 1124, -1,
1121, 1146, 1154, -1,
1146, 1118, 1114, -1,
1146, 1119, 1118, -1,
1146, 1121, 1119, -1,
1125, 1123, 1126, -1,
1106, 1105, 1120, -1,
1136, 1120, 1155, -1,
1136, 1106, 1120, -1,
1104, 1103, 1117, -1,
1105, 1117, 1120, -1,
1105, 1104, 1117, -1,
1102, 1115, 1101, -1,
1101, 1115, 1117, -1,
1101, 1117, 1103, -1,
1100, 1113, 1099, -1,
1099, 1113, 1115, -1,
1099, 1115, 1102, -1,
1098, 1110, 1097, -1,
1097, 1110, 1113, -1,
1097, 1113, 1100, -1,
1096, 1131, 1151, -1,
1098, 1151, 1110, -1,
1098, 1096, 1151, -1,
1106, 1104, 1105, -1,
1136, 1104, 1106, -1,
1136, 1103, 1104, -1,
1136, 1101, 1103, -1,
1099, 1097, 1100, -1,
1135, 1129, 1268, -1,
1131, 1101, 1136, -1,
1101, 1099, 1102, -1,
1101, 1097, 1099, -1,
1101, 1098, 1097, -1,
1101, 1096, 1098, -1,
1101, 1131, 1096, -1,
1107, 1108, 1109, -1,
1123, 1124, 1122, -1,
1122, 1124, 1144, -1,
1095, 1094, 1093, -1,
1095, 1093, 1092, -1,
1095, 1092, 1091, -1,
1090, 1089, 1088, -1,
1087, 1089, 1090, -1,
1086, 1085, 1084, -1,
1086, 1084, 1083, -1,
1083, 1084, 1087, -1,
1083, 1087, 1090, -1,
1084, 1091, 1092, -1,
1084, 1092, 1082, -1,
1084, 1082, 1081, -1,
1084, 1081, 1080, -1,
1084, 1080, 1079, -1,
1084, 1079, 1087, -1,
1078, 1088, 1089, -1,
1077, 1078, 1089, -1,
1089, 1076, 1077, -1,
1075, 1076, 1089, -1,
1074, 1075, 1089, -1,
1089, 1073, 1074, -1,
1073, 1089, 1072, -1,
1071, 1072, 1089, -1,
1070, 1071, 1089, -1,
1089, 1069, 1070, -1,
1069, 1089, 1068, -1,
1068, 1089, 1087, -1,
1068, 1087, 1067, -1,
1066, 1067, 1087, -1,
1065, 1066, 1087, -1,
1087, 1079, 1064, -1,
1087, 1064, 1065, -1,
1063, 1062, 1061, -1,
1061, 1060, 1063, -1,
1061, 1062, 1094, -1,
1061, 1094, 1095, -1,
1059, 1058, 1085, -1,
1057, 1059, 1085, -1,
1085, 1086, 1057, -1,
1085, 1058, 1056, -1,
1085, 1056, 1055, -1,
1060, 1054, 1053, -1,
1060, 1061, 1054, -1,
1052, 1055, 1056, -1,
1054, 1052, 1051, -1,
1054, 1055, 1052, -1,
1050, 1054, 1049, -1,
1048, 1054, 1050, -1,
1047, 1054, 1048, -1,
1046, 1054, 1047, -1,
1045, 1054, 1046, -1,
1044, 1054, 1045, -1,
1044, 1053, 1054, -1,
1043, 1054, 1051, -1,
1042, 1054, 1043, -1,
1041, 1054, 1040, -1,
1039, 1054, 1038, -1,
1039, 1049, 1054, -1,
1037, 1036, 1035, -1,
1035, 1034, 1037, -1,
1033, 1036, 1032, -1,
1033, 1035, 1036, -1,
1031, 1033, 1032, -1,
1030, 1033, 1031, -1,
1029, 1030, 1028, -1,
1029, 1033, 1030, -1,
1027, 1029, 1028, -1,
1026, 1029, 1025, -1,
1024, 1026, 1023, -1,
1024, 1029, 1026, -1,
1022, 1024, 1023, -1,
1021, 1024, 1022, -1,
1020, 1024, 1021, -1,
1019, 1024, 1020, -1,
1018, 1019, 1017, -1,
1018, 1024, 1019, -1,
1016, 1018, 1015, -1,
1014, 1018, 1016, -1,
1013, 1014, 1012, -1,
1013, 1018, 1014, -1,
1011, 1013, 1012, -1,
1010, 1013, 1011, -1,
1009, 1013, 1010, -1,
1008, 1009, 1007, -1,
1008, 1013, 1009, -1,
1006, 1008, 1007, -1,
1005, 1008, 1006, -1,
1004, 1008, 1005, -1,
1003, 1004, 1002, -1,
1003, 1008, 1004, -1,
1001, 1003, 1002, -1,
1000, 1001, 999, -1,
1000, 1003, 1001, -1,
998, 1034, 1035, -1,
1035, 997, 996, -1,
1035, 996, 998, -1,
1000, 999, 995, -1,
1000, 995, 997, -1,
994, 996, 997, -1,
993, 994, 997, -1,
992, 993, 997, -1,
991, 992, 997, -1,
990, 991, 997, -1,
989, 990, 997, -1,
997, 988, 989, -1,
987, 986, 997, -1,
985, 984, 997, -1,
983, 982, 997, -1,
997, 995, 983, -1,
1005, 982, 983, -1,
1005, 1006, 982, -1,
1081, 1045, 1080, -1,
1082, 1045, 1081, -1,
1044, 1062, 1063, -1,
1044, 1094, 1062, -1,
1044, 1093, 1094, -1,
1044, 1092, 1093, -1,
1044, 1082, 1092, -1,
1044, 1045, 1082, -1,
1027, 994, 993, -1,
1027, 1031, 994, -1,
1027, 1030, 1031, -1,
1027, 1028, 1030, -1,
1042, 1088, 1078, -1,
1042, 1090, 1088, -1,
1042, 1057, 1090, -1,
1042, 1043, 1057, -1,
1009, 1006, 1007, -1,
1006, 985, 982, -1,
1006, 1010, 985, -1,
1006, 1009, 1010, -1,
1079, 1046, 1064, -1,
1045, 1079, 1080, -1,
1045, 1046, 1079, -1,
1022, 992, 991, -1,
1022, 1025, 992, -1,
1022, 1026, 1025, -1,
1022, 1023, 1026, -1,
1076, 1040, 1077, -1,
1041, 1076, 1075, -1,
1041, 1040, 1076, -1,
1025, 993, 992, -1,
1025, 1027, 993, -1,
1040, 1078, 1077, -1,
1040, 1042, 1078, -1,
1020, 990, 989, -1,
1020, 1021, 990, -1,
1073, 1038, 1074, -1,
1072, 1038, 1073, -1,
1039, 1072, 1071, -1,
1039, 1038, 1072, -1,
1021, 991, 990, -1,
1021, 1022, 991, -1,
1038, 1075, 1074, -1,
1038, 1041, 1075, -1,
1016, 986, 987, -1,
1016, 1015, 986, -1,
1069, 1050, 1070, -1,
1068, 1050, 1069, -1,
1067, 1050, 1068, -1,
1048, 1067, 1066, -1,
1048, 1050, 1067, -1,
1015, 988, 986, -1,
1015, 989, 988, -1,
1015, 1020, 989, -1,
1015, 1019, 1020, -1,
1015, 1017, 1019, -1,
1049, 1070, 1050, -1,
1070, 1039, 1071, -1,
1070, 1049, 1039, -1,
1010, 984, 985, -1,
1010, 1011, 984, -1,
1046, 1065, 1064, -1,
1046, 1047, 1065, -1,
1014, 1011, 1012, -1,
1011, 987, 984, -1,
1011, 1016, 987, -1,
1011, 1014, 1016, -1,
1047, 1066, 1065, -1,
1047, 1048, 1066, -1,
1053, 1063, 1060, -1,
1063, 1053, 1044, -1,
995, 1005, 983, -1,
1005, 1001, 1004, -1,
1005, 999, 1001, -1,
1005, 995, 999, -1,
996, 1037, 998, -1,
1036, 1031, 1032, -1,
1031, 996, 994, -1,
1031, 1037, 996, -1,
1031, 1036, 1037, -1,
1051, 1057, 1043, -1,
1057, 1052, 1059, -1,
1057, 1051, 1052, -1,
1037, 1034, 998, -1,
1058, 1052, 1056, -1,
1052, 1058, 1059, -1,
1054, 1095, 981, -1,
1054, 981, 980, -1,
1095, 1091, 981, -1,
1054, 980, 979, -1,
1054, 979, 978, -1,
1054, 978, 977, -1,
1054, 977, 976, -1,
1054, 976, 1084, -1,
1054, 1084, 1085, -1,
980, 981, 1091, -1,
979, 980, 1091, -1,
978, 979, 1091, -1,
977, 978, 1091, -1,
976, 977, 1091, -1,
1084, 976, 1091, -1,
1054, 1061, 1095, -1,
1054, 1085, 1055, -1,
997, 1035, 1033, -1,
997, 1033, 1029, -1,
997, 1029, 1024, -1,
997, 1024, 1018, -1,
997, 1018, 1013, -1,
997, 1013, 1008, -1,
997, 1008, 1003, -1,
997, 1003, 1000, -1,
1040, 1054, 1042, -1,
1038, 1054, 1041, -1,
1025, 1029, 1027, -1,
1015, 1018, 1017, -1,
986, 988, 997, -1,
984, 987, 997, -1,
982, 985, 997, -1,
1083, 1057, 1086, -1,
1090, 1057, 1083, -1,
1004, 1001, 1002, -1,
975, 974, 973, -1,
975, 972, 974, -1,
971, 975, 973, -1,
970, 969, 968, -1,
970, 968, 967, -1,
970, 967, 966, -1,
965, 973, 964, -1,
965, 971, 973, -1,
963, 965, 964, -1,
966, 967, 962, -1,
966, 962, 961, -1,
966, 961, 960, -1,
959, 964, 958, -1,
959, 963, 964, -1,
957, 959, 958, -1,
960, 961, 956, -1,
960, 956, 955, -1,
960, 955, 954, -1,
957, 958, 953, -1,
957, 953, 952, -1,
952, 953, 951, -1,
950, 954, 955, -1,
949, 954, 950, -1,
948, 949, 947, -1,
948, 954, 949, -1,
946, 953, 945, -1,
946, 945, 944, -1,
944, 945, 943, -1,
942, 948, 947, -1,
941, 942, 940, -1,
941, 948, 942, -1,
943, 945, 939, -1,
943, 939, 938, -1,
938, 939, 937, -1,
936, 941, 940, -1,
935, 936, 934, -1,
935, 941, 936, -1,
937, 939, 933, -1,
937, 933, 932, -1,
932, 933, 931, -1,
930, 935, 934, -1,
929, 930, 928, -1,
929, 935, 930, -1,
931, 933, 927, -1,
931, 927, 926, -1,
926, 927, 925, -1,
924, 929, 928, -1,
923, 922, 921, -1,
923, 924, 922, -1,
923, 929, 924, -1,
920, 927, 974, -1,
920, 919, 927, -1,
972, 920, 974, -1,
923, 921, 918, -1,
923, 918, 969, -1,
923, 969, 970, -1,
955, 951, 950, -1,
961, 951, 956, -1,
961, 952, 951, -1,
961, 957, 952, -1,
961, 959, 957, -1,
967, 959, 962, -1,
967, 963, 959, -1,
967, 965, 963, -1,
969, 965, 968, -1,
969, 971, 965, -1,
969, 975, 971, -1,
921, 975, 918, -1,
921, 972, 975, -1,
921, 920, 972, -1,
925, 921, 922, -1,
925, 920, 921, -1,
925, 919, 920, -1,
924, 925, 922, -1,
928, 925, 924, -1,
928, 926, 925, -1,
930, 926, 928, -1,
934, 926, 930, -1,
934, 931, 926, -1,
934, 932, 931, -1,
940, 932, 936, -1,
940, 937, 932, -1,
940, 938, 937, -1,
947, 938, 942, -1,
947, 943, 938, -1,
947, 944, 943, -1,
951, 949, 950, -1,
951, 947, 949, -1,
951, 944, 947, -1,
951, 946, 944, -1,
974, 970, 966, -1,
974, 966, 973, -1,
973, 966, 960, -1,
973, 960, 964, -1,
964, 960, 954, -1,
964, 954, 958, -1,
958, 954, 948, -1,
958, 948, 953, -1,
953, 948, 941, -1,
953, 941, 945, -1,
945, 941, 935, -1,
945, 935, 939, -1,
939, 935, 929, -1,
939, 929, 933, -1,
933, 929, 923, -1,
933, 923, 927, -1,
927, 923, 970, -1,
927, 970, 974, -1,
951, 953, 946, -1,
925, 927, 919, -1,
956, 951, 955, -1,
962, 959, 961, -1,
968, 965, 967, -1,
918, 975, 969, -1,
936, 932, 934, -1,
942, 938, 940, -1,
917, 916, 915, -1,
917, 915, 914, -1,
916, 913, 912, -1,
916, 912, 915, -1,
913, 911, 910, -1,
913, 910, 912, -1,
911, 917, 914, -1,
911, 914, 910, -1,
914, 915, 909, -1,
914, 909, 908, -1,
915, 912, 907, -1,
915, 907, 909, -1,
912, 910, 906, -1,
912, 906, 907, -1,
910, 914, 908, -1,
910, 908, 906, -1,
908, 909, 905, -1,
908, 905, 904, -1,
909, 907, 903, -1,
909, 903, 905, -1,
907, 906, 902, -1,
907, 902, 903, -1,
906, 908, 904, -1,
906, 904, 902, -1,
904, 905, 901, -1,
904, 901, 900, -1,
905, 903, 899, -1,
905, 899, 901, -1,
903, 902, 898, -1,
903, 898, 899, -1,
902, 904, 900, -1,
902, 900, 898, -1,
900, 901, 897, -1,
900, 897, 896, -1,
901, 899, 895, -1,
901, 895, 897, -1,
899, 898, 894, -1,
899, 894, 895, -1,
898, 900, 896, -1,
898, 896, 894, -1,
896, 897, 893, -1,
896, 893, 892, -1,
897, 895, 891, -1,
897, 891, 893, -1,
895, 894, 890, -1,
895, 890, 891, -1,
894, 896, 892, -1,
894, 892, 890, -1,
892, 893, 889, -1,
892, 889, 888, -1,
893, 891, 887, -1,
893, 887, 889, -1,
891, 890, 886, -1,
891, 886, 887, -1,
890, 892, 888, -1,
890, 888, 886, -1,
916, 917, 913, -1,
889, 887, 888, -1,
913, 917, 911, -1,
887, 886, 888, -1,
885, 884, 883, -1,
885, 883, 882, -1,
884, 881, 880, -1,
884, 880, 883, -1,
881, 879, 878, -1,
881, 878, 880, -1,
879, 877, 876, -1,
879, 876, 878, -1,
877, 875, 874, -1,
877, 874, 876, -1,
875, 873, 872, -1,
875, 872, 874, -1,
873, 885, 882, -1,
873, 882, 872, -1,
882, 883, 871, -1,
882, 871, 870, -1,
883, 880, 869, -1,
883, 869, 871, -1,
880, 878, 868, -1,
880, 868, 869, -1,
878, 876, 867, -1,
878, 867, 868, -1,
876, 874, 866, -1,
876, 866, 867, -1,
874, 872, 865, -1,
874, 865, 866, -1,
872, 882, 870, -1,
872, 870, 865, -1,
870, 871, 864, -1,
870, 864, 863, -1,
871, 869, 862, -1,
871, 862, 864, -1,
869, 868, 861, -1,
869, 861, 862, -1,
868, 867, 860, -1,
868, 860, 861, -1,
867, 866, 859, -1,
867, 859, 860, -1,
866, 865, 858, -1,
866, 858, 859, -1,
865, 870, 863, -1,
865, 863, 858, -1,
863, 864, 857, -1,
863, 857, 856, -1,
864, 862, 855, -1,
864, 855, 857, -1,
862, 861, 854, -1,
862, 854, 855, -1,
861, 860, 853, -1,
861, 853, 854, -1,
860, 859, 852, -1,
860, 852, 853, -1,
859, 858, 851, -1,
859, 851, 852, -1,
858, 863, 856, -1,
858, 856, 851, -1,
856, 857, 850, -1,
856, 850, 849, -1,
857, 855, 848, -1,
857, 848, 850, -1,
855, 854, 847, -1,
855, 847, 848, -1,
854, 853, 846, -1,
854, 846, 847, -1,
853, 852, 845, -1,
853, 845, 846, -1,
852, 851, 844, -1,
852, 844, 845, -1,
851, 856, 849, -1,
851, 849, 844, -1,
849, 850, 843, -1,
849, 843, 842, -1,
850, 848, 841, -1,
850, 841, 843, -1,
848, 847, 840, -1,
848, 840, 841, -1,
847, 846, 839, -1,
847, 839, 840, -1,
846, 845, 838, -1,
846, 838, 839, -1,
845, 844, 837, -1,
845, 837, 838, -1,
844, 849, 842, -1,
844, 842, 837, -1,
842, 843, 836, -1,
842, 836, 835, -1,
843, 841, 834, -1,
843, 834, 836, -1,
841, 840, 833, -1,
841, 833, 834, -1,
840, 839, 832, -1,
840, 832, 833, -1,
839, 838, 831, -1,
839, 831, 832, -1,
838, 837, 830, -1,
838, 830, 831, -1,
837, 842, 835, -1,
837, 835, 830, -1,
835, 836, 829, -1,
835, 829, 828, -1,
836, 834, 827, -1,
836, 827, 829, -1,
834, 833, 826, -1,
834, 826, 827, -1,
833, 832, 825, -1,
833, 825, 826, -1,
832, 831, 824, -1,
832, 824, 825, -1,
831, 830, 823, -1,
831, 823, 824, -1,
830, 835, 828, -1,
830, 828, 823, -1,
828, 829, 822, -1,
828, 822, 821, -1,
829, 827, 820, -1,
829, 820, 822, -1,
827, 826, 819, -1,
827, 819, 820, -1,
826, 825, 818, -1,
826, 818, 819, -1,
825, 824, 817, -1,
825, 817, 818, -1,
824, 823, 816, -1,
824, 816, 817, -1,
823, 828, 821, -1,
823, 821, 816, -1,
875, 877, 873, -1,
817, 816, 818, -1,
873, 877, 885, -1,
816, 821, 818, -1,
884, 885, 881, -1,
822, 820, 821, -1,
881, 885, 879, -1,
820, 819, 821, -1,
879, 885, 877, -1,
819, 818, 821, -1,
815, 814, 813, -1,
812, 815, 811, -1,
812, 814, 815, -1,
810, 812, 809, -1,
808, 810, 807, -1,
808, 812, 810, -1,
806, 808, 805, -1,
804, 806, 803, -1,
804, 808, 806, -1,
802, 804, 803, -1,
801, 804, 800, -1,
799, 801, 798, -1,
799, 804, 801, -1,
797, 796, 795, -1,
794, 793, 799, -1,
797, 792, 799, -1,
799, 798, 791, -1,
799, 791, 797, -1,
795, 790, 791, -1,
799, 793, 789, -1,
799, 789, 788, -1,
787, 786, 788, -1,
788, 789, 787, -1,
788, 785, 784, -1,
788, 784, 783, -1,
782, 781, 783, -1,
783, 784, 780, -1,
783, 780, 782, -1,
783, 781, 779, -1,
783, 779, 778, -1,
777, 776, 778, -1,
775, 777, 778, -1,
778, 779, 775, -1,
778, 776, 774, -1,
778, 774, 773, -1,
772, 771, 773, -1,
770, 772, 773, -1,
773, 774, 770, -1,
773, 771, 769, -1,
773, 769, 768, -1,
768, 769, 767, -1,
766, 765, 764, -1,
768, 767, 766, -1,
768, 766, 764, -1,
763, 762, 764, -1,
764, 765, 763, -1,
764, 762, 761, -1,
764, 761, 760, -1,
759, 760, 758, -1,
757, 760, 756, -1,
755, 760, 757, -1,
754, 755, 757, -1,
753, 760, 755, -1,
814, 753, 813, -1,
814, 760, 753, -1,
811, 752, 809, -1,
811, 751, 752, -1,
813, 751, 815, -1,
813, 750, 751, -1,
753, 750, 813, -1,
757, 750, 755, -1,
810, 749, 805, -1,
810, 752, 749, -1,
810, 809, 752, -1,
756, 750, 757, -1,
803, 748, 802, -1,
806, 748, 803, -1,
806, 749, 748, -1,
806, 805, 749, -1,
759, 750, 747, -1,
798, 746, 791, -1,
798, 745, 746, -1,
801, 745, 798, -1,
801, 800, 745, -1,
747, 750, 756, -1,
800, 748, 745, -1,
800, 802, 748, -1,
791, 746, 797, -1,
759, 744, 750, -1,
759, 758, 744, -1,
797, 746, 743, -1,
758, 742, 744, -1,
758, 754, 742, -1,
743, 746, 790, -1,
761, 742, 754, -1,
762, 742, 761, -1,
762, 741, 742, -1,
762, 763, 741, -1,
796, 746, 740, -1,
769, 739, 767, -1,
769, 738, 739, -1,
771, 738, 769, -1,
771, 772, 738, -1,
740, 746, 795, -1,
772, 737, 738, -1,
772, 770, 737, -1,
795, 746, 792, -1,
774, 737, 770, -1,
774, 736, 737, -1,
776, 736, 774, -1,
776, 777, 736, -1,
792, 746, 794, -1,
777, 735, 736, -1,
777, 775, 735, -1,
789, 746, 787, -1,
794, 746, 793, -1,
779, 735, 775, -1,
779, 734, 735, -1,
781, 734, 779, -1,
781, 782, 734, -1,
790, 746, 796, -1,
765, 741, 763, -1,
765, 739, 741, -1,
765, 766, 739, -1,
784, 733, 780, -1,
784, 732, 733, -1,
786, 732, 785, -1,
786, 746, 732, -1,
787, 746, 786, -1,
782, 733, 734, -1,
782, 780, 733, -1,
731, 814, 812, -1,
731, 812, 808, -1,
731, 808, 804, -1,
731, 804, 799, -1,
731, 799, 788, -1,
731, 788, 783, -1,
731, 783, 778, -1,
731, 778, 773, -1,
731, 773, 768, -1,
731, 768, 764, -1,
731, 764, 760, -1,
731, 760, 814, -1,
730, 729, 728, -1,
730, 727, 729, -1,
727, 730, 726, -1,
725, 724, 723, -1,
725, 729, 724, -1,
722, 721, 720, -1,
722, 749, 721, -1,
719, 749, 722, -1,
718, 749, 719, -1,
718, 717, 749, -1,
716, 715, 714, -1,
716, 748, 715, -1,
713, 717, 712, -1,
713, 748, 717, -1,
715, 748, 713, -1,
711, 710, 709, -1,
711, 709, 708, -1,
707, 706, 705, -1,
711, 708, 707, -1,
711, 707, 705, -1,
705, 706, 704, -1,
705, 704, 703, -1,
702, 701, 700, -1,
702, 700, 703, -1,
703, 704, 699, -1,
703, 699, 702, -1,
698, 697, 735, -1,
735, 696, 695, -1,
735, 695, 698, -1,
735, 697, 694, -1,
735, 694, 736, -1,
736, 694, 693, -1,
736, 693, 737, -1,
692, 691, 690, -1,
692, 690, 737, -1,
737, 693, 689, -1,
737, 689, 692, -1,
688, 687, 686, -1,
688, 744, 687, -1,
685, 744, 688, -1,
724, 685, 723, -1,
724, 750, 685, -1,
685, 744, 685, -1,
685, 750, 744, -1,
684, 683, 682, -1,
681, 684, 682, -1,
681, 682, 727, -1,
727, 726, 681, -1,
680, 720, 721, -1,
680, 721, 682, -1,
682, 679, 680, -1,
678, 679, 682, -1,
677, 678, 682, -1,
677, 682, 716, -1,
716, 714, 677, -1,
676, 709, 710, -1,
676, 710, 682, -1,
682, 675, 676, -1,
674, 673, 682, -1,
674, 682, 700, -1,
700, 701, 674, -1,
672, 695, 696, -1,
672, 696, 682, -1,
682, 671, 672, -1,
670, 671, 682, -1,
669, 670, 682, -1,
669, 682, 690, -1,
690, 691, 669, -1,
668, 686, 687, -1,
668, 687, 682, -1,
682, 683, 668, -1,
725, 667, 728, -1,
723, 667, 725, -1,
685, 685, 723, -1,
685, 688, 667, -1,
730, 667, 666, -1,
730, 728, 667, -1,
726, 665, 681, -1,
726, 666, 665, -1,
726, 730, 666, -1,
718, 664, 712, -1,
719, 664, 718, -1,
719, 722, 664, -1,
720, 664, 722, -1,
720, 663, 664, -1,
720, 680, 663, -1,
715, 713, 662, -1,
714, 715, 662, -1,
662, 661, 714, -1,
713, 664, 662, -1,
713, 712, 664, -1,
709, 660, 708, -1,
709, 659, 660, -1,
709, 676, 659, -1,
706, 707, 660, -1,
704, 706, 660, -1,
660, 699, 704, -1,
699, 660, 658, -1,
699, 658, 702, -1,
701, 702, 658, -1,
658, 657, 701, -1,
693, 694, 656, -1,
656, 689, 693, -1,
695, 672, 655, -1,
695, 655, 656, -1,
656, 698, 695, -1,
689, 656, 654, -1,
689, 654, 692, -1,
691, 653, 669, -1,
691, 654, 653, -1,
691, 692, 654, -1,
686, 668, 652, -1,
686, 652, 667, -1,
667, 688, 686, -1,
683, 684, 665, -1,
665, 652, 668, -1,
665, 668, 683, -1,
665, 684, 681, -1,
679, 678, 661, -1,
661, 663, 680, -1,
661, 680, 679, -1,
661, 678, 677, -1,
675, 659, 676, -1,
673, 659, 675, -1,
673, 657, 659, -1,
674, 657, 673, -1,
671, 655, 672, -1,
670, 655, 671, -1,
670, 653, 655, -1,
669, 653, 670, -1,
651, 729, 727, -1,
751, 727, 721, -1,
751, 651, 727, -1,
752, 751, 721, -1,
749, 752, 721, -1,
745, 748, 716, -1,
745, 716, 710, -1,
745, 710, 746, -1,
650, 710, 711, -1,
703, 700, 732, -1,
732, 700, 733, -1,
733, 700, 696, -1,
733, 696, 734, -1,
734, 696, 735, -1,
737, 690, 738, -1,
738, 690, 739, -1,
741, 690, 687, -1,
741, 739, 690, -1,
741, 687, 742, -1,
744, 742, 687, -1,
748, 749, 717, -1,
751, 729, 651, -1,
750, 729, 751, -1,
750, 724, 729, -1,
746, 703, 732, -1,
746, 705, 703, -1,
746, 650, 705, -1,
727, 682, 721, -1,
716, 682, 710, -1,
700, 682, 696, -1,
690, 682, 687, -1,
746, 710, 650, -1,
650, 711, 705, -1,
662, 664, 663, -1,
662, 663, 661, -1,
654, 656, 655, -1,
654, 655, 653, -1,
666, 667, 652, -1,
666, 652, 665, -1,
658, 660, 659, -1,
658, 659, 657, -1,
728, 729, 725, -1,
712, 717, 718, -1,
673, 675, 682, -1,
685, 667, 723, -1,
714, 661, 677, -1,
708, 660, 707, -1,
701, 657, 674, -1,
694, 698, 656, -1,
809, 812, 811, -1,
805, 808, 807, -1,
800, 804, 802, -1,
797, 795, 792, -1,
796, 740, 795, -1,
792, 794, 799, -1,
795, 791, 798, -1,
786, 785, 788, -1,
754, 760, 761, -1,
758, 760, 754, -1,
747, 760, 759, -1,
756, 760, 747, -1,
754, 756, 747, -1,
754, 757, 756, -1,
815, 751, 811, -1,
755, 750, 753, -1,
767, 739, 766, -1,
793, 746, 789, -1,
785, 732, 784, -1,
649, 648, 647, -1,
646, 646, 645, -1,
646, 645, 644, -1,
643, 642, 648, -1,
641, 645, 640, -1,
640, 639, 641, -1,
645, 641, 639, -1,
645, 639, 644, -1,
638, 648, 637, -1,
646, 644, 636, -1,
635, 638, 634, -1,
638, 634, 648, -1,
639, 633, 632, -1,
639, 639, 633, -1,
631, 630, 629, -1,
631, 633, 630, -1,
647, 648, 628, -1,
627, 626, 625, -1,
627, 630, 626, -1,
625, 628, 624, -1,
623, 622, 621, -1,
623, 626, 622, -1,
620, 619, 618, -1,
621, 619, 617, -1,
621, 622, 619, -1,
618, 616, 620, -1,
647, 615, 648, -1,
647, 648, 614, -1,
648, 615, 647, -1,
648, 647, 628, -1,
648, 628, 628, -1,
637, 642, 613, -1,
637, 613, 648, -1,
648, 635, 637, -1,
635, 638, 646, -1,
636, 639, 612, -1,
612, 646, 636, -1,
646, 612, 613, -1,
646, 613, 646, -1,
632, 631, 611, -1,
611, 610, 641, -1,
610, 611, 612, -1,
610, 612, 641, -1,
609, 610, 648, -1,
627, 608, 627, -1,
629, 608, 611, -1,
629, 611, 631, -1,
609, 609, 627, -1,
607, 623, 606, -1,
606, 625, 607, -1,
625, 606, 608, -1,
625, 608, 627, -1,
628, 647, 647, -1,
621, 605, 604, -1,
621, 621, 605, -1,
623, 605, 606, -1,
623, 604, 605, -1,
603, 647, 616, -1,
617, 620, 602, -1,
621, 602, 605, -1,
621, 617, 602, -1,
618, 647, 620, -1,
601, 600, 599, -1,
600, 598, 597, -1,
600, 597, 599, -1,
598, 596, 595, -1,
598, 595, 597, -1,
596, 594, 593, -1,
596, 593, 595, -1,
594, 592, 591, -1,
594, 591, 593, -1,
592, 590, 589, -1,
592, 589, 591, -1,
590, 588, 587, -1,
590, 587, 589, -1,
588, 586, 585, -1,
588, 585, 587, -1,
586, 584, 583, -1,
586, 583, 585, -1,
584, 582, 581, -1,
584, 581, 583, -1,
582, 580, 581, -1,
601, 599, 579, -1,
599, 597, 578, -1,
599, 578, 579, -1,
597, 595, 577, -1,
597, 577, 578, -1,
595, 593, 576, -1,
595, 576, 577, -1,
593, 591, 575, -1,
593, 575, 576, -1,
591, 589, 574, -1,
591, 574, 575, -1,
589, 587, 573, -1,
589, 573, 574, -1,
587, 585, 572, -1,
587, 572, 573, -1,
585, 583, 571, -1,
585, 571, 572, -1,
583, 581, 570, -1,
583, 570, 571, -1,
581, 580, 570, -1,
601, 579, 569, -1,
579, 578, 568, -1,
579, 568, 569, -1,
578, 577, 567, -1,
578, 567, 568, -1,
577, 576, 566, -1,
577, 566, 567, -1,
576, 575, 565, -1,
576, 565, 566, -1,
575, 574, 564, -1,
575, 564, 565, -1,
574, 573, 563, -1,
574, 563, 564, -1,
573, 572, 562, -1,
573, 562, 563, -1,
572, 571, 561, -1,
572, 561, 562, -1,
571, 570, 560, -1,
571, 560, 561, -1,
570, 580, 560, -1,
601, 569, 559, -1,
569, 568, 558, -1,
569, 558, 559, -1,
568, 567, 557, -1,
568, 557, 558, -1,
567, 566, 556, -1,
567, 556, 557, -1,
566, 565, 555, -1,
566, 555, 556, -1,
565, 564, 554, -1,
565, 554, 555, -1,
564, 563, 553, -1,
564, 553, 554, -1,
563, 562, 552, -1,
563, 552, 553, -1,
562, 561, 551, -1,
562, 551, 552, -1,
561, 560, 550, -1,
561, 550, 551, -1,
560, 580, 550, -1,
601, 559, 549, -1,
559, 558, 548, -1,
559, 548, 549, -1,
558, 557, 547, -1,
558, 547, 548, -1,
557, 556, 546, -1,
557, 546, 547, -1,
556, 555, 545, -1,
556, 545, 546, -1,
555, 554, 544, -1,
555, 544, 545, -1,
554, 553, 543, -1,
554, 543, 544, -1,
553, 552, 542, -1,
553, 542, 543, -1,
552, 551, 541, -1,
552, 541, 542, -1,
551, 550, 540, -1,
551, 540, 541, -1,
550, 580, 540, -1,
601, 549, 539, -1,
549, 548, 538, -1,
549, 538, 539, -1,
548, 547, 537, -1,
548, 537, 538, -1,
547, 546, 536, -1,
547, 536, 537, -1,
546, 545, 535, -1,
546, 535, 536, -1,
545, 544, 534, -1,
545, 534, 535, -1,
544, 543, 533, -1,
544, 533, 534, -1,
543, 542, 532, -1,
543, 532, 533, -1,
542, 541, 531, -1,
542, 531, 532, -1,
541, 540, 530, -1,
541, 530, 531, -1,
540, 580, 530, -1,
601, 539, 529, -1,
539, 538, 528, -1,
539, 528, 529, -1,
538, 537, 527, -1,
538, 527, 528, -1,
537, 536, 526, -1,
537, 526, 527, -1,
536, 535, 525, -1,
536, 525, 526, -1,
535, 534, 524, -1,
535, 524, 525, -1,
534, 533, 523, -1,
534, 523, 524, -1,
533, 532, 522, -1,
533, 522, 523, -1,
532, 531, 521, -1,
532, 521, 522, -1,
531, 530, 520, -1,
531, 520, 521, -1,
530, 580, 520, -1,
601, 529, 519, -1,
529, 528, 518, -1,
529, 518, 519, -1,
528, 527, 517, -1,
528, 517, 518, -1,
527, 526, 516, -1,
527, 516, 517, -1,
526, 525, 515, -1,
526, 515, 516, -1,
525, 524, 514, -1,
525, 514, 515, -1,
524, 523, 513, -1,
524, 513, 514, -1,
523, 522, 512, -1,
523, 512, 513, -1,
522, 521, 511, -1,
522, 511, 512, -1,
521, 520, 510, -1,
521, 510, 511, -1,
520, 580, 510, -1,
601, 519, 509, -1,
519, 518, 508, -1,
519, 508, 509, -1,
518, 517, 507, -1,
518, 507, 508, -1,
517, 516, 506, -1,
517, 506, 507, -1,
516, 515, 505, -1,
516, 505, 506, -1,
515, 514, 504, -1,
515, 504, 505, -1,
514, 513, 503, -1,
514, 503, 504, -1,
513, 512, 502, -1,
513, 502, 503, -1,
512, 511, 501, -1,
512, 501, 502, -1,
511, 510, 500, -1,
511, 500, 501, -1,
510, 580, 500, -1,
601, 509, 499, -1,
509, 508, 498, -1,
509, 498, 499, -1,
508, 507, 497, -1,
508, 497, 498, -1,
507, 506, 496, -1,
507, 496, 497, -1,
506, 505, 495, -1,
506, 495, 496, -1,
505, 504, 494, -1,
505, 494, 495, -1,
504, 503, 493, -1,
504, 493, 494, -1,
503, 502, 492, -1,
503, 492, 493, -1,
502, 501, 491, -1,
502, 491, 492, -1,
501, 500, 490, -1,
501, 490, 491, -1,
500, 580, 490, -1,
601, 499, 489, -1,
499, 498, 488, -1,
499, 488, 489, -1,
498, 497, 487, -1,
498, 487, 488, -1,
497, 496, 486, -1,
497, 486, 487, -1,
496, 495, 485, -1,
496, 485, 486, -1,
495, 494, 484, -1,
495, 484, 485, -1,
494, 493, 483, -1,
494, 483, 484, -1,
493, 492, 482, -1,
493, 482, 483, -1,
492, 491, 481, -1,
492, 481, 482, -1,
491, 490, 480, -1,
491, 480, 481, -1,
490, 580, 480, -1,
601, 489, 479, -1,
489, 488, 478, -1,
489, 478, 479, -1,
488, 487, 477, -1,
488, 477, 478, -1,
487, 486, 476, -1,
487, 476, 477, -1,
486, 485, 475, -1,
486, 475, 476, -1,
485, 484, 474, -1,
485, 474, 475, -1,
484, 483, 473, -1,
484, 473, 474, -1,
483, 482, 472, -1,
483, 472, 473, -1,
482, 481, 471, -1,
482, 471, 472, -1,
481, 480, 470, -1,
481, 470, 471, -1,
480, 580, 470, -1,
601, 479, 469, -1,
479, 478, 468, -1,
479, 468, 469, -1,
478, 477, 467, -1,
478, 467, 468, -1,
477, 476, 466, -1,
477, 466, 467, -1,
476, 475, 465, -1,
476, 465, 466, -1,
475, 474, 464, -1,
475, 464, 465, -1,
474, 473, 463, -1,
474, 463, 464, -1,
473, 472, 462, -1,
473, 462, 463, -1,
472, 471, 461, -1,
472, 461, 462, -1,
471, 470, 460, -1,
471, 460, 461, -1,
470, 580, 460, -1,
601, 469, 459, -1,
469, 468, 458, -1,
469, 458, 459, -1,
468, 467, 457, -1,
468, 457, 458, -1,
467, 466, 456, -1,
467, 456, 457, -1,
466, 465, 455, -1,
466, 455, 456, -1,
465, 464, 454, -1,
465, 454, 455, -1,
464, 463, 453, -1,
464, 453, 454, -1,
463, 462, 452, -1,
463, 452, 453, -1,
462, 461, 451, -1,
462, 451, 452, -1,
461, 460, 450, -1,
461, 450, 451, -1,
460, 580, 450, -1,
601, 459, 449, -1,
459, 458, 649, -1,
459, 649, 449, -1,
458, 457, 643, -1,
458, 643, 649, -1,
457, 456, 645, -1,
457, 645, 643, -1,
456, 455, 640, -1,
456, 640, 645, -1,
455, 454, 448, -1,
455, 448, 640, -1,
454, 453, 447, -1,
454, 447, 448, -1,
453, 452, 446, -1,
453, 446, 447, -1,
452, 451, 445, -1,
452, 445, 446, -1,
451, 450, 444, -1,
451, 444, 445, -1,
450, 580, 444, -1,
601, 449, 443, -1,
449, 649, 647, -1,
449, 647, 443, -1,
649, 643, 648, -1,
640, 448, 633, -1,
640, 633, 639, -1,
448, 447, 630, -1,
448, 630, 633, -1,
447, 446, 626, -1,
447, 626, 630, -1,
446, 445, 622, -1,
446, 622, 626, -1,
445, 444, 619, -1,
445, 619, 622, -1,
444, 580, 619, -1,
594, 596, 592, -1,
592, 596, 590, -1,
590, 596, 588, -1,
596, 598, 588, -1,
588, 598, 586, -1,
586, 598, 584, -1,
584, 598, 582, -1,
600, 601, 598, -1,
443, 647, 601, -1,
598, 601, 582, -1,
647, 619, 601, -1,
582, 601, 580, -1,
619, 580, 601, -1,
601, 443, 442, -1,
443, 647, 441, -1,
443, 441, 442, -1,
647, 614, 441, -1,
648, 613, 614, -1,
619, 580, 602, -1,
601, 442, 440, -1,
442, 441, 439, -1,
442, 439, 440, -1,
441, 614, 438, -1,
441, 438, 439, -1,
614, 613, 437, -1,
614, 437, 438, -1,
613, 612, 436, -1,
613, 436, 437, -1,
612, 611, 435, -1,
612, 435, 436, -1,
611, 608, 434, -1,
611, 434, 435, -1,
608, 606, 433, -1,
608, 433, 434, -1,
606, 605, 432, -1,
606, 432, 433, -1,
605, 602, 431, -1,
605, 431, 432, -1,
602, 580, 431, -1,
601, 440, 430, -1,
440, 439, 429, -1,
440, 429, 430, -1,
439, 438, 428, -1,
439, 428, 429, -1,
438, 437, 427, -1,
438, 427, 428, -1,
437, 436, 426, -1,
437, 426, 427, -1,
436, 435, 425, -1,
436, 425, 426, -1,
435, 434, 424, -1,
435, 424, 425, -1,
434, 433, 423, -1,
434, 423, 424, -1,
433, 432, 422, -1,
433, 422, 423, -1,
432, 431, 421, -1,
432, 421, 422, -1,
431, 580, 421, -1,
601, 430, 420, -1,
430, 429, 419, -1,
430, 419, 420, -1,
429, 428, 418, -1,
429, 418, 419, -1,
428, 427, 417, -1,
428, 417, 418, -1,
427, 426, 416, -1,
427, 416, 417, -1,
426, 425, 415, -1,
426, 415, 416, -1,
425, 424, 414, -1,
425, 414, 415, -1,
424, 423, 413, -1,
424, 413, 414, -1,
423, 422, 412, -1,
423, 412, 413, -1,
422, 421, 411, -1,
422, 411, 412, -1,
421, 580, 411, -1,
601, 420, 410, -1,
420, 419, 409, -1,
420, 409, 410, -1,
419, 418, 408, -1,
419, 408, 409, -1,
418, 417, 407, -1,
418, 407, 408, -1,
417, 416, 406, -1,
417, 406, 407, -1,
416, 415, 405, -1,
416, 405, 406, -1,
415, 414, 404, -1,
415, 404, 405, -1,
414, 413, 403, -1,
414, 403, 404, -1,
413, 412, 402, -1,
413, 402, 403, -1,
412, 411, 401, -1,
412, 401, 402, -1,
411, 580, 401, -1,
601, 410, 400, -1,
410, 409, 399, -1,
410, 399, 400, -1,
409, 408, 398, -1,
409, 398, 399, -1,
408, 407, 397, -1,
408, 397, 398, -1,
407, 406, 396, -1,
407, 396, 397, -1,
406, 405, 395, -1,
406, 395, 396, -1,
405, 404, 394, -1,
405, 394, 395, -1,
404, 403, 393, -1,
404, 393, 394, -1,
403, 402, 392, -1,
403, 392, 393, -1,
402, 401, 391, -1,
402, 391, 392, -1,
401, 580, 391, -1,
601, 400, 390, -1,
400, 399, 389, -1,
400, 389, 390, -1,
399, 398, 388, -1,
399, 388, 389, -1,
398, 397, 387, -1,
398, 387, 388, -1,
397, 396, 386, -1,
397, 386, 387, -1,
396, 395, 385, -1,
396, 385, 386, -1,
395, 394, 384, -1,
395, 384, 385, -1,
394, 393, 383, -1,
394, 383, 384, -1,
393, 392, 382, -1,
393, 382, 383, -1,
392, 391, 381, -1,
392, 381, 382, -1,
391, 580, 381, -1,
601, 390, 380, -1,
390, 389, 379, -1,
390, 379, 380, -1,
389, 388, 378, -1,
389, 378, 379, -1,
388, 387, 377, -1,
388, 377, 378, -1,
387, 386, 376, -1,
387, 376, 377, -1,
386, 385, 375, -1,
386, 375, 376, -1,
385, 384, 374, -1,
385, 374, 375, -1,
384, 383, 373, -1,
384, 373, 374, -1,
383, 382, 372, -1,
383, 372, 373, -1,
382, 381, 371, -1,
382, 371, 372, -1,
381, 580, 371, -1,
601, 380, 370, -1,
380, 379, 369, -1,
380, 369, 370, -1,
379, 378, 368, -1,
379, 368, 369, -1,
378, 377, 367, -1,
378, 367, 368, -1,
377, 376, 366, -1,
377, 366, 367, -1,
376, 375, 365, -1,
376, 365, 366, -1,
375, 374, 364, -1,
375, 364, 365, -1,
374, 373, 363, -1,
374, 363, 364, -1,
373, 372, 362, -1,
373, 362, 363, -1,
372, 371, 361, -1,
372, 361, 362, -1,
371, 580, 361, -1,
601, 370, 360, -1,
370, 369, 359, -1,
370, 359, 360, -1,
369, 368, 358, -1,
369, 358, 359, -1,
368, 367, 357, -1,
368, 357, 358, -1,
367, 366, 356, -1,
367, 356, 357, -1,
366, 365, 355, -1,
366, 355, 356, -1,
365, 364, 354, -1,
365, 354, 355, -1,
364, 363, 353, -1,
364, 353, 354, -1,
363, 362, 352, -1,
363, 352, 353, -1,
362, 361, 351, -1,
362, 351, 352, -1,
361, 580, 351, -1,
601, 360, 350, -1,
360, 359, 349, -1,
360, 349, 350, -1,
359, 358, 348, -1,
359, 348, 349, -1,
358, 357, 347, -1,
358, 347, 348, -1,
357, 356, 346, -1,
357, 346, 347, -1,
356, 355, 345, -1,
356, 345, 346, -1,
355, 354, 344, -1,
355, 344, 345, -1,
354, 353, 343, -1,
354, 343, 344, -1,
353, 352, 342, -1,
353, 342, 343, -1,
352, 351, 341, -1,
352, 341, 342, -1,
351, 580, 341, -1,
601, 350, 340, -1,
350, 349, 339, -1,
350, 339, 340, -1,
349, 348, 338, -1,
349, 338, 339, -1,
348, 347, 337, -1,
348, 337, 338, -1,
347, 346, 336, -1,
347, 336, 337, -1,
346, 345, 335, -1,
346, 335, 336, -1,
345, 344, 334, -1,
345, 334, 335, -1,
344, 343, 333, -1,
344, 333, 334, -1,
343, 342, 332, -1,
343, 332, 333, -1,
342, 341, 331, -1,
342, 331, 332, -1,
341, 580, 331, -1,
601, 340, 330, -1,
340, 339, 329, -1,
340, 329, 330, -1,
339, 338, 328, -1,
339, 328, 329, -1,
338, 337, 327, -1,
338, 327, 328, -1,
337, 336, 326, -1,
337, 326, 327, -1,
336, 335, 325, -1,
336, 325, 326, -1,
335, 334, 324, -1,
335, 324, 325, -1,
334, 333, 323, -1,
334, 323, 324, -1,
333, 332, 322, -1,
333, 322, 323, -1,
332, 331, 321, -1,
332, 321, 322, -1,
331, 580, 321, -1,
601, 330, 320, -1,
330, 329, 319, -1,
330, 319, 320, -1,
329, 328, 318, -1,
329, 318, 319, -1,
328, 327, 317, -1,
328, 317, 318, -1,
327, 326, 316, -1,
327, 316, 317, -1,
326, 325, 315, -1,
326, 315, 316, -1,
325, 324, 314, -1,
325, 314, 315, -1,
324, 323, 313, -1,
324, 313, 314, -1,
323, 322, 312, -1,
323, 312, 313, -1,
322, 321, 311, -1,
322, 311, 312, -1,
321, 580, 311, -1,
601, 320, 310, -1,
320, 319, 309, -1,
320, 309, 310, -1,
319, 318, 308, -1,
319, 308, 309, -1,
318, 317, 307, -1,
318, 307, 308, -1,
317, 316, 306, -1,
317, 306, 307, -1,
316, 315, 305, -1,
316, 305, 306, -1,
315, 314, 304, -1,
315, 304, 305, -1,
314, 313, 303, -1,
314, 303, 304, -1,
313, 312, 302, -1,
313, 302, 303, -1,
312, 311, 301, -1,
312, 301, 302, -1,
311, 580, 301, -1,
601, 310, 600, -1,
310, 309, 598, -1,
310, 598, 600, -1,
309, 308, 300, -1,
309, 300, 598, -1,
308, 307, 299, -1,
308, 299, 300, -1,
307, 306, 298, -1,
307, 298, 299, -1,
306, 305, 297, -1,
306, 297, 298, -1,
305, 304, 296, -1,
305, 296, 297, -1,
304, 303, 295, -1,
304, 295, 296, -1,
303, 302, 294, -1,
303, 294, 295, -1,
302, 301, 582, -1,
302, 582, 294, -1,
301, 580, 582, -1,
299, 298, 300, -1,
298, 297, 300, -1,
297, 296, 300, -1,
300, 296, 598, -1,
296, 295, 598, -1,
295, 294, 598, -1,
294, 582, 598, -1,
443, 601, 647, -1,
600, 598, 601, -1,
647, 601, 619, -1,
598, 582, 601, -1,
619, 601, 580, -1,
582, 580, 601, -1,
642, 643, 645, -1,
293, 642, 645, -1,
646, 293, 645, -1,
646, 646, 645, -1,
646, 646, 644, -1,
642, 637, 648, -1,
636, 644, 639, -1,
638, 644, 646, -1,
634, 638, 646, -1,
629, 630, 627, -1,
624, 648, 292, -1,
628, 648, 624, -1,
628, 648, 628, -1,
625, 626, 607, -1,
625, 624, 627, -1,
623, 621, 621, -1,
618, 619, 647, -1,
617, 619, 620, -1,
616, 621, 617, -1,
620, 616, 617, -1,
648, 628, 624, -1,
642, 646, 613, -1,
638, 646, 646, -1,
611, 641, 632, -1,
641, 612, 639, -1,
291, 634, 648, -1,
610, 291, 648, -1,
627, 608, 629, -1,
609, 648, 624, -1,
292, 609, 624, -1,
627, 609, 292, -1,
290, 647, 603, -1,
647, 647, 290, -1,
616, 647, 618, -1,
620, 619, 602, -1,
620, 647, 619, -1,
289, 288, 287, -1,
288, 286, 285, -1,
288, 285, 287, -1,
286, 284, 283, -1,
286, 283, 285, -1,
284, 282, 283, -1,
289, 287, 281, -1,
287, 285, 280, -1,
287, 280, 281, -1,
285, 283, 279, -1,
285, 279, 280, -1,
283, 282, 279, -1,
289, 281, 278, -1,
281, 280, 277, -1,
281, 277, 278, -1,
280, 279, 276, -1,
280, 276, 277, -1,
279, 282, 276, -1,
289, 278, 275, -1,
278, 277, 274, -1,
278, 274, 275, -1,
277, 276, 273, -1,
277, 273, 274, -1,
276, 282, 273, -1,
289, 275, 272, -1,
275, 274, 271, -1,
275, 271, 272, -1,
274, 273, 270, -1,
274, 270, 271, -1,
273, 282, 270, -1,
289, 272, 269, -1,
272, 271, 268, -1,
272, 268, 269, -1,
271, 270, 267, -1,
271, 267, 268, -1,
270, 282, 267, -1,
289, 269, 266, -1,
269, 268, 265, -1,
269, 265, 266, -1,
268, 267, 264, -1,
268, 264, 265, -1,
267, 282, 264, -1,
289, 266, 263, -1,
266, 265, 262, -1,
266, 262, 263, -1,
265, 264, 261, -1,
265, 261, 262, -1,
264, 282, 261, -1,
289, 263, 260, -1,
263, 262, 259, -1,
263, 259, 260, -1,
262, 261, 258, -1,
262, 258, 259, -1,
261, 282, 258, -1,
289, 260, 257, -1,
260, 259, 256, -1,
260, 256, 257, -1,
259, 258, 255, -1,
259, 255, 256, -1,
258, 282, 255, -1,
289, 257, 254, -1,
257, 256, 253, -1,
257, 253, 254, -1,
256, 255, 252, -1,
256, 252, 253, -1,
255, 282, 252, -1,
289, 254, 288, -1,
254, 253, 286, -1,
254, 286, 288, -1,
253, 252, 284, -1,
253, 284, 286, -1,
252, 282, 284, -1,
251, 250, 249, -1,
250, 248, 247, -1,
250, 247, 249, -1,
248, 246, 245, -1,
248, 245, 247, -1,
246, 244, 245, -1,
251, 249, 243, -1,
249, 247, 242, -1,
249, 242, 243, -1,
247, 245, 241, -1,
247, 241, 242, -1,
245, 244, 241, -1,
251, 243, 240, -1,
243, 242, 239, -1,
243, 239, 240, -1,
242, 241, 238, -1,
242, 238, 239, -1,
241, 244, 238, -1,
251, 240, 237, -1,
240, 239, 236, -1,
240, 236, 237, -1,
239, 238, 235, -1,
239, 235, 236, -1,
238, 244, 235, -1,
251, 237, 234, -1,
237, 236, 233, -1,
237, 233, 234, -1,
236, 235, 232, -1,
236, 232, 233, -1,
235, 244, 232, -1,
251, 234, 231, -1,
234, 233, 230, -1,
234, 230, 231, -1,
233, 232, 229, -1,
233, 229, 230, -1,
232, 244, 229, -1,
251, 231, 228, -1,
231, 230, 227, -1,
231, 227, 228, -1,
230, 229, 226, -1,
230, 226, 227, -1,
229, 244, 226, -1,
251, 228, 225, -1,
228, 227, 224, -1,
228, 224, 225, -1,
227, 226, 223, -1,
227, 223, 224, -1,
226, 244, 223, -1,
251, 225, 222, -1,
225, 224, 221, -1,
225, 221, 222, -1,
224, 223, 220, -1,
224, 220, 221, -1,
223, 244, 220, -1,
251, 222, 219, -1,
222, 221, 218, -1,
222, 218, 219, -1,
221, 220, 217, -1,
221, 217, 218, -1,
220, 244, 217, -1,
251, 219, 216, -1,
219, 218, 215, -1,
219, 215, 216, -1,
218, 217, 214, -1,
218, 214, 215, -1,
217, 244, 214, -1,
251, 216, 250, -1,
216, 215, 248, -1,
216, 248, 250, -1,
215, 214, 246, -1,
215, 246, 248, -1,
214, 244, 246, -1,
213, 212, 211, -1,
213, 210, 212, -1,
209, 210, 213, -1,
208, 210, 209, -1,
207, 210, 208, -1,
207, 206, 210, -1,
205, 206, 207, -1,
204, 206, 205, -1,
203, 204, 202, -1,
203, 206, 204, -1,
201, 200, 212, -1,
199, 203, 202, -1,
198, 197, 196, -1,
198, 212, 197, -1,
198, 201, 212, -1,
195, 203, 199, -1,
194, 195, 193, -1,
194, 203, 195, -1,
192, 191, 197, -1,
194, 193, 190, -1,
194, 190, 189, -1,
188, 192, 197, -1,
188, 197, 187, -1,
187, 186, 188, -1,
185, 184, 183, -1,
194, 189, 185, -1,
194, 185, 183, -1,
186, 187, 182, -1,
183, 184, 181, -1,
180, 179, 187, -1,
180, 187, 178, -1,
178, 177, 176, -1,
178, 176, 180, -1,
175, 174, 178, -1,
175, 178, 173, -1,
172, 175, 173, -1,
183, 181, 172, -1,
183, 172, 173, -1,
200, 171, 211, -1,
201, 171, 200, -1,
201, 170, 171, -1,
201, 198, 170, -1,
213, 211, 171, -1,
209, 213, 171, -1,
209, 169, 208, -1,
209, 171, 169, -1,
207, 169, 205, -1,
208, 169, 207, -1,
202, 168, 199, -1,
204, 168, 202, -1,
169, 204, 205, -1,
169, 168, 204, -1,
192, 170, 191, -1,
192, 167, 170, -1,
192, 188, 167, -1,
198, 196, 170, -1,
193, 195, 168, -1,
193, 168, 166, -1,
166, 190, 193, -1,
182, 179, 167, -1,
186, 182, 167, -1,
167, 188, 186, -1,
189, 190, 166, -1,
166, 185, 189, -1,
184, 185, 166, -1,
165, 172, 181, -1,
165, 181, 184, -1,
165, 184, 166, -1,
180, 164, 167, -1,
180, 167, 179, -1,
180, 176, 164, -1,
177, 164, 176, -1,
165, 177, 174, -1,
165, 164, 177, -1,
165, 175, 172, -1,
175, 165, 174, -1,
163, 162, 173, -1,
161, 163, 173, -1,
160, 161, 178, -1,
178, 159, 160, -1,
158, 157, 156, -1,
158, 156, 173, -1,
173, 162, 158, -1,
155, 159, 154, -1,
156, 153, 152, -1,
151, 154, 159, -1,
151, 159, 150, -1,
149, 151, 150, -1,
150, 148, 149, -1,
147, 146, 145, -1,
156, 152, 147, -1,
156, 147, 145, -1,
148, 150, 144, -1,
143, 145, 142, -1,
141, 150, 140, -1,
141, 144, 150, -1,
139, 145, 143, -1,
138, 139, 137, -1,
138, 145, 139, -1,
136, 138, 137, -1,
135, 210, 134, -1,
133, 132, 135, -1,
131, 138, 136, -1,
130, 138, 131, -1,
130, 206, 138, -1,
206, 129, 210, -1,
206, 128, 129, -1,
206, 130, 128, -1,
154, 151, 127, -1,
155, 154, 127, -1,
127, 126, 125, -1,
127, 125, 155, -1,
125, 126, 160, -1,
160, 126, 161, -1,
126, 124, 163, -1,
126, 163, 161, -1,
162, 163, 124, -1,
124, 158, 162, -1,
153, 157, 123, -1,
123, 147, 152, -1,
123, 152, 153, -1,
123, 157, 158, -1,
123, 158, 124, -1,
144, 127, 148, -1,
144, 122, 127, -1,
144, 141, 122, -1,
151, 149, 127, -1,
146, 147, 123, -1,
146, 123, 121, -1,
121, 142, 146, -1,
120, 122, 141, -1,
132, 122, 140, -1,
132, 133, 122, -1,
143, 142, 121, -1,
121, 139, 143, -1,
136, 119, 131, -1,
137, 119, 136, -1,
137, 121, 119, -1,
121, 137, 139, -1,
133, 118, 122, -1,
133, 135, 118, -1,
134, 118, 135, -1,
129, 128, 119, -1,
118, 134, 129, -1,
118, 129, 119, -1,
131, 119, 130, -1,
119, 128, 130, -1,
117, 116, 115, -1,
117, 115, 114, -1,
114, 113, 117, -1,
112, 111, 110, -1,
112, 110, 109, -1,
109, 115, 111, -1,
109, 111, 112, -1,
108, 107, 110, -1,
110, 106, 108, -1,
105, 111, 115, -1,
115, 116, 105, -1,
104, 113, 103, -1,
102, 101, 100, -1,
102, 99, 101, -1,
102, 98, 99, -1,
97, 98, 102, -1,
98, 97, 96, -1,
101, 95, 100, -1,
101, 94, 95, -1,
96, 93, 98, -1,
92, 91, 90, -1,
92, 94, 91, -1,
89, 94, 92, -1,
95, 94, 89, -1,
93, 88, 98, -1,
87, 110, 107, -1,
87, 107, 86, -1,
85, 103, 113, -1,
113, 84, 85, -1,
87, 86, 83, -1,
84, 113, 82, -1,
84, 82, 81, -1,
87, 83, 80, -1,
81, 82, 98, -1,
81, 98, 79, -1,
78, 90, 91, -1,
87, 80, 78, -1,
87, 78, 91, -1,
79, 98, 88, -1,
104, 77, 117, -1,
103, 77, 104, -1,
103, 76, 77, -1,
85, 76, 103, -1,
97, 102, 75, -1,
116, 77, 105, -1,
117, 77, 116, -1,
100, 75, 102, -1,
95, 75, 100, -1,
95, 74, 75, -1,
95, 89, 74, -1,
90, 78, 73, -1,
73, 74, 92, -1,
73, 92, 90, -1,
112, 72, 106, -1,
111, 72, 112, -1,
105, 72, 111, -1,
105, 77, 72, -1,
89, 92, 74, -1,
107, 108, 72, -1,
107, 72, 71, -1,
86, 107, 71, -1,
83, 86, 71, -1,
80, 83, 71, -1,
73, 78, 80, -1,
73, 80, 71, -1,
84, 76, 85, -1,
81, 76, 84, -1,
79, 76, 81, -1,
88, 76, 79, -1,
88, 70, 76, -1,
96, 70, 93, -1,
70, 97, 75, -1,
70, 96, 97, -1,
69, 68, 67, -1,
66, 68, 69, -1,
66, 65, 68, -1,
64, 65, 66, -1,
63, 65, 64, -1,
63, 91, 65, -1,
62, 91, 63, -1,
64, 62, 63, -1,
69, 64, 66, -1,
69, 62, 64, -1,
69, 67, 62, -1,
61, 91, 62, -1,
60, 91, 61, -1,
60, 59, 91, -1,
58, 59, 60, -1,
57, 59, 58, -1,
57, 68, 59, -1,
68, 57, 67, -1,
58, 67, 57, -1,
61, 58, 60, -1,
61, 67, 58, -1,
61, 62, 67, -1,
56, 55, 54, -1,
53, 56, 54, -1,
52, 53, 54, -1,
52, 54, 51, -1,
51, 50, 49, -1,
51, 49, 52, -1,
53, 52, 49, -1,
49, 55, 56, -1,
49, 56, 53, -1,
48, 49, 50, -1,
47, 48, 50, -1,
46, 47, 50, -1,
45, 46, 50, -1,
45, 50, 110, -1,
44, 45, 110, -1,
54, 55, 44, -1,
54, 44, 110, -1,
48, 47, 46, -1,
44, 55, 49, -1,
49, 48, 46, -1,
49, 46, 45, -1,
49, 45, 44, -1,
43, 109, 110, -1,
42, 43, 110, -1,
41, 42, 110, -1,
41, 110, 50, -1,
50, 40, 39, -1,
50, 39, 41, -1,
42, 41, 39, -1,
39, 109, 43, -1,
39, 43, 42, -1,
38, 39, 40, -1,
37, 38, 40, -1,
36, 37, 40, -1,
114, 36, 40, -1,
114, 40, 113, -1,
38, 37, 36, -1,
115, 109, 39, -1,
39, 38, 36, -1,
39, 36, 114, -1,
39, 114, 115, -1,
35, 65, 34, -1,
35, 33, 65, -1,
32, 33, 35, -1,
31, 33, 32, -1,
31, 98, 33, -1,
99, 98, 31, -1,
32, 99, 31, -1,
35, 99, 32, -1,
35, 34, 99, -1,
30, 91, 94, -1,
29, 91, 30, -1,
29, 65, 91, -1,
28, 65, 29, -1,
65, 28, 34, -1,
30, 28, 29, -1,
101, 30, 94, -1,
101, 28, 30, -1,
101, 34, 28, -1,
101, 99, 34, -1,
87, 91, 59, -1,
65, 206, 203, -1,
65, 203, 68, -1,
210, 27, 26, -1,
210, 26, 212, -1,
27, 25, 24, -1,
27, 24, 26, -1,
25, 23, 22, -1,
25, 22, 24, -1,
23, 21, 22, -1,
87, 59, 20, -1,
59, 68, 19, -1,
59, 19, 20, -1,
68, 203, 194, -1,
68, 194, 19, -1,
212, 26, 18, -1,
212, 18, 197, -1,
26, 24, 17, -1,
26, 17, 18, -1,
24, 22, 16, -1,
24, 16, 17, -1,
22, 21, 16, -1,
87, 20, 54, -1,
20, 19, 51, -1,
20, 51, 54, -1,
19, 194, 183, -1,
19, 183, 51, -1,
197, 18, 15, -1,
197, 15, 187, -1,
18, 17, 14, -1,
18, 14, 15, -1,
17, 16, 13, -1,
17, 13, 14, -1,
16, 21, 13, -1,
87, 54, 110, -1,
51, 183, 173, -1,
51, 173, 50, -1,
187, 15, 12, -1,
187, 12, 178, -1,
15, 14, 11, -1,
15, 11, 12, -1,
14, 13, 10, -1,
14, 10, 11, -1,
13, 21, 10, -1,
50, 173, 156, -1,
50, 156, 40, -1,
178, 12, 9, -1,
178, 9, 159, -1,
12, 11, 8, -1,
12, 8, 9, -1,
11, 10, 7, -1,
11, 7, 8, -1,
10, 21, 7, -1,
113, 40, 6, -1,
113, 6, 82, -1,
40, 156, 145, -1,
40, 145, 6, -1,
159, 9, 5, -1,
159, 5, 150, -1,
9, 8, 4, -1,
9, 4, 5, -1,
8, 7, 3, -1,
8, 3, 4, -1,
7, 21, 3, -1,
82, 6, 33, -1,
82, 33, 98, -1,
6, 145, 138, -1,
6, 138, 33, -1,
150, 5, 2, -1,
150, 2, 140, -1,
5, 4, 1, -1,
5, 1, 2, -1,
4, 3, 0, -1,
4, 0, 1, -1,
3, 21, 0, -1,
33, 138, 206, -1,
33, 206, 65, -1,
140, 2, 27, -1,
140, 27, 210, -1,
2, 1, 25, -1,
2, 25, 27, -1,
1, 0, 23, -1,
1, 23, 25, -1,
0, 21, 23, -1,
70, 75, 74, -1,
70, 74, 73, -1,
71, 72, 77, -1,
71, 77, 76, -1,
76, 70, 73, -1,
76, 73, 71, -1,
117, 113, 104, -1,
111, 106, 110, -1,
106, 72, 108, -1,
93, 70, 88, -1,
118, 119, 121, -1,
118, 121, 122, -1,
122, 121, 123, -1,
122, 123, 127, -1,
127, 123, 124, -1,
127, 124, 126, -1,
161, 173, 178, -1,
125, 159, 155, -1,
160, 159, 125, -1,
157, 153, 156, -1,
142, 145, 146, -1,
134, 210, 129, -1,
132, 140, 210, -1,
135, 132, 210, -1,
148, 127, 149, -1,
140, 122, 120, -1,
164, 165, 166, -1,
164, 166, 167, -1,
167, 166, 168, -1,
167, 168, 170, -1,
170, 168, 169, -1,
170, 169, 171, -1,
211, 212, 200, -1,
196, 197, 191, -1,
179, 182, 187, -1,
174, 177, 178, -1,
199, 168, 195, -1,
191, 170, 196, -1]
    materialIndex [ 1, 1, 1, 1, 1, 1, 1, 1, 1, 1, 1, 1, 1, 1, 1, 1, 1, 1, 1, 1, 1, 1, 1, 1, 1, 1, 1, 1, 1, 1, 1, 1, 1, 1, 1, 1, 1, 1, 1, 1, 1, 1, 1, 1, 1, 1, 1, 1, 1, 1, 1, 1, 1, 1, 1, 1, 1, 1, 1, 1, 1, 1, 1, 1, 1, 1, 1, 1, 1, 1, 1, 1, 1, 1, 1, 1, 1, 1, 1, 1, 1, 1, 1, 1, 1, 1, 1, 1, 1, 1, 1, 1, 1, 1, 1, 1, 1, 1, 1, 1, 1, 1, 1, 1, 1, 1, 1, 1, 1, 1, 1, 1, 1, 1, 1, 1, 1, 1, 1, 1, 1, 1, 1, 1, 1, 1, 1, 1, 1, 1, 1, 1, 1, 1, 1, 1, 1, 1, 1, 1, 1, 1, 1, 1, 1, 1, 1, 1, 1, 1, 1, 1, 1, 1, 1, 1, 1, 1, 1, 1, 1, 1, 1, 1, 1, 1, 1, 1, 1, 1, 1, 1, 1, 1, 1, 1, 1, 1, 1, 1, 1, 1, 1, 1, 1, 1, 1, 1, 1, 1, 1, 1, 1, 1, 1, 1, 1, 1, 1, 1, 1, 1, 1, 1, 1, 1, 1, 1, 1, 1, 1, 1, 1, 1, 1, 1, 1, 1, 1, 1, 1, 1, 1, 1, 1, 1, 1, 1, 1, 1, 1, 1, 1, 1, 1, 1, 1, 1, 1, 1, 1, 1, 1, 1, 1, 1, 1, 1, 1, 1, 1, 1, 1, 1, 1, 1, 1, 1, 1, 1, 1, 1, 1, 1, 1, 1, 1, 1, 1, 1, 1, 1, 1, 1, 1, 1, 1, 1, 1, 1, 1, 1, 1, 1, 1, 1, 1, 1, 1, 1, 1, 1, 1, 1, 1, 1, 1, 1, 1, 1, 1, 1, 1, 1, 1, 1, 1, 1, 1, 1, 1, 1, 1, 1, 1, 1, 1, 1, 1, 1, 1, 1, 1, 1, 1, 1, 1, 1, 1, 1, 1, 1, 1, 1, 1, 1, 1, 1, 1, 1, 1, 1, 1, 1, 1, 1, 1, 1, 1, 1, 1, 1, 1, 1, 1, 1, 1, 1, 1, 1, 1, 1, 1, 1, 1, 1, 1, 1, 1, 1, 1, 1, 1, 1, 1, 1, 1, 1, 1, 1, 1, 1, 1, 1, 1, 1, 1, 1, 1, 1, 1, 1, 1, 1, 1, 1, 1, 1, 1, 1, 1, 1, 1, 1, 1, 1, 1, 1, 1, 1, 1, 1, 1, 1, 1, 1, 1, 1, 1, 1, 1, 1, 1, 1, 1, 1, 1, 1, 1, 1, 1, 1, 1, 1, 1, 1, 1, 1, 1, 1, 1, 1, 1, 1, 1, 1, 1, 1, 1, 1, 1, 1, 1, 1, 1, 1, 1, 1, 1, 1, 1, 1, 1, 1, 1, 1, 1, 1, 1, 1, 1, 1, 1, 1, 1, 1, 1, 1, 1, 1, 1, 1, 1, 1, 1, 1, 1, 1, 1, 1, 1, 1, 1, 1, 1, 1, 1, 1, 1, 1, 1, 1, 1, 1, 1, 1, 1, 1, 1, 1, 1, 1, 1, 1, 1, 1, 1, 1, 1, 1, 1, 1, 1, 1, 1, 1, 1, 1, 1, 1, 1, 1, 1, 1, 1, 1, 1, 1, 1, 1, 1, 1, 1, 1, 1, 1, 1, 1, 1, 1, 1, 1, 1, 1, 1, 1, 1, 1, 1, 1, 1, 1, 1, 1, 1, 1, 1, 1, 1, 1, 1, 1, 1, 1, 1, 1, 1, 1, 1, 1, 1, 1, 1, 1, 1, 1, 1, 1, 1, 1, 1, 1, 1, 1, 1, 1, 1, 1, 1, 1, 1, 1, 1, 1, 1, 1, 1, 1, 1, 1, 1, 1, 1, 1, 1, 1, 1, 1, 1, 1, 1, 1, 1, 1, 1, 1, 1, 1, 1, 1, 1, 1, 1, 1, 1, 1, 1, 1, 1, 1, 1, 1, 1, 1, 1, 1, 1, 1, 1, 1, 1, 1, 1, 1, 1, 1, 1, 1, 1, 1, 1, 1, 1, 1, 1, 1, 1, 1, 1, 1, 1, 1, 1, 1, 1, 1, 1, 1, 1, 1, 1, 1, 1, 1, 1, 1, 1, 1, 1, 1, 1, 1, 1, 1, 1, 1, 1, 1, 1, 1, 1, 1, 1, 1, 1, 1, 1, 1, 1, 1, 1, 1, 1, 1, 1, 1, 1, 1, 1, 1, 1, 1, 1, 1, 1, 1, 1, 1, 1, 1, 1, 1, 1, 1, 1, 1, 1, 1, 1, 1, 1, 1, 1, 1, 1, 1, 1, 1, 1, 1, 1, 1, 1, 1, 1, 1, 1, 1, 1, 1, 1, 1, 1, 1, 1, 1, 1, 1, 1, 1, 1, 1, 1, 1, 1, 1, 1, 1, 1, 1, 1, 1, 1, 1, 1, 1, 1, 1, 1, 1, 1, 1, 1, 1, 1, 1, 1, 1, 1, 1, 1, 1, 1, 1, 1, 1, 1, 1, 1, 1, 1, 1, 1, 1, 1, 1, 1, 1, 1, 1, 1, 1, 1, 1, 1, 1, 1, 1, 1, 1, 1, 1, 1, 1, 1, 1, 1, 1, 1, 1, 1, 1, 1, 1, 1, 1, 1, 1, 1, 1, 1, 1, 1, 1, 1, 1, 1, 1, 1, 1, 1, 1, 1, 1, 1, 1, 1, 1, 1, 1, 1, 1, 1, 1, 1, 1, 1, 1, 1, 1, 1, 1, 1, 1, 1, 1, 1, 1, 1, 1, 1, 1, 1, 1, 1, 1, 1, 1, 1, 1, 1, 1, 1, 1, 1, 1, 1, 1, 1, 1, 1, 1, 1, 1, 1, 1, 1, 1, 1, 1, 1, 1, 1, 1, 1, 1, 1, 1, 1, 1, 1, 1, 1, 1, 1, 1, 1, 1, 1, 1, 1, 1, 1, 1, 1, 1, 1, 1, 1, 1, 1, 1, 1, 1, 1, 1, 1, 1, 1, 1, 1, 1, 1, 1, 1, 1, 1, 1, 1, 1, 1, 1, 1, 1, 1, 1, 1, 1, 1, 1, 1, 1, 1, 1, 1, 1, 1, 1, 1, 1, 1, 1, 1, 1, 1, 1, 1, 1, 1, 1, 1, 1, 1, 1, 1, 1, 1, 1, 1, 1, 1, 1, 1, 1, 1, 1, 1, 1, 1, 1, 1, 1, 1, 1, 1, 1, 1, 1, 1, 1, 1, 1, 1, 1, 1, 1, 1, 1, 1, 1, 1, 1, 1, 1, 1, 1, 1, 1, 1, 1, 1, 1, 1, 1, 1, 1, 1, 1, 1, 1, 1, 1, 1, 1, 1, 1, 1, 1, 1, 1, 1, 1, 1, 1, 1, 1, 1, 1, 1, 1, 1, 1, 1, 1, 1, 1, 1, 1, 1, 1, 1, 1, 1, 1, 1, 1, 1, 1, 1, 1, 1, 1, 1, 1, 1, 1, 1, 1, 1, 1, 1, 1, 1, 1, 1, 1, 1, 1, 1, 1, 1, 1, 1, 1, 1, 1, 1, 1, 1, 1, 1, 1, 1, 1, 1, 1, 1, 1, 1, 1, 1, 1, 1, 1, 1, 1, 1, 1, 1, 1, 1, 1, 1, 1, 1, 1, 1, 1, 1, 1, 1, 1, 1, 1, 1, 1, 1, 1, 1, 1, 1, 1, 1, 1, 1, 1, 1, 1, 1, 1, 1, 1, 1, 1, 1, 1, 1, 1, 1, 1, 1, 1, 1, 1, 1, 1, 1, 1, 1, 1, 1, 1, 1, 1, 1, 1, 1, 1, 1, 1, 1, 1, 1, 1, 1, 1, 1, 1, 1, 1, 1, 1, 1, 1, 1, 1, 1, 1, 1, 1, 1, 1, 1, 1, 1, 1, 1, 1, 1, 1, 1, 1, 1, 1, 1, 1, 1, 1, 1, 1, 1, 1, 1, 1, 1, 1, 1, 1, 1, 1, 1, 1, 1, 1, 1, 1, 1, 1, 1, 1, 1, 1, 1, 1, 1, 1, 1, 1, 1, 1, 1, 1, 1, 1, 1, 1, 1, 1, 1, 1, 1, 1, 1, 1, 1, 1, 1, 1, 1, 1, 1, 1, 1, 1, 1, 1, 1, 1, 1, 1, 1, 1, 1, 1, 1, 1, 1, 1, 1, 1, 1, 1, 1, 1, 1, 1, 1, 1, 1, 1, 1, 1, 1, 1, 1, 1, 1, 1, 1, 1, 1, 1, 1, 1, 1, 1, 1, 1, 1, 1, 1, 1, 1, 1, 1, 1, 1, 1, 1, 1, 1, 1, 1, 1, 1, 1, 1, 1, 1, 1, 1, 1, 1, 1, 1, 1, 1, 1, 1, 1, 1, 1, 1, 1, 1, 1, 1, 1, 1, 1, 1, 1, 1, 1, 1, 1, 1, 1, 1, 1, 1, 1, 1, 1, 1, 1, 1, 1, 1, 1, 1, 1, 1, 1, 1, 1, 1, 1, 1, 1, 1, 1, 1, 1, 1, 1, 1, 1, 1, 1, 1, 1, 1, 1, 1, 1, 1, 1, 1, 1, 1, 1, 1, 1, 1, 1, 1, 1, 1, 1, 1, 1, 1, 1, 1, 1, 1, 1, 1, 1, 1, 1, 1, 1, 1, 1, 1, 1, 1, 1, 1, 1, 1, 1, 1, 1, 1, 1, 1, 1, 1, 1, 1, 1, 1, 1, 1, 1, 1, 1, 1, 1, 1, 1, 1, 1, 1, 1, 1, 1, 1, 1, 1, 1, 1, 1, 1, 1, 1, 1, 1, 1, 1, 1, 1, 1, 1, 1, 1, 1, 1, 1, 1, 1, 1, 1, 1, 1, 1, 1, 1, 1, 1, 1, 1, 1, 1, 1, 1, 1, 1, 1, 1, 1, 1, 1, 1, 1, 1, 1, 1, 1, 1, 1, 1, 1, 1, 1, 1, 1, 1, 1, 1, 1, 1, 1, 1, 1, 1, 1, 1, 1, 1, 1, 1, 1, 1, 1, 1, 1, 1, 1, 1, 1, 1, 1, 1, 1, 1, 1, 1, 1, 1, 1, 1, 1, 1, 1, 1, 1, 1, 1, 1, 1, 1, 1, 1, 1, 1, 1, 1, 1, 1, 1, 1, 1, 1, 1, 1, 1, 1, 1, 1, 1, 1, 1, 1, 1, 1, 1, 1, 1, 1, 1, 1, 1, 1, 1, 1, 1, 1, 1, 1, 1, 1, 1, 1, 1, 1, 1, 1, 1, 1, 1, 1, 1, 1, 1, 1, 1, 1, 1, 1, 1, 1, 1, 1, 1, 1, 1, 1, 1, 1, 1, 1, 1, 1, 1, 1, 1, 1, 1, 1, 1, 1, 1, 1, 1, 1, 1, 1, 1, 1, 1, 1, 1, 1, 1, 1, 1, 1, 1, 1, 1, 1, 1, 1, 1, 1, 1, 1, 1, 1, 1, 1, 1, 1, 1, 1, 1, 1, 1, 1, 1, 1, 1, 1, 1, 1, 1, 1, 1, 1, 1, 1, 1, 1, 1, 1, 1, 1, 1, 1, 1, 1, 1, 1, 1, 1, 1, 1, 1, 1, 1, 1, 1, 1, 1, 1, 1, 1, 1, 1, 1, 1, 1, 1, 1, 1, 1, 1, 1, 1, 1, 1, 1, 1, 1, 1, 1, 1, 1, 1, 1, 1, 1, 1, 1, 1, 1, 1, 1, 1, 1, 1, 1, 1, 1, 1, 1, 1, 1, 1, 1, 1, 1, 1, 1, 1, 1, 1, 1, 1, 1, 1, 1, 1, 1, 1, 1, 1, 1, 1, 1, 1, 1, 1, 1, 1, 1, 1, 1, 1, 1, 1, 1, 1, 1, 1, 1, 1, 1, 1, 1, 1, 1, 1, 1, 1, 1, 1, 1, 1, 1, 1, 1, 1, 1, 1, 1, 1, 1, 1, 1, 1, 1, 1, 1, 1, 1, 1, 1, 1, 1, 1, 1, 1, 1, 1, 1, 1, 1, 1, 1, 1, 1, 1, 1, 1, 1, 1, 1, 1, 1, 1, 1, 1, 1, 1, 1, 1, 1, 1, 1, 1, 1, 1, 1, 1, 1, 1, 1, 1, 1, 1, 1, 1, 1, 1, 1, 1, 1, 1, 1, 1, 1, 1, 1, 1, 1, 1, 1, 1, 1, 1, 1, 1, 1, 1, 1, 1, 1, 1, 1, 1, 1, 1, 1, 1, 1, 1, 1, 1, 1, 1, 1, 1, 1, 1, 1, 1, 1, 1, 1, 1, 1, 1, 1, 1, 1, 1, 1, 1, 1, 1, 1, 1, 1, 1, 1, 1, 1, 1, 1, 1, 1, 1, 1, 1, 1, 1, 1, 1, 1, 1, 1, 1, 1, 1, 1, 1, 1, 1, 1, 1, 1, 1, 1, 1, 1, 1, 1, 1, 1, 1, 1, 1, 1, 1, 1, 1, 1, 1, 1, 1, 1, 1, 1, 1, 1, 1, 1, 1, 1, 1, 1, 1, 1, 1, 1, 1, 1, 1, 1, 1, 1, 1, 1, 1, 1, 1, 1, 1, 1, 1, 1, 1, 1, 1, 1, 1, 1, 1, 1, 1, 1, 1, 1, 1, 1, 1, 1, 1, 1, 1, 1, 1, 1, 1, 1, 1, 1, 1, 1, 1, 1, 1, 1, 1, 1, 1, 1, 1, 1, 1, 1, 1, 1, 1, 1, 1, 1, 1, 1, 1, 1, 1, 1, 1, 1, 1, 1, 1, 1, 1, 1, 1, 1, 1, 1, 1, 1, 1, 1, 1, 1, 1, 1, 1, 1, 1, 1, 1, 1, 1, 1, 1, 1, 1, 1, 1, 1, 1, 1, 1, 1, 1, 1, 1, 1, 1, 1, 1, 1, 1, 1, 1, 1, 1, 1, 1, 1, 1, 1, 1, 1, 1, 1, 1, 1, 1, 1, 1, 1, 1, 1, 1, 1, 1, 1, 1, 1, 1, 1, 1, 1, 1, 1, 1, 1, 1, 1, 1, 1, 1, 1, 1, 1, 1, 1, 1, 1, 1, 1, 1, 1, 1, 1, 1, 1, 1, 1, 1, 1, 1, 1, 1, 1, 1, 1, 1, 1, 1, 1, 1, 1, 1, 1, 1, 1, 1, 1, 1, 1, 1, 1, 1, 1, 1, 1, 1, 1, 1, 1, 1, 1, 1, 1, 1, 1, 1, 1, 1, 1, 1, 1, 1, 1, 1, 1, 1, 1, 1, 1, 1, 1, 1, 1, 1, 1, 1, 1, 1, 1, 1, 1, 1, 1, 1, 1, 1, 1, 1, 1, 1, 1, 1, 1, 1, 1, 1, 1, 1, 1, 1, 1, 1, 1, 1, 1, 1, 1, 1, 1, 1, 1, 1, 1, 1, 1, 1, 1, 1, 1, 1, 1, 1, 1, 1, 1, 1, 1, 1, 1, 1, 1, 1, 1, 1, 1, 1, 1, 1, 1, 1, 1, 1, 1, 1, 1, 1, 1, 1, 1, 1, 1, 1, 1, 1, 1, 1, 1, 1, 1, 1, 1, 1, 1, 1, 1, 1, 1, 1, 1, 1, 1, 1, 1, 1, 1, 1, 1, 1, 1, 1, 1, 1, 1, 1, 1, 1, 1, 1, 1, 1, 1, 1, 1, 1, 1, 1, 1, 1, 1, 1, 1, 1, 1, 1, 1, 1, 1, 1, 1, 1, 1, 1, 1, 1, 1, 1, 1, 1, 1, 1, 1, 1, 1, 1, 1, 1, 1, 1, 1, 1, 1, 1, 1, 1, 1, 1, 1, 1, 1, 1, 1, 1, 1, 1, 1, 1, 1, 1, 1, 1, 1, 1, 1, 1, 1, 1, 1, 1, 1, 1, 1, 1, 1, 1, 1, 1, 1, 1, 1, 1, 1, 1, 1, 1, 1, 1, 1, 1, 1, 1, 1, 1, 1, 1, 1, 1, 1, 1, 1, 1, 1, 1, 1, 1, 1, 1, 1, 1, 1, 1, 1, 1, 1, 1, 1, 1, 1, 1, 1, 1, 1, 1, 1, 1, 1, 1, 1, 1, 1, 1, 1, 1, 1, 1, 1, 1, 1, 1, 1, 1, 1, 1, 1, 1, 1, 1, 1, 1, 1, 1, 1, 1, 1, 1, 1, 1, 1, 1, 1, 1, 1, 1, 1, 1, 1, 1, 1, 1, 1, 1, 1, 1, 1, 1, 1, 1, 1, 1, 1, 1, 1, 1, 1, 1, 1, 1, 1, 1, 1, 1, 1, 1, 1, 1, 1, 1, 1, 1, 1, 1, 1, 1, 1, 1, 1, 1, 1, 1, 1, 1, 1, 1, 1, 1, 1, 1, 1, 1, 1, 1, 1, 1, 1, 1, 1, 1, 1, 1, 1, 1, 1, 1, 1, 1, 1, 1, 1, 1, 1, 1, 1, 1, 1, 1, 1, 1, 1, 1, 1, 1, 1, 1, 1, 1, 1, 1, 1, 1, 1, 1, 1, 1, 1, 1, 1, 1, 1, 1, 1, 1, 1, 1, 1, 1, 1, 1, 1, 1, 1, 1, 1, 1, 1, 1, 1, 1, 1, 1, 1, 1, 1, 1, 1, 1, 1, 1, 1, 1, 1, 1, 1, 1, 1, 1, 1, 1, 1, 1, 1, 1, 1, 1, 1, 1, 1, 1, 1, 1, 1, 1, 1, 1, 1, 1, 1, 1, 1, 1, 1, 1, 1, 1, 1, 1, 1, 1, 1, 1, 1, 1, 1, 1, 1, 1, 1, 1, 1, 1, 1, 1, 1, 1, 1, 1, 1, 1, 1, 1, 1, 1, 1, 1, 1, 1, 1, 1, 1, 1, 1, 1, 1, 1, 1, 1, 1, 1, 1, 1, 1, 1, 1, 1, 1, 1, 1, 1, 1, 1, 1, 1, 1, 1, 1, 1, 1, 1, 1, 1, 1, 1, 1, 1, 1, 1, 1, 1, 1, 1, 1, 1, 1, 1, 1, 1, 1, 1, 1, 1, 1, 1, 1, 1, 1, 1, 1, 1, 1, 1, 1, 1, 1, 1, 1, 1, 1, 1, 1, 1, 1, 1, 1, 1, 1, 1, 1, 1, 1, 1, 1, 1, 1, 1, 1, 1, 1, 1, 1, 1, 1, 1, 1, 1, 1, 1, 1, 1, 1, 1, 1, 1, 1, 1, 1, 1, 1, 1, 1, 1, 1, 1, 1, 1, 1, 1, 1, 1, 1, 1, 1, 1, 1, 1, 1, 1, 1, 1, 1, 1, 1, 1, 1, 1, 1, 1, 1, 1, 1, 1, 1, 1, 1, 1, 1, 1, 1, 1, 1, 1, 1, 1, 1, 1, 1, 1, 1, 1, 1, 1, 1, 1, 1, 1, 1, 1, 1, 1, 1, 1, 1, 1, 1, 1, 1, 1, 1, 1, 1, 1, 1, 1, 1, 1, 1, 1, 1, 1, 1, 1, 1, 1, 1, 1, 1, 1, 1, 1, 1, 1, 1, 1, 1, 1, 1, 1, 1, 1, 1, 1, 1, 1, 1, 1, 1, 1, 1, 1, 1, 1, 1, 1, 1, 1, 1, 1, 1, 1, 1, 1, 1, 1, 1, 1, 1, 1, 1, 1, 1, 1, 1, 1, 1, 1, 1, 1, 1, 1, 1, 1, 1, 1, 1, 1, 1, 1, 1, 1, 1, 1, 1, 1, 1, 1, 1, 1, 1, 1, 1, 1, 1, 1, 1, 1, 1, 1, 1, 1, 1, 1, 1, 1, 1, 1, 1, 1, 1, 1, 1, 1, 1, 1, 1, 1, 1, 1, 1, 1, 1, 1, 1, 1, 1, 1, 1, 1, 1, 1, 1, 1, 1, 1, 1, 1, 1, 1, 1, 1, 1, 1, 1, 1, 1, 1, 1, 1, 1, 1, 1, 1, 1, 1, 1, 1, 1, 1, 1, 1, 1, 1, 1, 1, 1, 1, 1, 1, 1, 1, 1, 1, 1, 1, 1, 1, 1, 1, 1, 1, 1, 1, 1, 1, 1, 1, 1, 1, 1, 1, 1, 1, 1, 1, 1, 1, 1, 1, 1, 1, 1, 1, 1, 1, 1, 1, 1, 1, 1, 1, 1, 1, 1, 1, 1, 1, 1, 1, 1, 1, 1, 1, 1, 1, 1, 1, 1, 1, 1, 1, 1, 1, 1, 1, 1, 1, 1, 1, 1, 1, 1, 1, 1, 1, 1, 1, 1, 1, 1, 1, 1, 1, 1, 1, 1, 1, 1, 1, 1, 1]
}
}
}
}
}
}
