#VRML V1.0 ascii

# Blender V249

# 'Switch' is used as a hack, to ensure it is not part of the drawing

Separator {
Switch {
	DEF 04_-_Default
	Material {
		diffuseColor 0.588235 0.588235 0.588235
		specularColor 1.000000 1.000000 1.000000
		shininess 0.500000 
		transparency 0.000000 
	}
	DEF Material_#10
	Material {
		diffuseColor 0.050980 0.050980 0.050980
		specularColor 1.000000 1.000000 1.000000
		shininess 0.500000 
		transparency 0.000000 
	}
	DEF Material_#12
	Material {
		diffuseColor 0.619608 0.619608 0.619608
		specularColor 1.000000 1.000000 1.000000
		shininess 0.500000 
		transparency 0.000000 
	}
	DEF Metal_Black_Plai
	Material {
		diffuseColor 0.584314 0.584314 0.584314
		specularColor 1.000000 1.000000 1.000000
		shininess 0.500000 
		transparency 0.000000 
	}
	DEF Metal_Steel
	Material {
		diffuseColor 0.439216 0.439216 0.439216
		specularColor 1.000000 1.000000 1.000000
		shininess 0.500000 
		transparency 0.000000 
	}
	DEF Metal_Steel_COMP
	Material {
		diffuseColor 0.439216 0.439216 0.439216
		specularColor 1.000000 1.000000 1.000000
		shininess 0.500000 
		transparency 0.000000 
	}
	DEF Chassi_Shi_Material_#
	Separator {
		Coordinate3 {
			point [
				 -125.000000 7.399175 25.000000,
				 -125.000000 7.399175 22.000000,
				 -125.000000 -7.399175 22.000000,
				 -125.000000 -7.399175 25.000000,
			]
		}
		USE Material_#12

		TextureCoordinate2 {
			point [
				 0.249552 0.951608,
				 0.189187 0.951608,
				 0.189187 0.939370,
				 0.189187 0.939370,
				 0.249552 0.939370,
				 0.249552 0.951608,
			]
		}
		IndexedFaceSet {
			coordIndex [
				 1, 2, 3, -1,
				 3, 0, 1, -1,
			]
			textureCoordIndex [
				 0, 1, 2, -1,
				 3, 4, 5, -1,
			]
		}
	}
	DEF Chassi_Shi_Metal_Stee
	Separator {
		Coordinate3 {
			point [
				 -75.000000 -13.000001 20.000000,
				 -34.646446 -13.000001 20.000000,
				 -75.000000 12.999999 20.000000,
				 -34.646446 12.999999 20.000000,
				 -75.000000 -13.000001 35.000000,
				 -45.000000 -13.000001 35.000000,
				 -75.000000 12.999999 35.000000,
				 -45.000000 12.999999 35.000000,
				 -72.000000 -10.000001 40.000000,
				 -48.000000 -10.000001 40.000000,
				 -48.000000 9.999999 40.000000,
				 -72.000000 9.999999 40.000000,
				 -73.000000 -11.000001 18.000000,
				 -73.000000 10.999999 18.000000,
				 -47.000000 10.999999 18.000000,
				 -47.000000 -11.000001 18.000000,
				 -71.000000 -9.000001 20.000000,
				 -71.000000 8.999999 20.000000,
				 -49.000000 8.999999 20.000000,
				 -49.000000 -9.000001 20.000000,
				 -21.000000 -13.000000 32.250099,
				 -21.000000 13.000000 32.250099,
				 -21.000000 12.999999 35.000000,
				 -21.000000 -13.000001 35.000000,
				 -45.000000 12.999999 35.000000,
				 -45.000000 -13.000001 35.000000,
				 -21.000000 -13.000001 38.000000,
				 -21.000000 12.999999 38.000000,
				 -39.999886 4.132129 43.000000,
				 -36.626114 -6.999592 43.000000,
				 -24.000000 -6.999591 43.000000,
				 -24.000000 6.999591 43.000000,
				 -45.000000 9.626225 38.000000,
				 -42.000000 12.999999 38.000000,
				 -42.000000 -13.000001 38.000000,
				 -45.000000 -9.626226 38.000000,
				 -36.626114 6.999591 43.000000,
				 -39.999886 -4.132129 43.000000,
				 -37.921616 2.837548 45.000000,
				 -37.921616 -2.837548 45.000000,
				 -34.547844 -4.421403 45.000000,
				 -24.000000 -4.421403 45.000000,
				 -24.000000 4.421403 45.000000,
				 -34.547844 4.421403 45.000000,
				 -35.889057 2.837548 47.000000,
				 -35.889057 -2.837548 47.000000,
				 -32.515282 -4.421403 47.000000,
				 -21.967438 -4.421403 47.000000,
				 -21.967438 4.421403 47.000000,
				 -32.515282 4.421403 47.000000,
				 -35.889057 0.885485 47.000000,
				 -21.967438 3.340241 47.000000,
				 -21.967438 -3.340248 47.000000,
				 -35.889057 -0.885488 47.000000,
				 -13.500000 0.260537 80.000000,
				 -13.500000 -0.260541 80.000000,
				 -5.000000 -0.500000 80.000000,
				 -5.000000 0.500000 80.000000,
				 -47.896202 -18.000000 35.000000,
				 -21.000000 -18.000000 35.000000,
				 -21.000000 -18.000000 38.000000,
				 -45.000000 -18.000000 38.000000,
				 -47.896202 -18.000000 35.000000,
				 -21.000000 18.000000 35.000000,
				 -47.896202 18.000000 35.000000,
				 -47.896202 18.000000 35.000000,
				 -45.000000 18.000000 38.000000,
				 -21.000000 18.000000 38.000000,
				 -37.000000 -21.000000 35.500000,
				 -21.000000 -21.000000 36.000000,
				 -21.000000 -21.000000 38.000000,
				 -38.000000 -21.000000 38.000000,
				 -37.000000 -21.000000 35.500000,
				 -21.000000 21.000000 36.000000,
				 -37.000000 21.000000 35.500000,
				 -37.000000 21.000000 35.500000,
				 -38.000000 21.000000 38.000000,
				 -21.000000 21.000000 38.000000,
				 -30.000000 -55.000000 35.750000,
				 -21.000000 -59.999668 36.000000,
				 -21.000000 -60.999668 38.000000,
				 -31.000000 -55.000000 38.000000,
				 -30.000000 -55.000000 35.750000,
				 -21.000000 59.999668 36.000000,
				 -30.000000 55.000000 35.750000,
				 -30.000000 55.000000 35.750000,
				 -31.000000 55.000000 38.000000,
				 -21.000000 60.999668 38.000000,
				 -43.500000 12.999999 36.500000,
				 -43.500000 -13.000001 36.500000,
				 -46.500000 -18.000000 36.500000,
				 -46.500000 18.000000 36.500000,
				 -39.500000 -21.000000 36.500000,
				 -39.500000 21.000000 36.500000,
				 -21.000000 -62.999668 36.500004,
				 -32.500008 -56.000000 36.500000,
				 -32.499996 56.000000 36.500000,
				 -21.000000 62.999668 36.500004,
				 -21.000000 -21.000000 36.500004,
				 -21.000000 21.000000 36.500004,
				 -34.646446 -0.999999 20.000000,
				 -21.000000 -1.000004 32.250099,
				 -21.000000 -1.000005 35.000000,
				 -34.646446 1.000001 20.000000,
				 -21.000000 0.999995 32.250099,
				 -21.000000 0.999995 35.000000,
				 -25.000000 0.500000 25.000000,
				 -25.000000 -0.500000 25.000000,
				 -32.000008 -13.000000 32.250099,
				 -31.999992 12.999999 32.250103,
				 -32.000000 -1.000002 32.250099,
				 -31.999998 0.999998 32.250099,
				 -35.353554 -12.000001 20.873913,
				 -35.353554 -1.999999 20.873913,
				 -34.121323 -2.000002 31.709797,
				 -34.121326 -12.000000 31.709795,
				 -35.353554 11.999999 20.873913,
				 -34.121315 11.999999 31.709803,
				 -34.121319 1.999998 31.709801,
				 -35.353554 2.000001 20.873913,
				 -75.000000 12.999999 19.999998,
				 -75.000000 -13.000001 20.000002,
				 -75.000000 -13.000001 35.000000,
				 -75.000000 12.999999 35.000000,
				 -115.000000 9.999999 25.000000,
				 -115.000000 -10.000001 25.000000,
				 -115.000000 -10.000001 34.000000,
				 -115.000000 9.999999 34.000000,
				 -120.000000 10.000000 20.000000,
				 -120.000000 -10.000001 20.000000,
				 -120.000000 -10.000001 34.000000,
				 -120.000000 10.000000 34.000000,
				 -127.102943 8.399175 20.000000,
				 -127.102943 -8.399176 20.000000,
				 -125.797668 -10.000001 32.053165,
				 -125.797668 9.999999 32.053162,
				 -128.000000 8.399175 25.000000,
				 -128.000000 -8.399175 25.000000,
				 -75.000000 4.999999 25.000000,
				 -80.000000 9.999999 25.000000,
				 -80.000000 -10.000001 25.000000,
				 -75.000000 -5.000001 25.000000,
				 -80.000000 -10.000001 34.000000,
				 -80.000000 9.999999 34.000000,
				 -128.890564 -8.232625 30.425014,
				 -128.890564 8.232626 30.425013,
				 -131.092896 8.232625 25.000000,
				 -131.092896 -8.232626 25.000000,
				 -128.889389 8.399175 22.000000,
				 -128.889389 -8.399175 22.000000,
				 -132.044769 -4.297366 28.781401,
				 -132.044769 4.297365 28.781399,
				 -134.247101 4.297365 25.000000,
				 -134.247101 -4.297366 25.000000,
				 -130.945831 -6.191052 29.341261,
				 -130.945831 6.191051 29.341259,
				 -133.148163 6.191051 25.000000,
				 -133.148163 -6.191052 25.000000,
				 -132.797668 -1.500001 28.450169,
				 -132.797668 1.500000 28.450169,
				 -135.000000 1.500000 25.000000,
				 -135.000000 -1.500001 25.000000,
				 -71.000000 -0.000001 20.000000,
				 -59.283752 8.999999 20.000000,
				 -49.000000 -0.000001 20.000000,
				 -59.283752 -9.000001 20.000000,
				 -71.000000 6.500000 20.000000,
				 -66.000000 8.999999 20.000000,
				 -59.283752 6.500000 20.000000,
				 -66.000000 -0.000001 20.000000,
				 -52.500000 8.999999 20.000000,
				 -49.000000 6.500000 20.000000,
				 -52.500000 -0.000001 20.000000,
				 -49.000000 -6.500000 20.000000,
				 -52.500000 -9.000001 20.000000,
				 -59.283752 -6.500000 20.000000,
				 -66.000000 -9.000001 20.000000,
				 -71.000000 -6.500000 20.000000,
				 -66.000000 6.500000 20.000000,
				 -52.500000 6.500000 20.000000,
				 -52.500000 -6.500000 20.000000,
				 -66.000000 -6.500000 20.000000,
				 -30.461407 0.500000 55.000000,
				 -30.461407 -0.500000 55.000000,
				 -17.854118 -1.000000 55.000000,
				 -17.854118 1.000000 55.000000,
				 -121.000000 8.715720 18.000000,
				 -121.000000 -8.715722 18.000000,
				 -125.331970 -7.620529 18.000000,
				 -125.331970 7.620528 18.000000,
				 -48.000000 -10.000001 40.000000,
				 -48.000000 -10.000001 40.000000,
				 -72.000000 -10.000001 40.000000,
				 -45.000000 -13.000001 35.000000,
				 -45.000000 12.999999 35.000000,
				 -48.000000 9.999999 40.000000,
				 -48.000000 9.999999 40.000000,
				 -48.000000 -10.000001 40.000000,
				 -45.000000 -13.000001 35.000000,
				 -72.000000 9.999999 40.000000,
				 -72.000000 9.999999 40.000000,
				 -48.000000 9.999999 40.000000,
				 -75.000000 12.999999 35.000000,
				 -75.000000 -13.000001 35.000000,
				 -72.000000 -10.000001 40.000000,
				 -72.000000 -10.000001 40.000000,
				 -72.000000 9.999999 40.000000,
				 -75.000000 12.999999 35.000000,
				 -75.000000 -13.000001 20.000000,
				 -75.000000 12.999999 20.000000,
				 -75.000000 -13.000001 20.000000,
				 -73.000000 10.999999 18.000000,
				 -34.646446 -13.000001 20.000000,
				 -34.646446 12.999999 20.000000,
				 -34.646446 12.999999 20.000000,
				 -47.000000 10.999999 18.000000,
				 -73.000000 -11.000001 18.000000,
				 -73.000000 -11.000001 18.000000,
				 -47.000000 -11.000001 18.000000,
				 -73.000000 -11.000001 18.000000,
				 -73.000000 10.999999 18.000000,
				 -73.000000 -11.000001 18.000000,
				 -73.000000 -11.000001 18.000000,
				 -73.000000 -11.000001 18.000000,
				 -73.000000 -11.000001 18.000000,
				 -73.000000 10.999999 18.000000,
				 -47.000000 10.999999 18.000000,
				 -73.000000 10.999999 18.000000,
				 -73.000000 10.999999 18.000000,
				 -73.000000 10.999999 18.000000,
				 -73.000000 10.999999 18.000000,
				 -71.000000 8.999999 20.000000,
				 -47.000000 10.999999 18.000000,
				 -47.000000 10.999999 18.000000,
				 -47.000000 10.999999 18.000000,
				 -47.000000 10.999999 18.000000,
				 -47.000000 10.999999 18.000000,
				 -49.000000 8.999999 20.000000,
				 -73.000000 -11.000001 18.000000,
				 -21.000000 -13.000000 32.250099,
				 -21.000000 -13.000000 32.250099,
				 -21.000000 -13.000001 35.000000,
				 -45.000000 -13.000001 35.000000,
				 -45.000000 12.999999 35.000000,
				 -45.000000 -13.000001 35.000000,
				 -45.000000 12.999999 35.000000,
				 -21.000000 12.999999 35.000000,
				 -45.000000 9.626225 38.000000,
				 -45.000000 -9.626226 38.000000,
				 -45.000000 9.626225 38.000000,
				 -21.000000 -13.000001 38.000000,
				 -24.000000 -6.999591 43.000000,
				 -21.000000 12.999999 38.000000,
				 -24.000000 6.999591 43.000000,
				 -21.000000 12.999999 38.000000,
				 -45.000000 12.999999 35.000000,
				 -45.000000 9.626225 38.000000,
				 -45.000000 9.626225 38.000000,
				 -42.000000 12.999999 38.000000,
				 -42.000000 -13.000001 38.000000,
				 -45.000000 -9.626226 38.000000,
				 -45.000000 -9.626226 38.000000,
				 -45.000000 -13.000001 35.000000,
				 -45.000000 9.626225 38.000000,
				 -45.000000 -9.626226 38.000000,
				 -45.000000 -9.626226 38.000000,
				 -24.000000 -6.999591 43.000000,
				 -24.000000 -4.421403 45.000000,
				 -24.000000 -6.999591 43.000000,
				 -24.000000 6.999591 43.000000,
				 -24.000000 4.421403 45.000000,
				 -24.000000 6.999591 43.000000,
				 -37.921616 -2.837548 45.000000,
				 -34.547844 -4.421403 45.000000,
				 -35.889057 -2.837548 47.000000,
				 -37.921616 -2.837548 45.000000,
				 -34.547844 -4.421403 45.000000,
				 -24.000000 -4.421403 45.000000,
				 -34.547844 -4.421403 45.000000,
				 -24.000000 -4.421403 45.000000,
				 -24.000000 4.421403 45.000000,
				 -21.967438 4.421403 47.000000,
				 -24.000000 -4.421403 45.000000,
				 -21.967438 4.421403 47.000000,
				 -21.967438 3.340241 47.000000,
				 -24.000000 -4.421403 45.000000,
				 -21.967438 3.340241 47.000000,
				 -24.000000 -4.421403 45.000000,
				 -21.967438 -4.421403 47.000000,
				 -24.000000 4.421403 45.000000,
				 -34.547844 4.421403 45.000000,
				 -32.515282 4.421403 47.000000,
				 -32.515282 4.421403 47.000000,
				 -21.967438 4.421403 47.000000,
				 -24.000000 4.421403 45.000000,
				 -34.547844 4.421403 45.000000,
				 -37.921616 2.837548 45.000000,
				 -35.889057 2.837548 47.000000,
				 -35.889057 2.837548 47.000000,
				 -32.515282 4.421403 47.000000,
				 -34.547844 4.421403 45.000000,
				 -32.515282 -4.421403 47.000000,
				 -21.967438 -4.421403 47.000000,
				 -21.967438 -3.340248 47.000000,
				 -32.515282 -4.421403 47.000000,
				 -21.967438 -3.340248 47.000000,
				 -21.967438 -3.340248 47.000000,
				 -35.889057 -0.885488 47.000000,
				 -35.889057 0.885485 47.000000,
				 -35.889057 -0.885488 47.000000,
				 -21.967438 -3.340248 47.000000,
				 -30.461407 -0.500000 55.000000,
				 -30.461407 -0.500000 55.000000,
				 -35.889057 -0.885488 47.000000,
				 -21.967438 -3.340248 47.000000,
				 -21.967438 3.340241 47.000000,
				 -17.854118 -1.000000 55.000000,
				 -17.854118 -1.000000 55.000000,
				 -21.967438 -3.340248 47.000000,
				 -21.967438 3.340241 47.000000,
				 -21.967438 3.340241 47.000000,
				 -35.889057 0.885485 47.000000,
				 -30.461407 0.500000 55.000000,
				 -30.461407 0.500000 55.000000,
				 -17.854118 1.000000 55.000000,
				 -21.967438 3.340241 47.000000,
				 -45.000000 -13.000001 35.000000,
				 -21.000000 -13.000001 35.000000,
				 -45.000000 -13.000001 35.000000,
				 -21.000000 -18.000000 35.000000,
				 -21.000000 -13.000001 38.000000,
				 -21.000000 -18.000000 38.000000,
				 -21.000000 -13.000001 38.000000,
				 -43.500000 -13.000001 36.500000,
				 -45.000000 -18.000000 38.000000,
				 -45.000000 -18.000000 38.000000,
				 -42.000000 -13.000001 38.000000,
				 -43.500000 -13.000001 36.500000,
				 -45.000000 -13.000001 35.000000,
				 -45.000000 -13.000001 35.000000,
				 -47.896202 -18.000000 35.000000,
				 -47.896202 -18.000000 35.000000,
				 -45.000000 -13.000001 35.000000,
				 -21.000000 12.999999 35.000000,
				 -45.000000 12.999999 35.000000,
				 -21.000000 12.999999 35.000000,
				 -45.000000 12.999999 35.000000,
				 -47.896202 18.000000 35.000000,
				 -45.000000 12.999999 35.000000,
				 -45.000000 12.999999 35.000000,
				 -43.500000 12.999999 36.500000,
				 -47.896202 18.000000 35.000000,
				 -45.000000 12.999999 35.000000,
				 -21.000000 12.999999 38.000000,
				 -21.000000 12.999999 35.000000,
				 -21.000000 18.000000 35.000000,
				 -21.000000 18.000000 35.000000,
				 -21.000000 18.000000 38.000000,
				 -21.000000 -18.000000 35.000000,
				 -21.000000 -18.000000 35.000000,
				 -21.000000 -18.000000 35.000000,
				 -21.000000 -21.000000 36.000000,
				 -21.000000 -18.000000 38.000000,
				 -21.000000 -21.000000 38.000000,
				 -21.000000 -18.000000 38.000000,
				 -45.000000 -18.000000 38.000000,
				 -46.500000 -18.000000 36.500000,
				 -38.000000 -21.000000 38.000000,
				 -45.000000 -18.000000 38.000000,
				 -47.896202 -18.000000 35.000000,
				 -37.000000 -21.000000 35.500000,
				 -37.000000 -21.000000 35.500000,
				 -47.896202 18.000000 35.000000,
				 -47.896202 18.000000 35.000000,
				 -37.000000 21.000000 35.500000,
				 -47.896202 18.000000 35.000000,
				 -46.500000 18.000000 36.500000,
				 -47.896202 18.000000 35.000000,
				 -46.500000 18.000000 36.500000,
				 -21.000000 18.000000 38.000000,
				 -21.000000 18.000000 35.000000,
				 -21.000000 21.000000 36.000000,
				 -21.000000 18.000000 38.000000,
				 -21.000000 21.000000 36.000000,
				 -21.000000 18.000000 38.000000,
				 -21.000000 21.000000 38.000000,
				 -21.000000 -62.999668 36.500004,
				 -21.000000 -59.999668 36.000000,
				 -21.000000 -59.999668 36.000000,
				 -21.000000 -21.000000 36.000000,
				 -21.000000 -21.000000 38.000000,
				 -21.000000 -21.000000 38.000000,
				 -39.500000 -21.000000 36.500000,
				 -32.500008 -56.000000 36.500000,
				 -32.500008 -56.000000 36.500000,
				 -37.000000 -21.000000 35.500000,
				 -30.000000 -55.000000 35.750000,
				 -30.000000 -55.000000 35.750000,
				 -30.000000 -55.000000 35.750000,
				 -37.000000 21.000000 35.500000,
				 -37.000000 21.000000 35.500000,
				 -30.000000 55.000000 35.750000,
				 -30.000000 55.000000 35.750000,
				 -30.000000 55.000000 35.750000,
				 -37.000000 21.000000 35.500000,
				 -39.500000 21.000000 36.500000,
				 -37.000000 21.000000 35.500000,
				 -39.500000 21.000000 36.500000,
				 -21.000000 62.999668 36.500004,
				 -21.000000 60.999668 38.000000,
				 -21.000000 60.999668 38.000000,
				 -21.000000 21.000000 38.000000,
				 -21.000000 -62.999668 36.500004,
				 -32.500008 -56.000000 36.500000,
				 -21.000000 -62.999668 36.500004,
				 -21.000000 62.999668 36.500004,
				 -21.000000 62.999668 36.500004,
				 -32.499996 56.000000 36.500000,
				 -45.000000 -13.000001 35.000000,
				 -47.896202 -18.000000 35.000000,
				 -43.500000 -13.000001 36.500000,
				 -45.000000 -13.000001 35.000000,
				 -43.500000 12.999999 36.500000,
				 -42.000000 12.999999 38.000000,
				 -45.000000 18.000000 38.000000,
				 -45.000000 18.000000 38.000000,
				 -43.500000 12.999999 36.500000,
				 -46.500000 -18.000000 36.500000,
				 -47.896202 -18.000000 35.000000,
				 -37.000000 -21.000000 35.500000,
				 -37.000000 -21.000000 35.500000,
				 -46.500000 -18.000000 36.500000,
				 -45.000000 18.000000 38.000000,
				 -38.000000 21.000000 38.000000,
				 -46.500000 18.000000 36.500000,
				 -45.000000 18.000000 38.000000,
				 -39.500000 -21.000000 36.500000,
				 -37.000000 -21.000000 35.500000,
				 -39.500000 -21.000000 36.500000,
				 -32.499996 56.000000 36.500000,
				 -32.499996 56.000000 36.500000,
				 -39.500000 21.000000 36.500000,
				 -21.000000 -60.999668 38.000000,
				 -21.000000 -62.999668 36.500004,
				 -21.000000 -62.999668 36.500004,
				 -21.000000 21.000000 36.000000,
				 -21.000000 59.999668 36.000000,
				 -21.000000 62.999668 36.500004,
				 -21.000000 62.999668 36.500004,
				 -21.000000 21.000000 36.000000,
				 -21.000000 13.000000 32.250099,
				 -21.000000 12.999999 35.000000,
				 -21.000000 13.000000 32.250099,
				 -25.000000 0.500000 25.000000,
				 -34.646446 1.000001 20.000000,
				 -21.000000 0.999995 32.250099,
				 -25.000000 0.500000 25.000000,
				 -25.000000 -0.500000 25.000000,
				 -25.000000 0.500000 25.000000,
				 -25.000000 0.500000 25.000000,
				 -25.000000 -0.500000 25.000000,
				 -21.000000 -1.000004 32.250099,
				 -34.646446 -0.999999 20.000000,
				 -25.000000 -0.500000 25.000000,
				 -21.000000 -1.000004 32.250099,
				 -21.000000 -13.000000 32.250099,
				 -32.000008 -13.000000 32.250099,
				 -32.000008 -13.000000 32.250099,
				 -32.000000 -1.000002 32.250099,
				 -21.000000 -1.000004 32.250099,
				 -21.000000 13.000000 32.250099,
				 -21.000000 0.999995 32.250099,
				 -31.999998 0.999998 32.250099,
				 -31.999998 0.999998 32.250099,
				 -31.999992 12.999999 32.250103,
				 -21.000000 13.000000 32.250099,
				 -34.646446 -13.000001 20.000000,
				 -34.646446 -0.999999 20.000000,
				 -34.646446 -13.000001 20.000000,
				 -34.646446 -0.999999 20.000000,
				 -34.121323 -2.000002 31.709797,
				 -34.121323 -2.000002 31.709797,
				 -35.353554 -1.999999 20.873913,
				 -34.646446 -0.999999 20.000000,
				 -32.000000 -1.000002 32.250099,
				 -32.000008 -13.000000 32.250099,
				 -34.121326 -12.000000 31.709795,
				 -34.121326 -12.000000 31.709795,
				 -34.121323 -2.000002 31.709797,
				 -32.000000 -1.000002 32.250099,
				 -32.000008 -13.000000 32.250099,
				 -34.646446 -13.000001 20.000000,
				 -35.353554 -12.000001 20.873913,
				 -35.353554 -12.000001 20.873913,
				 -34.121326 -12.000000 31.709795,
				 -32.000008 -13.000000 32.250099,
				 -34.646446 12.999999 20.000000,
				 -31.999992 12.999999 32.250103,
				 -34.121315 11.999999 31.709803,
				 -34.121315 11.999999 31.709803,
				 -35.353554 11.999999 20.873913,
				 -34.646446 12.999999 20.000000,
				 -31.999992 12.999999 32.250103,
				 -31.999998 0.999998 32.250099,
				 -34.121319 1.999998 31.709801,
				 -34.121319 1.999998 31.709801,
				 -34.121315 11.999999 31.709803,
				 -31.999992 12.999999 32.250103,
				 -34.646446 1.000001 20.000000,
				 -35.353554 2.000001 20.873913,
				 -35.353554 2.000001 20.873913,
				 -34.121319 1.999998 31.709801,
				 -34.646446 1.000001 20.000000,
				 -34.646446 12.999999 20.000000,
				 -34.646446 1.000001 20.000000,
				 -75.000000 -13.000001 20.000000,
				 -75.000000 12.999999 20.000000,
				 -75.000000 -13.000001 20.000000,
				 -75.000000 12.999999 20.000000,
				 -75.000000 -13.000001 20.000000,
				 -75.000000 -13.000001 35.000000,
				 -75.000000 -13.000001 20.000002,
				 -75.000000 -13.000001 20.000000,
				 -75.000000 -13.000001 35.000000,
				 -75.000000 12.999999 35.000000,
				 -75.000000 -13.000001 35.000000,
				 -75.000000 12.999999 35.000000,
				 -75.000000 12.999999 20.000000,
				 -75.000000 12.999999 19.999998,
				 -75.000000 12.999999 19.999998,
				 -75.000000 12.999999 35.000000,
				 -75.000000 4.999999 25.000000,
				 -75.000000 -5.000001 25.000000,
				 -75.000000 4.999999 25.000000,
				 -75.000000 4.999999 25.000000,
				 -75.000000 4.999999 25.000000,
				 -80.000000 -10.000001 25.000000,
				 -115.000000 -10.000001 25.000000,
				 -80.000000 -10.000001 25.000000,
				 -80.000000 -10.000001 34.000000,
				 -115.000000 -10.000001 34.000000,
				 -80.000000 -10.000001 34.000000,
				 -80.000000 9.999999 34.000000,
				 -80.000000 9.999999 25.000000,
				 -115.000000 9.999999 25.000000,
				 -115.000000 9.999999 25.000000,
				 -115.000000 9.999999 34.000000,
				 -80.000000 9.999999 34.000000,
				 -115.000000 9.999999 25.000000,
				 -115.000000 -10.000001 25.000000,
				 -115.000000 9.999999 25.000000,
				 -115.000000 -10.000001 25.000000,
				 -120.000000 -10.000001 20.000000,
				 -115.000000 -10.000001 25.000000,
				 -115.000000 -10.000001 34.000000,
				 -120.000000 -10.000001 34.000000,
				 -115.000000 -10.000001 34.000000,
				 -115.000000 9.999999 34.000000,
				 -115.000000 9.999999 25.000000,
				 -120.000000 10.000000 20.000000,
				 -120.000000 10.000000 20.000000,
				 -120.000000 10.000000 34.000000,
				 -115.000000 9.999999 34.000000,
				 -120.000000 -10.000001 20.000000,
				 -120.000000 -10.000001 20.000000,
				 -120.000000 -10.000001 20.000000,
				 -132.797668 1.500000 28.450169,
				 -132.797668 1.500000 28.450169,
				 -132.797668 1.500000 28.450169,
				 -120.000000 -10.000001 34.000000,
				 -132.797668 1.500000 28.450169,
				 -132.797668 1.500000 28.450169,
				 -132.797668 -1.500001 28.450169,
				 -132.797668 1.500000 28.450169,
				 -132.797668 1.500000 28.450169,
				 -125.797668 -10.000001 32.053165,
				 -120.000000 -10.000001 34.000000,
				 -132.797668 1.500000 28.450169,
				 -125.797668 -10.000001 32.053165,
				 -120.000000 10.000000 20.000000,
				 -120.000000 10.000000 20.000000,
				 -120.000000 10.000000 34.000000,
				 -120.000000 10.000000 20.000000,
				 -120.000000 10.000000 34.000000,
				 -125.797668 9.999999 32.053162,
				 -128.000000 -8.399175 25.000000,
				 -135.000000 -1.500001 25.000000,
				 -128.000000 -8.399175 25.000000,
				 -135.000000 -1.500001 25.000000,
				 -128.000000 8.399175 25.000000,
				 -128.000000 -8.399175 25.000000,
				 -135.000000 -1.500001 25.000000,
				 -128.000000 8.399175 25.000000,
				 -135.000000 -1.500001 25.000000,
				 -135.000000 -1.500001 25.000000,
				 -135.000000 1.500000 25.000000,
				 -135.000000 -1.500001 25.000000,
				 -75.000000 12.999999 19.999998,
				 -75.000000 4.999999 25.000000,
				 -75.000000 -13.000001 20.000002,
				 -75.000000 -5.000001 25.000000,
				 -80.000000 -10.000001 25.000000,
				 -75.000000 -13.000001 20.000002,
				 -75.000000 -13.000001 35.000000,
				 -75.000000 -13.000001 35.000000,
				 -80.000000 -10.000001 25.000000,
				 -80.000000 -10.000001 34.000000,
				 -75.000000 -13.000001 35.000000,
				 -75.000000 12.999999 35.000000,
				 -75.000000 12.999999 35.000000,
				 -80.000000 -10.000001 34.000000,
				 -80.000000 9.999999 34.000000,
				 -75.000000 12.999999 35.000000,
				 -75.000000 12.999999 19.999998,
				 -75.000000 12.999999 19.999998,
				 -80.000000 9.999999 25.000000,
				 -80.000000 9.999999 34.000000,
				 -131.092896 -8.232626 25.000000,
				 -128.890564 -8.232625 30.425014,
				 -131.092896 -8.232626 25.000000,
				 -128.890564 8.232626 30.425013,
				 -125.797668 9.999999 32.053162,
				 -131.092896 8.232625 25.000000,
				 -128.890564 8.232626 30.425013,
				 -128.889389 8.399175 22.000000,
				 -127.102943 8.399175 20.000000,
				 -127.102943 -8.399176 20.000000,
				 -127.102943 -8.399176 20.000000,
				 -128.889389 -8.399175 22.000000,
				 -128.889389 8.399175 22.000000,
				 -134.247101 -4.297366 25.000000,
				 -133.148163 -6.191052 25.000000,
				 -130.945831 -6.191052 29.341261,
				 -130.945831 -6.191052 29.341261,
				 -132.044769 -4.297366 28.781401,
				 -134.247101 -4.297366 25.000000,
				 -132.044769 4.297365 28.781399,
				 -130.945831 6.191051 29.341259,
				 -133.148163 6.191051 25.000000,
				 -133.148163 6.191051 25.000000,
				 -134.247101 4.297365 25.000000,
				 -132.044769 4.297365 28.781399,
				 -134.247101 -4.297366 25.000000,
				 -132.044769 -4.297366 28.781401,
				 -132.044769 -4.297366 28.781401,
				 -132.044769 4.297365 28.781399,
				 -134.247101 4.297365 25.000000,
				 -134.247101 4.297365 25.000000,
				 -133.148163 -6.191052 25.000000,
				 -131.092896 -8.232626 25.000000,
				 -128.890564 -8.232625 30.425014,
				 -128.890564 -8.232625 30.425014,
				 -130.945831 -6.191052 29.341261,
				 -133.148163 -6.191052 25.000000,
				 -130.945831 6.191051 29.341259,
				 -128.890564 8.232626 30.425013,
				 -131.092896 8.232625 25.000000,
				 -131.092896 8.232625 25.000000,
				 -133.148163 6.191051 25.000000,
				 -130.945831 6.191051 29.341259,
				 -128.000000 8.399175 25.000000,
				 -128.889389 8.399175 22.000000,
				 -125.000000 7.399175 22.000000,
				 -125.000000 7.399175 22.000000,
				 -125.000000 7.399175 25.000000,
				 -128.000000 8.399175 25.000000,
				 -128.889389 8.399175 22.000000,
				 -128.889389 -8.399175 22.000000,
				 -125.000000 -7.399175 22.000000,
				 -125.000000 -7.399175 22.000000,
				 -125.000000 7.399175 22.000000,
				 -128.889389 8.399175 22.000000,
				 -128.889389 -8.399175 22.000000,
				 -128.000000 -8.399175 25.000000,
				 -125.000000 -7.399175 25.000000,
				 -125.000000 -7.399175 25.000000,
				 -125.000000 -7.399175 22.000000,
				 -128.889389 -8.399175 22.000000,
				 -128.000000 -8.399175 25.000000,
				 -128.000000 8.399175 25.000000,
				 -125.000000 7.399175 25.000000,
				 -125.000000 7.399175 25.000000,
				 -125.000000 -7.399175 25.000000,
				 -128.000000 -8.399175 25.000000,
				 -66.000000 8.999999 20.000000,
				 -66.000000 8.999999 20.000000,
				 -66.000000 8.999999 20.000000,
				 -59.283752 8.999999 20.000000,
				 -66.000000 8.999999 20.000000,
				 -52.500000 8.999999 20.000000,
				 -49.000000 8.999999 20.000000,
				 -52.500000 8.999999 20.000000,
				 -59.283752 8.999999 20.000000,
				 -52.500000 8.999999 20.000000,
				 -52.500000 8.999999 20.000000,
				 -13.500000 -0.260541 80.000000,
				 -13.500000 0.260537 80.000000,
				 -13.500000 -0.260541 80.000000,
				 -5.000000 -0.500000 80.000000,
				 -13.500000 -0.260541 80.000000,
				 -13.500000 -0.260541 80.000000,
				 -30.461407 -0.500000 55.000000,
				 -5.000000 0.500000 80.000000,
				 -5.000000 -0.500000 80.000000,
				 -17.854118 -1.000000 55.000000,
				 -17.854118 -1.000000 55.000000,
				 -5.000000 0.500000 80.000000,
				 -13.500000 0.260537 80.000000,
				 -5.000000 0.500000 80.000000,
				 -17.854118 1.000000 55.000000,
				 -17.854118 1.000000 55.000000,
				 -30.461407 0.500000 55.000000,
				 -13.500000 0.260537 80.000000,
				 -121.000000 -8.715722 18.000000,
				 -121.000000 -8.715722 18.000000,
				 -121.000000 8.715720 18.000000,
				 -120.000000 -10.000001 20.000000,
				 -125.331970 -7.620529 18.000000,
				 -125.331970 -7.620529 18.000000,
				 -121.000000 -8.715722 18.000000,
				 -120.000000 -10.000001 20.000000,
				 -127.102943 -8.399176 20.000000,
				 -127.102943 8.399175 20.000000,
				 -125.331970 7.620528 18.000000,
				 -125.331970 7.620528 18.000000,
				 -125.331970 -7.620529 18.000000,
				 -127.102943 -8.399176 20.000000,
				 -120.000000 10.000000 20.000000,
				 -121.000000 8.715720 18.000000,
				 -121.000000 8.715720 18.000000,
				 -125.331970 7.620528 18.000000,
			]
		}
		USE Metal_Steel_COMP

		TextureCoordinate2 {
			point [
				 0.867923 0.415033,
				 0.770021 0.415033,
				 0.770021 0.333448,
				 0.770021 0.333448,
				 0.867923 0.333448,
				 0.867923 0.415033,
				 0.250279 0.776135,
				 0.085667 0.776135,
				 0.127902 0.714947,
				 0.250279 0.714947,
				 0.250279 0.776135,
				 0.127902 0.714947,
				 0.291070 0.250747,
				 0.291070 0.239529,
				 0.340020 0.239529,
				 0.340020 0.239529,
				 0.340020 0.250747,
				 0.291070 0.250747,
				 0.469407 0.595584,
				 0.304796 0.595584,
				 0.304796 0.534395,
				 0.304796 0.534395,
				 0.427173 0.534395,
				 0.469407 0.595584,
				 0.610336 0.814892,
				 0.598098 0.814892,
				 0.598098 0.800818,
				 0.598098 0.800818,
				 0.610336 0.800818,
				 0.610336 0.814892,
				 0.250279 0.714947,
				 0.127902 0.714947,
				 0.140139 0.694550,
				 0.140139 0.694550,
				 0.238041 0.694550,
				 0.250279 0.714947,
				 0.214333 0.280322,
				 0.108273 0.280322,
				 0.120511 0.259925,
				 0.120511 0.259925,
				 0.202095 0.259925,
				 0.214333 0.280322,
				 0.427173 0.534395,
				 0.304796 0.534395,
				 0.317033 0.513999,
				 0.317033 0.513999,
				 0.414935 0.513999,
				 0.427173 0.534395,
				 0.543980 0.280322,
				 0.437920 0.280322,
				 0.450158 0.259925,
				 0.450158 0.259925,
				 0.531743 0.259925,
				 0.543980 0.280322,
				 0.030000 0.959767,
				 0.136060 0.959767,
				 0.127902 0.967925,
				 0.127902 0.967925,
				 0.038158 0.967925,
				 0.030000 0.959767,
				 0.304796 0.595584,
				 0.469407 0.595584,
				 0.419014 0.603742,
				 0.419014 0.603742,
				 0.312954 0.603742,
				 0.304796 0.595584,
				 0.344146 0.382399,
				 0.344146 0.333448,
				 0.394539 0.341607,
				 0.344146 0.390557,
				 0.344146 0.382399,
				 0.394539 0.341607,
				 0.344146 0.439508,
				 0.344146 0.390557,
				 0.394539 0.341607,
				 0.344146 0.439508,
				 0.394539 0.341607,
				 0.394539 0.431350,
				 0.085667 0.776135,
				 0.250279 0.776135,
				 0.242120 0.784293,
				 0.242120 0.784293,
				 0.136060 0.784293,
				 0.085667 0.776135,
				 0.500599 0.341607,
				 0.500599 0.431350,
				 0.492440 0.423191,
				 0.500599 0.341607,
				 0.492440 0.423191,
				 0.492440 0.412993,
				 0.500599 0.341607,
				 0.492440 0.412993,
				 0.492440 0.386478,
				 0.500599 0.341607,
				 0.492440 0.386478,
				 0.492440 0.359963,
				 0.500599 0.341607,
				 0.492440 0.359963,
				 0.492440 0.349765,
				 0.543980 0.208830,
				 0.437920 0.208830,
				 0.446079 0.200672,
				 0.543980 0.208830,
				 0.446079 0.200672,
				 0.460356 0.200672,
				 0.543980 0.208830,
				 0.460356 0.200672,
				 0.488029 0.200672,
				 0.543980 0.208830,
				 0.488029 0.200672,
				 0.515426 0.200672,
				 0.543980 0.208830,
				 0.515426 0.200672,
				 0.535822 0.200672,
				 0.394539 0.431350,
				 0.394539 0.341607,
				 0.402697 0.349765,
				 0.394539 0.431350,
				 0.402697 0.349765,
				 0.402697 0.359963,
				 0.394539 0.431350,
				 0.402697 0.359963,
				 0.402697 0.386478,
				 0.394539 0.431350,
				 0.402697 0.386478,
				 0.402697 0.412993,
				 0.394539 0.431350,
				 0.402697 0.412993,
				 0.402697 0.423191,
				 0.394539 0.341607,
				 0.500599 0.341607,
				 0.492440 0.349765,
				 0.394539 0.341607,
				 0.492440 0.349765,
				 0.472044 0.349765,
				 0.394539 0.341607,
				 0.472044 0.349765,
				 0.444647 0.349765,
				 0.394539 0.341607,
				 0.444647 0.349765,
				 0.416974 0.349765,
				 0.394539 0.341607,
				 0.416974 0.349765,
				 0.402697 0.349765,
				 0.468062 0.939041,
				 0.468062 0.894839,
				 0.508854 0.894839,
				 0.508854 0.894839,
				 0.508854 0.939041,
				 0.468062 0.939041,
				 0.427173 0.534395,
				 0.525074 0.534395,
				 0.525074 0.545613,
				 0.427173 0.534395,
				 0.525074 0.545613,
				 0.480203 0.545613,
				 0.469407 0.595584,
				 0.427173 0.534395,
				 0.480203 0.545613,
				 0.298565 0.090736,
				 0.290602 0.090736,
				 0.300616 0.033946,
				 0.298565 0.090736,
				 0.300616 0.033946,
				 0.305026 0.033946,
				 0.305026 0.076974,
				 0.298565 0.090736,
				 0.305026 0.033946,
				 0.127902 0.714947,
				 0.085667 0.776135,
				 0.074872 0.726164,
				 0.127902 0.714947,
				 0.074872 0.726164,
				 0.030000 0.726164,
				 0.127902 0.714947,
				 0.030000 0.726164,
				 0.030000 0.714947,
				 0.207440 0.611477,
				 0.207440 0.611477,
				 0.193678 0.623715,
				 0.101380 0.611477,
				 0.207440 0.611477,
				 0.193678 0.623715,
				 0.193678 0.623715,
				 0.115142 0.623715,
				 0.101380 0.611477,
				 0.101380 0.611477,
				 0.193678 0.623715,
				 0.101380 0.611477,
				 0.221723 0.513999,
				 0.233960 0.513999,
				 0.205407 0.560910,
				 0.201328 0.550712,
				 0.221723 0.513999,
				 0.205407 0.560910,
				 0.201328 0.550712,
				 0.205407 0.560910,
				 0.201328 0.550712,
				 0.282911 0.239529,
				 0.233960 0.239529,
				 0.233960 0.227292,
				 0.291070 0.239529,
				 0.282911 0.239529,
				 0.233960 0.227292,
				 0.340020 0.239529,
				 0.291070 0.239529,
				 0.233960 0.227292,
				 0.340020 0.239529,
				 0.233960 0.227292,
				 0.340020 0.227292,
				 0.042238 0.333448,
				 0.062633 0.370161,
				 0.062633 0.370161,
				 0.042238 0.333448,
				 0.062633 0.370161,
				 0.058553 0.380359,
				 0.042238 0.333448,
				 0.058553 0.380359,
				 0.030000 0.333448,
				 0.326258 0.127902,
				 0.247723 0.127902,
				 0.270134 0.107505,
				 0.270134 0.107505,
				 0.303846 0.107505,
				 0.326258 0.127902,
				 0.233960 0.115664,
				 0.233960 0.030000,
				 0.258437 0.042238,
				 0.258437 0.042238,
				 0.258437 0.093743,
				 0.233960 0.115664,
				 0.340020 0.227292,
				 0.233960 0.227292,
				 0.258437 0.206895,
				 0.258437 0.206895,
				 0.315543 0.206895,
				 0.340020 0.227292,
				 0.340020 0.030000,
				 0.340020 0.115664,
				 0.315543 0.093743,
				 0.315543 0.093743,
				 0.315543 0.042238,
				 0.340020 0.030000,
				 0.317880 0.359943,
				 0.310242 0.355877,
				 0.325519 0.345593,
				 0.325519 0.345593,
				 0.325519 0.364009,
				 0.317880 0.359943,
				 0.317880 0.425158,
				 0.325519 0.421092,
				 0.325519 0.439508,
				 0.325519 0.439508,
				 0.310242 0.429224,
				 0.317880 0.425158,
				 0.340020 0.115664,
				 0.326258 0.127902,
				 0.303846 0.107505,
				 0.303846 0.107505,
				 0.315543 0.093743,
				 0.340020 0.115664,
				 0.247723 0.127902,
				 0.233960 0.115664,
				 0.258437 0.093743,
				 0.258437 0.093743,
				 0.270134 0.107505,
				 0.247723 0.127902,
				 0.303846 0.107505,
				 0.270134 0.107505,
				 0.275415 0.099027,
				 0.275415 0.099027,
				 0.298565 0.099027,
				 0.303846 0.107505,
				 0.270134 0.107505,
				 0.258437 0.093743,
				 0.268954 0.085265,
				 0.268954 0.085265,
				 0.275415 0.099027,
				 0.270134 0.107505,
				 0.258437 0.093743,
				 0.258437 0.042238,
				 0.268954 0.042238,
				 0.268954 0.042238,
				 0.268954 0.085265,
				 0.258437 0.093743,
				 0.315543 0.206895,
				 0.258437 0.206895,
				 0.268954 0.198737,
				 0.268954 0.198737,
				 0.305026 0.198737,
				 0.315543 0.206895,
				 0.315543 0.042238,
				 0.315543 0.093743,
				 0.305026 0.085265,
				 0.305026 0.085265,
				 0.305026 0.042238,
				 0.315543 0.042238,
				 0.315543 0.093743,
				 0.303846 0.107505,
				 0.298565 0.099027,
				 0.298565 0.099027,
				 0.305026 0.085265,
				 0.315543 0.093743,
				 0.298565 0.099027,
				 0.275415 0.099027,
				 0.275415 0.090736,
				 0.298565 0.099027,
				 0.275415 0.090736,
				 0.283378 0.090736,
				 0.298565 0.099027,
				 0.283378 0.090736,
				 0.290602 0.090736,
				 0.298565 0.099027,
				 0.290602 0.090736,
				 0.298565 0.090736,
				 0.968793 0.141256,
				 0.955031 0.141256,
				 0.946739 0.133098,
				 0.946739 0.133098,
				 0.960502 0.133098,
				 0.968793 0.141256,
				 0.955031 0.141256,
				 0.912004 0.141256,
				 0.903712 0.133098,
				 0.903712 0.133098,
				 0.946739 0.133098,
				 0.955031 0.141256,
				 0.848649 0.889560,
				 0.812577 0.889560,
				 0.812577 0.881268,
				 0.848649 0.889560,
				 0.812577 0.881268,
				 0.816987 0.881268,
				 0.848649 0.889560,
				 0.816987 0.881268,
				 0.844238 0.881268,
				 0.848649 0.889560,
				 0.844238 0.881268,
				 0.848649 0.881268,
				 0.627423 0.876177,
				 0.584396 0.876177,
				 0.592688 0.868018,
				 0.592688 0.868018,
				 0.635715 0.868018,
				 0.627423 0.876177,
				 0.584396 0.876177,
				 0.570634 0.876177,
				 0.578925 0.868018,
				 0.578925 0.868018,
				 0.592688 0.868018,
				 0.584396 0.876177,
				 0.605307 0.932406,
				 0.570634 0.933382,
				 0.570634 0.929303,
				 0.570634 0.929303,
				 0.605307 0.930280,
				 0.605307 0.932406,
				 0.268954 0.076974,
				 0.268954 0.033946,
				 0.273365 0.033946,
				 0.275415 0.090736,
				 0.268954 0.076974,
				 0.273365 0.033946,
				 0.283378 0.090736,
				 0.275415 0.090736,
				 0.273365 0.033946,
				 0.030000 0.435940,
				 0.062634 0.437512,
				 0.062634 0.441591,
				 0.062634 0.441591,
				 0.030000 0.443164,
				 0.030000 0.435940,
				 0.609097 0.513999,
				 0.645608 0.517675,
				 0.617628 0.560826,
				 0.617628 0.560826,
				 0.578201 0.561648,
				 0.609097 0.513999,
				 0.605870 0.656869,
				 0.638504 0.666415,
				 0.638504 0.674574,
				 0.638504 0.674574,
				 0.605870 0.684120,
				 0.605870 0.656869,
				 0.181083 0.837420,
				 0.210088 0.886244,
				 0.170724 0.883876,
				 0.170724 0.883876,
				 0.144457 0.839662,
				 0.181083 0.837420,
				 0.030000 0.611901,
				 0.030000 0.513999,
				 0.050396 0.513999,
				 0.050396 0.513999,
				 0.050396 0.623715,
				 0.030000 0.611901,
				 0.340020 0.239529,
				 0.340020 0.227292,
				 0.360416 0.227292,
				 0.360416 0.227292,
				 0.360416 0.239529,
				 0.340020 0.239529,
				 0.233960 0.030000,
				 0.233960 0.115664,
				 0.213564 0.127902,
				 0.213564 0.127902,
				 0.213564 0.030000,
				 0.233960 0.030000,
				 0.947765 0.442402,
				 0.923979 0.442402,
				 0.927128 0.434342,
				 0.927128 0.434342,
				 0.950913 0.434342,
				 0.947765 0.442402,
				 0.043005 0.208830,
				 0.043005 0.208830,
				 0.063402 0.208830,
				 0.063402 0.208830,
				 0.063402 0.208830,
				 0.043005 0.208830,
				 0.233960 0.333448,
				 0.233960 0.431350,
				 0.213564 0.443164,
				 0.213564 0.443164,
				 0.213564 0.333448,
				 0.233960 0.333448,
				 0.101380 0.611477,
				 0.101380 0.611477,
				 0.080984 0.611477,
				 0.080984 0.611477,
				 0.080984 0.611477,
				 0.101380 0.611477,
				 0.697142 0.966861,
				 0.694034 0.958787,
				 0.717819 0.958903,
				 0.717819 0.958903,
				 0.720712 0.966745,
				 0.697142 0.966861,
				 0.340020 0.115664,
				 0.340020 0.030000,
				 0.360416 0.030000,
				 0.360416 0.030000,
				 0.360416 0.127902,
				 0.340020 0.115664,
				 0.233960 0.227292,
				 0.233960 0.239529,
				 0.213564 0.239529,
				 0.213564 0.239529,
				 0.213564 0.227292,
				 0.233960 0.227292,
				 0.050396 0.623715,
				 0.050396 0.513999,
				 0.062634 0.513999,
				 0.062634 0.513999,
				 0.062634 0.579267,
				 0.050396 0.623715,
				 0.360416 0.239529,
				 0.360416 0.227292,
				 0.372654 0.227292,
				 0.360416 0.239529,
				 0.372654 0.227292,
				 0.372654 0.233410,
				 0.360416 0.239529,
				 0.372654 0.233410,
				 0.372654 0.235450,
				 0.213564 0.030000,
				 0.213564 0.127902,
				 0.201326 0.099347,
				 0.201326 0.099347,
				 0.201326 0.030000,
				 0.213564 0.030000,
				 0.368888 0.823227,
				 0.375231 0.829113,
				 0.346697 0.830180,
				 0.346697 0.830180,
				 0.340354 0.824294,
				 0.368888 0.823227,
				 0.063402 0.208830,
				 0.063402 0.208830,
				 0.075639 0.206791,
				 0.075639 0.206791,
				 0.075639 0.206791,
				 0.063402 0.208830,
				 0.213564 0.333448,
				 0.213564 0.443164,
				 0.201326 0.398716,
				 0.201326 0.398716,
				 0.201326 0.333448,
				 0.213564 0.333448,
				 0.375718 0.280322,
				 0.375718 0.280322,
				 0.420212 0.280026,
				 0.420212 0.280026,
				 0.420212 0.280026,
				 0.375718 0.280322,
				 0.381649 0.274431,
				 0.410181 0.275550,
				 0.420212 0.280026,
				 0.420212 0.280026,
				 0.375718 0.280322,
				 0.381649 0.274431,
				 0.360416 0.127902,
				 0.360416 0.030000,
				 0.372654 0.030000,
				 0.372654 0.030000,
				 0.372654 0.099347,
				 0.360416 0.127902,
				 0.213564 0.227292,
				 0.213564 0.239529,
				 0.201326 0.235450,
				 0.213564 0.227292,
				 0.201326 0.235450,
				 0.201326 0.233410,
				 0.213564 0.227292,
				 0.201326 0.233410,
				 0.201326 0.227292,
				 0.062634 0.579267,
				 0.062634 0.513999,
				 0.221723 0.513999,
				 0.221723 0.513999,
				 0.201328 0.550712,
				 0.062634 0.579267,
				 0.372654 0.233410,
				 0.543980 0.233410,
				 0.531743 0.235450,
				 0.531743 0.235450,
				 0.372654 0.235450,
				 0.372654 0.233410,
				 0.201326 0.030000,
				 0.201326 0.099347,
				 0.062633 0.070792,
				 0.062633 0.070792,
				 0.038158 0.030000,
				 0.201326 0.030000,
				 0.201326 0.099347,
				 0.201326 0.105466,
				 0.058553 0.076911,
				 0.058553 0.076911,
				 0.062633 0.070792,
				 0.201326 0.099347,
				 0.075639 0.206791,
				 0.075639 0.206791,
				 0.214333 0.205771,
				 0.214333 0.205771,
				 0.214333 0.205771,
				 0.075639 0.206791,
				 0.201326 0.333448,
				 0.201326 0.398716,
				 0.062633 0.370161,
				 0.062633 0.370161,
				 0.042238 0.333448,
				 0.201326 0.333448,
				 0.168694 0.126882,
				 0.168694 0.126882,
				 0.030000 0.127902,
				 0.030000 0.127902,
				 0.030000 0.127902,
				 0.168694 0.126882,
				 0.201326 0.408914,
				 0.058553 0.380359,
				 0.062633 0.370161,
				 0.062633 0.370161,
				 0.201326 0.398716,
				 0.201326 0.408914,
				 0.372654 0.099347,
				 0.372654 0.030000,
				 0.535822 0.030000,
				 0.535822 0.030000,
				 0.511348 0.070792,
				 0.372654 0.099347,
				 0.201326 0.233410,
				 0.030000 0.233410,
				 0.038158 0.227292,
				 0.038158 0.227292,
				 0.201326 0.227292,
				 0.201326 0.233410,
				 0.030000 0.030000,
				 0.038158 0.030000,
				 0.062633 0.070792,
				 0.062633 0.070792,
				 0.058553 0.076911,
				 0.030000 0.030000,
				 0.511348 0.070792,
				 0.535822 0.030000,
				 0.543980 0.030000,
				 0.543980 0.030000,
				 0.515427 0.076911,
				 0.511348 0.070792,
				 0.944617 0.450462,
				 0.921049 0.450226,
				 0.923979 0.442402,
				 0.923979 0.442402,
				 0.947765 0.442402,
				 0.944617 0.450462,
				 0.694034 0.958787,
				 0.690926 0.950712,
				 0.714711 0.950828,
				 0.714711 0.950828,
				 0.717819 0.958903,
				 0.694034 0.958787,
				 0.375231 0.829113,
				 0.381151 0.835015,
				 0.336658 0.834637,
				 0.336658 0.834637,
				 0.346697 0.830180,
				 0.375231 0.829113,
				 0.388003 0.268556,
				 0.416535 0.269676,
				 0.410181 0.275550,
				 0.410181 0.275550,
				 0.381649 0.274431,
				 0.388003 0.268556,
				 0.062634 0.589465,
				 0.062634 0.579267,
				 0.201328 0.550712,
				 0.201328 0.550712,
				 0.205407 0.560910,
				 0.062634 0.589465,
				 0.372654 0.099347,
				 0.511348 0.070792,
				 0.515427 0.076911,
				 0.515427 0.076911,
				 0.372654 0.105466,
				 0.372654 0.099347,
				 0.372654 0.227292,
				 0.535822 0.227292,
				 0.543980 0.233410,
				 0.543980 0.233410,
				 0.372654 0.233410,
				 0.372654 0.227292,
				 0.201326 0.235450,
				 0.042238 0.235450,
				 0.030000 0.233410,
				 0.030000 0.233410,
				 0.201326 0.233410,
				 0.201326 0.235450,
				 0.282911 0.250747,
				 0.282911 0.239529,
				 0.291070 0.239529,
				 0.291070 0.239529,
				 0.291070 0.250747,
				 0.282911 0.250747,
				 0.344146 0.390557,
				 0.304796 0.388518,
				 0.304796 0.384438,
				 0.304796 0.384438,
				 0.344146 0.382399,
				 0.344146 0.390557,
				 0.233960 0.250747,
				 0.233960 0.239529,
				 0.282911 0.239529,
				 0.282911 0.239529,
				 0.282911 0.250747,
				 0.233960 0.250747,
				 0.925128 0.377650,
				 0.925128 0.333448,
				 0.965921 0.333448,
				 0.965921 0.333448,
				 0.965921 0.377650,
				 0.925128 0.377650,
				 0.945947 0.059575,
				 0.906597 0.079971,
				 0.917392 0.030000,
				 0.917392 0.030000,
				 0.962264 0.030000,
				 0.945947 0.059575,
				 0.291070 0.250747,
				 0.289030 0.280322,
				 0.284951 0.280322,
				 0.284951 0.280322,
				 0.282911 0.250747,
				 0.291070 0.250747,
				 0.896731 0.228312,
				 0.880414 0.198737,
				 0.925285 0.198737,
				 0.925285 0.198737,
				 0.936081 0.248708,
				 0.896731 0.228312,
				 0.304796 0.956028,
				 0.304796 0.907077,
				 0.349667 0.907077,
				 0.349667 0.907077,
				 0.349667 0.956028,
				 0.304796 0.956028,
				 0.463983 0.841713,
				 0.463983 0.792762,
				 0.508854 0.792762,
				 0.508854 0.792762,
				 0.508854 0.841713,
				 0.463983 0.841713,
				 0.512933 0.942606,
				 0.463983 0.942606,
				 0.468062 0.939041,
				 0.468062 0.939041,
				 0.508854 0.939041,
				 0.512933 0.942606,
				 0.936081 0.248708,
				 0.925285 0.198737,
				 0.933939 0.200941,
				 0.933939 0.200941,
				 0.938965 0.245143,
				 0.936081 0.248708,
				 0.349667 0.956028,
				 0.349667 0.907077,
				 0.358321 0.911156,
				 0.358321 0.911156,
				 0.358321 0.951948,
				 0.349667 0.956028,
				 0.039531 0.272106,
				 0.090564 0.275151,
				 0.087481 0.278546,
				 0.087481 0.278546,
				 0.043030 0.280322,
				 0.039531 0.272106,
				 0.369098 0.201800,
				 0.420212 0.200758,
				 0.416394 0.208830,
				 0.416394 0.208830,
				 0.372046 0.205313,
				 0.369098 0.201800,
				 0.508854 0.841713,
				 0.508854 0.792762,
				 0.517507 0.796841,
				 0.517507 0.796841,
				 0.517507 0.837633,
				 0.508854 0.841713,
				 0.917392 0.030000,
				 0.906597 0.079971,
				 0.903712 0.076406,
				 0.903712 0.076406,
				 0.908739 0.032204,
				 0.917392 0.030000,
				 0.970000 0.381215,
				 0.921049 0.381215,
				 0.925128 0.377650,
				 0.925128 0.377650,
				 0.965921 0.377650,
				 0.970000 0.381215,
				 0.030000 0.959767,
				 0.030000 0.959767,
				 0.062634 0.939370,
				 0.136060 0.959767,
				 0.030000 0.959767,
				 0.062634 0.939370,
				 0.062634 0.939370,
				 0.103426 0.939370,
				 0.136060 0.959767,
				 0.136060 0.959767,
				 0.062634 0.939370,
				 0.136060 0.959767,
				 0.410856 0.853950,
				 0.410856 0.792762,
				 0.410856 0.792762,
				 0.410856 0.792762,
				 0.410856 0.853950,
				 0.410856 0.853950,
				 0.410856 0.792762,
				 0.304796 0.792762,
				 0.304796 0.792762,
				 0.304796 0.792762,
				 0.410856 0.792762,
				 0.410856 0.792762,
				 0.304796 0.792762,
				 0.304796 0.853950,
				 0.304796 0.853950,
				 0.304796 0.853950,
				 0.304796 0.792762,
				 0.304796 0.792762,
				 0.553725 0.406874,
				 0.553725 0.366082,
				 0.574121 0.345686,
				 0.553725 0.406874,
				 0.574121 0.345686,
				 0.716895 0.345686,
				 0.553725 0.406874,
				 0.716895 0.345686,
				 0.716895 0.427270,
				 0.574121 0.427270,
				 0.553725 0.406874,
				 0.716895 0.427270,
				 0.619013 0.241520,
				 0.617641 0.204832,
				 0.760315 0.199499,
				 0.760315 0.199499,
				 0.761686 0.236186,
				 0.619013 0.241520,
				 0.635212 0.123822,
				 0.635212 0.042238,
				 0.777985 0.042238,
				 0.777985 0.042238,
				 0.777985 0.123822,
				 0.635212 0.123822,
				 0.514494 0.663266,
				 0.513055 0.699951,
				 0.370392 0.694353,
				 0.370392 0.694353,
				 0.371831 0.657668,
				 0.514494 0.663266,
				 0.811320 0.656869,
				 0.892905 0.656869,
				 0.892905 0.677265,
				 0.892905 0.677265,
				 0.811320 0.677265,
				 0.811320 0.656869,
				 0.761686 0.236186,
				 0.760315 0.199499,
				 0.780697 0.198737,
				 0.780697 0.198737,
				 0.782830 0.255806,
				 0.761686 0.236186,
				 0.777985 0.123822,
				 0.777985 0.042238,
				 0.798381 0.042238,
				 0.798381 0.042238,
				 0.798381 0.123822,
				 0.777985 0.123822,
				 0.371831 0.657668,
				 0.370392 0.694353,
				 0.349212 0.713934,
				 0.349212 0.713934,
				 0.351451 0.656869,
				 0.371831 0.657668,
				 0.690926 0.792762,
				 0.762033 0.792762,
				 0.757565 0.810433,
				 0.757565 0.810433,
				 0.695394 0.810433,
				 0.690926 0.792762,
				 0.782830 0.255806,
				 0.780697 0.198737,
				 0.804627 0.205789,
				 0.804627 0.205789,
				 0.814679 0.234205,
				 0.818762 0.246299,
				 0.782830 0.255806,
				 0.804627 0.205789,
				 0.818762 0.246299,
				 0.782830 0.255806,
				 0.818762 0.246299,
				 0.811784 0.254724,
				 0.822031 0.042238,
				 0.834648 0.049447,
				 0.843032 0.057775,
				 0.843032 0.057775,
				 0.847515 0.065500,
				 0.850586 0.076911,
				 0.822031 0.042238,
				 0.843032 0.057775,
				 0.850586 0.076911,
				 0.798381 0.042238,
				 0.822031 0.042238,
				 0.850586 0.076911,
				 0.798381 0.123822,
				 0.798381 0.042238,
				 0.850586 0.076911,
				 0.850586 0.076911,
				 0.850586 0.089149,
				 0.847515 0.100560,
				 0.847515 0.100560,
				 0.843032 0.108285,
				 0.834648 0.116613,
				 0.850586 0.076911,
				 0.847515 0.100560,
				 0.834648 0.116613,
				 0.850586 0.076911,
				 0.834648 0.116613,
				 0.822031 0.123822,
				 0.798381 0.123822,
				 0.850586 0.076911,
				 0.822031 0.123822,
				 0.349212 0.713934,
				 0.320259 0.712798,
				 0.313298 0.704360,
				 0.349212 0.713934,
				 0.313298 0.704360,
				 0.317403 0.692274,
				 0.351451 0.656869,
				 0.349212 0.713934,
				 0.317403 0.692274,
				 0.351451 0.656869,
				 0.317403 0.692274,
				 0.327507 0.663877,
				 0.847270 0.551720,
				 0.839545 0.547237,
				 0.831217 0.538854,
				 0.899062 0.526237,
				 0.898382 0.538854,
				 0.890054 0.547237,
				 0.890054 0.547237,
				 0.882330 0.551720,
				 0.870919 0.554792,
				 0.899062 0.526237,
				 0.890054 0.547237,
				 0.870919 0.554792,
				 0.830537 0.526237,
				 0.899062 0.526237,
				 0.870919 0.554792,
				 0.831217 0.538854,
				 0.830537 0.526237,
				 0.870919 0.554792,
				 0.847270 0.551720,
				 0.831217 0.538854,
				 0.870919 0.554792,
				 0.858681 0.554792,
				 0.847270 0.551720,
				 0.870919 0.554792,
				 0.553725 0.439508,
				 0.553725 0.406874,
				 0.574121 0.427270,
				 0.553725 0.333448,
				 0.574121 0.345686,
				 0.553725 0.366082,
				 0.619013 0.241520,
				 0.599393 0.262664,
				 0.597107 0.201518,
				 0.597107 0.201518,
				 0.617641 0.204832,
				 0.619013 0.241520,
				 0.635212 0.123822,
				 0.614816 0.136060,
				 0.614816 0.030000,
				 0.614816 0.030000,
				 0.635212 0.042238,
				 0.635212 0.123822,
				 0.514494 0.663266,
				 0.535035 0.659989,
				 0.532636 0.721131,
				 0.532636 0.721131,
				 0.513055 0.699951,
				 0.514494 0.663266,
				 0.827287 0.233734,
				 0.814679 0.234205,
				 0.804627 0.205789,
				 0.804627 0.205789,
				 0.817483 0.211955,
				 0.827287 0.233734,
				 0.314640 0.670019,
				 0.327507 0.663877,
				 0.317403 0.692274,
				 0.317403 0.692274,
				 0.304796 0.691780,
				 0.314640 0.670019,
				 0.759450 0.881268,
				 0.759450 0.889427,
				 0.690926 0.889427,
				 0.690926 0.889427,
				 0.690926 0.881268,
				 0.759450 0.881268,
				 0.586687 0.814892,
				 0.578962 0.814892,
				 0.578962 0.797183,
				 0.578962 0.797183,
				 0.586687 0.799467,
				 0.586687 0.814892,
				 0.621747 0.799467,
				 0.629471 0.797183,
				 0.629471 0.814892,
				 0.629471 0.814892,
				 0.621747 0.814892,
				 0.621747 0.799467,
				 0.598098 0.814892,
				 0.586687 0.814892,
				 0.586687 0.799467,
				 0.586687 0.799467,
				 0.598098 0.800818,
				 0.598098 0.814892,
				 0.610336 0.800818,
				 0.621747 0.799467,
				 0.621747 0.814892,
				 0.621747 0.814892,
				 0.610336 0.814892,
				 0.610336 0.800818,
				 0.578962 0.814892,
				 0.570634 0.814892,
				 0.570634 0.792762,
				 0.570634 0.792762,
				 0.578962 0.797183,
				 0.578962 0.814892,
				 0.629471 0.797183,
				 0.637799 0.792762,
				 0.637799 0.814892,
				 0.637799 0.814892,
				 0.629471 0.814892,
				 0.629471 0.797183,
				 0.958269 0.656869,
				 0.961897 0.669107,
				 0.946031 0.669107,
				 0.946031 0.669107,
				 0.946031 0.656869,
				 0.958269 0.656869,
				 0.901393 0.808628,
				 0.832868 0.808628,
				 0.836948 0.792762,
				 0.836948 0.792762,
				 0.897313 0.792762,
				 0.901393 0.808628,
				 0.437760 0.394951,
				 0.441388 0.382714,
				 0.453626 0.382714,
				 0.453626 0.382714,
				 0.453626 0.394951,
				 0.437760 0.394951,
				 0.899062 0.526237,
				 0.830537 0.526237,
				 0.834617 0.513999,
				 0.834617 0.513999,
				 0.894983 0.513999,
				 0.899062 0.526237,
				 0.492440 0.412993,
				 0.492440 0.423191,
				 0.472044 0.423191,
				 0.472044 0.423191,
				 0.472044 0.412993,
				 0.492440 0.412993,
				 0.472044 0.423191,
				 0.444647 0.423191,
				 0.444647 0.412993,
				 0.444647 0.412993,
				 0.472044 0.412993,
				 0.472044 0.423191,
				 0.472044 0.386478,
				 0.492440 0.386478,
				 0.492440 0.412993,
				 0.492440 0.412993,
				 0.472044 0.412993,
				 0.472044 0.386478,
				 0.416974 0.423191,
				 0.402697 0.423191,
				 0.402697 0.412993,
				 0.402697 0.412993,
				 0.416974 0.412993,
				 0.416974 0.423191,
				 0.402697 0.412993,
				 0.402697 0.386478,
				 0.416974 0.386478,
				 0.416974 0.386478,
				 0.416974 0.412993,
				 0.402697 0.412993,
				 0.444647 0.412993,
				 0.444647 0.423191,
				 0.416974 0.423191,
				 0.416974 0.423191,
				 0.416974 0.412993,
				 0.444647 0.412993,
				 0.402697 0.359963,
				 0.402697 0.349765,
				 0.416974 0.349765,
				 0.416974 0.349765,
				 0.416974 0.359963,
				 0.402697 0.359963,
				 0.416974 0.349765,
				 0.444647 0.349765,
				 0.444647 0.359963,
				 0.444647 0.359963,
				 0.416974 0.359963,
				 0.416974 0.349765,
				 0.416974 0.386478,
				 0.402697 0.386478,
				 0.402697 0.359963,
				 0.402697 0.359963,
				 0.416974 0.359963,
				 0.416974 0.386478,
				 0.472044 0.349765,
				 0.492440 0.349765,
				 0.492440 0.359963,
				 0.492440 0.359963,
				 0.472044 0.359963,
				 0.472044 0.349765,
				 0.492440 0.359963,
				 0.492440 0.386478,
				 0.472044 0.386478,
				 0.472044 0.386478,
				 0.472044 0.359963,
				 0.492440 0.359963,
				 0.444647 0.359963,
				 0.444647 0.349765,
				 0.472044 0.349765,
				 0.472044 0.349765,
				 0.472044 0.359963,
				 0.444647 0.359963,
				 0.164615 0.438489,
				 0.164615 0.440615,
				 0.062634 0.441591,
				 0.062634 0.441591,
				 0.062634 0.437512,
				 0.164615 0.438489,
				 0.645608 0.517675,
				 0.759702 0.529164,
				 0.740838 0.558256,
				 0.740838 0.558256,
				 0.617628 0.560826,
				 0.645608 0.517675,
				 0.740485 0.668455,
				 0.740485 0.672534,
				 0.638504 0.674574,
				 0.638504 0.674574,
				 0.638504 0.666415,
				 0.740485 0.668455,
				 0.047709 0.876479,
				 0.030000 0.846669,
				 0.144457 0.839662,
				 0.144457 0.839662,
				 0.170724 0.883876,
				 0.047709 0.876479,
				 0.811320 0.677265,
				 0.892905 0.677265,
				 0.887666 0.685423,
				 0.887666 0.685423,
				 0.816559 0.685423,
				 0.811320 0.677265,
				 0.782830 0.255806,
				 0.811784 0.254724,
				 0.804870 0.263147,
				 0.804870 0.263147,
				 0.787211 0.263807,
				 0.782830 0.255806,
				 0.690926 0.889427,
				 0.759450 0.889427,
				 0.756274 0.897585,
				 0.756274 0.897585,
				 0.694102 0.897585,
				 0.690926 0.889427,
				 0.320259 0.712798,
				 0.349212 0.713934,
				 0.344816 0.721926,
				 0.344816 0.721926,
				 0.327158 0.721234,
				 0.320259 0.712798,
			]
		}
		IndexedFaceSet {
			coordIndex [
				 8, 9, 10, -1,
				 10, 11, 8, -1,
				 0, 1, 5, -1,
				 4, 0, 5, -1,
				 101, 102, 23, -1,
				 23, 20, 101, -1,
				 3, 2, 6, -1,
				 6, 7, 3, -1,
				 160, 161, 158, -1,
				 158, 159, 160, -1,
				 4, 5, 190, -1,
				 191, 192, 4, -1,
				 193, 194, 195, -1,
				 196, 197, 198, -1,
				 7, 6, 199, -1,
				 200, 201, 7, -1,
				 202, 203, 204, -1,
				 205, 206, 207, -1,
				 208, 209, 13, -1,
				 13, 12, 210, -1,
				 2, 3, 14, -1,
				 14, 211, 2, -1,
				 100, 212, 15, -1,
				 103, 100, 15, -1,
				 213, 103, 15, -1,
				 214, 15, 215, -1,
				 1, 0, 216, -1,
				 217, 218, 1, -1,
				 219, 220, 17, -1,
				 221, 17, 166, -1,
				 222, 166, 162, -1,
				 223, 162, 177, -1,
				 224, 177, 16, -1,
				 225, 226, 18, -1,
				 227, 18, 170, -1,
				 228, 170, 163, -1,
				 229, 163, 167, -1,
				 230, 167, 231, -1,
				 232, 15, 19, -1,
				 233, 19, 173, -1,
				 234, 173, 164, -1,
				 235, 164, 171, -1,
				 236, 171, 237, -1,
				 15, 238, 16, -1,
				 15, 16, 176, -1,
				 15, 176, 165, -1,
				 15, 165, 174, -1,
				 15, 174, 19, -1,
				 113, 114, 115, -1,
				 115, 112, 113, -1,
				 7, 22, 21, -1,
				 7, 21, 109, -1,
				 3, 7, 109, -1,
				 44, 50, 51, -1,
				 44, 51, 48, -1,
				 49, 44, 48, -1,
				 5, 1, 108, -1,
				 5, 108, 239, -1,
				 5, 240, 241, -1,
				 242, 25, 35, -1,
				 243, 244, 35, -1,
				 35, 32, 24, -1,
				 245, 35, 24, -1,
				 79, 94, 95, -1,
				 78, 79, 95, -1,
				 78, 95, 82, -1,
				 105, 246, 27, -1,
				 102, 105, 27, -1,
				 23, 102, 27, -1,
				 23, 27, 26, -1,
				 83, 84, 85, -1,
				 83, 85, 96, -1,
				 83, 96, 97, -1,
				 247, 248, 37, -1,
				 37, 28, 249, -1,
				 34, 250, 30, -1,
				 30, 29, 34, -1,
				 26, 27, 31, -1,
				 31, 251, 26, -1,
				 252, 33, 36, -1,
				 36, 253, 254, -1,
				 88, 255, 256, -1,
				 257, 258, 88, -1,
				 89, 259, 260, -1,
				 261, 262, 89, -1,
				 33, 263, 28, -1,
				 28, 36, 33, -1,
				 264, 34, 29, -1,
				 29, 37, 265, -1,
				 28, 37, 39, -1,
				 39, 38, 28, -1,
				 37, 29, 40, -1,
				 40, 39, 37, -1,
				 29, 30, 41, -1,
				 41, 40, 29, -1,
				 266, 31, 42, -1,
				 42, 267, 268, -1,
				 269, 36, 43, -1,
				 43, 270, 271, -1,
				 36, 28, 38, -1,
				 38, 43, 36, -1,
				 38, 39, 45, -1,
				 38, 45, 53, -1,
				 38, 53, 50, -1,
				 38, 50, 44, -1,
				 272, 273, 46, -1,
				 46, 274, 275, -1,
				 276, 277, 47, -1,
				 47, 46, 278, -1,
				 279, 280, 281, -1,
				 282, 283, 284, -1,
				 285, 286, 52, -1,
				 287, 52, 288, -1,
				 289, 290, 291, -1,
				 292, 293, 294, -1,
				 295, 296, 297, -1,
				 298, 299, 300, -1,
				 55, 56, 57, -1,
				 57, 54, 55, -1,
				 301, 302, 303, -1,
				 45, 304, 305, -1,
				 53, 45, 306, -1,
				 307, 183, 182, -1,
				 182, 308, 309, -1,
				 310, 184, 311, -1,
				 312, 313, 314, -1,
				 315, 185, 316, -1,
				 317, 318, 319, -1,
				 320, 321, 322, -1,
				 323, 324, 325, -1,
				 326, 327, 59, -1,
				 59, 58, 328, -1,
				 23, 26, 60, -1,
				 60, 329, 23, -1,
				 330, 34, 61, -1,
				 61, 331, 332, -1,
				 333, 90, 334, -1,
				 335, 336, 337, -1,
				 338, 339, 340, -1,
				 341, 62, 342, -1,
				 343, 344, 64, -1,
				 64, 63, 345, -1,
				 346, 24, 65, -1,
				 65, 347, 348, -1,
				 349, 350, 91, -1,
				 91, 351, 352, -1,
				 33, 353, 67, -1,
				 67, 66, 33, -1,
				 27, 354, 355, -1,
				 356, 357, 27, -1,
				 58, 59, 69, -1,
				 69, 68, 58, -1,
				 358, 60, 70, -1,
				 359, 70, 98, -1,
				 360, 98, 361, -1,
				 362, 61, 71, -1,
				 71, 363, 364, -1,
				 365, 366, 92, -1,
				 92, 367, 368, -1,
				 62, 369, 370, -1,
				 371, 72, 62, -1,
				 63, 64, 74, -1,
				 74, 73, 63, -1,
				 372, 373, 75, -1,
				 75, 374, 375, -1,
				 376, 93, 75, -1,
				 75, 377, 378, -1,
				 66, 67, 77, -1,
				 77, 76, 66, -1,
				 379, 380, 381, -1,
				 382, 383, 99, -1,
				 384, 99, 385, -1,
				 68, 69, 79, -1,
				 79, 78, 68, -1,
				 98, 386, 387, -1,
				 388, 389, 98, -1,
				 390, 71, 81, -1,
				 81, 80, 391, -1,
				 71, 392, 393, -1,
				 394, 81, 71, -1,
				 72, 395, 396, -1,
				 397, 398, 72, -1,
				 73, 74, 84, -1,
				 84, 83, 73, -1,
				 399, 400, 401, -1,
				 402, 403, 404, -1,
				 405, 96, 85, -1,
				 85, 406, 407, -1,
				 76, 77, 87, -1,
				 87, 86, 76, -1,
				 99, 408, 409, -1,
				 410, 411, 99, -1,
				 412, 80, 81, -1,
				 81, 413, 414, -1,
				 86, 87, 415, -1,
				 416, 417, 86, -1,
				 418, 419, 90, -1,
				 90, 420, 421, -1,
				 422, 423, 424, -1,
				 425, 91, 426, -1,
				 427, 428, 429, -1,
				 430, 92, 431, -1,
				 432, 433, 93, -1,
				 93, 434, 435, -1,
				 436, 437, 82, -1,
				 82, 95, 438, -1,
				 76, 86, 439, -1,
				 440, 441, 76, -1,
				 70, 442, 443, -1,
				 444, 98, 70, -1,
				 445, 446, 447, -1,
				 448, 99, 449, -1,
				 104, 105, 102, -1,
				 102, 101, 104, -1,
				 103, 106, 107, -1,
				 107, 100, 103, -1,
				 450, 451, 105, -1,
				 105, 104, 452, -1,
				 116, 117, 118, -1,
				 118, 119, 116, -1,
				 453, 454, 111, -1,
				 111, 455, 456, -1,
				 101, 457, 458, -1,
				 459, 104, 101, -1,
				 460, 461, 110, -1,
				 110, 462, 463, -1,
				 464, 465, 466, -1,
				 467, 468, 469, -1,
				 470, 471, 472, -1,
				 473, 474, 475, -1,
				 476, 477, 113, -1,
				 113, 112, 478, -1,
				 479, 110, 480, -1,
				 481, 482, 483, -1,
				 484, 485, 486, -1,
				 487, 488, 489, -1,
				 490, 491, 492, -1,
				 493, 494, 495, -1,
				 496, 497, 498, -1,
				 499, 500, 501, -1,
				 502, 503, 504, -1,
				 505, 506, 507, -1,
				 111, 508, 509, -1,
				 510, 511, 111, -1,
				 512, 513, 116, -1,
				 116, 119, 514, -1,
				 515, 121, 141, -1,
				 516, 517, 141, -1,
				 141, 138, 120, -1,
				 518, 141, 120, -1,
				 519, 520, 122, -1,
				 122, 521, 522, -1,
				 523, 524, 123, -1,
				 123, 122, 525, -1,
				 526, 527, 528, -1,
				 529, 123, 530, -1,
				 531, 532, 140, -1,
				 533, 140, 125, -1,
				 534, 125, 124, -1,
				 139, 535, 124, -1,
				 536, 142, 126, -1,
				 126, 537, 538, -1,
				 539, 143, 127, -1,
				 127, 540, 541, -1,
				 542, 543, 544, -1,
				 545, 546, 547, -1,
				 548, 549, 129, -1,
				 129, 128, 550, -1,
				 551, 126, 130, -1,
				 130, 552, 553, -1,
				 554, 127, 131, -1,
				 131, 555, 556, -1,
				 557, 558, 559, -1,
				 560, 561, 562, -1,
				 186, 187, 188, -1,
				 188, 189, 186, -1,
				 563, 130, 134, -1,
				 134, 137, 149, -1,
				 564, 134, 149, -1,
				 565, 149, 133, -1,
				 135, 145, 155, -1,
				 155, 151, 566, -1,
				 135, 155, 567, -1,
				 131, 135, 568, -1,
				 569, 131, 570, -1,
				 571, 572, 150, -1,
				 150, 154, 144, -1,
				 573, 150, 144, -1,
				 574, 144, 575, -1,
				 576, 577, 578, -1,
				 579, 132, 148, -1,
				 580, 148, 136, -1,
				 581, 582, 136, -1,
				 583, 136, 584, -1,
				 152, 156, 146, -1,
				 585, 147, 157, -1,
				 157, 153, 586, -1,
				 587, 157, 588, -1,
				 589, 590, 591, -1,
				 146, 592, 593, -1,
				 152, 146, 594, -1,
				 595, 152, 596, -1,
				 597, 598, 139, -1,
				 599, 140, 600, -1,
				 601, 602, 603, -1,
				 604, 142, 605, -1,
				 606, 607, 608, -1,
				 609, 143, 610, -1,
				 611, 612, 613, -1,
				 614, 615, 616, -1,
				 617, 137, 134, -1,
				 134, 618, 619, -1,
				 620, 621, 136, -1,
				 136, 622, 623, -1,
				 624, 625, 626, -1,
				 627, 628, 629, -1,
				 630, 631, 632, -1,
				 633, 634, 635, -1,
				 636, 637, 638, -1,
				 639, 640, 641, -1,
				 161, 642, 643, -1,
				 644, 158, 161, -1,
				 159, 645, 646, -1,
				 647, 160, 159, -1,
				 648, 649, 650, -1,
				 651, 652, 653, -1,
				 654, 655, 656, -1,
				 657, 658, 659, -1,
				 660, 661, 662, -1,
				 663, 664, 665, -1,
				 666, 667, 668, -1,
				 669, 670, 671, -1,
				 672, 673, 674, -1,
				 675, 676, 677, -1,
				 678, 679, 680, -1,
				 681, 682, 683, -1,
				 166, 17, 684, -1,
				 685, 178, 166, -1,
				 686, 687, 168, -1,
				 168, 178, 688, -1,
				 169, 162, 166, -1,
				 166, 178, 169, -1,
				 689, 690, 171, -1,
				 171, 179, 691, -1,
				 171, 164, 172, -1,
				 172, 179, 171, -1,
				 168, 692, 693, -1,
				 694, 179, 168, -1,
				 173, 19, 174, -1,
				 174, 180, 173, -1,
				 174, 165, 175, -1,
				 175, 180, 174, -1,
				 172, 164, 173, -1,
				 173, 180, 172, -1,
				 176, 16, 177, -1,
				 177, 181, 176, -1,
				 177, 162, 169, -1,
				 169, 181, 177, -1,
				 175, 165, 176, -1,
				 176, 181, 175, -1,
				 695, 696, 182, -1,
				 182, 183, 697, -1,
				 184, 698, 699, -1,
				 700, 701, 184, -1,
				 702, 703, 704, -1,
				 705, 185, 706, -1,
				 707, 708, 709, -1,
				 710, 711, 712, -1,
				 128, 129, 713, -1,
				 714, 715, 128, -1,
				 716, 133, 717, -1,
				 718, 719, 720, -1,
				 721, 722, 723, -1,
				 724, 725, 726, -1,
				 132, 727, 728, -1,
				 729, 730, 132, -1,
			]
			textureCoordIndex [
				 0, 1, 2, -1,
				 3, 4, 5, -1,
				 6, 7, 8, -1,
				 9, 10, 11, -1,
				 12, 13, 14, -1,
				 15, 16, 17, -1,
				 18, 19, 20, -1,
				 21, 22, 23, -1,
				 24, 25, 26, -1,
				 27, 28, 29, -1,
				 30, 31, 32, -1,
				 33, 34, 35, -1,
				 36, 37, 38, -1,
				 39, 40, 41, -1,
				 42, 43, 44, -1,
				 45, 46, 47, -1,
				 48, 49, 50, -1,
				 51, 52, 53, -1,
				 54, 55, 56, -1,
				 57, 58, 59, -1,
				 60, 61, 62, -1,
				 63, 64, 65, -1,
				 66, 67, 68, -1,
				 69, 70, 71, -1,
				 72, 73, 74, -1,
				 75, 76, 77, -1,
				 78, 79, 80, -1,
				 81, 82, 83, -1,
				 84, 85, 86, -1,
				 87, 88, 89, -1,
				 90, 91, 92, -1,
				 93, 94, 95, -1,
				 96, 97, 98, -1,
				 99, 100, 101, -1,
				 102, 103, 104, -1,
				 105, 106, 107, -1,
				 108, 109, 110, -1,
				 111, 112, 113, -1,
				 114, 115, 116, -1,
				 117, 118, 119, -1,
				 120, 121, 122, -1,
				 123, 124, 125, -1,
				 126, 127, 128, -1,
				 129, 130, 131, -1,
				 132, 133, 134, -1,
				 135, 136, 137, -1,
				 138, 139, 140, -1,
				 141, 142, 143, -1,
				 144, 145, 146, -1,
				 147, 148, 149, -1,
				 150, 151, 152, -1,
				 153, 154, 155, -1,
				 156, 157, 158, -1,
				 159, 160, 161, -1,
				 162, 163, 164, -1,
				 165, 166, 167, -1,
				 168, 169, 170, -1,
				 171, 172, 173, -1,
				 174, 175, 176, -1,
				 177, 178, 179, -1,
				 180, 181, 182, -1,
				 183, 184, 185, -1,
				 186, 187, 188, -1,
				 189, 190, 191, -1,
				 192, 193, 194, -1,
				 195, 196, 197, -1,
				 198, 199, 200, -1,
				 201, 202, 203, -1,
				 204, 205, 206, -1,
				 207, 208, 209, -1,
				 210, 211, 212, -1,
				 213, 214, 215, -1,
				 216, 217, 218, -1,
				 219, 220, 221, -1,
				 222, 223, 224, -1,
				 225, 226, 227, -1,
				 228, 229, 230, -1,
				 231, 232, 233, -1,
				 234, 235, 236, -1,
				 237, 238, 239, -1,
				 240, 241, 242, -1,
				 243, 244, 245, -1,
				 246, 247, 248, -1,
				 249, 250, 251, -1,
				 252, 253, 254, -1,
				 255, 256, 257, -1,
				 258, 259, 260, -1,
				 261, 262, 263, -1,
				 264, 265, 266, -1,
				 267, 268, 269, -1,
				 270, 271, 272, -1,
				 273, 274, 275, -1,
				 276, 277, 278, -1,
				 279, 280, 281, -1,
				 282, 283, 284, -1,
				 285, 286, 287, -1,
				 288, 289, 290, -1,
				 291, 292, 293, -1,
				 294, 295, 296, -1,
				 297, 298, 299, -1,
				 300, 301, 302, -1,
				 303, 304, 305, -1,
				 306, 307, 308, -1,
				 309, 310, 311, -1,
				 312, 313, 314, -1,
				 315, 316, 317, -1,
				 318, 319, 320, -1,
				 321, 322, 323, -1,
				 324, 325, 326, -1,
				 327, 328, 329, -1,
				 330, 331, 332, -1,
				 333, 334, 335, -1,
				 336, 337, 338, -1,
				 339, 340, 341, -1,
				 342, 343, 344, -1,
				 345, 346, 347, -1,
				 348, 349, 350, -1,
				 351, 352, 353, -1,
				 354, 355, 356, -1,
				 357, 358, 359, -1,
				 360, 361, 362, -1,
				 363, 364, 365, -1,
				 366, 367, 368, -1,
				 369, 370, 371, -1,
				 372, 373, 374, -1,
				 375, 376, 377, -1,
				 378, 379, 380, -1,
				 381, 382, 383, -1,
				 384, 385, 386, -1,
				 387, 388, 389, -1,
				 390, 391, 392, -1,
				 393, 394, 395, -1,
				 396, 397, 398, -1,
				 399, 400, 401, -1,
				 402, 403, 404, -1,
				 405, 406, 407, -1,
				 408, 409, 410, -1,
				 411, 412, 413, -1,
				 414, 415, 416, -1,
				 417, 418, 419, -1,
				 420, 421, 422, -1,
				 423, 424, 425, -1,
				 426, 427, 428, -1,
				 429, 430, 431, -1,
				 432, 433, 434, -1,
				 435, 436, 437, -1,
				 438, 439, 440, -1,
				 441, 442, 443, -1,
				 444, 445, 446, -1,
				 447, 448, 449, -1,
				 450, 451, 452, -1,
				 453, 454, 455, -1,
				 456, 457, 458, -1,
				 459, 460, 461, -1,
				 462, 463, 464, -1,
				 465, 466, 467, -1,
				 468, 469, 470, -1,
				 471, 472, 473, -1,
				 474, 475, 476, -1,
				 477, 478, 479, -1,
				 480, 481, 482, -1,
				 483, 484, 485, -1,
				 486, 487, 488, -1,
				 489, 490, 491, -1,
				 492, 493, 494, -1,
				 495, 496, 497, -1,
				 498, 499, 500, -1,
				 501, 502, 503, -1,
				 504, 505, 506, -1,
				 507, 508, 509, -1,
				 510, 511, 512, -1,
				 513, 514, 515, -1,
				 516, 517, 518, -1,
				 519, 520, 521, -1,
				 522, 523, 524, -1,
				 525, 526, 527, -1,
				 528, 529, 530, -1,
				 531, 532, 533, -1,
				 534, 535, 536, -1,
				 537, 538, 539, -1,
				 540, 541, 542, -1,
				 543, 544, 545, -1,
				 546, 547, 548, -1,
				 549, 550, 551, -1,
				 552, 553, 554, -1,
				 555, 556, 557, -1,
				 558, 559, 560, -1,
				 561, 562, 563, -1,
				 564, 565, 566, -1,
				 567, 568, 569, -1,
				 570, 571, 572, -1,
				 573, 574, 575, -1,
				 576, 577, 578, -1,
				 579, 580, 581, -1,
				 582, 583, 584, -1,
				 585, 586, 587, -1,
				 588, 589, 590, -1,
				 591, 592, 593, -1,
				 594, 595, 596, -1,
				 597, 598, 599, -1,
				 600, 601, 602, -1,
				 603, 604, 605, -1,
				 606, 607, 608, -1,
				 609, 610, 611, -1,
				 612, 613, 614, -1,
				 615, 616, 617, -1,
				 618, 619, 620, -1,
				 621, 622, 623, -1,
				 624, 625, 626, -1,
				 627, 628, 629, -1,
				 630, 631, 632, -1,
				 633, 634, 635, -1,
				 636, 637, 638, -1,
				 639, 640, 641, -1,
				 642, 643, 644, -1,
				 645, 646, 647, -1,
				 648, 649, 650, -1,
				 651, 652, 653, -1,
				 654, 655, 656, -1,
				 657, 658, 659, -1,
				 660, 661, 662, -1,
				 663, 664, 665, -1,
				 666, 667, 668, -1,
				 669, 670, 671, -1,
				 672, 673, 674, -1,
				 675, 676, 677, -1,
				 678, 679, 680, -1,
				 681, 682, 683, -1,
				 684, 685, 686, -1,
				 687, 688, 689, -1,
				 690, 691, 692, -1,
				 693, 694, 695, -1,
				 696, 697, 698, -1,
				 699, 700, 701, -1,
				 702, 703, 704, -1,
				 705, 706, 707, -1,
				 708, 709, 710, -1,
				 711, 712, 713, -1,
				 714, 715, 716, -1,
				 717, 718, 719, -1,
				 720, 721, 722, -1,
				 723, 724, 725, -1,
				 726, 727, 728, -1,
				 729, 730, 731, -1,
				 732, 733, 734, -1,
				 735, 736, 737, -1,
				 738, 739, 740, -1,
				 741, 742, 743, -1,
				 744, 745, 746, -1,
				 747, 748, 749, -1,
				 750, 751, 752, -1,
				 753, 754, 755, -1,
				 756, 757, 758, -1,
				 759, 760, 761, -1,
				 762, 763, 764, -1,
				 765, 766, 767, -1,
				 768, 769, 770, -1,
				 771, 772, 773, -1,
				 774, 775, 776, -1,
				 777, 778, 779, -1,
				 780, 781, 782, -1,
				 783, 784, 785, -1,
				 786, 787, 788, -1,
				 789, 790, 791, -1,
				 792, 793, 794, -1,
				 795, 796, 797, -1,
				 798, 799, 800, -1,
				 801, 802, 803, -1,
				 804, 805, 806, -1,
				 807, 808, 809, -1,
				 810, 811, 812, -1,
				 813, 814, 815, -1,
				 816, 817, 818, -1,
				 819, 820, 821, -1,
				 822, 823, 824, -1,
				 825, 826, 827, -1,
				 828, 829, 830, -1,
				 831, 832, 833, -1,
				 834, 835, 836, -1,
				 837, 838, 839, -1,
				 840, 841, 842, -1,
				 843, 844, 845, -1,
				 846, 847, 848, -1,
				 849, 850, 851, -1,
				 852, 853, 854, -1,
				 855, 856, 857, -1,
				 858, 859, 860, -1,
				 861, 862, 863, -1,
				 864, 865, 866, -1,
				 867, 868, 869, -1,
				 870, 871, 872, -1,
				 873, 874, 875, -1,
				 876, 877, 878, -1,
				 879, 880, 881, -1,
				 882, 883, 884, -1,
				 885, 886, 887, -1,
				 888, 889, 890, -1,
				 891, 892, 893, -1,
				 894, 895, 896, -1,
				 897, 898, 899, -1,
				 900, 901, 902, -1,
				 903, 904, 905, -1,
				 906, 907, 908, -1,
				 909, 910, 911, -1,
				 912, 913, 914, -1,
				 915, 916, 917, -1,
				 918, 919, 920, -1,
				 921, 922, 923, -1,
				 924, 925, 926, -1,
				 927, 928, 929, -1,
				 930, 931, 932, -1,
				 933, 934, 935, -1,
				 936, 937, 938, -1,
				 939, 940, 941, -1,
				 942, 943, 944, -1,
				 945, 946, 947, -1,
				 948, 949, 950, -1,
				 951, 952, 953, -1,
				 954, 955, 956, -1,
				 957, 958, 959, -1,
				 960, 961, 962, -1,
				 963, 964, 965, -1,
				 966, 967, 968, -1,
				 969, 970, 971, -1,
				 972, 973, 974, -1,
				 975, 976, 977, -1,
				 978, 979, 980, -1,
				 981, 982, 983, -1,
				 984, 985, 986, -1,
				 987, 988, 989, -1,
				 990, 991, 992, -1,
				 993, 994, 995, -1,
				 996, 997, 998, -1,
				 999, 1000, 1001, -1,
				 1002, 1003, 1004, -1,
				 1005, 1006, 1007, -1,
				 1008, 1009, 1010, -1,
				 1011, 1012, 1013, -1,
				 1014, 1015, 1016, -1,
				 1017, 1018, 1019, -1,
				 1020, 1021, 1022, -1,
				 1023, 1024, 1025, -1,
				 1026, 1027, 1028, -1,
				 1029, 1030, 1031, -1,
				 1032, 1033, 1034, -1,
				 1035, 1036, 1037, -1,
				 1038, 1039, 1040, -1,
				 1041, 1042, 1043, -1,
				 1044, 1045, 1046, -1,
				 1047, 1048, 1049, -1,
				 1050, 1051, 1052, -1,
				 1053, 1054, 1055, -1,
				 1056, 1057, 1058, -1,
				 1059, 1060, 1061, -1,
				 1062, 1063, 1064, -1,
				 1065, 1066, 1067, -1,
				 1068, 1069, 1070, -1,
				 1071, 1072, 1073, -1,
				 1074, 1075, 1076, -1,
				 1077, 1078, 1079, -1,
				 1080, 1081, 1082, -1,
				 1083, 1084, 1085, -1,
				 1086, 1087, 1088, -1,
				 1089, 1090, 1091, -1,
				 1092, 1093, 1094, -1,
				 1095, 1096, 1097, -1,
				 1098, 1099, 1100, -1,
				 1101, 1102, 1103, -1,
				 1104, 1105, 1106, -1,
				 1107, 1108, 1109, -1,
				 1110, 1111, 1112, -1,
				 1113, 1114, 1115, -1,
				 1116, 1117, 1118, -1,
				 1119, 1120, 1121, -1,
				 1122, 1123, 1124, -1,
				 1125, 1126, 1127, -1,
			]
		}
	}
	DEF Gate01_04_-_Default
	Separator {
		Coordinate3 {
			point [
				 -35.500000 -5.500000 -0.000002,
				 -29.500000 -5.500000 -0.000002,
				 -35.500000 5.500000 0.000002,
				 -29.500000 5.500000 0.000002,
				 -35.500000 -5.500000 0.749998,
				 -29.500000 -5.500000 0.999998,
				 -35.500000 5.500000 0.750002,
				 -29.500000 5.500000 1.000002,
				 -35.250000 -5.500000 0.999998,
				 -35.250000 5.500000 1.000002,
				 -35.500000 -5.500000 -0.000002,
				 -29.500000 -5.500000 -0.000002,
				 -29.500000 -5.500000 0.999998,
				 -29.500000 -5.500000 0.999998,
				 -35.250000 -5.500000 0.999998,
				 -35.500000 -5.500000 -0.000002,
				 -29.500000 -5.500000 0.999998,
				 -29.500000 -5.500000 -0.000002,
				 -29.500000 5.500000 0.000002,
				 -29.500000 5.500000 1.000002,
				 -29.500000 5.500000 1.000002,
				 -29.500000 -5.500000 0.999998,
				 -29.500000 -5.500000 -0.000002,
				 -35.500000 5.500000 0.000002,
				 -35.250000 5.500000 1.000002,
				 -29.500000 5.500000 0.000002,
				 -35.500000 5.500000 0.000002,
				 -35.250000 5.500000 1.000002,
				 -29.500000 5.500000 0.000002,
				 -35.250000 5.500000 1.000002,
				 -29.500000 5.500000 1.000002,
				 -35.500000 5.500000 0.000002,
				 -35.500000 -5.500000 -0.000002,
				 -35.500000 -5.500000 0.749998,
				 -35.500000 -5.500000 0.749998,
				 -35.500000 5.500000 0.750002,
				 -35.500000 5.500000 0.000002,
				 -35.500000 5.500000 0.750002,
				 -35.500000 -5.500000 0.749998,
				 -35.500000 -5.500000 0.749998,
			]
		}
		USE 04_-_Default

		TextureCoordinate2 {
			point [
				 0.000500 0.999500,
				 0.000500 0.000500,
				 0.999500 0.000500,
				 0.999500 0.999500,
				 0.000500 0.999500,
				 0.999500 0.000500,
				 0.957875 0.999500,
				 0.000500 0.999500,
				 0.000500 0.000500,
				 0.000500 0.000500,
				 0.957875 0.000500,
				 0.957875 0.999500,
				 0.000500 0.000500,
				 0.999500 0.000500,
				 0.999500 0.999501,
				 0.999500 0.999501,
				 0.042125 0.999501,
				 0.000500 0.749750,
				 0.000500 0.000500,
				 0.999500 0.999501,
				 0.000500 0.749750,
				 0.000500 0.000500,
				 0.999500 0.000500,
				 0.999500 0.999501,
				 0.999500 0.999501,
				 0.000500 0.999501,
				 0.000500 0.000500,
				 0.999500 0.000500,
				 0.999500 0.749750,
				 0.957875 0.999501,
				 0.000500 0.000500,
				 0.999500 0.000500,
				 0.957875 0.999501,
				 0.000500 0.000500,
				 0.957875 0.999501,
				 0.000500 0.999501,
				 0.000500 0.000500,
				 0.999500 0.000500,
				 0.999500 0.749750,
				 0.999500 0.749750,
				 0.000500 0.749750,
				 0.000500 0.000500,
				 0.957875 0.000500,
				 0.999500 0.000500,
				 0.999500 0.999500,
				 0.999500 0.999500,
				 0.957875 0.999500,
				 0.957875 0.000500,
			]
		}
		IndexedFaceSet {
			coordIndex [
				 0, 2, 3, -1,
				 1, 0, 3, -1,
				 8, 5, 7, -1,
				 7, 9, 8, -1,
				 10, 11, 12, -1,
				 13, 14, 4, -1,
				 15, 16, 4, -1,
				 17, 18, 19, -1,
				 20, 21, 22, -1,
				 23, 6, 24, -1,
				 25, 26, 27, -1,
				 28, 29, 30, -1,
				 31, 32, 33, -1,
				 34, 35, 36, -1,
				 9, 37, 38, -1,
				 39, 8, 9, -1,
			]
			textureCoordIndex [
				 0, 1, 2, -1,
				 3, 4, 5, -1,
				 6, 7, 8, -1,
				 9, 10, 11, -1,
				 12, 13, 14, -1,
				 15, 16, 17, -1,
				 18, 19, 20, -1,
				 21, 22, 23, -1,
				 24, 25, 26, -1,
				 27, 28, 29, -1,
				 30, 31, 32, -1,
				 33, 34, 35, -1,
				 36, 37, 38, -1,
				 39, 40, 41, -1,
				 42, 43, 44, -1,
				 45, 46, 47, -1,
			]
		}
	}
	DEF Gate02_04_-_Default
	Separator {
		Coordinate3 {
			point [
				 -47.500000 -5.500000 -0.000002,
				 -41.500000 -5.500000 -0.000002,
				 -47.500000 5.500000 0.000002,
				 -41.500000 5.500000 0.000002,
				 -47.500000 -5.500000 0.999998,
				 -41.500000 -5.500000 0.749998,
				 -47.500000 5.500000 1.000002,
				 -41.500000 5.500000 0.750002,
				 -41.750000 -5.500000 0.999998,
				 -41.750000 5.500000 1.000002,
				 -41.500000 -5.500000 -0.000002,
				 -41.750000 -5.500000 0.999998,
				 -47.500000 -5.500000 -0.000002,
				 -41.500000 -5.500000 -0.000002,
				 -41.750000 -5.500000 0.999998,
				 -47.500000 -5.500000 -0.000002,
				 -41.750000 -5.500000 0.999998,
				 -47.500000 -5.500000 0.999998,
				 -41.500000 5.500000 0.000002,
				 -41.500000 -5.500000 0.749998,
				 -41.500000 5.500000 0.000002,
				 -47.500000 5.500000 0.000002,
				 -47.500000 5.500000 1.000002,
				 -47.500000 5.500000 1.000002,
				 -41.750000 5.500000 1.000002,
				 -41.500000 5.500000 0.750002,
				 -41.500000 5.500000 0.000002,
				 -47.500000 5.500000 1.000002,
				 -41.500000 5.500000 0.750002,
				 -47.500000 5.500000 0.000002,
				 -47.500000 -5.500000 0.999998,
				 -47.500000 -5.500000 0.999998,
				 -47.500000 5.500000 0.000002,
			]
		}
		USE 04_-_Default

		TextureCoordinate2 {
			point [
				 1.000000 0.000000,
				 1.000000 1.000000,
				 0.000000 1.000000,
				 0.000000 0.000000,
				 1.000000 0.000000,
				 0.000000 1.000000,
				 0.000000 0.000000,
				 0.958333 0.000000,
				 0.958333 1.000000,
				 0.958333 1.000000,
				 0.000000 1.000000,
				 0.000000 0.000000,
				 1.000000 0.000000,
				 1.000000 0.750000,
				 0.958333 1.000000,
				 0.000000 0.000000,
				 1.000000 0.000000,
				 0.958333 1.000000,
				 0.000000 0.000000,
				 0.958333 1.000000,
				 0.000000 1.000000,
				 0.000000 0.000000,
				 1.000000 0.000000,
				 1.000000 0.750000,
				 1.000000 0.750000,
				 0.000000 0.750000,
				 0.000000 0.000000,
				 0.000000 0.000000,
				 1.000000 0.000000,
				 1.000000 1.000000,
				 1.000000 1.000000,
				 0.041667 1.000000,
				 0.000000 0.750000,
				 0.000000 0.000000,
				 1.000000 1.000000,
				 0.000000 0.750000,
				 0.000000 0.000000,
				 1.000000 0.000000,
				 1.000000 1.000000,
				 1.000000 1.000000,
				 0.000000 1.000000,
				 0.000000 0.000000,
				 0.958333 0.000000,
				 1.000000 0.750000,
				 1.000000 0.750000,
				 1.000000 0.750000,
				 0.958333 1.000000,
				 0.958333 0.000000,
			]
		}
		IndexedFaceSet {
			coordIndex [
				 0, 2, 3, -1,
				 1, 0, 3, -1,
				 4, 8, 9, -1,
				 9, 6, 4, -1,
				 10, 5, 11, -1,
				 12, 13, 14, -1,
				 15, 16, 17, -1,
				 1, 18, 7, -1,
				 7, 19, 1, -1,
				 20, 21, 22, -1,
				 23, 24, 25, -1,
				 26, 27, 28, -1,
				 29, 0, 30, -1,
				 31, 6, 32, -1,
				 8, 5, 7, -1,
				 7, 9, 8, -1,
			]
			textureCoordIndex [
				 0, 1, 2, -1,
				 3, 4, 5, -1,
				 6, 7, 8, -1,
				 9, 10, 11, -1,
				 12, 13, 14, -1,
				 15, 16, 17, -1,
				 18, 19, 20, -1,
				 21, 22, 23, -1,
				 24, 25, 26, -1,
				 27, 28, 29, -1,
				 30, 31, 32, -1,
				 33, 34, 35, -1,
				 36, 37, 38, -1,
				 39, 40, 41, -1,
				 42, 43, 44, -1,
				 45, 46, 47, -1,
			]
		}
	}
	DEF Gate_Metal_Steel
	Separator {
		Coordinate3 {
			point [
				 -14.045470 3.999999 79.360886,
				 -19.234884 -2.502398 74.921753,
				 -14.045473 4.000000 84.237686,
				 -19.234886 -2.502397 78.985748,
				 -72.567062 4.000030 79.360855,
				 -68.002884 -2.502372 74.921722,
				 -72.567062 4.000030 84.237656,
				 -68.002884 -2.502371 78.985725,
				 -65.564484 -2.502375 74.921722,
				 -21.673283 -2.502395 74.921745,
				 -63.938885 -2.502377 78.985725,
				 -67.690269 4.000024 84.237656,
				 -23.298887 -2.502393 78.985748,
				 -18.922272 4.000004 84.237686,
				 -14.045438 3.999997 30.592892,
				 -19.234858 -2.502399 34.281750,
				 -23.400461 0.017928 34.383347,
				 -68.002853 -2.502373 34.281723,
				 -72.567024 4.000028 30.592859,
				 -65.564453 -2.502377 34.281727,
				 -68.002846 -2.502373 30.217724,
				 -72.567024 4.000028 25.716059,
				 -67.690224 4.000021 25.716061,
				 -63.938850 -2.502379 30.217728,
				 -14.045434 3.999997 25.716091,
				 -19.234856 -2.502399 30.217751,
				 -23.298853 -2.502396 30.217751,
				 -18.922237 4.000000 25.716087,
				 -63.837257 0.017933 34.383331,
				 -67.690231 4.000006 25.716061,
				 -63.938854 -2.502392 30.217728,
				 -63.837288 0.017947 74.820129,
				 -63.938885 -2.502377 76.547325,
				 -23.298883 -2.502394 76.547348,
				 -23.400484 0.017930 74.820152,
				 -23.298855 -2.502396 32.656147,
				 -21.673256 -2.502397 34.281750,
				 -63.938854 -2.502379 32.656128,
				 -63.837257 0.017946 34.383331,
				 -63.938858 -2.502392 32.656128,
				 -63.860313 -0.017914 34.475559,
				 -23.423519 -0.017918 34.475574,
				 -23.423542 -0.017916 74.912376,
				 -63.860344 -0.017899 74.912354,
				 -63.860313 -0.017901 34.475559,
				 -68.002884 -2.502372 74.921722,
				 -68.002884 -2.502371 78.985725,
				 -68.002884 -2.502372 74.921722,
				 -68.002884 -2.502371 78.985725,
				 -19.234886 -2.502397 78.985748,
				 -14.045473 4.000000 84.237686,
				 -19.234886 -2.502397 78.985748,
				 -19.234886 -2.502397 78.985748,
				 -72.567062 4.000030 84.237656,
				 -72.567062 4.000030 84.237656,
				 -68.002884 -2.502371 78.985725,
				 -63.938885 -2.502377 78.985725,
				 -72.567062 4.000030 84.237656,
				 -63.938885 -2.502377 78.985725,
				 -19.234886 -2.502397 78.985748,
				 -72.567062 4.000030 84.237656,
				 -23.298887 -2.502393 78.985748,
				 -19.234884 -2.502398 74.921753,
				 -19.234886 -2.502397 78.985748,
				 -19.234886 -2.502397 78.985748,
				 -23.298887 -2.502393 78.985748,
				 -23.298887 -2.502393 78.985748,
				 -19.234884 -2.502398 74.921753,
				 -19.234858 -2.502399 34.281750,
				 -19.234884 -2.502398 74.921753,
				 -68.002884 -2.502372 74.921722,
				 -68.002853 -2.502373 34.281723,
				 -68.002853 -2.502373 34.281723,
				 -72.567024 4.000028 25.716059,
				 -72.567024 4.000028 25.716059,
				 -68.002846 -2.502373 30.217724,
				 -68.002853 -2.502373 34.281723,
				 -68.002846 -2.502373 30.217724,
				 -68.002846 -2.502373 30.217724,
				 -63.938850 -2.502379 30.217728,
				 -63.938850 -2.502379 30.217728,
				 -19.234856 -2.502399 30.217751,
				 -19.234856 -2.502399 30.217751,
				 -14.045434 3.999997 25.716091,
				 -19.234858 -2.502399 34.281750,
				 -19.234858 -2.502399 34.281750,
				 -23.298853 -2.502396 30.217751,
				 -19.234858 -2.502399 34.281750,
				 -23.298853 -2.502396 30.217751,
				 -19.234856 -2.502399 30.217751,
				 -23.298853 -2.502396 30.217751,
				 -63.938854 -2.502392 30.217728,
				 -23.298853 -2.502396 30.217751,
				 -65.564484 -2.502375 74.921722,
				 -63.938885 -2.502377 76.547325,
				 -21.673283 -2.502395 74.921745,
				 -23.298883 -2.502394 76.547348,
				 -23.298855 -2.502396 32.656147,
				 -21.673256 -2.502397 34.281750,
				 -65.564453 -2.502377 34.281727,
				 -63.938854 -2.502379 32.656128,
				 -23.400484 0.017930 74.820152,
				 -23.298883 -2.502394 76.547348,
				 -63.938885 -2.502377 76.547325,
				 -63.938885 -2.502377 76.547325,
				 -23.400484 0.017930 74.820152,
				 -21.673283 -2.502395 74.921745,
				 -21.673256 -2.502397 34.281750,
				 -21.673283 -2.502395 74.921745,
				 -63.837288 0.017947 74.820129,
				 -65.564484 -2.502375 74.921722,
				 -65.564453 -2.502377 34.281727,
				 -65.564453 -2.502377 34.281727,
				 -63.837257 0.017946 34.383331,
				 -63.837288 0.017947 74.820129,
				 -23.298855 -2.502396 32.656147,
				 -23.400461 0.017928 34.383347,
				 -63.938858 -2.502392 32.656128,
				 -23.298855 -2.502396 32.656147,
				 -63.837257 0.017933 34.383331,
				 -23.400461 0.017928 34.383347,
				 -63.837257 0.017933 34.383331,
				 -23.400461 0.017928 34.383347,
				 -23.400484 0.017930 74.820152,
				 -23.423519 -0.017918 34.475574,
				 -23.400461 0.017928 34.383347,
				 -23.400484 0.017930 74.820152,
				 -63.837288 0.017947 74.820129,
				 -23.423542 -0.017916 74.912376,
				 -23.400484 0.017930 74.820152,
				 -63.837288 0.017947 74.820129,
				 -63.837257 0.017946 34.383331,
				 -63.860344 -0.017899 74.912354,
				 -63.837288 0.017947 74.820129,
			]
		}
		USE Metal_Steel

		TextureCoordinate2 {
			point [
				 0.549291 11.530089,
				 0.549291 11.591049,
				 0.468011 11.525400,
				 0.468011 11.474600,
				 0.549291 11.530089,
				 0.468011 11.525400,
				 0.450709 11.530089,
				 0.531989 11.474600,
				 0.531989 11.525400,
				 0.531989 11.525400,
				 0.450709 11.591049,
				 0.450709 11.530089,
				 0.531989 -11.499999,
				 0.531989 -11.449199,
				 0.450709 -11.503907,
				 0.450709 -11.503907,
				 0.450709 -11.564867,
				 0.531989 -11.499999,
				 11.474600 -10.890399,
				 11.474600 -10.920879,
				 11.494920 -10.941199,
				 11.525400 -10.890399,
				 11.474600 -10.890399,
				 11.494920 -10.941199,
				 11.525400 -10.941199,
				 11.525400 -10.890399,
				 11.494920 -10.941199,
				 0.468011 -11.499999,
				 0.549291 -11.564867,
				 0.549291 -11.503906,
				 0.468011 -11.499999,
				 0.549291 -11.503906,
				 0.549291 -10.894307,
				 0.468011 -11.499999,
				 0.549291 -10.894307,
				 0.549291 -10.833346,
				 0.549291 -10.833346,
				 0.468011 -10.890399,
				 0.468011 -10.941199,
				 0.549291 -10.833346,
				 0.468011 -10.941199,
				 0.468011 -11.449199,
				 0.468011 -11.499999,
				 0.549291 -10.833346,
				 0.468011 -11.449199,
				 0.531989 -10.890399,
				 0.450709 -10.833347,
				 0.450709 -10.894307,
				 0.450709 -10.894307,
				 0.531989 -10.941199,
				 0.531989 -10.890399,
				 11.494920 -11.449199,
				 11.525400 -11.449199,
				 11.525400 -10.941199,
				 11.525400 -10.941199,
				 11.494920 -10.941199,
				 11.494920 -11.449199,
				 11.474600 -11.469519,
				 11.474600 -11.499999,
				 11.525400 -11.499999,
				 11.474600 -11.469519,
				 11.525400 -11.499999,
				 11.525400 -11.449199,
				 11.494920 -11.449199,
				 11.474600 -11.469519,
				 11.525400 -11.449199,
				 0.549291 11.530089,
				 0.468011 11.474600,
				 0.468011 10.966600,
				 0.549291 10.920489,
				 0.549291 11.530089,
				 0.468011 10.966600,
				 11.474600 -11.499999,
				 11.474600 -11.469519,
				 10.966600 -11.469519,
				 10.966600 -11.469519,
				 10.966600 -11.499999,
				 11.474600 -11.499999,
				 0.531989 11.474600,
				 0.450709 11.530089,
				 0.450709 10.920489,
				 0.450709 10.920489,
				 0.531989 10.966600,
				 0.531989 11.474600,
				 11.474600 -10.920879,
				 11.474600 -10.890399,
				 10.966600 -10.890399,
				 10.966600 -10.890399,
				 10.966600 -10.920879,
				 11.474600 -10.920879,
				 0.531989 10.966600,
				 0.450709 10.920489,
				 0.450709 10.859529,
				 0.450709 10.859529,
				 0.531989 10.915800,
				 0.531989 10.966600,
				 10.966600 -10.920879,
				 10.966600 -10.890399,
				 10.915800 -10.890399,
				 10.966600 -10.920879,
				 10.915800 -10.890399,
				 10.915800 -10.941199,
				 10.946280 -10.941199,
				 10.966600 -10.920879,
				 10.915800 -10.941199,
				 0.549291 10.920489,
				 0.468011 10.966600,
				 0.468011 10.915800,
				 0.468011 10.915800,
				 0.549291 10.859529,
				 0.549291 10.920489,
				 10.966600 -11.499999,
				 10.966600 -11.469519,
				 10.946280 -11.449199,
				 10.966600 -11.499999,
				 10.946280 -11.449199,
				 10.915800 -11.449199,
				 10.966600 -11.499999,
				 10.915800 -11.449199,
				 10.915800 -11.499999,
				 0.450709 -11.503907,
				 0.531989 -11.449199,
				 0.531989 -10.941199,
				 0.531989 -10.941199,
				 0.450709 -10.894307,
				 0.450709 -11.503907,
				 10.915800 -11.449199,
				 10.946280 -11.449199,
				 10.946280 -10.941199,
				 10.946280 -10.941199,
				 10.915800 -10.941199,
				 10.915800 -11.449199,
				 0.531989 -10.920879,
				 0.500485 -10.942469,
				 0.531989 -10.941199,
				 0.531989 11.474600,
				 0.531989 11.494920,
				 0.500485 11.473330,
				 0.500485 10.967870,
				 0.531989 10.946280,
				 0.531989 10.966600,
				 0.468011 -10.920879,
				 0.468011 -10.941199,
				 0.499515 -10.942469,
				 0.500485 -11.447929,
				 0.531989 -11.449199,
				 0.531989 -10.941199,
				 0.531989 -10.941199,
				 0.500485 -10.942469,
				 0.500485 -11.447929,
				 0.531989 11.474600,
				 0.500485 11.473330,
				 0.500485 10.967870,
				 0.500485 10.967870,
				 0.531989 10.966600,
				 0.531989 11.474600,
				 0.499515 11.473330,
				 0.468011 11.474600,
				 0.468011 10.966600,
				 0.468011 10.966600,
				 0.499515 10.967870,
				 0.499515 11.473330,
				 0.468011 -11.449199,
				 0.499515 -11.447929,
				 0.499515 -10.942469,
				 0.499515 -10.942469,
				 0.468011 -10.941199,
				 0.468011 -11.449199,
				 10.967870 -10.942469,
				 10.967870 -11.447929,
				 10.969023 -11.447640,
				 10.969023 -11.447640,
				 10.969023 -10.942181,
				 10.967870 -10.942469,
				 0.499515 10.967870,
				 0.499515 11.473330,
				 0.499067 11.474483,
				 0.499067 11.474483,
				 0.499067 10.969023,
				 0.499515 10.967870,
				 -10.473330 -11.447929,
				 -10.473330 -10.942469,
				 -10.474483 -10.942181,
				 -10.474483 -10.942181,
				 -10.474483 -11.447640,
				 -10.473330 -11.447929,
				 0.500485 11.473330,
				 0.500485 10.967870,
				 0.500933 10.969023,
				 0.500933 10.969023,
				 0.500933 11.474483,
				 0.500485 11.473330,
			]
		}
		IndexedFaceSet {
			coordIndex [
				 0, 2, 3, -1,
				 1, 0, 3, -1,
				 4, 5, 7, -1,
				 7, 6, 4, -1,
				 25, 26, 27, -1,
				 27, 24, 25, -1,
				 45, 8, 32, -1,
				 46, 47, 32, -1,
				 10, 48, 32, -1,
				 49, 50, 13, -1,
				 51, 13, 11, -1,
				 52, 11, 53, -1,
				 54, 55, 56, -1,
				 57, 58, 12, -1,
				 59, 60, 12, -1,
				 20, 21, 22, -1,
				 22, 23, 20, -1,
				 33, 61, 10, -1,
				 10, 32, 33, -1,
				 9, 62, 63, -1,
				 9, 64, 65, -1,
				 33, 9, 66, -1,
				 0, 1, 15, -1,
				 14, 0, 15, -1,
				 67, 9, 36, -1,
				 36, 68, 69, -1,
				 5, 4, 18, -1,
				 18, 17, 5, -1,
				 8, 70, 71, -1,
				 72, 19, 8, -1,
				 17, 18, 73, -1,
				 74, 75, 17, -1,
				 19, 76, 77, -1,
				 19, 78, 79, -1,
				 37, 19, 80, -1,
				 14, 15, 81, -1,
				 82, 83, 14, -1,
				 84, 36, 35, -1,
				 85, 35, 86, -1,
				 87, 88, 89, -1,
				 27, 26, 30, -1,
				 30, 29, 27, -1,
				 90, 35, 39, -1,
				 39, 91, 92, -1,
				 93, 31, 94, -1,
				 95, 96, 34, -1,
				 16, 97, 98, -1,
				 99, 100, 38, -1,
				 101, 102, 103, -1,
				 104, 31, 105, -1,
				 106, 34, 16, -1,
				 16, 107, 108, -1,
				 109, 110, 111, -1,
				 112, 113, 114, -1,
				 115, 116, 28, -1,
				 28, 117, 118, -1,
				 119, 120, 41, -1,
				 41, 40, 121, -1,
				 122, 123, 42, -1,
				 42, 124, 125, -1,
				 126, 127, 43, -1,
				 43, 128, 129, -1,
				 130, 131, 44, -1,
				 44, 132, 133, -1,
			]
			textureCoordIndex [
				 0, 1, 2, -1,
				 3, 4, 5, -1,
				 6, 7, 8, -1,
				 9, 10, 11, -1,
				 12, 13, 14, -1,
				 15, 16, 17, -1,
				 18, 19, 20, -1,
				 21, 22, 23, -1,
				 24, 25, 26, -1,
				 27, 28, 29, -1,
				 30, 31, 32, -1,
				 33, 34, 35, -1,
				 36, 37, 38, -1,
				 39, 40, 41, -1,
				 42, 43, 44, -1,
				 45, 46, 47, -1,
				 48, 49, 50, -1,
				 51, 52, 53, -1,
				 54, 55, 56, -1,
				 57, 58, 59, -1,
				 60, 61, 62, -1,
				 63, 64, 65, -1,
				 66, 67, 68, -1,
				 69, 70, 71, -1,
				 72, 73, 74, -1,
				 75, 76, 77, -1,
				 78, 79, 80, -1,
				 81, 82, 83, -1,
				 84, 85, 86, -1,
				 87, 88, 89, -1,
				 90, 91, 92, -1,
				 93, 94, 95, -1,
				 96, 97, 98, -1,
				 99, 100, 101, -1,
				 102, 103, 104, -1,
				 105, 106, 107, -1,
				 108, 109, 110, -1,
				 111, 112, 113, -1,
				 114, 115, 116, -1,
				 117, 118, 119, -1,
				 120, 121, 122, -1,
				 123, 124, 125, -1,
				 126, 127, 128, -1,
				 129, 130, 131, -1,
				 132, 133, 134, -1,
				 135, 136, 137, -1,
				 138, 139, 140, -1,
				 141, 142, 143, -1,
				 144, 145, 146, -1,
				 147, 148, 149, -1,
				 150, 151, 152, -1,
				 153, 154, 155, -1,
				 156, 157, 158, -1,
				 159, 160, 161, -1,
				 162, 163, 164, -1,
				 165, 166, 167, -1,
				 168, 169, 170, -1,
				 171, 172, 173, -1,
				 174, 175, 176, -1,
				 177, 178, 179, -1,
				 180, 181, 182, -1,
				 183, 184, 185, -1,
				 186, 187, 188, -1,
				 189, 190, 191, -1,
			]
		}
	}
	DEF Motor02_Material_#10
	Separator {
		Coordinate3 {
			point [
				 0.686996 3.532635 6.798696,
				 -0.972679 3.532635 7.076112,
				 -2.432173 3.532634 7.874901,
				 -3.515450 3.532634 9.098718,
				 -4.091849 3.532634 10.599951,
				 -4.091849 3.532634 12.197529,
				 -3.515450 3.532633 13.698762,
				 -2.432174 3.532633 14.922578,
				 -0.972679 3.532633 15.721367,
				 0.686997 3.532633 15.998783,
				 2.346672 3.532634 15.721367,
				 3.806165 3.532634 14.922577,
				 4.889441 3.532634 13.698761,
				 5.465839 3.532635 12.197528,
				 5.465839 3.532635 10.599950,
				 4.889440 3.532635 9.098717,
				 3.806164 3.532635 7.874901,
				 2.346670 3.532635 7.076112,
				 0.686995 7.562759 9.116832,
				 -0.136307 7.562759 9.254448,
				 -0.860307 7.562758 9.650697,
				 -1.397679 7.562758 10.257786,
				 -1.683610 7.562758 11.002492,
				 -1.683610 7.562758 11.794991,
				 -1.397680 7.562758 12.539696,
				 -0.860308 7.562758 13.146785,
				 -0.136307 7.562759 13.543035,
				 0.686995 7.562758 13.680650,
				 1.510298 7.562758 13.543034,
				 2.234298 7.562759 13.146785,
				 2.771671 7.562759 12.539695,
				 3.057600 7.562759 11.794990,
				 3.057600 7.562759 11.002491,
				 2.771670 7.562759 10.257786,
				 2.234298 7.562758 9.650697,
				 1.510297 7.562759 9.254447,
				 -2.432173 3.532634 7.874901,
				 -0.860307 7.562758 9.650697,
				 -2.432173 3.532634 7.874901,
				 -2.432174 3.532633 14.922578,
				 -0.860308 7.562758 13.146785,
				 -2.432174 3.532633 14.922578,
				 3.806165 3.532634 14.922577,
				 2.234298 7.562759 13.146785,
				 3.806165 3.532634 14.922577,
				 3.806164 3.532635 7.874901,
				 2.234298 7.562758 9.650697,
				 3.806164 3.532635 7.874901,
				 1.510297 7.562759 9.254447,
				 2.234298 7.562758 9.650697,
				 2.771670 7.562759 10.257786,
				 2.771670 7.562759 10.257786,
				 3.057600 7.562759 11.002491,
				 3.057600 7.562759 11.794990,
				 3.057600 7.562759 11.794990,
				 2.771671 7.562759 12.539695,
				 2.234298 7.562759 13.146785,
				 2.771670 7.562759 10.257786,
				 3.057600 7.562759 11.794990,
				 2.234298 7.562759 13.146785,
				 2.234298 7.562759 13.146785,
				 1.510298 7.562758 13.543034,
				 0.686995 7.562758 13.680650,
				 0.686995 7.562758 13.680650,
				 -0.136307 7.562759 13.543035,
				 -0.860308 7.562758 13.146785,
				 2.234298 7.562759 13.146785,
				 0.686995 7.562758 13.680650,
				 -0.860308 7.562758 13.146785,
				 2.771670 7.562759 10.257786,
				 2.234298 7.562759 13.146785,
				 -0.860308 7.562758 13.146785,
				 -0.860308 7.562758 13.146785,
				 -1.397680 7.562758 12.539696,
				 -1.683610 7.562758 11.794991,
				 -1.683610 7.562758 11.794991,
				 -1.683610 7.562758 11.002492,
				 -1.397679 7.562758 10.257786,
				 -0.860308 7.562758 13.146785,
				 -1.683610 7.562758 11.794991,
				 -1.397679 7.562758 10.257786,
				 2.771670 7.562759 10.257786,
				 -0.860308 7.562758 13.146785,
				 -1.397679 7.562758 10.257786,
				 1.510297 7.562759 9.254447,
				 2.771670 7.562759 10.257786,
				 -1.397679 7.562758 10.257786,
				 -1.397679 7.562758 10.257786,
				 -0.860307 7.562758 9.650697,
				 -0.136307 7.562759 9.254448,
				 1.510297 7.562759 9.254447,
				 -1.397679 7.562758 10.257786,
				 -0.136307 7.562759 9.254448,
				 0.686995 7.562759 9.116832,
				 1.510297 7.562759 9.254447,
				 -0.136307 7.562759 9.254448,
				 0.686997 -2.704340 6.356331,
				 2.506273 -2.704340 6.660425,
				 2.506273 -2.704340 6.660425,
				 -1.132281 -2.704341 6.660426,
				 0.686997 -2.704340 6.356331,
				 0.686997 -2.704340 6.356331,
				 -2.732127 -2.704341 7.536031,
				 -1.132281 -2.704341 6.660426,
				 -1.132281 -2.704341 6.660426,
				 -3.919577 -2.704342 8.877535,
				 -2.732127 -2.704341 7.536031,
				 -2.732127 -2.704341 7.536031,
				 -2.432173 3.532634 7.874901,
				 -4.551406 -2.704342 10.523134,
				 -3.919577 -2.704342 8.877535,
				 -3.919577 -2.704342 8.877535,
				 -4.551405 -2.704343 12.274343,
				 -4.551406 -2.704342 10.523134,
				 -4.551406 -2.704342 10.523134,
				 -3.919577 -2.704343 13.919943,
				 -4.551405 -2.704343 12.274343,
				 -4.551405 -2.704343 12.274343,
				 -2.732127 -2.704343 15.261448,
				 -3.919577 -2.704343 13.919943,
				 -3.919577 -2.704343 13.919943,
				 -1.132281 -2.704342 16.137053,
				 -2.732127 -2.704343 15.261448,
				 -2.732127 -2.704343 15.261448,
				 -2.432174 3.532633 14.922578,
				 0.686997 -2.704343 16.441147,
				 -1.132281 -2.704342 16.137053,
				 -1.132281 -2.704342 16.137053,
				 2.506275 -2.704342 16.137053,
				 0.686997 -2.704343 16.441147,
				 0.686997 -2.704343 16.441147,
				 4.106122 -2.704342 15.261447,
				 2.506275 -2.704342 16.137053,
				 2.506275 -2.704342 16.137053,
				 5.293571 -2.704341 13.919942,
				 4.106122 -2.704342 15.261447,
				 4.106122 -2.704342 15.261447,
				 3.806165 3.532634 14.922577,
				 5.925399 -2.704341 12.274343,
				 5.293571 -2.704341 13.919942,
				 5.293571 -2.704341 13.919942,
				 5.925399 -2.704341 10.523132,
				 5.925399 -2.704341 12.274343,
				 5.925399 -2.704341 12.274343,
				 5.293569 -2.704340 8.877534,
				 5.925399 -2.704341 10.523132,
				 5.925399 -2.704341 10.523132,
				 4.106120 -2.704340 7.536029,
				 5.293569 -2.704340 8.877534,
				 5.293569 -2.704340 8.877534,
				 2.506273 -2.704340 6.660425,
				 4.106120 -2.704340 7.536029,
				 4.106120 -2.704340 7.536029,
				 3.806164 3.532635 7.874901,
			]
		}
		USE Material_#10

		TextureCoordinate2 {
			point [
				 0.500001 -1.596294,
				 0.500000 -0.179174,
				 0.210501 -0.179174,
				 -0.083594 -1.596294,
				 0.500001 -1.596294,
				 0.210501 -0.179174,
				 -0.083594 -1.596294,
				 0.210501 -0.179174,
				 -0.044081 -0.179174,
				 -0.044081 -0.179174,
				 -0.596799 -1.596294,
				 -0.083594 -1.596294,
				 1.807114 -1.596294,
				 1.148410 -0.179174,
				 0.923219 -0.179174,
				 0.923219 -0.179174,
				 1.353158 -1.596294,
				 1.807114 -1.596294,
				 1.353158 -1.596294,
				 0.923219 -0.179174,
				 0.646982 -0.179174,
				 0.646982 -0.179174,
				 0.796299 -1.596294,
				 1.353158 -1.596294,
				 0.796299 -1.596294,
				 0.646982 -0.179174,
				 0.353017 -0.179174,
				 0.353017 -0.179174,
				 0.203701 -1.596294,
				 0.796299 -1.596294,
				 0.203701 -1.596294,
				 0.353017 -0.179174,
				 0.076780 -0.179174,
				 0.076780 -0.179174,
				 -0.353159 -1.596294,
				 0.203701 -1.596294,
				 -0.353159 -1.596294,
				 0.076780 -0.179174,
				 -0.148411 -0.179174,
				 -0.148411 -0.179174,
				 -0.807115 -1.596294,
				 -0.353159 -1.596294,
				 1.596799 -1.596294,
				 1.044081 -0.179174,
				 0.789499 -0.179174,
				 0.789499 -0.179174,
				 1.083595 -1.596294,
				 1.596799 -1.596294,
				 1.083595 -1.596294,
				 0.789499 -0.179174,
				 0.500000 -0.179174,
				 0.500000 -0.179174,
				 0.500000 -1.596294,
				 1.083595 -1.596294,
				 0.500000 -1.596294,
				 0.500000 -0.179174,
				 0.210500 -0.179174,
				 0.210500 -0.179174,
				 -0.083595 -1.596294,
				 0.500000 -1.596294,
				 -0.083595 -1.596294,
				 0.210500 -0.179174,
				 -0.044081 -0.179174,
				 -0.044081 -0.179174,
				 -0.596799 -1.596294,
				 -0.083595 -1.596294,
				 1.807115 -1.596294,
				 1.148411 -0.179174,
				 0.923220 -0.179174,
				 0.923220 -0.179174,
				 1.353159 -1.596294,
				 1.807115 -1.596294,
				 1.353159 -1.596294,
				 0.923220 -0.179174,
				 0.646983 -0.179174,
				 0.646983 -0.179174,
				 0.796299 -1.596294,
				 1.353159 -1.596294,
				 0.796299 -1.596294,
				 0.646983 -0.179174,
				 0.353018 -0.179174,
				 0.353018 -0.179174,
				 0.203702 -1.596294,
				 0.796299 -1.596294,
				 0.203702 -1.596294,
				 0.353018 -0.179174,
				 0.076781 -0.179174,
				 0.076781 -0.179174,
				 -0.353158 -1.596294,
				 0.203702 -1.596294,
				 -0.353158 -1.596294,
				 0.076781 -0.179174,
				 -0.148410 -0.179174,
				 -0.148410 -0.179174,
				 -0.807114 -1.596294,
				 -0.353158 -1.596294,
				 1.596799 -1.596294,
				 1.044081 -0.179174,
				 0.789500 -0.179174,
				 0.789500 -0.179174,
				 1.083595 -1.596294,
				 1.596799 -1.596294,
				 1.083595 -1.596294,
				 0.789500 -0.179174,
				 0.500000 -0.179174,
				 0.500000 -0.179174,
				 0.500001 -1.596294,
				 1.083595 -1.596294,
				 -0.295393 0.210500,
				 -0.148410 -0.044081,
				 0.076781 -0.233038,
				 0.076781 -0.233038,
				 0.353018 -0.333581,
				 0.646983 -0.333580,
				 0.646983 -0.333580,
				 0.923220 -0.233038,
				 1.148411 -0.044081,
				 0.076781 -0.233038,
				 0.646983 -0.333580,
				 1.148411 -0.044081,
				 1.148411 -0.044081,
				 1.295393 0.210500,
				 1.346440 0.500000,
				 1.346440 0.500000,
				 1.295394 0.789499,
				 1.148411 1.044081,
				 1.148411 -0.044081,
				 1.346440 0.500000,
				 1.148411 1.044081,
				 0.076781 -0.233038,
				 1.148411 -0.044081,
				 1.148411 1.044081,
				 1.148411 1.044081,
				 0.923220 1.233038,
				 0.646983 1.333580,
				 0.646983 1.333580,
				 0.353018 1.333580,
				 0.076781 1.233038,
				 1.148411 1.044081,
				 0.646983 1.333580,
				 0.076781 1.233038,
				 0.076781 -0.233038,
				 1.148411 1.044081,
				 0.076781 1.233038,
				 -0.295393 0.210500,
				 0.076781 -0.233038,
				 0.076781 1.233038,
				 0.076781 1.233038,
				 -0.148410 1.044080,
				 -0.295393 0.789499,
				 -0.295393 0.210500,
				 0.076781 1.233038,
				 -0.295393 0.789499,
				 -0.346439 0.500000,
				 -0.295393 0.210500,
				 -0.295393 0.789499,
				 0.500001 -1.596294,
				 0.500001 -3.789413,
				 1.139716 -3.789413,
				 1.083595 -1.596294,
				 0.500001 -1.596294,
				 1.139716 -3.789413,
				 -0.083594 -1.596294,
				 -0.139715 -3.789413,
				 0.500001 -3.789413,
				 0.500001 -3.789413,
				 0.500001 -1.596294,
				 -0.083594 -1.596294,
				 -0.596799 -1.596294,
				 -0.702273 -3.789413,
				 -0.139715 -3.789413,
				 -0.139715 -3.789413,
				 -0.083594 -1.596294,
				 -0.596799 -1.596294,
				 1.353158 -1.596294,
				 1.435202 -3.789413,
				 1.932813 -3.789413,
				 1.932813 -3.789413,
				 1.807114 -1.596294,
				 1.353158 -1.596294,
				 0.796299 -1.596294,
				 0.824792 -3.789413,
				 1.435202 -3.789413,
				 1.435202 -3.789413,
				 1.353158 -1.596294,
				 0.796299 -1.596294,
				 0.203701 -1.596294,
				 0.175207 -3.789413,
				 0.824792 -3.789413,
				 0.824792 -3.789413,
				 0.796299 -1.596294,
				 0.203701 -1.596294,
				 -0.353159 -1.596294,
				 -0.435203 -3.789413,
				 0.175207 -3.789413,
				 0.175207 -3.789413,
				 0.203701 -1.596294,
				 -0.353159 -1.596294,
				 -0.807115 -1.596294,
				 -0.932814 -3.789413,
				 -0.435203 -3.789413,
				 -0.435203 -3.789413,
				 -0.353159 -1.596294,
				 -0.807115 -1.596294,
				 1.083595 -1.596294,
				 1.139716 -3.789413,
				 1.702273 -3.789413,
				 1.702273 -3.789413,
				 1.596799 -1.596294,
				 1.083595 -1.596294,
				 0.500000 -1.596294,
				 0.500000 -3.789413,
				 1.139716 -3.789413,
				 1.139716 -3.789413,
				 1.083595 -1.596294,
				 0.500000 -1.596294,
				 -0.083595 -1.596294,
				 -0.139716 -3.789413,
				 0.500000 -3.789413,
				 0.500000 -3.789413,
				 0.500000 -1.596294,
				 -0.083595 -1.596294,
				 -0.596799 -1.596294,
				 -0.702273 -3.789413,
				 -0.139716 -3.789413,
				 -0.139716 -3.789413,
				 -0.083595 -1.596294,
				 -0.596799 -1.596294,
				 1.353159 -1.596294,
				 1.435203 -3.789413,
				 1.932814 -3.789413,
				 1.932814 -3.789413,
				 1.807115 -1.596294,
				 1.353159 -1.596294,
				 0.796299 -1.596294,
				 0.824793 -3.789413,
				 1.435203 -3.789413,
				 1.435203 -3.789413,
				 1.353159 -1.596294,
				 0.796299 -1.596294,
				 0.203702 -1.596294,
				 0.175208 -3.789413,
				 0.824793 -3.789413,
				 0.824793 -3.789413,
				 0.796299 -1.596294,
				 0.203702 -1.596294,
				 -0.353158 -1.596294,
				 -0.435202 -3.789413,
				 0.175208 -3.789413,
				 0.175208 -3.789413,
				 0.203702 -1.596294,
				 -0.353158 -1.596294,
				 -0.807114 -1.596294,
				 -0.932813 -3.789413,
				 -0.435202 -3.789413,
				 -0.435202 -3.789413,
				 -0.353158 -1.596294,
				 -0.807114 -1.596294,
				 1.083595 -1.596294,
				 1.139716 -3.789413,
				 1.702273 -3.789413,
				 1.702273 -3.789413,
				 1.596799 -1.596294,
				 1.083595 -1.596294,
			]
		}
		IndexedFaceSet {
			coordIndex [
				 0, 18, 19, -1,
				 1, 0, 19, -1,
				 1, 19, 20, -1,
				 20, 2, 1, -1,
				 36, 37, 21, -1,
				 21, 3, 38, -1,
				 3, 21, 22, -1,
				 22, 4, 3, -1,
				 4, 22, 23, -1,
				 23, 5, 4, -1,
				 5, 23, 24, -1,
				 24, 6, 5, -1,
				 6, 24, 25, -1,
				 25, 7, 6, -1,
				 39, 40, 26, -1,
				 26, 8, 41, -1,
				 8, 26, 27, -1,
				 27, 9, 8, -1,
				 9, 27, 28, -1,
				 28, 10, 9, -1,
				 10, 28, 29, -1,
				 29, 11, 10, -1,
				 42, 43, 30, -1,
				 30, 12, 44, -1,
				 12, 30, 31, -1,
				 31, 13, 12, -1,
				 13, 31, 32, -1,
				 32, 14, 13, -1,
				 14, 32, 33, -1,
				 33, 15, 14, -1,
				 15, 33, 34, -1,
				 34, 16, 15, -1,
				 45, 46, 35, -1,
				 35, 17, 47, -1,
				 17, 35, 18, -1,
				 18, 0, 17, -1,
				 48, 49, 50, -1,
				 51, 52, 53, -1,
				 54, 55, 56, -1,
				 57, 58, 59, -1,
				 60, 61, 62, -1,
				 63, 64, 65, -1,
				 66, 67, 68, -1,
				 69, 70, 71, -1,
				 72, 73, 74, -1,
				 75, 76, 77, -1,
				 78, 79, 80, -1,
				 81, 82, 83, -1,
				 84, 85, 86, -1,
				 87, 88, 89, -1,
				 90, 91, 92, -1,
				 93, 94, 95, -1,
				 0, 96, 97, -1,
				 17, 0, 98, -1,
				 1, 99, 100, -1,
				 101, 0, 1, -1,
				 2, 102, 103, -1,
				 104, 1, 2, -1,
				 3, 105, 106, -1,
				 107, 108, 3, -1,
				 4, 109, 110, -1,
				 111, 3, 4, -1,
				 5, 112, 113, -1,
				 114, 4, 5, -1,
				 6, 115, 116, -1,
				 117, 5, 6, -1,
				 7, 118, 119, -1,
				 120, 6, 7, -1,
				 8, 121, 122, -1,
				 123, 124, 8, -1,
				 9, 125, 126, -1,
				 127, 8, 9, -1,
				 10, 128, 129, -1,
				 130, 9, 10, -1,
				 11, 131, 132, -1,
				 133, 10, 11, -1,
				 12, 134, 135, -1,
				 136, 137, 12, -1,
				 13, 138, 139, -1,
				 140, 12, 13, -1,
				 14, 141, 142, -1,
				 143, 13, 14, -1,
				 15, 144, 145, -1,
				 146, 14, 15, -1,
				 16, 147, 148, -1,
				 149, 15, 16, -1,
				 17, 150, 151, -1,
				 152, 153, 17, -1,
			]
			textureCoordIndex [
				 0, 1, 2, -1,
				 3, 4, 5, -1,
				 6, 7, 8, -1,
				 9, 10, 11, -1,
				 12, 13, 14, -1,
				 15, 16, 17, -1,
				 18, 19, 20, -1,
				 21, 22, 23, -1,
				 24, 25, 26, -1,
				 27, 28, 29, -1,
				 30, 31, 32, -1,
				 33, 34, 35, -1,
				 36, 37, 38, -1,
				 39, 40, 41, -1,
				 42, 43, 44, -1,
				 45, 46, 47, -1,
				 48, 49, 50, -1,
				 51, 52, 53, -1,
				 54, 55, 56, -1,
				 57, 58, 59, -1,
				 60, 61, 62, -1,
				 63, 64, 65, -1,
				 66, 67, 68, -1,
				 69, 70, 71, -1,
				 72, 73, 74, -1,
				 75, 76, 77, -1,
				 78, 79, 80, -1,
				 81, 82, 83, -1,
				 84, 85, 86, -1,
				 87, 88, 89, -1,
				 90, 91, 92, -1,
				 93, 94, 95, -1,
				 96, 97, 98, -1,
				 99, 100, 101, -1,
				 102, 103, 104, -1,
				 105, 106, 107, -1,
				 108, 109, 110, -1,
				 111, 112, 113, -1,
				 114, 115, 116, -1,
				 117, 118, 119, -1,
				 120, 121, 122, -1,
				 123, 124, 125, -1,
				 126, 127, 128, -1,
				 129, 130, 131, -1,
				 132, 133, 134, -1,
				 135, 136, 137, -1,
				 138, 139, 140, -1,
				 141, 142, 143, -1,
				 144, 145, 146, -1,
				 147, 148, 149, -1,
				 150, 151, 152, -1,
				 153, 154, 155, -1,
				 156, 157, 158, -1,
				 159, 160, 161, -1,
				 162, 163, 164, -1,
				 165, 166, 167, -1,
				 168, 169, 170, -1,
				 171, 172, 173, -1,
				 174, 175, 176, -1,
				 177, 178, 179, -1,
				 180, 181, 182, -1,
				 183, 184, 185, -1,
				 186, 187, 188, -1,
				 189, 190, 191, -1,
				 192, 193, 194, -1,
				 195, 196, 197, -1,
				 198, 199, 200, -1,
				 201, 202, 203, -1,
				 204, 205, 206, -1,
				 207, 208, 209, -1,
				 210, 211, 212, -1,
				 213, 214, 215, -1,
				 216, 217, 218, -1,
				 219, 220, 221, -1,
				 222, 223, 224, -1,
				 225, 226, 227, -1,
				 228, 229, 230, -1,
				 231, 232, 233, -1,
				 234, 235, 236, -1,
				 237, 238, 239, -1,
				 240, 241, 242, -1,
				 243, 244, 245, -1,
				 246, 247, 248, -1,
				 249, 250, 251, -1,
				 252, 253, 254, -1,
				 255, 256, 257, -1,
				 258, 259, 260, -1,
				 261, 262, 263, -1,
			]
		}
	}
	DEF Motor02_Metal_Black_P
	Separator {
		Coordinate3 {
			point [
				 0.686997 -2.704340 5.962676,
				 -1.274310 -2.704341 6.290511,
				 -2.999056 -2.704341 7.234473,
				 -4.279207 -2.704342 8.680707,
				 -4.960362 -2.704342 10.454776,
				 -4.960362 -2.704343 12.342701,
				 -4.279207 -2.704343 14.116771,
				 -2.999055 -2.704343 15.563004,
				 -1.274310 -2.704342 16.506968,
				 0.686997 -2.704343 16.834801,
				 2.648304 -2.704342 16.506968,
				 4.373048 -2.704342 15.563004,
				 5.653200 -2.704341 14.116769,
				 6.334355 -2.704341 12.342699,
				 6.334354 -2.704341 10.454775,
				 5.653199 -2.704340 8.680706,
				 4.373047 -2.704340 7.234472,
				 2.648302 -2.704340 6.290510,
				 0.686996 3.532635 5.654628,
				 -1.385453 3.532635 6.001040,
				 -3.207937 3.532635 6.998495,
				 -4.560632 3.532634 8.526684,
				 -5.280386 3.532634 10.401286,
				 -5.280386 3.532633 12.396194,
				 -4.560631 3.532633 14.270797,
				 -3.207936 3.532633 15.798985,
				 -1.385453 3.532633 16.796438,
				 0.686997 3.532633 17.142851,
				 2.759446 3.532633 16.796438,
				 4.581927 3.532634 15.798984,
				 5.934622 3.532634 14.270795,
				 6.654377 3.532635 12.396194,
				 6.654376 3.532635 10.401284,
				 5.934621 3.532636 8.526683,
				 4.581925 3.532636 6.998494,
				 2.759444 3.532636 6.001040,
				 0.686992 21.692842 5.654630,
				 -1.385457 21.692842 6.001043,
				 -3.207939 21.692841 6.998497,
				 -4.560635 21.692842 8.526687,
				 -5.280389 21.692841 10.401287,
				 -5.280389 21.692841 12.396196,
				 -4.560635 21.692842 14.270799,
				 -3.207938 21.692839 15.798987,
				 -1.385457 21.692839 16.796442,
				 0.686993 21.692842 17.142855,
				 2.759443 21.692842 16.796442,
				 4.581924 21.692842 15.798986,
				 5.934619 21.692841 14.270797,
				 6.654373 21.692844 12.396195,
				 6.654373 21.692844 10.401286,
				 5.934618 21.692842 8.526685,
				 4.581922 21.692844 6.998496,
				 2.759440 21.692844 6.001042,
				 0.686997 -2.704340 6.356331,
				 -1.132281 -2.704341 6.660426,
				 -2.732127 -2.704341 7.536031,
				 -3.919577 -2.704342 8.877535,
				 -4.551406 -2.704342 10.523134,
				 -4.551405 -2.704343 12.274343,
				 -3.919577 -2.704343 13.919943,
				 -2.732127 -2.704343 15.261448,
				 -1.132281 -2.704342 16.137053,
				 0.686997 -2.704343 16.441147,
				 2.506275 -2.704342 16.137053,
				 4.106122 -2.704342 15.261447,
				 5.293571 -2.704341 13.919942,
				 5.925399 -2.704341 12.274343,
				 5.925399 -2.704341 10.523132,
				 5.293569 -2.704340 8.877534,
				 4.106120 -2.704340 7.536029,
				 2.506273 -2.704340 6.660425,
				 -2.999056 -2.704341 7.234473,
				 -3.207937 3.532635 6.998495,
				 -2.999056 -2.704341 7.234473,
				 -2.999055 -2.704343 15.563004,
				 -3.207936 3.532633 15.798985,
				 -2.999055 -2.704343 15.563004,
				 4.373048 -2.704342 15.563004,
				 4.581927 3.532634 15.798984,
				 4.373048 -2.704342 15.563004,
				 4.373047 -2.704340 7.234472,
				 4.581925 3.532636 6.998494,
				 4.373047 -2.704340 7.234472,
				 -3.207937 3.532635 6.998495,
				 -3.207939 21.692841 6.998497,
				 -3.207937 3.532635 6.998495,
				 -3.207936 3.532633 15.798985,
				 -3.207938 21.692839 15.798987,
				 -3.207936 3.532633 15.798985,
				 4.581927 3.532634 15.798984,
				 4.581924 21.692842 15.798986,
				 4.581927 3.532634 15.798984,
				 4.581925 3.532636 6.998494,
				 4.581922 21.692844 6.998496,
				 4.581925 3.532636 6.998494,
				 -1.385457 21.692842 6.001043,
				 -3.207939 21.692841 6.998497,
				 -4.560635 21.692842 8.526687,
				 -4.560635 21.692842 8.526687,
				 -5.280389 21.692841 10.401287,
				 -5.280389 21.692841 12.396196,
				 -5.280389 21.692841 12.396196,
				 -4.560635 21.692842 14.270799,
				 -3.207938 21.692839 15.798987,
				 -4.560635 21.692842 8.526687,
				 -5.280389 21.692841 12.396196,
				 -3.207938 21.692839 15.798987,
				 -3.207938 21.692839 15.798987,
				 -1.385457 21.692839 16.796442,
				 0.686993 21.692842 17.142855,
				 0.686993 21.692842 17.142855,
				 2.759443 21.692842 16.796442,
				 4.581924 21.692842 15.798986,
				 -3.207938 21.692839 15.798987,
				 0.686993 21.692842 17.142855,
				 4.581924 21.692842 15.798986,
				 4.581924 21.692842 15.798986,
				 5.934619 21.692841 14.270797,
				 6.654373 21.692844 12.396195,
				 6.654373 21.692844 12.396195,
				 6.654373 21.692844 10.401286,
				 5.934618 21.692842 8.526685,
				 4.581924 21.692842 15.798986,
				 6.654373 21.692844 12.396195,
				 5.934618 21.692842 8.526685,
				 -3.207938 21.692839 15.798987,
				 4.581924 21.692842 15.798986,
				 5.934618 21.692842 8.526685,
				 -4.560635 21.692842 8.526687,
				 -3.207938 21.692839 15.798987,
				 5.934618 21.692842 8.526685,
				 5.934618 21.692842 8.526685,
				 4.581922 21.692844 6.998496,
				 2.759440 21.692844 6.001042,
				 -4.560635 21.692842 8.526687,
				 5.934618 21.692842 8.526685,
				 2.759440 21.692844 6.001042,
				 -1.385457 21.692842 6.001043,
				 -4.560635 21.692842 8.526687,
				 2.759440 21.692844 6.001042,
				 0.686992 21.692842 5.654630,
				 -1.385457 21.692842 6.001043,
				 2.759440 21.692844 6.001042,
				 4.373047 -2.704340 7.234472,
				 4.373047 -2.704340 7.234472,
				 4.373047 -2.704340 7.234472,
				 5.653199 -2.704340 8.680706,
				 5.653199 -2.704340 8.680706,
				 5.653199 -2.704340 8.680706,
				 6.334354 -2.704341 10.454775,
				 6.334355 -2.704341 12.342699,
				 5.653199 -2.704340 8.680706,
				 6.334355 -2.704341 12.342699,
				 6.334355 -2.704341 12.342699,
				 6.334355 -2.704341 12.342699,
				 6.334355 -2.704341 12.342699,
				 5.653200 -2.704341 14.116769,
				 4.373048 -2.704342 15.563004,
				 6.334355 -2.704341 12.342699,
				 4.373048 -2.704342 15.563004,
				 4.373048 -2.704342 15.563004,
				 4.373048 -2.704342 15.563004,
				 4.373048 -2.704342 15.563004,
				 2.648304 -2.704342 16.506968,
				 0.686997 -2.704343 16.834801,
				 4.373048 -2.704342 15.563004,
				 0.686997 -2.704343 16.834801,
				 0.686997 -2.704343 16.834801,
				 0.686997 -2.704343 16.834801,
				 0.686997 -2.704343 16.834801,
				 -1.274310 -2.704342 16.506968,
				 -2.999055 -2.704343 15.563004,
				 0.686997 -2.704343 16.834801,
				 -2.999055 -2.704343 15.563004,
				 -2.999055 -2.704343 15.563004,
				 -2.999055 -2.704343 15.563004,
				 -2.999055 -2.704343 15.563004,
				 -4.279207 -2.704343 14.116771,
				 -4.960362 -2.704343 12.342701,
				 -2.999055 -2.704343 15.563004,
				 -4.960362 -2.704343 12.342701,
				 -4.960362 -2.704343 12.342701,
				 -4.960362 -2.704343 12.342701,
				 -4.960362 -2.704343 12.342701,
				 -4.960362 -2.704342 10.454776,
				 -4.279207 -2.704342 8.680707,
				 -4.960362 -2.704343 12.342701,
				 -4.279207 -2.704342 8.680707,
				 -4.279207 -2.704342 8.680707,
				 -4.279207 -2.704342 8.680707,
				 -4.279207 -2.704342 8.680707,
				 -2.999056 -2.704341 7.234473,
				 -1.274310 -2.704341 6.290511,
				 -4.279207 -2.704342 8.680707,
				 -1.274310 -2.704341 6.290511,
				 -1.274310 -2.704341 6.290511,
				 -1.274310 -2.704341 6.290511,
				 -1.274310 -2.704341 6.290511,
				 0.686997 -2.704340 5.962676,
				 2.648302 -2.704340 6.290510,
				 -1.274310 -2.704341 6.290511,
				 2.648302 -2.704340 6.290510,
				 2.648302 -2.704340 6.290510,
				 4.373047 -2.704340 7.234472,
				 2.648302 -2.704340 6.290510,
			]
		}
		USE Metal_Black_Plai

		TextureCoordinate2 {
			point [
				 0.499999 -3.789413,
				 1.189657 -3.789413,
				 1.228739 -1.596294,
				 0.499999 -1.596294,
				 0.499999 -3.789413,
				 1.228739 -1.596294,
				 1.189657 -3.789413,
				 1.796133 -3.789413,
				 1.869582 -1.596294,
				 1.869582 -1.596294,
				 1.228739 -1.596294,
				 1.189657 -3.789413,
				 -1.044671 -3.789413,
				 -0.508213 -3.789413,
				 -0.565345 -1.596294,
				 -0.565345 -1.596294,
				 -1.132204 -1.596294,
				 -1.044671 -3.789413,
				 -0.508213 -3.789413,
				 0.149852 -3.789413,
				 0.130010 -1.596294,
				 0.130010 -1.596294,
				 -0.565345 -1.596294,
				 -0.508213 -3.789413,
				 0.149852 -3.789413,
				 0.850149 -3.789413,
				 0.869991 -1.596294,
				 0.869991 -1.596294,
				 0.130010 -1.596294,
				 0.149852 -3.789413,
				 0.850149 -3.789413,
				 1.508213 -3.789413,
				 1.565346 -1.596294,
				 1.565346 -1.596294,
				 0.869991 -1.596294,
				 0.850149 -3.789413,
				 1.508213 -3.789413,
				 2.044672 -3.789413,
				 2.132205 -1.596294,
				 2.132205 -1.596294,
				 1.565346 -1.596294,
				 1.508213 -3.789413,
				 -0.796133 -3.789413,
				 -0.189658 -3.789413,
				 -0.228739 -1.596294,
				 -0.228739 -1.596294,
				 -0.869582 -1.596294,
				 -0.796133 -3.789413,
				 -0.189658 -3.789413,
				 0.500000 -3.789413,
				 0.500000 -1.596294,
				 0.500000 -1.596294,
				 -0.228739 -1.596294,
				 -0.189658 -3.789413,
				 0.500000 -3.789413,
				 1.189658 -3.789413,
				 1.228740 -1.596294,
				 1.228740 -1.596294,
				 0.500000 -1.596294,
				 0.500000 -3.789413,
				 1.189658 -3.789413,
				 1.796133 -3.789413,
				 1.869582 -1.596294,
				 1.869582 -1.596294,
				 1.228740 -1.596294,
				 1.189658 -3.789413,
				 -1.044672 -3.789413,
				 -0.508213 -3.789413,
				 -0.565346 -1.596294,
				 -0.565346 -1.596294,
				 -1.132205 -1.596294,
				 -1.044672 -3.789413,
				 -0.508213 -3.789413,
				 0.149851 -3.789413,
				 0.130009 -1.596294,
				 0.130009 -1.596294,
				 -0.565346 -1.596294,
				 -0.508213 -3.789413,
				 0.149851 -3.789413,
				 0.850148 -3.789413,
				 0.869990 -1.596294,
				 0.869990 -1.596294,
				 0.130009 -1.596294,
				 0.149851 -3.789413,
				 0.850148 -3.789413,
				 1.508212 -3.789413,
				 1.565345 -1.596294,
				 1.565345 -1.596294,
				 0.869990 -1.596294,
				 0.850148 -3.789413,
				 1.508212 -3.789413,
				 2.044671 -3.789413,
				 2.132204 -1.596294,
				 2.132204 -1.596294,
				 1.565345 -1.596294,
				 1.508212 -3.789413,
				 -0.796133 -3.789413,
				 -0.189658 -3.789413,
				 -0.228739 -1.596294,
				 -0.228739 -1.596294,
				 -0.869582 -1.596294,
				 -0.796133 -3.789413,
				 -0.189658 -3.789413,
				 0.499999 -3.789413,
				 0.499999 -1.596294,
				 0.499999 -1.596294,
				 -0.228739 -1.596294,
				 -0.189658 -3.789413,
				 0.499999 -1.596294,
				 1.228739 -1.596294,
				 1.228739 4.789413,
				 1.228739 4.789413,
				 0.499999 4.789413,
				 0.499999 -1.596294,
				 1.228739 -1.596294,
				 1.869582 -1.596294,
				 1.869582 4.789413,
				 1.869582 4.789413,
				 1.228739 4.789413,
				 1.228739 -1.596294,
				 -1.132204 -1.596294,
				 -0.565345 -1.596294,
				 -0.565346 4.789413,
				 -0.565346 4.789413,
				 -1.132205 4.789413,
				 -1.132204 -1.596294,
				 -0.565345 -1.596294,
				 0.130010 -1.596294,
				 0.130009 4.789413,
				 0.130009 4.789413,
				 -0.565346 4.789413,
				 -0.565345 -1.596294,
				 0.130010 -1.596294,
				 0.869991 -1.596294,
				 0.869990 4.789413,
				 0.869990 4.789413,
				 0.130009 4.789413,
				 0.130010 -1.596294,
				 0.869991 -1.596294,
				 1.565346 -1.596294,
				 1.565345 4.789413,
				 1.565345 4.789413,
				 0.869990 4.789413,
				 0.869991 -1.596294,
				 1.565346 -1.596294,
				 2.132205 -1.596294,
				 2.132204 4.789413,
				 2.132204 4.789413,
				 1.565345 4.789413,
				 1.565346 -1.596294,
				 -0.869582 -1.596294,
				 -0.228739 -1.596294,
				 -0.228740 4.789413,
				 -0.228740 4.789413,
				 -0.869582 4.789413,
				 -0.869582 -1.596294,
				 -0.228739 -1.596294,
				 0.500000 -1.596294,
				 0.500000 4.789413,
				 0.500000 4.789413,
				 -0.228740 4.789413,
				 -0.228739 -1.596294,
				 0.500000 -1.596294,
				 1.228740 -1.596294,
				 1.228739 4.789413,
				 1.228739 4.789413,
				 0.500000 4.789413,
				 0.500000 -1.596294,
				 1.228740 -1.596294,
				 1.869582 -1.596294,
				 1.869582 4.789413,
				 1.869582 4.789413,
				 1.228739 4.789413,
				 1.228740 -1.596294,
				 -1.132205 -1.596294,
				 -0.565346 -1.596294,
				 -0.565346 4.789413,
				 -0.565346 4.789413,
				 -1.132204 4.789413,
				 -1.132205 -1.596294,
				 -0.565346 -1.596294,
				 0.130009 -1.596294,
				 0.130010 4.789413,
				 0.130010 4.789413,
				 -0.565346 4.789413,
				 -0.565346 -1.596294,
				 0.130009 -1.596294,
				 0.869990 -1.596294,
				 0.869991 4.789413,
				 0.869991 4.789413,
				 0.130010 4.789413,
				 0.130009 -1.596294,
				 0.869990 -1.596294,
				 1.565345 -1.596294,
				 1.565346 4.789413,
				 1.565346 4.789413,
				 0.869991 4.789413,
				 0.869990 -1.596294,
				 1.565345 -1.596294,
				 2.132204 -1.596294,
				 2.132205 4.789413,
				 2.132205 4.789413,
				 1.565346 4.789413,
				 1.565345 -1.596294,
				 -0.869582 -1.596294,
				 -0.228739 -1.596294,
				 -0.228739 4.789413,
				 -0.228739 4.789413,
				 -0.869582 4.789413,
				 -0.869582 -1.596294,
				 -0.228739 -1.596294,
				 0.499999 -1.596294,
				 0.499999 4.789413,
				 0.499999 4.789413,
				 -0.228739 4.789413,
				 -0.228739 -1.596294,
				 2.502195 1.228739,
				 2.132205 1.869582,
				 1.565346 2.345233,
				 1.565346 2.345233,
				 0.869991 2.598321,
				 0.130010 2.598321,
				 0.130010 2.598321,
				 -0.565345 2.345233,
				 -1.132204 1.869582,
				 1.565346 2.345233,
				 0.130010 2.598321,
				 -1.132204 1.869582,
				 -1.132204 1.869582,
				 -1.502195 1.228740,
				 -1.630691 0.500000,
				 -1.630691 0.500000,
				 -1.502195 -0.228739,
				 -1.132204 -0.869582,
				 -1.132204 1.869582,
				 -1.630691 0.500000,
				 -1.132204 -0.869582,
				 -1.132204 -0.869582,
				 -0.565346 -1.345233,
				 0.130010 -1.598321,
				 0.130010 -1.598321,
				 0.869991 -1.598321,
				 1.565346 -1.345233,
				 -1.132204 -0.869582,
				 0.130010 -1.598321,
				 1.565346 -1.345233,
				 -1.132204 1.869582,
				 -1.132204 -0.869582,
				 1.565346 -1.345233,
				 1.565346 2.345233,
				 -1.132204 1.869582,
				 1.565346 -1.345233,
				 1.565346 -1.345233,
				 2.132205 -0.869582,
				 2.502195 -0.228739,
				 1.565346 2.345233,
				 1.565346 -1.345233,
				 2.502195 -0.228739,
				 2.502195 1.228739,
				 1.565346 2.345233,
				 2.502195 -0.228739,
				 2.630692 0.499999,
				 2.502195 1.228739,
				 2.502195 -0.228739,
				 -0.932813 -0.702273,
				 -1.257605 -0.139716,
				 -1.044671 -0.796133,
				 -0.435202 -1.119818,
				 -0.932813 -0.702273,
				 -1.044671 -0.796133,
				 -0.435202 -1.119818,
				 -1.044671 -0.796133,
				 -0.508212 -1.246275,
				 0.175208 -1.341989,
				 -0.435202 -1.119818,
				 -0.508212 -1.246275,
				 -0.508212 -1.246275,
				 0.149852 -1.485791,
				 0.850149 -1.485791,
				 0.175208 -1.341989,
				 -0.508212 -1.246275,
				 0.850149 -1.485791,
				 0.824793 -1.341989,
				 0.175208 -1.341989,
				 0.850149 -1.485791,
				 1.435203 -1.119818,
				 0.824793 -1.341989,
				 0.850149 -1.485791,
				 0.850149 -1.485791,
				 1.508213 -1.246275,
				 2.044672 -0.796133,
				 1.435203 -1.119818,
				 0.850149 -1.485791,
				 2.044672 -0.796133,
				 1.932814 -0.702273,
				 1.435203 -1.119818,
				 2.044672 -0.796133,
				 2.257606 -0.139716,
				 1.932814 -0.702273,
				 2.044672 -0.796133,
				 2.044672 -0.796133,
				 2.394821 -0.189658,
				 2.516426 0.500000,
				 2.257606 -0.139716,
				 2.044672 -0.796133,
				 2.516426 0.500000,
				 2.370405 0.500000,
				 2.257606 -0.139716,
				 2.516426 0.500000,
				 2.257606 1.139716,
				 2.370405 0.500000,
				 2.516426 0.500000,
				 2.516426 0.500000,
				 2.394820 1.189658,
				 2.044672 1.796133,
				 2.257606 1.139716,
				 2.516426 0.500000,
				 2.044672 1.796133,
				 1.932814 1.702273,
				 2.257606 1.139716,
				 2.044672 1.796133,
				 1.435203 2.119818,
				 1.932814 1.702273,
				 2.044672 1.796133,
				 2.044672 1.796133,
				 1.508213 2.246275,
				 0.850149 2.485791,
				 1.435203 2.119818,
				 2.044672 1.796133,
				 0.850149 2.485791,
				 0.824793 2.341989,
				 1.435203 2.119818,
				 0.850149 2.485791,
				 0.175208 2.341989,
				 0.824793 2.341989,
				 0.850149 2.485791,
				 0.850149 2.485791,
				 0.149852 2.485791,
				 -0.508213 2.246275,
				 0.175208 2.341989,
				 0.850149 2.485791,
				 -0.508213 2.246275,
				 -0.435202 2.119818,
				 0.175208 2.341989,
				 -0.508213 2.246275,
				 -0.932813 1.702273,
				 -0.435202 2.119818,
				 -0.508213 2.246275,
				 -0.508213 2.246275,
				 -1.044671 1.796133,
				 -1.394819 1.189657,
				 -0.932813 1.702273,
				 -0.508213 2.246275,
				 -1.394819 1.189657,
				 -1.257605 1.139715,
				 -0.932813 1.702273,
				 -1.394819 1.189657,
				 -1.370404 0.499999,
				 -1.257605 1.139715,
				 -1.394819 1.189657,
				 -1.394819 1.189657,
				 -1.516425 0.499999,
				 -1.394819 -0.189658,
				 -1.370404 0.499999,
				 -1.394819 1.189657,
				 -1.394819 -0.189658,
				 -1.394819 -0.189658,
				 -1.044671 -0.796133,
				 -1.257605 -0.139716,
				 -1.370404 0.499999,
				 -1.394819 -0.189658,
				 -1.257605 -0.139716,
			]
		}
		IndexedFaceSet {
			coordIndex [
				 0, 1, 19, -1,
				 18, 0, 19, -1,
				 1, 2, 20, -1,
				 20, 19, 1, -1,
				 72, 3, 21, -1,
				 21, 73, 74, -1,
				 3, 4, 22, -1,
				 22, 21, 3, -1,
				 4, 5, 23, -1,
				 23, 22, 4, -1,
				 5, 6, 24, -1,
				 24, 23, 5, -1,
				 6, 7, 25, -1,
				 25, 24, 6, -1,
				 75, 8, 26, -1,
				 26, 76, 77, -1,
				 8, 9, 27, -1,
				 27, 26, 8, -1,
				 9, 10, 28, -1,
				 28, 27, 9, -1,
				 10, 11, 29, -1,
				 29, 28, 10, -1,
				 78, 12, 30, -1,
				 30, 79, 80, -1,
				 12, 13, 31, -1,
				 31, 30, 12, -1,
				 13, 14, 32, -1,
				 32, 31, 13, -1,
				 14, 15, 33, -1,
				 33, 32, 14, -1,
				 15, 16, 34, -1,
				 34, 33, 15, -1,
				 81, 17, 35, -1,
				 35, 82, 83, -1,
				 17, 0, 18, -1,
				 18, 35, 17, -1,
				 18, 19, 37, -1,
				 37, 36, 18, -1,
				 19, 20, 38, -1,
				 38, 37, 19, -1,
				 84, 21, 39, -1,
				 39, 85, 86, -1,
				 21, 22, 40, -1,
				 40, 39, 21, -1,
				 22, 23, 41, -1,
				 41, 40, 22, -1,
				 23, 24, 42, -1,
				 42, 41, 23, -1,
				 24, 25, 43, -1,
				 43, 42, 24, -1,
				 87, 26, 44, -1,
				 44, 88, 89, -1,
				 26, 27, 45, -1,
				 45, 44, 26, -1,
				 27, 28, 46, -1,
				 46, 45, 27, -1,
				 28, 29, 47, -1,
				 47, 46, 28, -1,
				 90, 30, 48, -1,
				 48, 91, 92, -1,
				 30, 31, 49, -1,
				 49, 48, 30, -1,
				 31, 32, 50, -1,
				 50, 49, 31, -1,
				 32, 33, 51, -1,
				 51, 50, 32, -1,
				 33, 34, 52, -1,
				 52, 51, 33, -1,
				 93, 35, 53, -1,
				 53, 94, 95, -1,
				 35, 18, 36, -1,
				 36, 53, 35, -1,
				 96, 97, 98, -1,
				 99, 100, 101, -1,
				 102, 103, 104, -1,
				 105, 106, 107, -1,
				 108, 109, 110, -1,
				 111, 112, 113, -1,
				 114, 115, 116, -1,
				 117, 118, 119, -1,
				 120, 121, 122, -1,
				 123, 124, 125, -1,
				 126, 127, 128, -1,
				 129, 130, 131, -1,
				 132, 133, 134, -1,
				 135, 136, 137, -1,
				 138, 139, 140, -1,
				 141, 142, 143, -1,
				 70, 71, 144, -1,
				 69, 70, 145, -1,
				 69, 146, 147, -1,
				 68, 69, 148, -1,
				 149, 150, 151, -1,
				 68, 152, 153, -1,
				 67, 68, 154, -1,
				 66, 67, 155, -1,
				 156, 157, 158, -1,
				 66, 159, 160, -1,
				 65, 66, 161, -1,
				 64, 65, 162, -1,
				 163, 164, 165, -1,
				 64, 166, 167, -1,
				 63, 64, 168, -1,
				 62, 63, 169, -1,
				 170, 171, 172, -1,
				 62, 173, 174, -1,
				 61, 62, 175, -1,
				 60, 61, 176, -1,
				 177, 178, 179, -1,
				 60, 180, 181, -1,
				 59, 60, 182, -1,
				 58, 59, 183, -1,
				 184, 185, 186, -1,
				 58, 187, 188, -1,
				 57, 58, 189, -1,
				 56, 57, 190, -1,
				 191, 192, 193, -1,
				 56, 194, 195, -1,
				 55, 56, 196, -1,
				 54, 55, 197, -1,
				 198, 199, 200, -1,
				 54, 201, 202, -1,
				 203, 204, 71, -1,
				 54, 205, 71, -1,
			]
			textureCoordIndex [
				 0, 1, 2, -1,
				 3, 4, 5, -1,
				 6, 7, 8, -1,
				 9, 10, 11, -1,
				 12, 13, 14, -1,
				 15, 16, 17, -1,
				 18, 19, 20, -1,
				 21, 22, 23, -1,
				 24, 25, 26, -1,
				 27, 28, 29, -1,
				 30, 31, 32, -1,
				 33, 34, 35, -1,
				 36, 37, 38, -1,
				 39, 40, 41, -1,
				 42, 43, 44, -1,
				 45, 46, 47, -1,
				 48, 49, 50, -1,
				 51, 52, 53, -1,
				 54, 55, 56, -1,
				 57, 58, 59, -1,
				 60, 61, 62, -1,
				 63, 64, 65, -1,
				 66, 67, 68, -1,
				 69, 70, 71, -1,
				 72, 73, 74, -1,
				 75, 76, 77, -1,
				 78, 79, 80, -1,
				 81, 82, 83, -1,
				 84, 85, 86, -1,
				 87, 88, 89, -1,
				 90, 91, 92, -1,
				 93, 94, 95, -1,
				 96, 97, 98, -1,
				 99, 100, 101, -1,
				 102, 103, 104, -1,
				 105, 106, 107, -1,
				 108, 109, 110, -1,
				 111, 112, 113, -1,
				 114, 115, 116, -1,
				 117, 118, 119, -1,
				 120, 121, 122, -1,
				 123, 124, 125, -1,
				 126, 127, 128, -1,
				 129, 130, 131, -1,
				 132, 133, 134, -1,
				 135, 136, 137, -1,
				 138, 139, 140, -1,
				 141, 142, 143, -1,
				 144, 145, 146, -1,
				 147, 148, 149, -1,
				 150, 151, 152, -1,
				 153, 154, 155, -1,
				 156, 157, 158, -1,
				 159, 160, 161, -1,
				 162, 163, 164, -1,
				 165, 166, 167, -1,
				 168, 169, 170, -1,
				 171, 172, 173, -1,
				 174, 175, 176, -1,
				 177, 178, 179, -1,
				 180, 181, 182, -1,
				 183, 184, 185, -1,
				 186, 187, 188, -1,
				 189, 190, 191, -1,
				 192, 193, 194, -1,
				 195, 196, 197, -1,
				 198, 199, 200, -1,
				 201, 202, 203, -1,
				 204, 205, 206, -1,
				 207, 208, 209, -1,
				 210, 211, 212, -1,
				 213, 214, 215, -1,
				 216, 217, 218, -1,
				 219, 220, 221, -1,
				 222, 223, 224, -1,
				 225, 226, 227, -1,
				 228, 229, 230, -1,
				 231, 232, 233, -1,
				 234, 235, 236, -1,
				 237, 238, 239, -1,
				 240, 241, 242, -1,
				 243, 244, 245, -1,
				 246, 247, 248, -1,
				 249, 250, 251, -1,
				 252, 253, 254, -1,
				 255, 256, 257, -1,
				 258, 259, 260, -1,
				 261, 262, 263, -1,
				 264, 265, 266, -1,
				 267, 268, 269, -1,
				 270, 271, 272, -1,
				 273, 274, 275, -1,
				 276, 277, 278, -1,
				 279, 280, 281, -1,
				 282, 283, 284, -1,
				 285, 286, 287, -1,
				 288, 289, 290, -1,
				 291, 292, 293, -1,
				 294, 295, 296, -1,
				 297, 298, 299, -1,
				 300, 301, 302, -1,
				 303, 304, 305, -1,
				 306, 307, 308, -1,
				 309, 310, 311, -1,
				 312, 313, 314, -1,
				 315, 316, 317, -1,
				 318, 319, 320, -1,
				 321, 322, 323, -1,
				 324, 325, 326, -1,
				 327, 328, 329, -1,
				 330, 331, 332, -1,
				 333, 334, 335, -1,
				 336, 337, 338, -1,
				 339, 340, 341, -1,
				 342, 343, 344, -1,
				 345, 346, 347, -1,
				 348, 349, 350, -1,
				 351, 352, 353, -1,
				 354, 355, 356, -1,
				 357, 358, 359, -1,
				 360, 361, 362, -1,
				 363, 364, 365, -1,
				 366, 367, 368, -1,
				 369, 370, 371, -1,
			]
		}
	}
	DEF Pipe02_Metal_Black_Pl
	Separator {
		Coordinate3 {
			point [
				 -136.898743 -5.400000 -1.600000,
				 -136.898743 -5.667949 -2.600000,
				 -136.898743 -6.399999 -3.332051,
				 -136.898743 -7.399999 -3.600001,
				 -136.898743 -8.400000 -3.332052,
				 -136.898743 -9.132051 -2.600001,
				 -136.898743 -9.400000 -1.600001,
				 -136.898743 -9.132051 -0.600001,
				 -136.898743 -8.400000 0.132050,
				 -136.898743 -7.399999 0.399999,
				 -136.898743 -6.399999 0.132050,
				 -136.898743 -5.667948 -0.600001,
				 -91.898743 -5.400000 -1.600000,
				 -91.898743 -5.667949 -2.600000,
				 -91.898743 -6.399999 -3.332051,
				 -91.898743 -7.399999 -3.600001,
				 -91.898743 -8.400000 -3.332052,
				 -91.898743 -9.132051 -2.600001,
				 -91.898743 -9.400000 -1.600001,
				 -91.898743 -9.132051 -0.600001,
				 -91.898743 -8.400000 0.132050,
				 -91.898743 -7.399999 0.399999,
				 -91.898743 -6.399999 0.132050,
				 -91.898743 -5.667948 -0.600001,
				 -91.898743 -5.400000 -1.600000,
				 -91.898743 -5.400000 -1.600000,
				 -136.898743 -5.400000 -1.600000,
				 -136.898743 -5.667949 -2.600000,
				 -136.898743 -6.399999 -3.332051,
				 -136.898743 -6.399999 -3.332051,
				 -136.898743 -7.399999 -3.600001,
				 -136.898743 -7.399999 -3.600001,
				 -136.898743 -8.400000 -3.332052,
				 -136.898743 -8.400000 -3.332052,
				 -136.898743 -9.132051 -2.600001,
				 -136.898743 -9.132051 -2.600001,
				 -136.898743 -9.400000 -1.600001,
				 -136.898743 -9.400000 -1.600001,
				 -136.898743 -9.132051 -0.600001,
				 -136.898743 -9.132051 -0.600001,
				 -136.898743 -8.400000 0.132050,
				 -136.898743 -8.400000 0.132050,
				 -136.898743 -7.399999 0.399999,
				 -136.898743 -7.399999 0.399999,
				 -136.898743 -6.399999 0.132050,
				 -136.898743 -6.399999 0.132050,
				 -136.898743 -5.667948 -0.600001,
				 -91.898743 -6.399999 -3.332051,
				 -91.898743 -5.667949 -2.600000,
				 -91.898743 -5.400000 -1.600000,
				 -91.898743 -7.399999 -3.600001,
				 -91.898743 -6.399999 -3.332051,
				 -91.898743 -5.400000 -1.600000,
				 -91.898743 -8.400000 -3.332052,
				 -91.898743 -7.399999 -3.600001,
				 -91.898743 -5.400000 -1.600000,
				 -91.898743 -9.132051 -2.600001,
				 -91.898743 -8.400000 -3.332052,
				 -91.898743 -5.400000 -1.600000,
				 -91.898743 -9.400000 -1.600001,
				 -91.898743 -9.132051 -2.600001,
				 -91.898743 -5.400000 -1.600000,
				 -91.898743 -9.132051 -0.600001,
				 -91.898743 -9.400000 -1.600001,
				 -91.898743 -5.400000 -1.600000,
				 -91.898743 -8.400000 0.132050,
				 -91.898743 -9.132051 -0.600001,
				 -91.898743 -5.400000 -1.600000,
				 -91.898743 -7.399999 0.399999,
				 -91.898743 -8.400000 0.132050,
				 -91.898743 -5.400000 -1.600000,
				 -91.898743 -6.399999 0.132050,
				 -91.898743 -7.399999 0.399999,
				 -91.898743 -5.400000 -1.600000,
				 -91.898743 -5.667948 -0.600001,
				 -91.898743 -6.399999 0.132050,
				 -91.898743 -5.400000 -1.600000,
			]
		}
		USE Metal_Black_Plai

		TextureCoordinate2 {
			point [
				 0.000000 0.000000,
				 0.000000 1.000000,
				 0.083333 1.000000,
				 0.083333 0.000000,
				 0.000000 0.000000,
				 0.083333 1.000000,
				 0.083333 0.000000,
				 0.083333 1.000000,
				 0.166667 1.000000,
				 0.166667 1.000000,
				 0.166667 0.000000,
				 0.083333 0.000000,
				 0.166667 0.000000,
				 0.166667 1.000000,
				 0.250000 1.000000,
				 0.250000 1.000000,
				 0.250000 0.000000,
				 0.166667 0.000000,
				 0.250000 0.000000,
				 0.250000 1.000000,
				 0.333333 1.000000,
				 0.333333 1.000000,
				 0.333333 0.000000,
				 0.250000 0.000000,
				 0.333333 0.000000,
				 0.333333 1.000000,
				 0.416667 1.000000,
				 0.416667 1.000000,
				 0.416667 0.000000,
				 0.333333 0.000000,
				 0.416667 0.000000,
				 0.416667 1.000000,
				 0.500000 1.000000,
				 0.500000 1.000000,
				 0.500000 0.000000,
				 0.416667 0.000000,
				 0.500000 0.000000,
				 0.500000 1.000000,
				 0.583333 1.000000,
				 0.583333 1.000000,
				 0.583333 0.000000,
				 0.500000 0.000000,
				 0.583333 0.000000,
				 0.583333 1.000000,
				 0.666667 1.000000,
				 0.666667 1.000000,
				 0.666667 0.000000,
				 0.583333 0.000000,
				 0.666667 0.000000,
				 0.666667 1.000000,
				 0.750000 1.000000,
				 0.750000 1.000000,
				 0.750000 0.000000,
				 0.666667 0.000000,
				 0.750000 0.000000,
				 0.750000 1.000000,
				 0.833333 1.000000,
				 0.833333 1.000000,
				 0.833333 0.000000,
				 0.750000 0.000000,
				 0.833333 0.000000,
				 0.833333 1.000000,
				 0.916667 1.000000,
				 0.916667 1.000000,
				 0.916667 0.000000,
				 0.833333 0.000000,
				 0.916667 0.000000,
				 0.916667 1.000000,
				 1.000000 1.000000,
				 1.000000 1.000000,
				 1.000000 0.000000,
				 0.916667 0.000000,
				 0.000000 0.000000,
				 0.000000 0.000000,
				 0.000000 0.000000,
				 0.000000 0.000000,
				 0.000000 0.000000,
				 0.000000 0.000000,
				 0.000000 0.000000,
				 0.000000 0.000000,
				 0.000000 0.000000,
				 0.000000 0.000000,
				 0.000000 0.000000,
				 0.000000 0.000000,
				 0.000000 0.000000,
				 0.000000 0.000000,
				 0.000000 0.000000,
				 0.000000 0.000000,
				 0.000000 0.000000,
				 0.000000 0.000000,
				 0.000000 0.000000,
				 0.000000 0.000000,
				 0.000000 0.000000,
				 0.000000 0.000000,
				 0.000000 0.000000,
				 0.000000 0.000000,
				 0.000000 0.000000,
				 0.000000 0.000000,
				 0.000000 0.000000,
				 0.000000 0.000000,
				 0.000000 0.000000,
				 0.000000 0.000000,
				 0.000000 0.000000,
				 0.000000 0.000000,
				 0.000000 0.000000,
				 0.000000 0.000000,
				 0.000000 0.000000,
				 0.000000 0.000000,
				 0.000000 0.000000,
				 0.000000 0.000000,
				 0.000000 0.000000,
				 0.000000 0.000000,
				 0.000000 0.000000,
				 0.000000 0.000000,
				 0.000000 0.000000,
				 0.000000 0.000000,
				 0.000000 0.000000,
				 0.000000 0.000000,
				 0.000000 0.000000,
				 0.000000 0.000000,
				 0.000000 0.000000,
				 0.000000 0.000000,
				 0.000000 0.000000,
				 0.000000 0.000000,
				 0.000000 0.000000,
				 0.000000 0.000000,
				 0.000000 0.000000,
				 0.000000 0.000000,
				 0.000000 0.000000,
				 0.000000 0.000000,
				 0.000000 0.000000,
				 0.000000 0.000000,
			]
		}
		IndexedFaceSet {
			coordIndex [
				 0, 12, 13, -1,
				 1, 0, 13, -1,
				 1, 13, 14, -1,
				 14, 2, 1, -1,
				 2, 14, 15, -1,
				 15, 3, 2, -1,
				 3, 15, 16, -1,
				 16, 4, 3, -1,
				 4, 16, 17, -1,
				 17, 5, 4, -1,
				 5, 17, 18, -1,
				 18, 6, 5, -1,
				 6, 18, 19, -1,
				 19, 7, 6, -1,
				 7, 19, 20, -1,
				 20, 8, 7, -1,
				 8, 20, 21, -1,
				 21, 9, 8, -1,
				 9, 21, 22, -1,
				 22, 10, 9, -1,
				 10, 22, 23, -1,
				 23, 11, 10, -1,
				 11, 23, 24, -1,
				 25, 26, 11, -1,
				 28, 0, 27, -1,
				 30, 0, 29, -1,
				 32, 0, 31, -1,
				 34, 0, 33, -1,
				 36, 0, 35, -1,
				 38, 0, 37, -1,
				 40, 0, 39, -1,
				 42, 0, 41, -1,
				 44, 0, 43, -1,
				 46, 0, 45, -1,
				 47, 48, 49, -1,
				 50, 51, 52, -1,
				 53, 54, 55, -1,
				 56, 57, 58, -1,
				 59, 60, 61, -1,
				 62, 63, 64, -1,
				 65, 66, 67, -1,
				 68, 69, 70, -1,
				 71, 72, 73, -1,
				 74, 75, 76, -1,
			]
			textureCoordIndex [
				 0, 1, 2, -1,
				 3, 4, 5, -1,
				 6, 7, 8, -1,
				 9, 10, 11, -1,
				 12, 13, 14, -1,
				 15, 16, 17, -1,
				 18, 19, 20, -1,
				 21, 22, 23, -1,
				 24, 25, 26, -1,
				 27, 28, 29, -1,
				 30, 31, 32, -1,
				 33, 34, 35, -1,
				 36, 37, 38, -1,
				 39, 40, 41, -1,
				 42, 43, 44, -1,
				 45, 46, 47, -1,
				 48, 49, 50, -1,
				 51, 52, 53, -1,
				 54, 55, 56, -1,
				 57, 58, 59, -1,
				 60, 61, 62, -1,
				 63, 64, 65, -1,
				 66, 67, 68, -1,
				 69, 70, 71, -1,
				 72, 73, 74, -1,
				 75, 76, 77, -1,
				 78, 79, 80, -1,
				 81, 82, 83, -1,
				 84, 85, 86, -1,
				 87, 88, 89, -1,
				 90, 91, 92, -1,
				 93, 94, 95, -1,
				 96, 97, 98, -1,
				 99, 100, 101, -1,
				 102, 103, 104, -1,
				 105, 106, 107, -1,
				 108, 109, 110, -1,
				 111, 112, 113, -1,
				 114, 115, 116, -1,
				 117, 118, 119, -1,
				 120, 121, 122, -1,
				 123, 124, 125, -1,
				 126, 127, 128, -1,
				 129, 130, 131, -1,
			]
		}
	}

	# Hidden Objects, in invisible layers

}

# Visible Objects

Separator {
	MatrixTransform {
	matrix 
		0.685880 -0.317370 0.654862 0.000000
		0.727634 0.312469 -0.610666 0.000000
		-0.010817 0.895343 0.445245 0.000000
		-0.338183 -0.376694 -11.252342 1.000000
	}
	PerspectiveCamera {
		focalDistance 3.500000
	}
	Separator {
		MatrixTransform {
		matrix 
			0.010000 0.000000 0.000000 0.000000
			0.000000 -0.010000 0.000000 0.000000
			0.000000 -0.000000 -0.010000 0.000000
			0.526757 0.000000 0.010000 1.000000
		}
		USE Gate02_04_-_Default
	}
	Separator {
		MatrixTransform {
		matrix 
			0.010000 0.000000 0.000000 0.000000
			0.000000 -0.010000 0.000000 0.000000
			0.000000 -0.000000 -0.010000 0.000000
			0.466757 0.000000 0.010000 1.000000
		}
		USE Gate01_04_-_Default
	}
	Separator {
		MatrixTransform {
		matrix 
			0.000000 0.000000 -0.010000 0.000000
			-0.010549 -0.000000 -0.000000 0.000000
			-0.000000 0.010549 -0.000000 0.000000
			0.375463 -0.052745 0.070000 1.000000
		}
		USE Motor02_Material_#10
	}
	Separator {
		MatrixTransform {
		matrix 
			0.000000 0.000000 -0.010000 0.000000
			-0.010549 -0.000000 -0.000000 0.000000
			-0.000000 0.010549 -0.000000 0.000000
			0.375463 -0.052745 0.070000 1.000000
		}
		USE Motor02_Metal_Black_P
	}
	Separator {
		MatrixTransform {
		matrix 
			0.010000 0.000000 0.000000 0.000000
			0.000000 -0.000000 -0.010000 0.000000
			0.000000 0.010000 -0.000000 0.000000
			0.873245 -0.029000 -0.045000 1.000000
		}
		USE Pipe02_Metal_Black_Pl
	}
	Separator {
		MatrixTransform {
		matrix 
			-0.000000 -0.002500 0.000000 0.000000
			-0.000000 0.000000 0.002500 0.000000
			-0.002500 0.000000 -0.000000 0.000000
			0.304293 -0.048087 0.000000 1.000000
		}
		USE Gate_Metal_Steel
	}
	Separator {
		MatrixTransform {
		matrix 
			0.010000 0.000000 0.000000 0.000000
			0.000000 0.010000 0.000000 0.000000
			0.000000 0.000000 0.010000 0.000000
			0.604257 0.000000 -0.100000 1.000000
		}
		USE Chassi_Shi_Material_#
	}
	Separator {
		MatrixTransform {
		matrix 
			0.010000 0.000000 0.000000 0.000000
			0.000000 0.010000 0.000000 0.000000
			0.000000 0.000000 0.010000 0.000000
			0.604257 0.000000 -0.100000 1.000000
		}
		USE Chassi_Shi_Metal_Stee
	}
}
}
