#VRML V1.0 ascii

Separator {
    DEF Title Info {
	string "Spaceship"
    }
    ShapeHints {
	vertexOrdering	COUNTERCLOCKWISE
	faceType	CONVEX
	creaseAngle	0.5
    }
    Separator {
	Material {
	    diffuseColor	.8 .8 .8
	    specularColor	0.70 0.70 0.70
	    shininess		0.2
	}
	Separator {
		Coordinate3 {
			point [
				 87.906654 4654.878906 7507.846191,
				 -152.767288 4654.878906 7507.846191,
				 -152.767288 5972.908691 7426.912109,
				 87.906662 5972.908691 7426.912109,
				 529.120972 4426.114746 7507.846191,
				 -593.981628 4426.114746 7507.846191,
				 -593.981628 6201.672363 7426.912109,
				 529.120972 6201.672363 7426.912109,
				 529.120972 4377.746582 7469.955566,
				 529.121033 6201.672852 7214.074707,
				 -593.981628 4377.747070 7469.955566,
				 -593.981628 6201.672363 7214.074707,
				 918.546143 -4178.051270 -1606.077881,
				 3967.702881 -4178.051270 -636.615417,
				 918.546143 -1309.309570 -875.365295,
				 3967.702881 -1309.309570 94.098557,
				 960.104980 -1253.834595 -1093.159790,
				 960.105103 -4122.575195 -1823.873535,
				 4050.722656 -1256.745605 -112.262581,
				 4050.723145 -4125.488281 -842.973083,
				 2134.795898 -1309.309570 -643.287354,
				 2197.085205 -1255.290039 -855.366516,
				 2134.795898 -4178.051270 -1374.000488,
				 2197.085205 -4124.031738 -1586.078003,
				 991.818237 6323.908691 7016.125977,
				 1286.757568 6354.859375 5955.007813,
				 -0.000248 6347.674805 7184.220215,
				 -0.000306 6354.859863 6124.777344,
				 594.352844 6333.433105 7083.487305,
				 991.818176 5712.826660 7102.519531,
				 991.818237 4219.538574 7380.983398,
				 1286.757568 5737.700195 5955.007813,
				 1548.797363 2481.926514 5896.416016,
				 1239.252197 3914.021729 7576.000000,
				 1286.757568 3365.613037 5970.770996,
				 1533.994629 2925.247803 5887.125488,
				 1538.851196 2086.428711 6007.550293,
				 1218.001221 2991.360107 7808.779297,
				 3476.604736 10586.326172 602.232727,
				 2506.879395 10586.326172 1003.905823,
				 2257.609619 10440.409180 725.860168,
				 2237.260986 10294.493164 352.990814,
				 2453.605957 10204.312500 27.723085,
				 2824.008057 10204.312500 -125.702515,
				 3206.986328 10294.493164 -48.683014,
				 3456.256348 10440.409180 229.364822,
				 2126.045898 10996.109375 84.493179,
				 2342.391357 10905.927734 -240.774536,
				 2712.792969 10905.927734 -394.200500,
				 3095.771484 10996.109375 -317.178986,
				 3345.040771 11142.025391 -39.133167,
				 2281.252441 11274.113281 34.051048,
				 2430.528809 11211.887695 -190.382095,
				 2686.103271 11211.887695 -296.245148,
				 2950.355469 11274.113281 -243.100266,
				 3122.349854 11374.793945 -51.250954,
				 2409.202637 11346.427734 -241.869080,
				 2664.776855 11346.427734 -347.730103,
				 2929.029297 11408.653320 -294.586884,
				 2208.233887 11347.149414 -488.338135,
				 2632.603760 11347.149414 -664.116394,
				 3365.389648 11287.942383 333.736938,
				 2395.664307 11287.942383 735.409668,
				 2146.394287 11142.025391 457.361816,
				 6231.321777 2798.904053 4004.533203,
				 6326.193359 2798.904053 4678.760742,
				 6126.375000 2798.904053 5161.166016,
				 6211.381836 2907.827393 4698.459961,
				 6050.959473 2907.827393 5085.751465,
				 4969.739746 2798.904053 5266.114258,
				 5297.281738 2861.602295 5064.846191,
				 6030.053223 2861.602295 4332.072266,
				 5643.968262 2798.904053 5360.984863,
				 5663.666992 2907.827393 5246.174316,
				 5758.908203 2907.827393 4769.402344,
				 6070.936035 4906.955078 4251.794434,
				 6242.357422 4153.132324 4016.561523,
				 6283.227539 3612.278809 3953.571045,
				 5762.599121 5383.996582 4767.126953,
				 6247.790039 4906.955078 4678.760742,
				 6070.935059 4906.954590 5105.727051,
				 6535.337891 4153.132324 4678.759277,
				 6274.262207 4153.132813 5309.052734,
				 6608.779785 3612.278809 4678.760742,
				 6326.193359 3612.278809 5360.984863,
				 6535.337891 3022.011963 4678.759277,
				 6274.262207 3022.012695 5309.052734,
				 5217.002441 4906.955078 5105.727051,
				 4981.771484 4153.132324 5277.150391,
				 4918.778320 3612.278809 5318.019531,
				 5643.968262 4906.955078 5282.583496,
				 5643.968262 4153.132324 5570.128418,
				 5643.968750 3612.278809 5643.572266,
				 5643.968262 3022.011963 5570.128418,
				 1404.509888 -1309.309570 4211.335938,
				 3835.220215 -1309.309570 4211.335938,
				 5135.755371 -1309.309570 1203.962036,
				 5473.107910 -1309.309570 2615.507080,
				 4815.941406 -1309.309570 3374.905762,
				 2792.130127 1862.410156 5357.984863,
				 3835.220459 1862.410156 5565.470215,
				 4878.310059 1862.410156 5357.984863,
				 2792.130127 567.232178 5357.984863,
				 3835.220459 567.232178 5565.470215,
				 4878.310059 567.232178 5357.984863,
				 6353.460449 1862.410156 3882.837891,
				 5762.599609 1862.410156 4767.126953,
				 6353.460449 567.232178 3882.837891,
				 5762.599609 567.232178 4767.126953,
				 7488.559570 1862.410156 3391.020020,
				 7488.559570 567.232178 3391.020020,
				 6353.458008 567.232178 1796.659912,
				 6560.941406 567.232178 2839.745361,
				 7488.556152 1862.410156 2288.474121,
				 7696.039551 1862.410156 2839.745361,
				 7696.039551 567.232178 2839.745361,
				 7488.556152 567.232178 2288.474121,
				 6353.458008 1862.410156 1796.659912,
				 7312.064453 567.230713 3173.529541,
				 6644.790527 567.230713 3173.529541,
				 6506.593262 567.230713 2839.892090,
				 6644.790527 567.230713 2506.254639,
				 7312.064453 567.230713 2506.254639,
				 7450.261719 567.230713 2839.892090,
				 7312.064453 -163.360184 3173.529541,
				 6644.790527 -163.360184 3173.529541,
				 6506.593262 -163.360184 2839.892090,
				 6644.790527 -163.360184 2506.254639,
				 7312.064453 -163.360184 2506.254639,
				 7450.261719 -163.360184 2839.892090,
				 7199.389160 -163.360184 3060.854492,
				 6757.464844 -163.360184 3060.854492,
				 6665.938965 -163.360184 2839.892090,
				 6757.464844 -163.360184 2618.929199,
				 7199.389160 -163.360184 2618.929199,
				 7290.915039 -163.360184 2839.892090,
				 7199.389160 201.159470 3060.854492,
				 6757.464844 201.159470 3060.854492,
				 6665.938965 201.159470 2839.892090,
				 6757.464844 201.159470 2618.929199,
				 7199.389160 201.159470 2618.929199,
				 7290.915039 201.159470 2839.892090,
				 7060.008789 201.159470 3080.818604,
				 6896.846680 201.159470 3080.818604,
				 6863.054199 201.159470 2999.232178,
				 6896.846680 201.159470 2917.649170,
				 7060.008789 201.159470 2917.649170,
				 7093.800781 201.159470 2999.232178,
				 7060.008789 -519.677307 3080.818604,
				 6896.846680 -519.677307 3080.818604,
				 6863.054199 -519.675842 2999.232178,
				 6896.846680 -519.675842 2917.649170,
				 7060.008789 -519.675842 2917.649170,
				 7093.800781 -519.675842 2999.232178,
				 7032.456543 -519.675842 3053.264404,
				 6924.397949 -519.675842 3053.264404,
				 6902.017578 -519.675842 2999.232178,
				 6924.397949 -519.675842 2945.203613,
				 7032.456543 -519.675842 2945.203613,
				 7054.837402 -519.675842 2999.232178,
				 7032.456543 -277.184601 3053.264404,
				 6924.397949 -277.184601 3053.264404,
				 6902.017578 -277.183868 2999.235840,
				 6924.397949 -277.184601 2945.203613,
				 7032.456543 -277.184601 2945.203613,
				 7054.837402 -277.183868 2999.235840,
				 7060.008789 201.159470 2719.971436,
				 6896.846680 201.159470 2719.971436,
				 6863.054199 201.159470 2638.386719,
				 6896.846680 201.159470 2556.801514,
				 7060.008789 201.159470 2556.801514,
				 7093.800781 201.159470 2638.386719,
				 7060.008789 -519.677307 2719.971436,
				 6896.846680 -519.677307 2719.971436,
				 6863.054199 -519.675842 2638.386719,
				 6896.846680 -519.675842 2556.801514,
				 7060.008789 -519.675842 2556.801514,
				 7093.800781 -519.675842 2638.386719,
				 7032.456543 -519.675842 2692.414551,
				 6924.397949 -519.675842 2692.414551,
				 6902.017578 -519.675842 2638.386719,
				 6924.397949 -519.675842 2584.357666,
				 7032.456543 -519.675842 2584.357666,
				 7054.837402 -519.675842 2638.386719,
				 7032.456543 -277.184601 2692.414551,
				 6924.397949 -277.184601 2692.414551,
				 6902.017578 -277.183868 2638.386719,
				 6924.397949 -277.184601 2584.357666,
				 7032.456543 -277.184601 2584.357666,
				 7054.837402 -277.183868 2638.386719,
				 6716.417969 201.159470 2900.391602,
				 6682.629883 201.159470 2818.809326,
				 6716.417969 201.159470 2737.227539,
				 6879.585938 201.159470 2737.227539,
				 6913.375977 201.159470 2818.809326,
				 6879.585938 201.159470 2900.391602,
				 6716.418945 -519.677307 2900.391602,
				 6682.629883 -519.677307 2818.809326,
				 6716.418945 -519.677307 2737.227539,
				 6879.585938 -519.675842 2737.227539,
				 6913.375977 -519.675842 2818.809326,
				 6879.585938 -519.675842 2900.391602,
				 6743.972168 -519.675842 2872.840088,
				 6721.594727 -519.677307 2818.809326,
				 6743.972168 -519.675842 2764.779785,
				 6852.032715 -519.675842 2764.779785,
				 6874.411621 -519.675842 2818.809326,
				 6852.032715 -519.675842 2872.840088,
				 6743.972168 -277.184601 2872.840088,
				 6721.594727 -277.184601 2818.809326,
				 6743.972168 -277.184601 2764.779785,
				 6852.032715 -277.184601 2764.779785,
				 6874.411621 -277.184601 2818.809326,
				 6852.032715 -277.184601 2872.840088,
				 7077.265625 201.159470 2900.391602,
				 7043.476563 201.159470 2818.809326,
				 7077.265625 201.159470 2737.227539,
				 7240.435059 201.159470 2737.227539,
				 7274.224121 201.159470 2818.809326,
				 7240.435059 201.159470 2900.391602,
				 7077.265625 -519.677307 2900.391602,
				 7043.476563 -519.677307 2818.809326,
				 7077.265625 -519.677307 2737.227539,
				 7240.436035 -519.675842 2737.227539,
				 7274.224121 -519.675842 2818.809326,
				 7240.436035 -519.675842 2900.391602,
				 7104.821777 -519.675842 2872.840088,
				 7082.443359 -519.677307 2818.809326,
				 7104.821777 -519.675842 2764.779785,
				 7212.878906 -519.675842 2764.779785,
				 7235.257813 -519.675842 2818.809326,
				 7212.878906 -519.675842 2872.840088,
				 7104.821777 -277.184601 2872.840088,
				 7082.443359 -277.184601 2818.809326,
				 7104.821777 -277.184601 2764.779785,
				 7212.878906 -277.184601 2764.779785,
				 7235.257813 -277.184601 2818.809326,
				 7212.878906 -277.184601 2872.840088,
				 6978.426758 -163.360184 3311.725586,
				 6978.426758 -163.360184 2368.058594,
				 6978.426758 -163.360184 3152.380371,
				 6978.426758 -163.360184 2527.404541,
				 6978.426758 201.159470 3152.380371,
				 6978.426758 201.159470 2525.207764,
				 6978.427246 201.159470 2839.892090,
				 6978.427246 -519.677307 3114.607666,
				 6978.427246 -519.675842 2883.860840,
				 6978.427246 -519.677307 3075.642578,
				 6978.427246 -519.675842 2922.825195,
				 6978.427246 -277.184601 3075.642578,
				 6978.427246 -277.184601 2922.825195,
				 6978.427246 -277.183868 2999.235840,
				 6978.427246 -519.677307 2753.759766,
				 6978.427246 -519.675842 2523.010986,
				 6978.427246 -519.677307 2714.792725,
				 6978.427246 -519.675842 2561.978027,
				 6978.427246 -277.184601 2714.792725,
				 6978.427246 -277.184601 2561.978027,
				 6978.427246 -277.183868 2638.386719,
				 6798.003906 -519.675842 2703.437012,
				 6798.003906 -519.675842 2934.181396,
				 6798.003906 -519.675842 2742.401367,
				 6798.003906 -519.675842 2895.218506,
				 6798.001953 -277.183868 2742.401367,
				 6798.001953 -277.183868 2895.218506,
				 6798.001953 -277.183868 2818.809326,
				 7158.850098 -519.675842 2703.437012,
				 7158.850098 -519.675842 2934.181396,
				 7158.850098 -519.675842 2742.401367,
				 7158.850098 -519.675842 2895.218506,
				 7158.850098 -277.183868 2742.401367,
				 7158.850098 -277.183868 2895.218506,
				 7158.850098 -277.183868 2818.809326,
				 6978.426758 567.230713 2368.058594,
				 6978.426758 567.230713 3311.725586,
				 6978.427246 201.159470 3114.607666,
				 6978.427246 201.159470 2883.860840,
				 6978.427246 201.159470 2753.759766,
				 6798.003906 201.159470 2703.437012,
				 6798.003906 201.159470 2934.181396,
				 7158.850098 201.159470 2703.437012,
				 7158.850098 201.159470 2934.181396,
				 5299.188477 10873.503906 3445.853027,
				 4955.776367 10873.503906 3959.805176,
				 3835.572266 10873.503906 4423.807129,
				 5419.776367 10873.503906 2839.599854,
				 3260.260010 10676.507813 927.502625,
				 2889.858398 10676.507813 1080.928955,
				 5299.185547 10873.503906 2233.353271,
				 4441.821777 10873.503906 4303.216309,
				 4441.821777 11954.727539 1375.988647,
				 4955.773926 11954.727539 1719.400757,
				 4955.773926 11668.655273 1719.400757,
				 2372.937012 11954.727539 2232.947754,
				 2715.370361 11954.727539 1719.400757,
				 3229.323242 11954.727539 1375.987915,
				 3835.572266 11954.727539 1255.397827,
				 4441.821777 11668.655273 1375.990112,
				 2371.957520 11668.655273 2233.353271,
				 2715.370361 11668.655273 1719.400757,
				 3229.323242 11668.655273 1375.988647,
				 3835.572021 11668.655273 1255.397095,
				 4955.773926 12230.896484 1719.399292,
				 5299.186523 12230.896484 2233.353271,
				 4541.429688 12165.992188 1135.511475,
				 5139.826660 12165.992188 1535.347656,
				 5139.827637 12019.631836 1535.347656,
				 4541.429688 12019.631836 1135.511475,
				 4541.430664 11481.782227 1135.512939,
				 5139.826660 11481.780273 1535.347656,
				 2132.460449 12165.992188 2133.339844,
				 2132.460938 12019.631836 2133.339844,
				 2132.460938 11481.780273 2133.339844,
				 4441.821777 12230.896484 1375.988647,
				 2371.957764 12230.896484 2233.353271,
				 2715.370361 12230.896484 1719.400757,
				 3229.323242 12230.896484 1375.987915,
				 3835.572021 12230.896484 1255.397827,
				 2531.317871 12165.992188 1535.347656,
				 2531.317871 12019.631836 1535.347656,
				 3129.714600 12165.992188 1135.511475,
				 3129.714600 12019.631836 1135.511475,
				 3835.572021 12165.992188 995.108215,
				 3835.572021 12019.631836 995.107483,
				 2531.317383 11481.780273 1535.346924,
				 3129.714600 11481.782227 1135.511475,
				 3835.572266 11481.782227 995.107483,
				 5139.825684 11060.378906 1535.347656,
				 4541.429688 11060.378906 1135.514404,
				 2132.460938 11060.378906 2133.339844,
				 2531.317383 11060.378906 1535.346924,
				 3129.714600 11060.378906 1135.511475,
				 3835.572266 11060.378906 995.107483,
				 5186.746094 11525.025391 1638.868530,
				 5186.746094 11178.812500 1638.868530,
				 5159.305664 11351.918945 1572.622681,
				 5301.495605 11499.512695 1618.955200,
				 5301.495605 11204.326172 1618.955200,
				 5278.100098 11351.918945 1562.472290,
				 4441.821289 13047.522461 1375.987915,
				 4955.773926 13047.522461 1719.400757,
				 5299.186523 13204.545898 2233.353271,
				 2371.958252 13047.522461 2233.353271,
				 2715.370361 13521.866211 1719.400757,
				 3229.323242 13521.864258 1375.987915,
				 3835.571533 13521.864258 1255.397095,
				 3101.022705 11509.333984 -102.736115,
				 3071.382813 11450.469727 -575.874146,
				 3356.971191 11617.646484 -257.315430,
				 1786.864624 12451.059570 19.390532,
				 2032.580078 12155.070313 -855.844727,
				 2496.942627 12155.070313 -1048.189453,
				 2977.071777 12268.127930 -951.631653,
				 3289.574219 12451.059570 -603.052856,
				 1894.303223 12802.860352 -182.839767,
				 1874.333984 12659.665039 -548.757751,
				 2086.645996 12571.165039 -867.962524,
				 2450.143066 12571.165039 -1018.527222,
				 2825.982666 12659.665039 -942.944214,
				 3070.605225 12802.860352 -670.079895,
				 2012.452759 12692.188477 -520.981140,
				 1682.302368 12516.988281 78.532013,
				 1789.740723 12868.790039 -123.700111,
				 1649.310669 12280.418945 -525.994812,
				 1920.536621 12167.361328 -933.774658,
				 1762.291138 12671.957031 -626.686890,
				 1974.602661 12583.457031 -945.893188,
				 2521.063721 12167.358398 -1182.521240,
				 3001.193115 12280.416016 -1085.961914,
				 2474.264648 12583.453125 -1152.858398,
				 2850.103516 12671.952148 -1077.273804,
				 3405.329834 12516.988281 -635.169434,
				 3186.361572 12868.790039 -702.197205,
				 1952.927246 12958.649414 -627.805359,
				 2063.461426 12984.675781 -605.574219,
				 2122.836426 12887.823242 -883.256714,
				 2413.737061 12887.823242 -1003.751404,
				 2714.514404 12958.649414 -943.263489,
				 2910.281982 13073.246094 -724.896362,
				 3198.400146 13388.330078 3101.840088,
				 2985.280273 13388.330078 3191.236084,
				 2212.865479 12165.992188 3379.260498,
				 2372.937500 12230.896484 3445.446777,
				 2212.865967 11060.379883 3379.258301,
				 2212.866211 11481.782227 3379.258301,
				 5299.186523 14251.370117 3445.853027,
				 5299.187012 12523.014648 3445.853027,
				 5299.187012 12232.874023 3445.853027,
				 5299.187012 11954.727539 3445.853027,
				 5299.187012 11668.655273 3445.853027,
				 2252.347168 11954.727539 2839.199463,
				 2252.346680 11668.655273 2839.199463,
				 5366.552246 12165.992188 2072.958740,
				 1993.036377 12165.992188 2838.791016,
				 1993.035645 12019.631836 2838.791016,
				 1993.036743 11481.782227 2838.791016,
				 2252.347168 12230.896484 2839.197266,
				 5366.551758 11060.378906 2072.958740,
				 1993.037231 11060.378906 2838.791016,
				 3147.352051 13388.328125 2841.541992,
				 2916.173828 13388.330078 2841.371094,
				 4188.203613 13790.302734 3690.926270,
				 3835.572998 13790.302734 3761.070313,
				 2914.104004 13790.302734 2839.602783,
				 3835.572998 13790.302734 4044.010498,
				 4296.479980 13790.302734 3952.331299,
				 2631.165771 14884.544922 2839.602783,
				 2631.165771 13790.302734 2839.602783,
				 5232.691406 13544.763672 2849.774414,
				 5138.346680 14251.370117 3411.022705,
				 5419.776367 13544.763672 2839.602783,
				 2548.695557 13204.545898 3372.645752,
				 2548.695557 13047.522461 3372.645752,
				 4471.551758 13047.522461 2574.483398,
				 4526.083496 13047.522461 2843.194092,
				 4479.415039 13047.522461 3120.822021,
				 3198.400146 13047.522461 3101.840088,
				 3147.352051 13047.522461 2841.541992,
				 3198.399414 13047.522461 2574.484863,
				 4471.551758 13388.330078 2574.483398,
				 4526.083496 13388.328125 2843.194092,
				 4479.415039 13388.330078 3120.822021,
				 3198.399414 13388.330078 2574.484863,
				 4685.462891 13388.330078 2486.996338,
				 4756.892578 13388.330078 2842.471436,
				 2985.280273 13388.330078 2486.998535,
				 4525.116211 15804.854492 2151.013672,
				 4736.391602 15804.854492 2467.210449,
				 4736.024902 15535.212891 2466.621582,
				 4810.582520 15804.854492 2840.189453,
				 4736.024902 15804.854492 3212.582520,
				 3832.313232 15804.854492 3816.696289,
				 3143.181641 15804.854492 3530.852539,
				 2931.905273 15804.854492 3214.653809,
				 2857.715088 15804.854492 2841.675049,
				 2935.119873 15804.854492 2466.623779,
				 3831.110107 15804.854492 1864.507690,
				 4810.214844 15535.212891 2839.602783,
				 4736.024902 15535.212891 3212.582520,
				 2935.119873 15535.212891 3212.582520,
				 2860.929932 15535.212891 2839.602783,
				 2935.119873 15535.212891 2466.623779,
				 4524.749023 16754.095703 2150.426270,
				 4736.024902 16754.095703 2466.623779,
				 4810.214844 16754.095703 2839.602783,
				 4641.611328 16754.095703 3173.475586,
				 3835.572998 16754.095703 3814.245605,
				 3146.396484 16754.095703 3528.780518,
				 2935.119873 16754.095703 3212.582520,
				 2860.929932 16754.095703 2839.602783,
				 3029.533691 16754.095703 2505.730957,
				 3835.572266 16754.095703 1864.959961,
				 4160.610840 15193.600586 2054.890869,
				 4684.937988 15193.600586 2839.602783,
				 4620.284668 15193.600586 3164.642578,
				 4160.610840 15193.600586 3624.314697,
				 3835.572998 15193.600586 3688.968018,
				 3510.534912 15193.600586 3624.314697,
				 2986.206787 15193.600586 2839.602783,
				 3050.860596 15193.600586 2514.564209,
				 3510.534180 15193.600586 2054.890869,
				 3835.572266 15193.600586 1990.236816,
				 4188.203125 13790.302734 1988.277588,
				 4686.897949 13790.302734 2486.971924,
				 4757.040527 13790.302734 2839.602783,
				 4686.898926 13790.302734 3192.233398,
				 3482.942139 13790.302734 3690.926270,
				 2984.246826 13790.302734 3192.233398,
				 2984.246826 13790.302734 2486.974121,
				 3482.941895 13790.302734 1988.277588,
				 3835.572266 13790.302734 1918.134399,
				 4296.478516 14884.544922 1726.876221,
				 4296.478516 13790.302734 1726.876221,
				 4296.479980 14884.544922 3952.331299,
				 3835.572998 14884.544922 4044.010498,
				 3374.666504 14884.544922 3952.331299,
				 3374.666504 13790.302734 3952.331299,
				 2722.846191 14884.544922 3300.507568,
				 2722.846191 13790.302734 3300.507568,
				 3374.666016 14884.544922 1726.876221,
				 3835.572266 14884.544922 1635.196899,
				 3835.572266 13790.302734 1635.196899,
				 3374.665771 13790.302734 1726.876221,
				 4948.298828 14884.544922 2378.696533,
				 5039.979004 14884.544922 2839.602783,
				 5039.979004 13790.302734 2839.602783,
				 4948.298828 13790.302734 2378.696533,
				 4108.844727 15193.600586 2179.864258,
				 4495.310547 15193.600586 2566.330566,
				 4549.667480 15193.600586 2839.602783,
				 4108.844727 15193.600586 3499.340332,
				 3835.572998 15193.600586 3553.697021,
				 3562.300537 15193.600586 3499.341797,
				 3175.835693 15193.600586 3112.875977,
				 3121.477783 15193.600586 2839.602783,
				 3562.300293 15193.600586 2179.864258,
				 3835.572266 15193.600586 2125.507080,
				 3828.322266 16989.373047 4082.068848,
				 3856.489258 16989.373047 4223.667969,
				 3851.257568 15804.854492 3930.773438,
				 4711.752441 16989.373047 1966.766602,
				 4979.758789 16989.373047 2367.865723,
				 5073.869629 16989.373047 2840.996826,
				 5110.580566 16989.373047 2313.676758,
				 4839.890137 15804.854492 2425.083740,
				 5215.470703 16989.373047 2812.828125,
				 4922.576660 15804.854492 2818.576416,
				 3797.105469 16989.373047 1460.407593,
				 3804.444336 15804.854492 1752.427002,
				 2870.830322 16989.373047 1844.080322,
				 3825.270264 16989.373047 1602.006226,
				 2951.040771 16989.373047 1964.123779,
				 2450.487793 16989.373047 2872.925781,
				 2555.377930 16989.373047 3372.077393,
				 2825.559814 15804.854492 3259.443115,
				 2742.872559 15804.854492 2865.950684,
				 2592.089600 16989.373047 2844.759766,
				 2686.200928 16989.373047 3317.890137,
				 3973.632080 17376.271484 3988.962646,
				 4748.315430 17376.271484 2134.710205,
				 4895.028320 17376.271484 2402.673096,
				 4980.765137 17376.271484 2695.894775,
				 3680.810059 17376.271484 1694.760376,
				 3119.625488 17376.271484 1927.211182,
				 2684.989014 17376.271484 2989.367432,
				 2770.724854 17376.271484 3282.588623,
				 4108.895020 15535.212891 2179.742920,
				 4495.431641 15535.212891 2566.280273,
				 4549.798340 15535.212891 2839.602783,
				 4108.895508 15535.212891 3499.461670,
				 3835.572998 15535.212891 3553.828369,
				 3562.250488 15535.212891 3499.461670,
				 3175.713867 15535.212891 3112.926514,
				 3121.346680 15535.212891 2839.602783,
				 3562.250244 15535.212891 2179.744385,
				 3835.572266 15535.212891 2125.376709,
				 4288.669434 15197.149414 2839.602783,
				 4254.179199 15197.149414 3012.995850,
				 4288.669434 15531.665039 2839.602783,
				 4254.179199 15531.665039 3012.995850,
				 4008.965332 15197.149414 3258.209229,
				 4008.965332 15531.665039 3258.209229,
				 3835.572998 15197.149414 3292.698975,
				 3662.180176 15197.149414 3258.209229,
				 3835.572998 15531.665039 3292.698975,
				 3662.180176 15531.665039 3258.209229,
				 3382.476318 15197.149414 2839.602783,
				 3416.966309 15197.149414 2666.210938,
				 3382.476318 15531.665039 2839.602783,
				 3416.966309 15531.665039 2666.210938,
				 3662.179688 15197.149414 2420.995605,
				 3662.179688 15531.665039 2420.995605,
				 3835.572266 15197.149414 2386.505615,
				 4008.964600 15197.149414 2420.995605,
				 3835.572266 15531.665039 2386.505615,
				 4008.964600 15531.665039 2420.995605,
				 4708.022949 16754.095703 2839.602783,
				 4452.488281 16754.095703 3456.517090,
				 3835.572998 16754.095703 3712.051270,
				 3029.533936 16754.095703 3173.475586,
				 2963.122559 16754.095703 2839.602783,
				 3218.656494 16754.095703 2222.687256,
				 3835.572266 16754.095703 1967.152832,
				 4452.488281 16754.095703 2222.687256,
				 4641.611328 16754.095703 2505.728760,
				 4541.861816 16448.095703 2839.602783,
				 4488.099121 16448.095703 3109.887695,
				 3183.046143 16448.095703 3109.889160,
				 3129.282959 16448.095703 2839.602783,
				 3183.046143 16448.095703 2569.317627,
				 3336.150391 16448.095703 2340.179688,
				 4334.994629 16448.095703 2340.179688,
				 4488.099121 16448.095703 2569.317627,
				 3859.215332 17054.039063 4376.336426,
				 4000.249268 17483.626953 4170.867188,
				 5251.676270 17054.039063 2255.610596,
				 5063.277344 17483.626953 2333.325195,
				 5368.138672 17054.039063 2809.833740,
				 5162.669434 17483.626953 2669.032471,
				 3793.279785 17054.039063 1308.191284,
				 3653.187500 17483.626953 1513.271606,
				 2298.085449 17054.039063 2876.560791,
				 2414.548584 17054.039063 3430.785889,
				 2602.719727 17483.626953 3352.520996,
				 2503.327637 17483.626953 3016.817139,
				 2724.093506 17054.039063 3905.034912,
				 2769.817871 17483.626953 3660.183350,
				 4517.210449 15900.739258 1984.653442,
				 4517.043457 16754.095703 1984.234009,
				 4922.534668 15900.870117 2963.173584,
				 4839.521484 15900.810547 3255.556152,
				 4922.185059 16754.095703 2962.740234,
				 4839.555664 16754.095703 3255.506348,
				 4690.976074 15900.794922 3520.978271,
				 4690.976074 16754.095703 3520.978271,
				 3152.687012 15901.155273 3697.448975,
				 3154.352051 16754.095703 3694.776855,
				 2746.540771 15901.024414 2716.908691,
				 2831.560791 15900.779297 2423.507324,
				 2749.079834 16754.095703 2716.775146,
				 2831.361084 16754.095703 2423.796631,
				 2980.168457 15900.794922 2158.226074,
				 2980.168945 16754.095703 2158.226074,
				 4525.548828 17094.423828 3125.395264,
				 4588.326172 17094.423828 2921.461182,
				 4425.735352 17094.423828 3313.989990,
				 4641.792480 17094.423828 3173.569824,
				 4701.545898 17094.421875 3001.156006,
				 4562.135254 17094.423828 3337.745361,
				 3732.435547 17094.423828 3647.503174,
				 3753.717041 17094.423828 3592.352295,
				 3337.249268 17094.423828 3483.788818,
				 3337.522217 17094.423828 3566.110352,
				 3145.606445 17094.423828 2553.807373,
				 3082.828613 17094.423828 2757.744141,
				 3245.419434 17094.423828 2365.213135,
				 3938.693604 17094.423828 2031.716553,
				 3917.437256 17094.423828 2086.852539,
				 4333.932617 17094.423828 2195.430664,
				 4333.763672 17094.423828 2113.067139,
				 4686.898926 13388.330078 3192.233398,
				 5149.846680 11891.041992 3064.184326,
				 5022.623047 11891.041992 3385.508545,
				 5149.846680 11735.547852 3064.184326,
				 5022.623047 11735.547852 3385.508545,
				 5149.846680 12457.235352 3064.184326,
				 5022.623047 12457.235352 3385.508545,
				 5149.846680 12301.739258 3064.184326,
				 5022.623047 12301.739258 3385.508545,
				 4326.481445 17150.865234 2839.602783,
				 4289.112793 17150.865234 3027.466553,
				 3382.032471 17150.865234 3027.466553,
				 3344.663330 17150.865234 2839.602783,
				 3382.031982 17150.865234 2651.739746,
				 4289.113281 17150.865234 2651.739746,
				 4242.965332 17150.865234 2839.602783,
				 4211.954590 17150.865234 2995.504883,
				 3459.191162 17150.865234 2995.504883,
				 3428.179688 17150.865234 2839.602783,
				 3459.190674 17150.865234 2683.700928,
				 4211.954590 17150.865234 2683.700928,
				 4242.967773 15662.492188 2839.602783,
				 4211.958008 15662.491211 2995.502686,
				 3459.191162 15662.492188 2995.509277,
				 3428.181152 15662.491211 2839.604248,
				 3459.193359 15662.491211 2683.695801,
				 4211.954590 15662.492188 2683.699463,
				 5122.449707 13204.545898 2306.559326,
				 5232.691406 13047.522461 2849.774414,
				 5138.346680 13047.522461 3411.022705,
				 5252.990723 11596.730469 1798.798218,
				 5319.236328 11525.025391 1958.728882,
				 5346.675781 11351.918945 2024.973999,
				 5319.236328 11178.812500 1958.728882,
				 5357.977539 11560.649414 1755.313110,
				 5414.458984 11499.512695 1891.671753,
				 5437.854980 11351.918945 1948.153564,
				 5414.458984 11204.326172 1891.671753,
				 5357.977539 11143.189453 1755.313110,
				 5357.977539 11351.918945 1755.313110,
				 5299.186523 11954.727539 2233.353271,
				 5299.186523 11668.655273 2233.353271,
				 5366.551758 11481.782227 2072.958740,
				 2033.059570 11525.025391 2945.166992,
				 2099.305176 11596.730469 3105.097412,
				 1994.318726 11560.649414 3148.585449,
				 1937.837280 11499.512695 3012.226318,
				 2165.550781 11525.025391 3265.029297,
				 2050.800537 11499.512695 3284.943604,
				 2192.990234 11351.920898 3331.273193,
				 2074.196289 11351.920898 3341.425781,
				 2165.550781 11178.812500 3265.029297,
				 2050.800537 11204.326172 3284.943604,
				 2099.305420 11107.107422 3105.097412,
				 1994.318726 11143.189453 3148.585449,
				 2033.059570 11178.812500 2945.166992,
				 1937.837280 11204.326172 3012.226318,
				 2005.619995 11351.918945 2878.922363,
				 1914.441772 11351.918945 2955.744873,
				 1994.318726 11351.918945 3148.585449,
				 2371.958740 13204.545898 3445.850098,
				 2251.368408 13047.522461 2839.602783,
				 5419.776367 12523.014648 2839.602783,
				 2445.496826 13047.522461 2846.433838,
				 5122.449707 13047.522461 2306.559326,
				 5419.776367 12232.874023 2839.602783,
				 5419.776367 11954.727539 2839.602783,
				 5419.776367 11668.655273 2839.602783,
				 3149.045166 11378.124023 659.006836,
				 3136.390137 11475.474609 206.026520,
				 2987.114258 11537.700195 430.459290,
				 2467.286621 11475.474609 483.177094,
				 2295.292480 11374.793945 291.327789,
				 3115.063721 11610.015625 154.539902,
				 2965.787842 11672.239258 378.975250,
				 2273.966553 11509.333984 239.840805,
				 2259.926025 11408.651367 -17.435207,
				 3380.284668 11784.824219 169.882492,
				 3132.418457 11888.144531 542.544373,
				 1983.680298 11617.646484 311.519836,
				 1960.367065 11450.469727 -115.677361,
				 3315.084717 12633.991211 -135.595413,
				 3043.859375 12747.048828 272.184601,
				 2579.496826 12747.048828 464.529327,
				 1761.354248 12268.127930 -448.064911,
				 3090.574463 12946.057617 -304.161774,
				 2878.262939 13034.558594 15.044510,
				 2514.765869 13034.558594 165.611359,
				 2138.926270 12946.057617 90.024712,
				 2952.455566 12913.534180 -331.938354,
				 2788.365234 12981.934570 -85.231102,
				 2507.427246 12981.934570 31.137505,
				 2216.949951 12913.534180 -27.281342,
				 2027.886719 12802.860352 -238.172272,
				 2176.543701 12623.789063 -767.687134,
				 2457.481934 12623.789063 -884.054993,
				 2747.958984 12692.188477 -825.636658,
				 2937.022217 12802.860352 -614.746704,
				 3078.116943 12120.782227 -28.565495,
				 2914.026367 12189.181641 218.140289,
				 2153.547852 12010.110352 65.202408,
				 2138.114014 11899.435547 -217.607574,
				 2302.205078 11831.036133 -464.312622,
				 3062.682861 12010.110352 -311.374390,
				 3080.084717 12846.130859 359.638794,
				 2615.721680 12846.130859 551.985718,
				 2914.488281 13133.639648 102.499428,
				 2550.990723 13133.639648 253.064453,
				 1994.805176 12699.920898 427.112457,
				 2034.363403 13011.986328 149.165451,
				 2926.262695 13187.842773 -432.057220,
				 2756.353271 13258.668945 -176.602768,
				 2815.728271 13161.814453 -454.288391,
				 2684.409912 13216.555664 -256.853668,
				 2465.453125 13258.668945 -56.108078,
				 2164.675537 13187.842773 -116.599106,
				 2459.580566 13216.555664 -163.725449,
				 2227.116455 13161.814453 -210.478073,
				 1968.908447 13073.246094 -334.966064,
				 2075.812744 13073.246094 -379.248077,
				 2419.610107 12929.937500 -896.137146,
				 2652.073730 12984.675781 -849.385071,
				 3349.846680 13388.328125 3330.407959,
				 2372.937500 11954.727539 3445.446777,
				 2372.937500 11668.655273 3445.446777,
				 2372.937744 10873.503906 3445.446777,
				 4955.774902 15206.601563 3959.803711,
				 4441.821289 15206.601563 4303.216309,
				 3835.573486 15206.601563 4423.807129,
				 3229.324219 14251.370117 4303.216309,
				 2715.371094 13544.763672 3959.803711,
				 4955.775391 12523.014648 3959.803711,
				 4441.821777 12523.014648 4303.216309,
				 3835.572998 12523.014648 4423.807129,
				 3229.323486 12523.014648 4303.216309,
				 2715.370605 12523.014648 3959.803711,
				 4955.775879 12232.874023 3959.805176,
				 4441.821777 12232.874023 4303.216309,
				 3835.572998 12232.874023 4423.807129,
				 3229.323486 12232.874023 4303.216309,
				 2715.370605 12232.874023 3959.803711,
				 4955.775391 11954.727539 3959.803711,
				 4441.821777 11954.727539 4303.216309,
				 3835.572998 11954.727539 4423.807129,
				 3229.323486 11954.727539 4303.216309,
				 2715.370605 11954.727539 3959.803711,
				 4955.775879 11668.655273 3959.805176,
				 4441.821777 11668.655273 4303.216309,
				 3835.572754 11668.655273 4423.807129,
				 3229.323486 11668.655273 4303.216309,
				 2715.370605 11668.655273 3959.803711,
				 3229.323486 10873.503906 4303.216309,
				 2715.370361 10873.503906 3959.803711,
				 4186.712891 13388.330078 3687.329834,
				 4487.149414 13790.302734 3491.180176,
				 4687.216797 14884.544922 3691.248291,
				 4687.216797 13790.302734 3691.248291,
				 4839.548340 15206.601563 3870.505615,
				 4385.296387 15206.601563 4166.751465,
				 3854.614990 15206.601563 4278.478516,
				 3318.427979 14251.370117 4164.857910,
				 2854.853271 13544.763672 3834.705811,
				 3835.572998 13047.522461 4232.509277,
				 3318.427979 13047.522461 4164.857910,
				 2854.853271 13047.522461 3834.705811,
				 4098.653809 13047.522461 2201.584473,
				 4323.588867 13047.522461 2354.327881,
				 4322.189941 13047.522461 3325.374512,
				 3834.976563 13047.522461 3527.186035,
				 3579.159912 13047.522461 3493.719971,
				 3349.846680 13047.522461 3330.407959,
				 3347.762939 13047.522461 2350.948975,
				 3571.297363 13047.522461 2201.585938,
				 3834.976074 13047.522461 2149.139893,
				 4098.653809 13388.328125 2201.584473,
				 4323.588867 13388.328125 2354.327881,
				 4322.189941 13388.328125 3325.374512,
				 4097.486816 13388.328125 3471.918945,
				 3834.976563 13388.328125 3527.186035,
				 3579.159912 13388.328125 3493.719971,
				 3347.762939 13388.328125 2350.948975,
				 3571.297363 13388.328125 2201.585938,
				 3834.976074 13388.328125 2149.139893,
				 4187.490723 13388.330078 1989.025391,
				 4486.936035 13388.330078 2190.740234,
				 4486.002930 13388.330078 3489.747314,
				 3835.372070 13388.330078 3759.249512,
				 3186.130127 13388.330078 3493.103271,
				 3184.740723 13388.330078 2188.486816,
				 3483.251953 13388.330078 1989.025391,
				 3835.371094 13388.330078 1918.986328,
				 4208.552246 15804.854492 1939.150635,
				 4208.552246 15535.212891 1939.150635,
				 4524.749023 15535.212891 2150.426270,
				 4521.490234 15804.854492 3531.230957,
				 4205.292480 15804.854492 3742.505615,
				 3462.593506 15804.854492 3740.055664,
				 3141.933350 15804.854492 2149.972412,
				 3458.130127 15804.854492 1938.696899,
				 4524.749023 15535.212891 3528.778320,
				 4208.552246 15535.212891 3740.053467,
				 3835.572754 15535.212891 3814.245605,
				 3462.593506 15535.212891 3740.055664,
				 3146.396484 15535.212891 3528.780518,
				 3146.395752 15535.212891 2150.426270,
				 3462.592773 15535.212891 1939.150635,
				 3835.572266 15535.212891 1864.959961,
				 4169.444824 16754.095703 2033.563721,
				 4524.749023 16754.095703 3528.778320,
				 4208.552246 16754.095703 3740.055664,
				 3501.700928 16754.095703 3645.640625,
				 3146.396240 16754.095703 2150.426270,
				 3462.592773 16754.095703 1939.150635,
				 4436.164551 15193.600586 2239.009277,
				 4620.284668 15193.600586 2514.564209,
				 4436.165527 15193.600586 3440.195557,
				 3234.979980 15193.600586 3440.195557,
				 3050.861084 15193.600586 3164.642578,
				 3234.979980 15193.600586 2239.010742,
				 4487.148438 13790.302734 2188.025146,
				 3183.996582 13790.302734 3491.180176,
				 3183.995850 13790.302734 2188.027344,
				 4687.216309 14884.544922 1987.956787,
				 4687.216309 13790.302734 1987.956787,
				 4948.299805 14884.544922 3300.507568,
				 4948.299805 13790.302734 3300.507568,
				 2983.928955 14884.544922 3691.248291,
				 2983.928955 13790.302734 3691.248291,
				 2722.846191 14884.544922 2378.696533,
				 2983.928467 14884.544922 1987.958984,
				 2983.928467 13790.302734 1987.958984,
				 2722.846191 13790.302734 2378.696533,
				 4340.513672 15193.600586 2334.662598,
				 4495.310547 15193.600586 3112.874512,
				 4340.514648 15193.600586 3344.544189,
				 3330.631348 15193.600586 3344.544189,
				 3175.834961 15193.600586 2566.330566,
				 3330.630859 15193.600586 2334.662598,
				 4702.551270 16989.373047 3719.949707,
				 4301.451660 16989.373047 3987.956543,
				 4782.762695 16989.373047 3839.994385,
				 4355.640625 16989.373047 4118.777832,
				 4244.751953 15804.854492 3848.088135,
				 4581.462402 15804.854492 3628.314453,
				 4831.795410 16989.373047 1886.556274,
				 4620.116211 15804.854492 2088.370605,
				 3297.953613 16989.373047 1565.295898,
				 3410.950439 15804.854492 1835.112061,
				 3074.239014 15804.854492 2054.887207,
				 3352.140625 16989.373047 1696.116455,
				 2834.163818 16989.373047 3799.199707,
				 3045.333252 15804.854492 3596.156250,
				 2954.207520 16989.373047 3718.990479,
				 4534.816895 17376.271484 3756.511719,
				 4266.853027 17376.271484 3903.226563,
				 3387.588623 17376.271484 1780.494873,
				 2917.439697 17376.271484 3550.551514,
				 4340.606934 15535.212891 2334.567383,
				 4495.431641 15535.212891 3112.924316,
				 4340.606934 15535.212891 3344.635010,
				 3330.538818 15535.212891 3344.637207,
				 3175.713623 15535.212891 2566.280273,
				 3330.538330 15535.212891 2334.569824,
				 4155.959961 15197.149414 2519.214355,
				 4254.179199 15197.149414 2666.209473,
				 4155.959961 15531.665039 2519.214355,
				 4254.179199 15531.665039 2666.209473,
				 4155.960449 15197.149414 3159.989502,
				 4155.960449 15531.665039 3159.989502,
				 3515.185059 15197.149414 3159.989502,
				 3416.966064 15197.149414 3012.995850,
				 3515.185059 15531.665039 3159.989502,
				 3416.966064 15531.665039 3012.995850,
				 3515.184814 15197.149414 2519.214355,
				 3515.184814 15531.665039 2519.214355,
				 4169.445313 16754.095703 3645.640625,
				 3218.657715 16754.095703 3456.517090,
				 3501.700195 16754.095703 2033.563721,
				 4334.994629 16448.095703 3339.024170,
				 4105.858398 16448.095703 3492.128662,
				 3835.572754 16448.095703 3545.891113,
				 3565.287842 16448.095703 3492.130127,
				 3336.150391 16448.095703 3339.024170,
				 3565.287598 16448.095703 2187.076660,
				 3835.572266 16448.095703 2133.312500,
				 4105.857422 16448.095703 2187.076660,
				 4887.688477 17054.039063 3950.328369,
				 4413.440430 17054.039063 4259.873535,
				 4643.615234 17483.626953 3904.376709,
				 4335.955078 17483.626953 4071.477051,
				 4942.131836 17054.039063 1781.362183,
				 4896.178711 17483.626953 2025.665527,
				 3239.054688 17054.039063 1424.656006,
				 3317.482178 17483.626953 1612.663452,
				 2764.805176 17054.039063 1734.200073,
				 3009.821045 17483.626953 1779.762451,
				 4251.485352 15900.782227 1835.707520,
				 4251.448730 16754.095703 1835.701660,
				 3958.627686 15900.794922 1752.935181,
				 3958.627686 16754.095703 1752.935181,
				 3712.517822 15900.794922 3926.269775,
				 3419.991699 15900.809570 3843.899170,
				 3712.517822 16754.095703 3926.271973,
				 3419.550293 16754.095703 3843.818115,
				 4643.459473 17094.423828 2942.724365,
				 4479.755371 17094.423828 3337.950684,
				 3549.781982 17094.421875 3529.573975,
				 3361.187744 17094.421875 3429.758545,
				 3501.579102 17094.423828 3645.915527,
				 3674.016357 17094.423828 3705.623535,
				 3027.691895 17094.423828 2736.481934,
				 3191.376221 17094.423828 2341.265381,
				 2969.640137 17094.423828 2678.151123,
				 3108.972168 17094.423828 2341.482422,
				 4121.372559 17094.423828 2149.630859,
				 4309.967773 17094.423828 2249.445068,
				 4169.534668 17094.423828 2033.416504,
				 3997.089111 17094.423828 1973.614136,
				 3482.942139 13388.330078 3690.926270,
				 4750.463867 11891.041992 3792.827637,
				 4343.145020 11891.041992 4064.989502,
				 3862.679932 11891.041992 4160.558105,
				 3382.216064 11891.041992 4064.989502,
				 3065.043457 11891.041992 3927.740479,
				 4750.463867 11735.547852 3792.827637,
				 4343.145020 11735.547852 4064.989502,
				 3862.679932 11735.547852 4160.558105,
				 3382.216064 11735.547852 4064.989502,
				 3065.043457 11735.547852 3927.740479,
				 4750.463867 12457.235352 3792.827637,
				 4343.145020 12457.235352 4064.989502,
				 3862.679932 12457.235352 4160.558105,
				 3382.216064 12457.235352 4064.989502,
				 3065.043457 12457.235352 3927.740479,
				 4750.463867 12301.739258 3792.827637,
				 4343.145020 12301.739258 4064.989502,
				 3862.679932 12301.739258 4160.558105,
				 3382.216064 12301.739258 4064.989502,
				 3065.043457 12301.739258 3927.740479,
				 4097.486816 13047.522461 3471.918945,
				 4182.697266 17150.865234 3186.726318,
				 4023.435547 17150.865234 3293.143066,
				 3835.572266 17150.865234 3330.511719,
				 3647.710449 17150.865234 3293.143066,
				 3488.448242 17150.865234 3186.728516,
				 3488.448242 17150.865234 2492.477783,
				 3647.709961 17150.865234 2386.061279,
				 3835.572266 17150.865234 2348.692627,
				 4023.435059 17150.865234 2386.061279,
				 4182.697266 17150.865234 2492.477783,
				 4123.643066 17150.865234 3127.672852,
				 3991.475342 17150.865234 3215.982910,
				 3835.572266 17150.865234 3246.995605,
				 3679.670166 17150.865234 3215.985107,
				 3547.502686 17150.865234 3127.672852,
				 3547.502197 17150.865234 2551.532959,
				 3679.670166 17150.865234 2463.221191,
				 3835.572266 17150.865234 2432.208984,
				 3991.475342 17150.865234 2463.221191,
				 4123.643066 17150.865234 2551.532959,
				 4123.645508 15662.491211 3127.670654,
				 3991.476074 15662.491211 3215.982910,
				 3835.570557 15662.492188 3246.995605,
				 3679.667969 15662.492188 3215.985107,
				 3547.502197 15662.492188 3127.672852,
				 3547.502686 15662.492188 2551.530762,
				 3679.669434 15662.491211 2463.221191,
				 3835.576416 15662.491211 2432.208984,
				 3991.481201 15662.491211 2463.219727,
				 4123.645508 15662.492188 2551.529297,
				 4368.613770 13047.522461 1552.725830,
				 4823.334961 13047.522461 1861.499878,
				 2548.695557 13047.522461 2306.559326,
				 2850.639404 13047.522461 1854.670654,
				 3302.530518 13047.522461 1552.725830,
				 3835.572266 13047.522461 1446.697021,
				 4820.505371 13047.522461 3824.534180,
				 4366.253906 13047.522461 4120.779785,
				 2850.639404 13521.864258 1854.670654,
				 3302.530518 13521.864258 1552.725830,
				 3835.572266 13521.864258 1446.697021,
				 2778.643311 11378.124023 812.432068,
				 2731.539551 11537.700195 536.322693,
				 2710.213379 11672.239258 484.836823,
				 2445.960693 11610.015625 431.691589,
				 2708.048584 11888.144531 718.322937,
				 2269.269531 11784.824219 630.079651,
				 2099.366943 12633.991211 367.971344,
				 2633.088623 12189.181641 334.509979,
				 2342.610840 12120.782227 276.091492,
				 2583.143066 11831.036133 -580.681213,
				 2873.619873 11899.435547 -522.264587,
				 3430.840820 12699.920898 -167.712723,
				 3206.330811 13011.986328 -336.279053,
				 2194.780029 12929.937500 -803.008972,
				 2803.376953 13073.246094 -680.615051,
				 4694.511719 13388.328125 3215.550537,
				 3494.047363 13388.328125 3712.801025,
				 3029.266602 17094.423828 2505.679199,
				 3835.573730 15662.491211 2839.602783,
				 2608.115723 12010.110352 -123.086716,
				 7488.560547 5737.699707 3391.020020,
				 7488.559570 2481.926514 3391.020020,
				 7488.559570 3538.620361 3391.020020,
				 7488.559570 3979.264160 3391.020020,
				 7488.560547 4458.778809 3391.020020,
				 7488.559570 4878.310059 3391.020020,
				 7779.609863 3979.263916 3500.561279,
				 7779.609863 3538.619141 3500.561279,
				 7779.608398 4878.310059 3500.561279,
				 7779.609375 4458.778809 3500.561279,
				 7488.556641 5737.699707 2288.474121,
				 7696.041016 5737.699219 2839.747559,
				 7488.557617 2481.925781 2288.475586,
				 7696.040527 2481.926514 2839.745361,
				 7696.041016 3538.620361 2839.745361,
				 7488.557617 3538.620361 2288.475586,
				 7488.557617 3979.264160 2288.475586,
				 7696.041016 3979.264648 2839.745361,
				 7696.041016 4458.778809 2839.745361,
				 7488.557617 4458.778809 2288.475586,
				 7696.041016 4878.310059 2839.745361,
				 7488.556641 4878.310059 2288.475586,
				 7779.607910 3979.264160 2178.931152,
				 7987.090820 3979.264160 2839.743164,
				 7987.090820 3538.619873 2839.743164,
				 7779.607910 3538.620361 2178.931152,
				 7987.089355 4878.310059 2839.743164,
				 7987.089355 4458.778809 2839.743164,
				 7779.606445 4878.310059 2178.931152,
				 7779.606934 4458.778809 2178.931152,
				 3835.220459 5737.699219 5565.470215,
				 6353.460449 5737.698242 3882.837891,
				 3835.218750 5737.698242 114.023911,
				 2499.222656 5737.697754 -385.632690,
				 6353.458008 5737.699219 1796.659912,
				 2495.596191 5737.697754 -794.089661,
				 4501.457520 5737.697754 -795.712463,
				 4501.457520 2948.695313 -795.712463,
				 1530.024292 2481.926514 263.491852,
				 699.933533 3094.976563 281.073212,
				 697.522827 5095.659668 282.072021,
				 2499.222656 2481.926514 -385.632690,
				 2495.594238 2481.925781 -794.096436,
				 2792.130127 2481.926514 5357.984863,
				 3835.220459 2481.925781 5565.470215,
				 6353.460449 2481.926514 3882.837891,
				 4878.310059 2481.925781 5357.984863,
				 5762.599121 2481.926514 4767.126953,
				 5129.540039 2481.925781 5190.119629,
				 1474.274780 5737.697754 263.491852,
				 3835.217285 2481.926514 114.024643,
				 3511.649414 5737.697754 -1022.199707,
				 6171.006348 2481.926514 4155.901367,
				 0.000728 5737.700684 263.491852,
				 6353.458008 2481.926514 1796.659912,
				 5762.596191 2481.926514 912.371948,
				 4878.309570 2481.926514 321.512115,
				 3511.647705 2481.925781 -1022.208496,
				 5762.596191 5737.697754 912.373413,
				 4878.310059 5737.698242 321.511383,
				 -0.000234 2481.926514 263.491852,
				 -0.000229 5095.657715 276.704163,
				 -0.000254 3094.975342 280.067810,
				 5762.599609 5737.698730 4767.126953,
				 4878.310059 5737.698242 5357.984863,
				 2792.130615 5737.698242 5357.984863,
				 4878.310059 3547.368652 5357.984863,
				 5482.639160 5737.700195 4954.189453,
				 6353.460449 3883.157471 3882.837891,
				 5917.756836 5737.699707 4534.917969,
				 1530.024292 1862.410156 114.024643,
				 3835.217285 1862.410156 114.024643,
				 4878.309570 1862.410156 321.512115,
				 3835.217285 567.232178 114.024643,
				 1529.967163 567.232178 114.026833,
				 -0.000232 1862.410156 114.023911,
				 -0.000226 567.233643 114.026108,
				 4878.310059 567.232178 321.512115,
				 -0.000221 -1309.309570 -925.361206,
				 1623.858521 8024.435059 5192.137695,
				 0.000674 8024.435059 5192.140625,
				 791.003784 -6088.109863 -1150.746216,
				 2007.451782 -6088.108398 -919.511292,
				 3719.882568 -6088.108398 -241.198334,
				 -0.000304 -6088.109863 -1181.517944,
				 918.546082 -4983.968750 -1606.077881,
				 2134.795898 -4983.968750 -1374.000488,
				 3967.702881 -4983.968750 -636.614685,
				 -0.000268 -4983.970215 -1656.073364,
				 -0.000250 -4178.051270 -1656.073364,
				 2516.088379 -6088.109863 3893.742432,
				 4491.417969 -6088.108398 3051.448730,
				 4743.000488 -6088.109863 697.782715,
				 5034.923340 -6088.109863 2103.032471,
				 1850.636353 -6088.109863 4013.033691,
				 3419.212402 -6088.101074 3670.598145,
				 1286.757568 1862.410156 5955.007813,
				 -0.000225 1862.410156 6124.777344,
				 1286.757568 567.232178 5955.007813,
				 -0.000200 567.232178 6124.777344,
				 859.431152 -18388.013672 2399.362793,
				 657.781189 -18663.052734 2699.808105,
				 859.431091 -17739.156250 1690.573242,
				 930.241699 -18063.583984 2044.968384,
				 778.311096 -18547.667969 2365.912354,
				 595.694458 -18796.740234 2637.997559,
				 778.311096 -17960.046875 1724.024414,
				 842.437805 -18253.855469 2044.968384,
				 355.990265 -18846.830078 2900.556641,
				 322.389099 -18963.171875 2819.799561,
				 -0.000169 -19021.613281 2883.636475,
				 -0.000228 -17215.808594 1118.884644,
				 355.989471 -17280.343750 1189.378540,
				 657.780945 -17464.117188 1390.129272,
				 -0.000244 -17486.099609 1206.296143,
				 322.388367 -17544.546875 1270.135132,
				 595.694153 -17710.974609 1451.937744,
				 -0.000146 -18911.363281 2971.051758,
				 641.749023 -17314.347656 2309.600342,
				 641.749023 -17314.347656 1780.336670,
				 694.623962 -17314.347656 2044.968384,
				 491.174377 -17314.349609 2533.946533,
				 265.822937 -17314.353516 2683.846680,
				 -0.000218 -17314.353516 2736.485596,
				 -0.000215 -17314.347656 1353.450073,
				 265.822449 -17314.347656 1406.087524,
				 491.173920 -17314.347656 1555.989746,
				 -0.000257 -17314.347656 2044.968384,
				 1735.184937 -11786.632813 2029.687866,
				 1712.919434 -11846.041992 2279.584961,
				 3045.628418 -8175.717773 2279.584961,
				 2985.875000 -8175.717773 1885.394531,
				 1735.185181 -11786.627930 2529.479736,
				 2985.875000 -8175.717773 2673.778564,
				 1771.990479 -11998.285156 2626.220703,
				 1771.990234 -11998.288086 1932.946533,
				 1917.987915 -12227.435547 2279.584961,
				 3472.785889 -7817.419434 2898.779785,
				 3472.785889 -7817.419434 1660.389648,
				 3758.915771 -7817.419434 2279.582764,
				 5762.596191 1862.410156 912.371948,
				 5762.596191 567.232178 912.371948,
				 1252.259521 -1312.173462 4809.473145,
				 1065.612793 -6791.119629 5181.942383,
				 1065.612793 -6095.593750 5181.942383,
				 1383.038452 -6791.119629 5181.942383,
				 1650.026367 -7200.672363 4801.156250,
				 1650.026367 -6091.876465 4801.156250,
				 1383.038452 -6095.593750 5181.942383,
				 1895.659302 -8253.826172 4013.033691,
				 -0.000066 -6934.786133 5653.991699,
				 403.395630 -6933.327637 5658.238770,
				 -0.000263 -6095.644531 5653.991699,
				 403.395630 -6095.644531 5658.238770,
				 -0.000244 -1315.034058 5456.713867,
				 306.150635 -1315.026733 5459.926758,
				 875.105225 -1314.992310 5209.530273,
				 1618.034668 -14415.382813 2279.588623,
				 1348.541138 -16212.749023 2279.592041,
				 1494.869385 -14415.379883 2898.783447,
				 1494.869385 -14415.382813 1660.393677,
				 3472.785889 -6088.109863 2898.779785,
				 2657.956543 -6088.109863 3423.702148,
				 3472.785889 -6088.109863 1660.389648,
				 3758.915771 -6088.109863 2279.582764,
				 1245.889404 -16212.749023 2795.655273,
				 1245.889648 -16212.747070 1763.529541,
				 953.562866 -16212.747070 1326.031250,
				 2657.954346 -6088.109863 1135.462158,
				 1144.123779 -14415.382813 1135.465454,
				 1356.223145 -11998.288086 1135.462158,
				 2864.359863 -7817.419434 1135.462158,
				 1185.414917 -13944.815430 1135.462158,
				 1491.639404 -9843.407227 4013.033691,
				 1356.223633 -11998.288086 3774.461426,
				 2657.956543 -7817.419434 3423.702148,
				 610.544983 -13133.171875 4013.033691,
				 1011.457458 -12338.679688 4013.033691,
				 1308.130005 -11229.667969 4013.033691,
				 -0.000029 -13752.997070 4013.033691,
				 1144.124146 -14415.379883 3423.708008,
				 619.196411 -14415.379883 3774.461426,
				 -0.000250 -14415.379883 3897.625977,
				 2374.219727 -7817.419434 3774.461426,
				 953.563110 -16212.749023 3233.153076,
				 516.065796 -16212.749023 3525.479980,
				 -0.000241 -16212.747070 3628.133057,
				 419.710297 -8937.162109 722.830078,
				 895.495483 -10196.123047 1015.331299,
				 -0.000262 -8937.162109 722.830078,
				 -0.000291 -7817.419434 661.549561,
				 1438.475342 -7817.419434 784.716309,
				 775.522095 -10196.123047 474.858063,
				 1013.267761 -11419.926758 309.168549,
				 1170.020630 -11419.926758 1015.331299,
				 1096.753174 -12860.157227 250.986435,
				 1266.421021 -12860.157227 1015.331299,
				 1013.267761 -13445.163086 309.168549,
				 1170.020630 -13445.164063 1015.331299,
				 775.522095 -13941.101563 474.857330,
				 895.495483 -13941.101563 1015.330566,
				 535.034058 -9298.402344 642.458313,
				 447.748566 -13941.101563 79.204956,
				 -0.000101 -13944.815430 661.549561,
				 516.064941 -16212.747070 1033.705811,
				 -0.000080 -13941.109375 -65.616280,
				 636.458984 -13944.815430 784.717773,
				 -0.000296 -6088.109863 661.551025,
				 1438.475342 -6088.109863 784.716309,
				 447.748505 -10196.123047 79.203499,
				 585.011108 -11419.926758 -207.778610,
				 633.211426 -12860.157227 -308.553802,
				 585.011108 -13445.163086 -207.778610,
				 619.195984 -14415.382813 784.719604,
				 -0.000098 -9298.402344 430.327057,
				 242.320526 -9298.402344 508.704132,
				 -0.000056 -10196.123047 -65.616280,
				 -0.000144 -11419.928711 -396.995148,
				 -0.000287 -12860.157227 -513.360107,
				 -0.000288 -13445.164063 -396.992218,
				 -0.000295 -14415.379883 661.554688,
				 -0.000249 -16212.749023 931.052612,
				 2664.560059 -5832.471680 3773.841064,
				 3350.730225 -5678.850586 3558.092773,
				 3639.286865 -5926.286133 2901.955811,
				 3675.583496 -5832.471680 1405.930054,
				 3963.272217 -5832.471680 2175.005615,
				 3639.286865 -4646.336914 2901.955811,
				 3675.583496 -4646.338379 1405.930054,
				 3963.272217 -4646.338379 2175.005615,
				 4273.081055 -5678.854980 2972.730713,
				 4465.913574 -5678.856445 959.680969,
				 4757.205078 -5678.856445 2093.160400,
				 4273.081055 -4646.336914 2972.730713,
				 4465.913574 -4646.338379 959.680969,
				 4757.205078 -4646.338379 2093.160400,
				 2877.075439 -5926.286133 3443.634766,
				 -0.000323 -5832.474609 160.903656,
				 1548.089722 -5832.471680 348.003998,
				 2818.227539 -5832.471680 762.916077,
				 2877.075439 -4646.336914 3443.634766,
				 -0.000298 -4646.338379 160.903656,
				 1548.089722 -4646.341309 348.003998,
				 2818.227539 -4646.341309 762.916077,
				 2664.560059 -4646.336914 3773.841064,
				 3350.730225 -4646.333984 3558.092773,
				 728.887024 -4646.338379 -665.785950,
				 1902.107666 -4646.338379 -442.044189,
				 3478.961182 -4646.338379 124.720551,
				 -0.000230 -4646.338379 -742.712463,
				 728.887024 -5678.856445 -665.785950,
				 1902.107666 -5678.856445 -442.044189,
				 3478.961182 -5678.856445 124.720551,
				 -0.000304 -5678.854980 -742.713196,
				 5671.833984 9888.248047 4676.305664,
				 3835.259766 9888.246094 5437.033691,
				 3835.220459 9569.516602 5565.470215,
				 3835.220459 7996.995117 5565.470215,
				 6067.114746 10103.510742 4940.421387,
				 6172.746582 9690.868164 5041.179199,
				 3738.988770 9690.898438 6049.258789,
				 3735.498535 8024.435059 6066.809570,
				 6898.832520 10103.496094 2932.473877,
				 6665.632324 10103.502930 4012.107910,
				 6817.464355 9692.041992 4075.036133,
				 7044.744629 9690.860352 2935.978027,
				 7062.276855 8024.434570 2939.467041,
				 6560.941895 5737.697266 2839.745361,
				 6816.635254 8024.434570 4074.689941,
				 4829.206543 9888.246094 5239.327148,
				 5762.600586 9569.516602 4767.126953,
				 4878.310059 9569.516602 5357.984863,
				 5762.600586 7996.995117 4767.126953,
				 4878.310059 7996.995117 5357.984863,
				 6187.612793 8024.435059 5051.110352,
				 2599.933838 9692.082031 5821.981445,
				 1633.800049 9690.906250 5177.258301,
				 2600.277344 8024.435059 5821.161621,
				 6720.159668 9503.385742 2049.676758,
				 6720.159668 6704.551270 2049.676758,
				 1318.665405 9569.516602 3882.141602,
				 1907.842163 9569.516602 4767.125000,
				 773.290344 10103.496094 2746.321045,
				 627.379211 9690.860352 2742.816895,
				 6462.201660 6704.551270 1426.910400,
				 6560.941895 9569.515625 2839.745361,
				 6560.941895 7996.994629 2839.745361,
				 3928.006348 10103.507813 -223.837631,
				 3931.454834 9690.867188 -369.774780,
				 3934.943115 8024.434570 -387.311035,
				 1006.371643 10103.517578 1666.883423,
				 854.570923 9692.047852 1603.980469,
				 855.354797 8024.434570 1604.313721,
				 3710.859619 10165.127930 -382.971771,
				 3688.296143 9712.910156 -624.603027,
				 3682.969482 5737.698242 -651.380798,
				 6462.201660 9503.385742 1426.911865,
				 1907.842163 7996.995117 4767.125000,
				 5762.595215 9569.516602 912.373413,
				 1603.165039 10103.541016 739.427612,
				 1497.439331 9690.882813 638.716919,
				 1907.841797 5737.696289 912.371216,
				 1318.664307 5737.697266 1795.962769,
				 1644.441895 10308.745117 472.994476,
				 5007.639648 10103.502930 9.362459,
				 5935.950684 10103.496094 607.877502,
				 2591.061768 10170.561523 -164.025391,
				 1482.558472 8024.434570 628.794373,
				 1489.447144 9712.925781 286.198486,
				 5762.596191 7996.995117 912.373413,
				 6036.647949 9690.860352 502.225281,
				 5070.505859 9692.041992 -142.493668,
				 6046.580078 8024.435059 487.360535,
				 5070.163574 8024.435059 -141.662888,
				 2498.694336 9714.717773 -386.894348,
				 9350.174805 7190.839355 796.450134,
				 11343.230469 7637.290527 -29.101440,
				 7821.742676 6764.063965 1578.506104,
				 8223.340820 6764.063965 1412.155640,
				 7821.744141 6408.879395 1578.506836,
				 8223.343750 6408.879395 1412.158569,
				 9209.311523 6764.063965 854.796631,
				 7379.559570 6764.064453 1612.705078,
				 7769.079102 6764.064453 1451.360107,
				 8170.677734 6764.064453 1285.012573,
				 12003.955078 7364.693848 -420.552094,
				 12010.588867 7149.251465 -506.437164,
				 7379.559570 6408.878418 1612.705078,
				 7769.079102 6408.878418 1451.362305,
				 8170.677734 6408.878418 1285.014038,
				 11358.711914 7776.570801 -35.513794,
				 11953.331055 7955.932617 -482.783020,
				 11289.245117 8213.095703 -207.709564,
				 11240.786133 7799.171387 13.331821,
				 11169.732422 8278.315430 -158.205246,
				 9247.727539 7352.720215 838.883789,
				 9106.866211 6925.944824 897.229919,
				 8274.208008 8115.275391 1242.129639,
				 7769.079102 8115.275391 1451.360107,
				 7379.559570 8924.893555 1612.705078,
				 7867.770996 6925.944336 1689.628540,
				 8474.409180 7305.507813 1438.351685,
				 8474.409180 6925.944336 1438.351685,
				 7667.820801 9430.125977 1292.333618,
				 8375.715820 6925.944824 1200.083984,
				 7769.079102 6925.944824 1451.360107,
				 7379.559570 6925.944824 1612.705078,
				 7769.079102 7305.507813 1451.360840,
				 8375.714844 7305.507813 1200.083252,
				 8309.897461 8006.021973 1328.291992,
				 7867.771973 7305.507813 1689.628540,
				 7804.768555 8006.021973 1537.525024,
				 7255.434570 9146.286133 1827.958130,
				 7255.434570 6704.551270 1827.955933,
				 11201.123047 7637.290527 -372.176666,
				 9208.067383 7190.839355 453.375275,
				 9067.205078 6764.063965 511.722168,
				 7237.452637 6408.878418 1269.630249,
				 7237.452637 6764.064453 1269.627686,
				 11216.603516 7776.571777 -378.590118,
				 11098.680664 7799.171387 -329.743774,
				 8964.760742 6925.944824 554.155762,
				 7237.452637 6925.944824 1269.627686,
				 9105.622070 7352.720215 495.807465,
				 6997.476074 6704.551270 1205.192505,
				 11945.126953 7364.696289 -562.584351,
				 7237.452637 8924.893555 1269.627686,
				 7805.125977 6001.491699 1235.406372,
				 8028.571289 6764.064453 941.937378,
				 7626.971680 6764.064453 1108.285645,
				 8233.610352 6925.944824 857.008057,
				 7626.971191 6925.944824 1108.284912,
				 6997.476074 9146.286133 1205.192505,
				 9394.549805 6479.520020 778.068359,
				 9729.203125 6589.876953 438.482422,
				 11416.641602 6767.799316 -260.421875,
				 9530.522461 6156.520020 520.778809,
				 8077.764160 9430.125977 1122.530396,
				 9433.170898 6910.713379 360.134186,
				 11280.852539 7220.298828 -405.201477,
				 9252.443359 6479.520020 434.993469,
				 8006.712402 8924.893555 950.991821,
				 11422.958008 7220.299805 -62.125141,
				 9575.277344 6910.713379 703.209045,
				 8148.818848 8924.893555 1294.067017,
				 4815.941406 -4178.051270 3374.905762,
				 5135.755371 -5039.729980 474.707184,
				 5135.755371 -4178.051270 474.707184,
				 5473.107910 -5156.805176 2172.748535,
				 5473.108398 -4178.051270 2172.748535,
				 4815.941406 -5293.412598 3374.905762,
				 2657.956543 -4166.822266 4013.038086,
				 3605.946777 -5628.209473 4102.979980,
				 3605.946777 -4191.517090 4102.979980,
				 1109.431763 2270.872314 6158.500000,
				 0.000659 2280.835693 6366.266602,
				 -0.000264 2984.827148 7990.976563,
				 -0.000273 2084.786621 6247.920410,
				 911.585144 2940.221680 7644.219727,
				 0.000702 2925.046387 7821.918457,
				 -0.000252 2481.926514 6124.777344,
				 0.000687 2696.277344 6250.491699,
				 5892.284668 2481.925781 3691.815430,
				 5892.284668 1862.410156 3691.815430,
				 5892.284180 2481.925781 1987.684204,
				 6061.769531 2481.926514 2839.745361,
				 6061.769531 1862.410156 2839.745361,
				 5892.284180 1862.409302 1987.684204,
				 3835.219482 9569.515625 114.024643,
				 3835.219482 7996.994629 114.024643,
				 4632.687988 2948.695313 -470.208588,
				 0.000713 3631.549072 7461.142578,
				 641.749023 -18496.113281 2309.600342,
				 641.749023 -18011.601563 1780.336670,
				 694.623962 -18253.855469 2044.968384,
				 1530.024292 1862.409302 413.257507,
				 1530.024292 2481.926514 413.257507,
				 323.617035 3632.807129 1084.371948,
				 322.502441 4557.828125 1084.832275,
				 7312.062988 2481.926514 3173.529541,
				 6644.789063 2481.926514 3173.529541,
				 6506.591797 2481.926514 2839.892090,
				 6644.789063 2481.926514 2506.254639,
				 7312.062988 2481.926514 2506.254639,
				 7450.259277 2481.926514 2839.892090,
				 7312.062988 1862.410156 3173.529541,
				 6644.789063 1862.410156 3173.529541,
				 6506.591797 1862.410156 2839.892090,
				 6644.789063 1862.410156 2506.254639,
				 7312.062988 1862.410156 2506.254639,
				 7450.259277 1862.410156 2839.892090,
				 2747.960693 2481.926514 4871.846680,
				 1159.656616 2481.926514 5466.167969,
				 1159.656616 1862.410156 5466.167969,
				 2747.960693 1862.410889 4871.846680,
				 -0.000316 2481.926514 5620.201172,
				 -0.000319 1862.410156 5620.201172,
				 5409.632813 2481.926514 4414.159668,
				 5409.632813 1862.410156 4414.159668,
				 3835.220215 2481.926514 5066.298828,
				 3835.220215 1862.410156 5066.298828,
				 4687.285156 2481.925781 4896.808594,
				 4687.285156 1862.409302 4896.808594,
				 478.011658 -13941.101563 674.678223,
				 3535.986328 2481.926514 413.258240,
				 4687.283203 2481.926514 782.686157,
				 4687.283203 1862.410889 782.686157,
				 3535.986328 1862.409302 413.258240,
				 5409.626953 2481.926514 1265.338989,
				 5409.626953 1862.410156 1265.338989,
				 6560.941406 2481.926514 2839.745361,
				 3682.968750 2481.925781 -651.380066,
				 6560.941406 1862.410156 2839.745361,
				 491.174377 -18701.488281 2533.946533,
				 265.822937 -18838.712891 2683.848877,
				 -0.000286 -18886.902344 2736.487793,
				 -0.000232 -17620.814453 1353.450073,
				 265.822449 -17669.000000 1406.087524,
				 491.173920 -17806.226563 1555.989746,
				 -0.000257 3632.806396 1083.906128,
				 -0.000251 4557.827148 1082.350830,
				 6978.425781 2481.926514 2368.058594,
				 6978.425781 1862.410156 2368.058594,
				 6978.425781 2481.926514 3311.725586,
				 6978.425781 1862.410156 3311.725586,
				 -0.000276 3928.457031 7778.299805,
				 -0.000256 4219.538574 7539.258301,
				 536.705383 4219.538574 7453.611328,
				 -0.000254 4380.096680 7510.825195,
				 -0.000264 6187.572754 7200.255371,
				 -960.105469 -4122.575195 -1823.872437,
				 -918.546509 -4178.051270 -1606.077881,
				 -918.546509 -1309.309570 -875.366028,
				 -960.105347 -1253.834595 -1093.158325,
				 -4050.723389 -1256.746338 -112.261116,
				 -3967.703369 -1309.310303 94.099289,
				 -3967.703369 -4178.051270 -636.614685,
				 -4050.724121 -4125.489746 -842.972351,
				 -2134.796387 -1309.309570 -643.287354,
				 -2197.085693 -1255.290039 -855.366516,
				 -2197.085938 -4124.031738 -1586.076904,
				 -2134.796387 -4178.051270 -1374.000488,
				 -991.818726 6323.908691 7016.125977,
				 -1286.757935 6354.858887 5955.006348,
				 -594.353333 6333.433105 7083.487305,
				 -1548.797974 2481.926514 5896.416016,
				 -1533.994995 2925.247803 5887.124023,
				 -1239.252563 3914.021729 7576.000000,
				 -991.818604 5712.826660 7102.519531,
				 -1286.757935 5737.700684 5955.006348,
				 -991.818604 4219.538574 7380.983398,
				 -1286.757935 3365.613770 5970.769531,
				 -1218.001953 2991.360107 7808.782227,
				 -1538.851685 2086.428711 6007.550293,
				 -2453.604248 10204.312500 27.721624,
				 -2342.391602 10905.927734 -240.774536,
				 -2712.793457 10905.927734 -394.201233,
				 -2824.006592 10204.310547 -125.703247,
				 -3095.771729 10996.109375 -317.180450,
				 -3206.984863 10294.493164 -48.683014,
				 -3345.041504 11142.025391 -39.133167,
				 -3456.254883 10440.409180 229.364822,
				 -2430.529297 11211.887695 -190.382095,
				 -2126.046143 10996.109375 84.493904,
				 -2281.252686 11274.113281 34.051781,
				 -2686.103760 11211.887695 -296.245148,
				 -2950.355713 11274.113281 -243.100266,
				 -3122.350342 11374.793945 -51.250954,
				 -2664.777588 11346.427734 -347.730103,
				 -2409.203125 11346.427734 -241.869080,
				 -2929.029785 11408.653320 -294.585236,
				 -2257.608398 10440.409180 725.860168,
				 -2146.394531 11142.027344 457.362549,
				 -2237.259277 10294.491211 352.989349,
				 -3365.389893 11287.942383 333.736938,
				 -3476.603271 10586.326172 602.232727,
				 -2506.877930 10586.326172 1003.906555,
				 -2395.664795 11287.942383 735.409668,
				 -2208.234375 11347.149414 -488.338867,
				 -2632.604004 11347.149414 -664.115662,
				 -6211.381836 2907.827393 4698.459961,
				 -6326.193359 2798.903320 4678.760742,
				 -6126.375000 2798.902588 5161.163086,
				 -6050.959473 2907.826416 5085.751465,
				 -4969.740234 2798.904053 5266.114258,
				 -5297.282227 2861.602295 5064.846191,
				 -5643.968262 2798.903320 5360.984863,
				 -6231.322266 2798.904053 4004.533203,
				 -6030.053223 2861.602295 4332.072266,
				 -5663.667969 2907.827148 5246.174316,
				 -5758.908203 2907.827393 4769.402344,
				 -6070.936035 4906.953613 5105.727051,
				 -6274.262207 4153.132324 5309.054199,
				 -6535.337891 4153.132324 4678.759277,
				 -6247.790039 4906.955078 4678.760742,
				 -6242.358398 4153.132324 4016.561523,
				 -6070.936523 4906.954590 4251.794434,
				 -6326.193848 3612.278809 5360.987793,
				 -6608.780273 3612.278809 4678.760742,
				 -6283.227539 3612.278809 3953.571045,
				 -6535.337891 3022.011475 4678.759277,
				 -6274.262207 3022.011475 5309.052734,
				 -5762.599121 5383.996582 4767.126953,
				 -5643.968750 4906.953613 5282.584961,
				 -5643.968750 4153.132324 5570.131348,
				 -5217.002930 4906.955078 5105.727051,
				 -4981.771973 4153.132324 5277.150391,
				 -5643.970215 3612.278809 5643.573730,
				 -4918.778809 3612.278809 5318.016602,
				 -5643.968750 3022.011475 5570.128418,
				 -3835.221924 567.231445 5565.476074,
				 -3835.221680 1862.409302 5565.473145,
				 -2792.130615 1862.409302 5357.984863,
				 -2792.130615 567.232178 5357.984863,
				 -4878.312500 567.230713 5357.992188,
				 -4878.311523 1862.409302 5357.989258,
				 -6353.461914 567.232178 3882.839355,
				 -6353.461914 1862.410156 3882.839355,
				 -5762.599609 1862.410156 4767.126953,
				 -5762.599121 567.232910 4767.126953,
				 -1404.510254 -1309.308838 4211.335938,
				 -3835.220947 -1309.310303 4211.338867,
				 -7488.556152 567.231445 2288.474121,
				 -7488.556641 1862.410156 2288.474121,
				 -7696.039551 1862.410156 2839.743164,
				 -7696.039551 567.232178 2839.745361,
				 -7488.561035 1862.410156 3391.023682,
				 -7488.561035 567.232178 3391.022217,
				 -6560.941895 567.232178 2839.745361,
				 -5473.108398 -1309.310303 2615.507080,
				 -5135.755371 -1309.309570 1203.962036,
				 -6353.458984 567.231445 1796.659912,
				 -4815.942383 -1309.309570 3374.905762,
				 -6353.458984 1862.409302 1796.659912,
				 -6644.790527 -163.360184 3173.529541,
				 -6644.790527 567.230713 3173.529541,
				 -6506.593750 567.230713 2839.892090,
				 -6506.593750 -163.360184 2839.892090,
				 -6644.800781 567.233643 2506.279785,
				 -6644.795898 -163.359451 2506.266602,
				 -7312.065918 -163.360916 2506.254639,
				 -7312.065918 567.230713 2506.254639,
				 -7450.262207 567.230713 2839.892090,
				 -7450.261719 -163.360184 2839.892090,
				 -7312.066406 567.238708 3173.531006,
				 -7312.065918 -163.356522 3173.529541,
				 -6757.465820 201.159470 3060.854492,
				 -6757.465820 -163.360916 3060.854492,
				 -6665.939941 -163.360184 2839.892090,
				 -6665.939941 201.159470 2839.892090,
				 -6757.470215 -163.361633 2618.937012,
				 -6757.471680 201.157272 2618.940674,
				 -7199.389648 201.158737 2618.929199,
				 -7199.389648 -163.360916 2618.929199,
				 -7290.915527 -163.360184 2839.892090,
				 -7290.915527 201.158737 2839.892090,
				 -7199.390625 -163.358719 3060.856689,
				 -7199.392090 201.161652 3060.858887,
				 -6896.846680 -519.677307 3080.818604,
				 -6896.847656 201.159470 3080.818604,
				 -6863.054688 201.160202 2999.232178,
				 -6863.054688 -519.675842 2999.232178,
				 -6896.847656 201.160202 2917.652832,
				 -6896.847656 -519.675842 2917.651367,
				 -7060.009766 -519.675842 2917.649170,
				 -7060.009766 201.159470 2917.649170,
				 -7093.801758 201.159470 2999.232178,
				 -7093.801758 -519.675842 2999.232178,
				 -7060.007324 201.160934 3080.814209,
				 -7060.008789 -519.677307 3080.816406,
				 -6924.398926 -277.185333 3053.264404,
				 -6924.398926 -519.675842 3053.264404,
				 -6902.018555 -519.675842 2999.232178,
				 -6902.019043 -277.185333 2999.235840,
				 -6924.395996 -519.672241 2945.196289,
				 -6924.394531 -277.179474 2945.194092,
				 -7032.457520 -277.184601 2945.203613,
				 -7032.457520 -519.675842 2945.203613,
				 -7054.837891 -519.675842 2999.232178,
				 -7054.837891 -277.184601 2999.235840,
				 -7032.457520 -519.676575 3053.264404,
				 -7032.457520 -277.186066 3053.264404,
				 -6896.846680 -519.677307 2719.971436,
				 -6896.846680 201.159470 2719.971436,
				 -6863.054688 201.159470 2638.388428,
				 -6863.054688 -519.675842 2638.386719,
				 -6896.844727 201.157272 2556.795654,
				 -6896.846191 -519.676575 2556.797852,
				 -7060.009766 -519.675842 2556.799316,
				 -7060.009766 201.159470 2556.801514,
				 -7093.802246 201.159470 2638.386719,
				 -7093.801758 -519.675842 2638.386719,
				 -7060.011230 201.162384 2719.972900,
				 -7060.009766 -519.675842 2719.972900,
				 -6924.398926 -277.183868 2692.414551,
				 -6924.398926 -519.674438 2692.414551,
				 -6902.017578 -519.674438 2638.386719,
				 -6902.018555 -277.183868 2638.386719,
				 -6924.404785 -519.677307 2584.373291,
				 -6924.406738 -277.186798 2584.379150,
				 -7032.457520 -277.183868 2584.357666,
				 -7032.456543 -519.675842 2584.356201,
				 -7054.837402 -519.675842 2638.384521,
				 -7054.837891 -277.183868 2638.386719,
				 -7032.456543 -519.678772 2692.413086,
				 -7032.456543 -277.188232 2692.410889,
				 -6716.418945 -519.677307 2900.391602,
				 -6716.418945 201.159470 2900.391602,
				 -6682.630371 201.159470 2818.809326,
				 -6682.630371 -519.677307 2818.809326,
				 -6716.418945 201.158737 2737.227539,
				 -6716.419434 -519.677307 2737.227539,
				 -6879.586914 -519.675842 2737.227539,
				 -6879.585938 201.159470 2737.227539,
				 -6913.375977 201.160202 2818.809326,
				 -6913.375977 -519.675842 2818.809326,
				 -6879.588867 201.159470 2900.396729,
				 -6879.587402 -519.675842 2900.392334,
				 -6743.973145 -519.675842 2872.840088,
				 -6721.594727 -519.677307 2818.809326,
				 -6721.594238 -277.184601 2818.807861,
				 -6743.973145 -277.184601 2872.840088,
				 -6743.973633 -519.674438 2764.781982,
				 -6743.973633 -277.183868 2764.779785,
				 -6852.033203 -277.185333 2764.779785,
				 -6852.033203 -519.675842 2764.779785,
				 -6874.411621 -519.675842 2818.809326,
				 -6874.411621 -277.185333 2818.809326,
				 -6852.036133 -519.676575 2872.850342,
				 -6852.037598 -277.186798 2872.854004,
				 -7077.266602 -519.677307 2900.391602,
				 -7077.265625 201.160202 2900.389404,
				 -7043.477539 201.159470 2818.809326,
				 -7043.477539 -519.677307 2818.809326,
				 -7077.266602 201.159470 2737.229004,
				 -7077.266602 -519.678772 2737.227539,
				 -7240.436035 -519.675842 2737.227539,
				 -7240.436035 201.159470 2737.226074,
				 -7274.225586 201.159470 2818.809326,
				 -7274.225098 -519.675842 2818.809326,
				 -7240.436035 201.159470 2900.392334,
				 -7240.436523 -519.675842 2900.391602,
				 -7104.822266 -519.676575 2872.840088,
				 -7082.443848 -519.677307 2818.809326,
				 -7082.443848 -277.184601 2818.809326,
				 -7104.821777 -277.184601 2872.840088,
				 -7104.822266 -519.675842 2764.779785,
				 -7104.822266 -277.183868 2764.779785,
				 -7212.878906 -277.184601 2764.779785,
				 -7212.878906 -519.675842 2764.779785,
				 -7235.258301 -519.675842 2818.809326,
				 -7235.258301 -277.184601 2818.809326,
				 -7212.879395 -519.675842 2872.840088,
				 -7212.880371 -277.184601 2872.840088,
				 -6978.427246 -163.356522 3311.725586,
				 -6978.428711 -163.359451 3152.381836,
				 -6978.434082 -163.360184 2368.072266,
				 -6978.431641 -163.361633 2527.411865,
				 -6978.428711 201.160934 3152.381836,
				 -6978.428223 201.159470 2839.892090,
				 -6978.428711 201.158005 2525.211426,
				 -6978.427246 -519.677307 3114.605469,
				 -6978.428223 -519.678772 3075.642578,
				 -6978.428711 -519.675842 2883.862305,
				 -6978.425293 -519.672241 2922.817139,
				 -6978.428711 -277.186066 3075.642578,
				 -6978.428223 -277.184601 2999.238037,
				 -6978.425293 -277.180206 2922.817139,
				 -6978.428711 -519.675842 2753.759766,
				 -6978.427246 -519.680237 2714.791260,
				 -6978.426758 -519.676575 2523.007324,
				 -6978.434570 -519.677307 2561.993408,
				 -6978.427246 -277.187500 2714.791260,
				 -6978.428223 -277.183868 2638.386719,
				 -6978.434570 -277.186066 2561.993408,
				 -6798.005371 -519.675842 2703.437012,
				 -6798.005371 -519.674438 2742.403564,
				 -6798.006348 -519.675842 2934.183594,
				 -6798.007813 -519.676575 2895.228516,
				 -6798.002441 -277.183868 2818.809326,
				 -6798.002441 -277.183136 2742.403564,
				 -6798.006348 -277.186066 2895.228516,
				 -7158.851563 -519.675842 2703.437012,
				 -7158.851074 -519.675842 2742.401367,
				 -7158.851074 -519.675842 2934.181396,
				 -7158.851074 -519.675842 2895.218506,
				 -7158.851074 -277.183868 2818.809326,
				 -7158.851074 -277.183868 2895.218506,
				 -7158.850098 -277.183868 2742.401367,
				 -6978.438965 567.232910 2368.086182,
				 -6978.428223 567.238708 3311.727783,
				 -6978.426758 201.160202 3114.603271,
				 -6978.429688 201.160202 2883.864502,
				 -6978.428711 201.162384 2753.759766,
				 -6798.005371 201.159470 2703.437012,
				 -6798.006836 201.158737 2934.187988,
				 -7158.851563 201.159470 2703.437012,
				 -7158.851074 201.159470 2934.181396,
				 -3835.572266 11668.655273 1255.397095,
				 -3835.572998 11481.782227 995.108215,
				 -3129.715088 11481.782227 1135.511475,
				 -3229.323486 11668.655273 1375.990112,
				 -4441.822266 11668.655273 1375.990112,
				 -4541.430664 11481.782227 1135.512939,
				 -4955.774902 11954.727539 1719.400757,
				 -4955.774902 11668.655273 1719.402954,
				 -4441.822266 11954.727539 1375.988647,
				 -2371.958252 11668.655273 2233.355469,
				 -2372.937744 11954.728516 2232.947754,
				 -2715.370605 11954.727539 1719.402954,
				 -2715.371094 11668.655273 1719.402954,
				 -3229.323242 11954.727539 1375.987915,
				 -3835.572266 11954.727539 1255.397095,
				 -5301.494141 11204.326172 1618.954468,
				 -5186.743652 11178.812500 1638.868530,
				 -5159.305664 11351.918945 1572.621948,
				 -5278.101074 11351.918945 1562.471558,
				 -5186.746582 11525.025391 1638.868530,
				 -5301.496094 11499.512695 1618.955200,
				 -5139.828125 12019.631836 1535.349121,
				 -4541.430664 12019.631836 1135.510742,
				 -4541.430664 12165.992188 1135.510742,
				 -5139.827148 12165.992188 1535.347656,
				 -5139.824219 11060.378906 1535.349121,
				 -4541.428711 11060.378906 1135.514404,
				 -5139.826660 11481.780273 1535.347656,
				 -4955.773926 12230.896484 1719.399292,
				 -4441.822266 12230.896484 1375.987915,
				 -4441.821777 13047.522461 1375.987183,
				 -4955.773926 13047.522461 1719.400757,
				 -5299.186523 13204.545898 2233.353271,
				 -5299.186523 12230.896484 2233.353271,
				 -2715.370605 12230.896484 1719.400757,
				 -2371.958252 12230.896484 2233.353271,
				 -2371.958740 13047.522461 2233.353271,
				 -2715.371094 13521.866211 1719.400757,
				 -3229.323975 13521.866211 1375.988647,
				 -3229.323975 12230.896484 1375.987915,
				 -3835.572266 13521.866211 1255.397827,
				 -3835.572998 12230.897461 1255.398560,
				 -2531.318115 12019.631836 1535.349121,
				 -2132.461670 12019.633789 2133.339844,
				 -2132.461182 12165.992188 2133.339844,
				 -2531.318115 12165.992188 1535.347656,
				 -3129.715820 12165.992188 1135.514404,
				 -3129.715820 12019.631836 1135.514404,
				 -3835.572998 12019.630859 995.108215,
				 -3835.572998 12165.992188 995.110413,
				 -2531.315918 11060.378906 1535.346924,
				 -2132.459473 11060.378906 2133.339844,
				 -2132.461670 11481.780273 2133.342041,
				 -2531.318115 11481.782227 1535.349121,
				 -3129.713623 11060.378906 1135.511475,
				 -3835.571045 11060.378906 995.108948,
				 -3101.023438 11509.333984 -102.734650,
				 -2032.580200 12155.070313 -855.844727,
				 -2496.943359 12155.070313 -1048.189453,
				 -2977.072266 12268.127930 -951.631653,
				 -3071.383057 11450.471680 -575.871948,
				 -3289.574463 12451.059570 -603.051392,
				 -3356.971924 11617.646484 -257.313965,
				 -1974.603271 12583.457031 -945.893188,
				 -1920.537109 12167.361328 -933.774658,
				 -1649.311401 12280.417969 -525.994812,
				 -1762.291748 12671.957031 -626.686157,
				 -2450.143799 12571.165039 -1018.527222,
				 -2086.646240 12571.165039 -867.962524,
				 -2850.104248 12671.952148 -1077.273071,
				 -3001.193848 12280.416016 -1085.961914,
				 -2521.064209 12167.358398 -1182.521240,
				 -2474.265137 12583.453125 -1152.858398,
				 -3070.605713 12802.860352 -670.079895,
				 -2825.983398 12659.665039 -942.942566,
				 -1789.741333 12868.790039 -123.700111,
				 -1894.303711 12802.860352 -182.839767,
				 -1786.865234 12451.059570 19.391993,
				 -1682.302979 12516.988281 78.533470,
				 -3405.330078 12516.988281 -635.167969,
				 -3186.362305 12868.790039 -702.197205,
				 -2012.453125 12692.188477 -520.981140,
				 -1874.334595 12659.665039 -548.756287,
				 -1952.927979 12958.648438 -627.806091,
				 -2063.461914 12984.675781 -605.574951,
				 -2413.737305 12887.823242 -1003.751404,
				 -2122.837158 12887.823242 -883.256714,
				 -2910.282715 13073.246094 -724.894897,
				 -2714.515137 12958.649414 -943.262756,
				 -2631.166260 14884.544922 2839.602783,
				 -2914.104736 13790.302734 2839.602783,
				 -2631.166260 13790.300781 2839.602783,
				 -4526.083984 13388.328125 2843.194092,
				 -4479.415039 13388.330078 3120.822021,
				 -4479.415039 13047.522461 3120.822021,
				 -4526.083984 13047.522461 2843.194092,
				 -3198.400879 13047.522461 3101.840088,
				 -3198.400879 13388.330078 3101.840088,
				 -3147.352295 13388.328125 2841.541992,
				 -3147.352295 13047.522461 2841.541992,
				 -3198.400146 13388.330078 2574.484863,
				 -3198.400146 13047.522461 2574.484863,
				 -4471.552246 13047.522461 2574.483398,
				 -4471.552246 13388.330078 2574.483398,
				 -4810.583008 15804.854492 2840.189453,
				 -4736.025879 15804.854492 3212.582520,
				 -4736.025391 15535.212891 3212.582520,
				 -4810.215332 15535.212891 2839.602783,
				 -2935.120605 15535.212891 3212.584717,
				 -2931.905762 15804.854492 3214.653809,
				 -2857.715332 15804.854492 2841.675049,
				 -2860.930176 15535.212891 2839.602783,
				 -2935.120117 15804.854492 2466.623779,
				 -2935.120117 15535.212891 2466.623779,
				 -4736.392578 15804.854492 2467.210449,
				 -4736.025391 15535.212891 2466.621582,
				 -4839.556152 16754.095703 3255.506348,
				 -4839.521484 15900.810547 3255.556152,
				 -4922.535156 15900.870117 2963.173584,
				 -4922.185059 16754.095703 2962.740234,
				 -4690.976074 16754.095703 3520.978271,
				 -4690.976074 15900.794922 3520.976074,
				 -2935.120117 16754.095703 3212.582520,
				 -2860.930176 16754.095703 2839.602783,
				 -2831.361084 16754.095703 2423.796631,
				 -2831.561279 15900.779297 2423.507324,
				 -2746.541504 15901.024414 2716.908691,
				 -2749.080566 16754.095703 2716.777344,
				 -2980.168457 16754.095703 2158.223877,
				 -2980.168945 15900.794922 2158.226074,
				 -4810.214844 16754.095703 2839.602783,
				 -4736.025391 16754.095703 2466.623779,
				 -4620.285156 15193.600586 3164.642578,
				 -4686.898926 13790.302734 3192.233398,
				 -4757.041016 13790.302734 2839.602783,
				 -4684.938477 15193.600586 2839.602783,
				 -2722.846924 13790.302734 3300.509766,
				 -2722.846924 14884.544922 3300.507568,
				 -3050.861084 15193.600586 2514.566406,
				 -2984.247559 13790.302734 2486.975586,
				 -2986.207031 15193.600586 2839.602783,
				 -5039.979492 14884.544922 2839.604248,
				 -5039.979492 13790.302734 2839.602783,
				 -4948.298828 13790.302734 2378.694336,
				 -4948.298828 14884.544922 2378.696533,
				 -4188.203613 13790.302734 1988.277588,
				 -4160.610840 15193.600586 2054.890869,
				 -4296.479980 14884.544922 1726.876221,
				 -4296.479004 13790.302734 1726.876221,
				 -3835.573486 14884.544922 4044.008301,
				 -3835.573730 15193.600586 3688.968018,
				 -3835.572754 13790.302734 3761.066162,
				 -3835.572998 13790.302734 4044.008301,
				 -4188.204102 13790.302734 3690.926270,
				 -4160.611816 15193.600586 3624.314697,
				 -4296.479980 14884.544922 3952.327637,
				 -4296.479980 13790.302734 3952.327637,
				 -3482.942871 13790.302734 3690.926270,
				 -3510.535156 15193.600586 3624.314697,
				 -3374.667236 14884.544922 3952.331299,
				 -3374.666748 13790.302734 3952.331299,
				 -3835.572266 14884.544922 1635.193970,
				 -3835.572754 15193.600586 1990.236816,
				 -3835.572266 13790.302734 1918.130737,
				 -3835.572266 13790.302734 1635.193970,
				 -3482.941895 13790.302734 1988.275391,
				 -3510.534424 15193.600586 2054.890869,
				 -3374.666016 14884.544922 1726.874023,
				 -3374.665771 13790.302734 1726.874023,
				 -3851.258057 15804.854492 3930.771240,
				 -3856.489502 16989.373047 4223.667969,
				 -3828.322266 16989.373047 4082.065918,
				 -3832.312988 15804.854492 3816.692627,
				 -4839.890137 15804.854492 2425.083740,
				 -5110.581055 16989.373047 2313.676758,
				 -5215.471191 16989.373047 2812.825928,
				 -4922.578125 15804.854492 2818.578613,
				 -5073.870117 16989.373047 2840.994629,
				 -4979.759277 16989.373047 2367.865723,
				 -3804.449463 15804.860352 1752.449951,
				 -3797.112061 16989.378906 1460.417480,
				 -3825.275146 16989.371094 1602.001099,
				 -3831.111328 15804.854492 1864.509766,
				 -2825.560303 15804.854492 3259.443115,
				 -2555.378174 16989.373047 3372.077393,
				 -2450.489014 16989.373047 2872.925781,
				 -2742.873291 15804.854492 2865.950684,
				 -2592.090576 16989.373047 2844.761963,
				 -2686.201660 16989.373047 3317.890137,
				 -3973.632080 17376.271484 3988.961182,
				 -4748.316406 17376.271484 2134.710205,
				 -4711.752930 16989.373047 1966.766602,
				 -4895.028320 17376.271484 2402.673096,
				 -4980.765137 17376.271484 2695.892578,
				 -5162.669434 17483.626953 2669.032471,
				 -5368.139648 17054.039063 2809.833740,
				 -5251.676270 17054.039063 2255.610596,
				 -5063.276855 17483.626953 2333.325195,
				 -3680.814453 17376.267578 1694.752319,
				 -2870.831299 16989.376953 1844.082520,
				 -2951.041260 16989.373047 1964.123779,
				 -3119.625488 17376.271484 1927.208984,
				 -2503.327881 17483.626953 3016.818604,
				 -2298.085693 17054.039063 2876.558594,
				 -2414.549072 17054.039063 3430.785889,
				 -2602.719482 17483.625000 3352.520996,
				 -2684.989746 17376.271484 2989.369629,
				 -2770.725098 17376.271484 3282.591553,
				 -2724.093750 17054.039063 3905.037109,
				 -2769.818359 17483.625000 3660.183350,
				 -4288.669434 15531.665039 2839.602783,
				 -4254.179688 15531.665039 3012.995850,
				 -4254.179688 15197.149414 3012.995850,
				 -4288.668945 15197.149414 2839.602783,
				 -3175.835938 15193.600586 3112.874512,
				 -3175.714355 15535.212891 3112.926514,
				 -3121.347168 15535.211914 2839.602783,
				 -3121.478516 15193.600586 2839.602783,
				 -3382.476563 15531.663086 2839.602783,
				 -3416.967041 15531.665039 2666.210938,
				 -3416.967041 15197.149414 2666.210938,
				 -3382.477051 15197.149414 2839.602783,
				 -4495.311035 15193.600586 2566.330566,
				 -4495.432129 15535.212891 2566.280273,
				 -4549.799316 15535.212891 2839.602783,
				 -4549.667969 15193.600586 2839.602783,
				 -4008.965332 15531.665039 3258.209229,
				 -4108.895508 15535.211914 3499.459473,
				 -4108.844727 15193.600586 3499.338867,
				 -4008.965332 15197.149414 3258.209229,
				 -3835.573486 15197.149414 3292.698975,
				 -3835.572998 15193.598633 3553.694824,
				 -3835.572998 15535.211914 3553.826904,
				 -3835.573730 15531.665039 3292.698975,
				 -3662.180908 15531.665039 3258.209229,
				 -3562.250977 15535.212891 3499.461670,
				 -3562.300537 15193.600586 3499.341797,
				 -3662.180908 15197.149414 3258.209229,
				 -3662.179688 15531.665039 2420.995605,
				 -3562.251221 15535.212891 2179.746582,
				 -3562.301270 15193.602539 2179.866455,
				 -3662.180176 15197.149414 2420.995605,
				 -3835.572266 15197.149414 2386.505615,
				 -3835.573486 15193.600586 2125.509766,
				 -3835.573486 15535.212891 2125.378174,
				 -3835.572754 15531.665039 2386.505615,
				 -4008.965332 15531.665039 2420.994141,
				 -4108.895508 15535.211914 2179.742920,
				 -4108.844727 15193.600586 2179.864258,
				 -4008.965088 15197.149414 2420.995605,
				 -4488.099609 16448.095703 3109.887695,
				 -4641.611816 16754.095703 3173.475586,
				 -4708.022949 16754.095703 2839.602783,
				 -4541.862305 16448.095703 2839.602783,
				 -3129.285400 16448.099609 2839.606445,
				 -2963.123779 16754.097656 2839.604248,
				 -3029.535889 16754.097656 3173.479248,
				 -3183.048096 16448.099609 3109.892822,
				 -3183.047363 16448.095703 2569.317627,
				 -3029.533691 16754.095703 2505.728760,
				 -3336.150391 16448.095703 2340.177490,
				 -3218.656982 16754.095703 2222.687256,
				 -4488.099609 16448.095703 2569.317627,
				 -4641.611816 16754.095703 2505.728760,
				 -4452.488770 16754.095703 2222.687256,
				 -4334.995117 16448.095703 2340.179688,
				 -3859.216064 17054.039063 4376.336426,
				 -4000.250000 17483.626953 4170.867188,
				 -3793.279785 17054.039063 1308.189819,
				 -3653.187744 17483.626953 1513.270142,
				 -4524.749512 16754.095703 2150.426270,
				 -4525.116699 15804.854492 2151.013672,
				 -4517.210449 15900.737305 1984.653442,
				 -4517.043457 16754.095703 1984.234009,
				 -3146.396973 16754.095703 3528.780518,
				 -3143.182129 15804.854492 3530.852539,
				 -3152.687744 15901.155273 3697.448975,
				 -3154.352783 16754.095703 3694.776855,
				 -4588.326172 17094.423828 2921.461182,
				 -4525.548828 17094.423828 3125.395264,
				 -4452.488770 16754.093750 3456.517090,
				 -4425.735352 17094.423828 3313.989990,
				 -4701.545898 17094.421875 3001.156006,
				 -4641.792969 17094.423828 3173.569824,
				 -4562.135254 17094.421875 3337.745361,
				 -3732.436279 17094.423828 3647.503174,
				 -3835.572998 16754.095703 3814.244873,
				 -3835.573486 16754.095703 3712.051270,
				 -3753.717773 17094.423828 3592.352295,
				 -3337.522461 17094.423828 3566.110352,
				 -3337.250000 17094.423828 3483.788818,
				 -3082.828613 17094.423828 2757.744141,
				 -3145.606445 17094.423828 2553.807373,
				 -3245.420166 17094.423828 2365.213135,
				 -3938.693848 17094.423828 2031.716553,
				 -3835.572998 16754.095703 1864.962158,
				 -3835.572754 16754.095703 1967.152832,
				 -3917.437744 17094.423828 2086.852539,
				 -4333.764160 17094.423828 2113.067139,
				 -4333.933105 17094.423828 2195.430664,
				 -4756.892578 13388.330078 2842.471436,
				 -4686.898926 13388.330078 3192.233398,
				 -2985.281006 13388.330078 3191.236084,
				 -2984.247559 13790.302734 3192.233398,
				 -2916.174561 13388.330078 2841.372559,
				 -2985.281006 13388.330078 2486.998535,
				 -4685.463379 13388.330078 2486.994873,
				 -4686.898926 13790.302734 2486.969727,
				 -5149.847656 11891.041992 3064.184326,
				 -5022.623535 11891.043945 3385.508545,
				 -5022.623535 11735.547852 3385.508545,
				 -5149.847656 11735.547852 3064.184326,
				 -5149.846680 12457.235352 3064.182129,
				 -5022.623535 12457.235352 3385.508545,
				 -5022.623535 12301.739258 3385.508545,
				 -5149.846680 12301.739258 3064.184326,
				 -2252.347412 11668.655273 2839.199463,
				 -2252.347412 11954.728516 2839.199463,
				 -4289.113281 17150.865234 3027.466553,
				 -4326.481934 17150.865234 2839.602783,
				 -3344.664551 17150.865234 2839.602783,
				 -3382.032715 17150.865234 3027.466553,
				 -3382.033447 17150.865234 2651.739746,
				 -4289.113770 17150.865234 2651.739746,
				 -4211.958496 15662.491211 2995.501221,
				 -4211.954590 17150.865234 2995.504883,
				 -4242.965820 17150.865234 2839.602783,
				 -4242.968262 15662.492188 2839.602783,
				 -3459.191406 17150.865234 2995.504883,
				 -3459.191406 15662.492188 2995.509277,
				 -3428.181885 15662.491211 2839.604248,
				 -3428.180420 17150.865234 2839.602783,
				 -3459.194092 15662.491211 2683.695801,
				 -3459.191162 17150.865234 2683.700928,
				 -4211.955078 15662.492188 2683.699463,
				 -4211.955078 17150.865234 2683.700928,
				 -5138.346680 13047.522461 3411.022705,
				 -5138.346680 14251.370117 3411.022705,
				 -5232.691406 13544.763672 2849.774414,
				 -5232.691406 13047.522461 2849.774414,
				 -5122.450195 13204.545898 2306.559326,
				 -5122.450195 13047.522461 2306.559326,
				 -5357.978516 11560.649414 1755.311646,
				 -5357.978516 11351.918945 1755.313110,
				 -5414.458984 11499.512695 1891.669922,
				 -5437.855469 11351.920898 1948.156128,
				 -5414.458496 11204.326172 1891.673950,
				 -5357.976074 11143.189453 1755.313110,
				 -5366.553223 12165.992188 2072.958740,
				 -5252.991211 11596.730469 1798.798218,
				 -5299.187012 11954.728516 2233.353271,
				 -5299.187012 11668.657227 2233.353271,
				 -5299.184570 10873.503906 2233.355469,
				 -5366.550781 11060.378906 2072.958740,
				 -5366.552246 11481.782227 2072.958740,
				 -5346.676758 11351.920898 2024.973999,
				 -5319.235352 11178.812500 1958.728882,
				 -5319.236816 11525.025391 1958.727417,
				 -1994.319458 11351.918945 3148.585449,
				 -1994.319458 11560.649414 3148.585449,
				 -1937.838013 11499.512695 3012.226318,
				 -1914.442261 11351.918945 2955.744873,
				 -2050.801025 11499.512695 3284.943604,
				 -2074.197021 11351.918945 3341.427246,
				 -2050.801025 11204.325195 3284.943604,
				 -1994.319214 11143.189453 3148.585449,
				 -1937.837646 11204.325195 3012.226318,
				 -1993.036011 12019.631836 2838.791016,
				 -1993.036743 12165.992188 2838.791016,
				 -2212.865967 12165.992188 3379.260498,
				 -2099.305420 11596.730469 3105.097412,
				 -1993.035767 11060.378906 2838.791016,
				 -1993.037109 11481.782227 2838.791016,
				 -2005.620483 11351.918945 2878.922363,
				 -2192.990723 11351.918945 3331.273193,
				 -2165.551025 11178.810547 3265.029297,
				 -2212.864502 11060.379883 3379.258301,
				 -2165.551025 11525.027344 3265.029297,
				 -2212.866699 11481.782227 3379.258301,
				 -2033.059937 11525.025391 2945.166992,
				 -2099.303955 11107.107422 3105.097412,
				 -2033.059937 11178.812500 2945.166992,
				 -5419.777344 13544.763672 2839.602783,
				 -5299.187012 14251.370117 3445.853027,
				 -5299.187988 12523.014648 3445.853027,
				 -5419.777344 12523.014648 2839.602783,
				 -2372.938232 12230.896484 3445.446777,
				 -2371.959473 13204.545898 3445.850098,
				 -2251.368896 13047.522461 2839.602783,
				 -2252.347412 12230.896484 2839.197266,
				 -2445.497314 13047.522461 2846.433838,
				 -2548.696045 13204.545898 3372.645752,
				 -2548.695557 13047.522461 3372.645752,
				 -5419.777344 12232.874023 2839.602783,
				 -5419.777344 11954.727539 2839.602783,
				 -5299.187988 12232.874023 3445.853027,
				 -5299.187988 11954.727539 3445.853027,
				 -5419.777344 11668.655273 2839.602783,
				 -5419.776367 10873.505859 2839.604248,
				 -5299.187988 11668.655273 3445.853027,
				 -5299.187988 10873.505859 3445.853027,
				 -3149.045654 11378.124023 659.006104,
				 -3260.258545 10676.507813 927.501892,
				 -2295.293213 11374.793945 291.329254,
				 -2467.287109 11475.474609 483.177094,
				 -2965.787842 11672.238281 378.973785,
				 -2987.114746 11537.700195 430.458557,
				 -3136.390381 11475.474609 206.024689,
				 -3115.063721 11610.015625 154.538437,
				 -2259.926514 11408.653320 -17.433744,
				 -2273.966797 11509.333984 239.842270,
				 -3380.284912 11784.824219 169.880295,
				 -3315.085449 12633.991211 -135.594681,
				 -3043.859619 12747.048828 272.184601,
				 -3132.418457 11888.144531 542.542908,
				 -1983.680664 11617.646484 311.519836,
				 -1761.354858 12268.127930 -448.064911,
				 -1960.367432 11450.469727 -115.677361,
				 -2878.263428 13034.558594 15.044510,
				 -3090.574951 12946.057617 -304.161774,
				 -1994.805542 12699.920898 427.112457,
				 -2034.363892 13011.986328 149.164734,
				 -2914.027100 12189.181641 218.140289,
				 -2788.365723 12981.934570 -85.231102,
				 -2952.455811 12913.534180 -331.939789,
				 -3078.117432 12120.782227 -28.565495,
				 -2138.114502 11899.435547 -217.607574,
				 -2027.887329 12802.860352 -238.172272,
				 -2153.548584 12010.108398 65.202408,
				 -2302.205566 11831.036133 -464.312622,
				 -2176.544189 12623.789063 -767.687134,
				 -2937.022461 12802.860352 -614.746704,
				 -3062.683594 12010.110352 -311.374390,
				 -3080.085449 12846.130859 359.638794,
				 -2914.488281 13133.639648 102.497238,
				 -2550.990967 13133.639648 253.061905,
				 -2514.765869 13034.558594 165.611359,
				 -2579.497314 12747.048828 464.529327,
				 -2615.722412 12846.130859 551.985718,
				 -2756.353760 13258.668945 -176.602036,
				 -2926.263428 13187.842773 -432.057220,
				 -2815.728760 13161.816406 -454.288391,
				 -2684.410400 13216.555664 -256.852936,
				 -2465.453857 13258.668945 -56.108078,
				 -2507.427979 12981.934570 31.137505,
				 -2459.580811 13216.555664 -163.725449,
				 -2216.950439 12913.534180 -27.281342,
				 -2138.926758 12946.057617 90.023979,
				 -2164.676025 13187.842773 -116.599106,
				 -2227.117188 13161.816406 -210.478073,
				 -1968.909180 13073.246094 -334.966064,
				 -2075.812988 13073.246094 -379.248077,
				 -2457.482422 12623.789063 -884.054993,
				 -2419.610596 12929.937500 -896.137146,
				 -2747.959229 12692.188477 -825.636658,
				 -2652.074463 12984.675781 -849.385071,
				 -2372.937988 11954.727539 3445.446777,
				 -2372.937988 11668.655273 3445.444580,
				 -2372.936279 10873.503906 3445.446777,
				 -4955.775391 15206.601563 3959.803711,
				 -4955.775879 12523.014648 3959.803711,
				 -4441.822266 12523.014648 4303.216309,
				 -4441.821777 15206.601563 4303.216309,
				 -3835.573730 12523.014648 4423.807129,
				 -3835.574951 15206.601563 4423.811035,
				 -3229.326172 14251.370117 4303.218262,
				 -3229.323975 12523.014648 4303.216309,
				 -2715.371826 13544.763672 3959.805176,
				 -2715.371094 12523.014648 3959.803711,
				 -4955.776367 12232.874023 3959.807373,
				 -4955.775879 11954.727539 3959.805176,
				 -4441.822754 11954.728516 4303.218262,
				 -4441.822754 12232.874023 4303.218262,
				 -3835.573730 11954.728516 4423.811035,
				 -3835.574219 12232.874023 4423.811035,
				 -3229.323975 12232.874023 4303.216309,
				 -3229.324219 11954.727539 4303.216309,
				 -2715.371338 12232.874023 3959.803711,
				 -2715.371338 11954.727539 3959.803711,
				 -4955.773926 10873.503906 3959.805176,
				 -4955.776367 11668.655273 3959.805176,
				 -4441.819336 10873.503906 4303.213379,
				 -4441.821777 11668.655273 4303.214844,
				 -3835.572754 11668.655273 4423.805664,
				 -3835.570313 10873.503906 4423.805664,
				 -3229.322510 10873.503906 4303.216309,
				 -3229.323975 11668.655273 4303.216309,
				 -2715.368164 10873.503906 3959.803711,
				 -2715.371094 11668.655273 3959.803711,
				 -4687.217285 14884.546875 3691.248291,
				 -4487.149902 13790.302734 3491.180176,
				 -4687.216797 13790.302734 3691.248291,
				 -4186.712402 13388.328125 3687.325439,
				 -4839.548340 15206.601563 3870.505615,
				 -3318.429443 14251.370117 4164.862305,
				 -3854.617188 15206.601563 4278.484375,
				 -3835.574219 13047.523438 4232.513184,
				 -3318.428223 13047.522461 4164.857910,
				 -2854.853760 13544.763672 3834.708740,
				 -2854.853760 13047.522461 3834.705811,
				 -4098.654297 13388.328125 2201.584473,
				 -4323.589355 13388.328125 2354.327881,
				 -4323.589355 13047.522461 2354.327881,
				 -4098.654297 13047.522461 2201.584473,
				 -4322.190430 13388.330078 3325.376709,
				 -4322.189941 13047.522461 3325.376709,
				 -3834.977539 13388.330078 3527.189697,
				 -3579.160645 13388.328125 3493.719971,
				 -3579.160645 13047.522461 3493.719971,
				 -3834.977539 13047.523438 3527.188232,
				 -3349.847168 13388.328125 3330.407959,
				 -3349.847168 13047.522461 3330.407959,
				 -3347.763184 13388.328125 2350.948975,
				 -3347.763184 13047.522461 2350.948975,
				 -3571.297363 13388.328125 2201.584473,
				 -3571.297607 13047.522461 2201.584473,
				 -3834.976074 13388.330078 2149.137695,
				 -3834.976074 13047.522461 2149.137695,
				 -4208.552734 15535.212891 1939.150635,
				 -4208.552734 15804.854492 1939.150635,
				 -4524.749512 15535.212891 2150.426270,
				 -4524.749512 15535.212891 3528.778320,
				 -4521.490723 15804.854492 3531.230957,
				 -4208.552246 15535.212891 3740.048340,
				 -4205.292480 15804.854492 3742.501221,
				 -3835.572266 15535.212891 3814.241211,
				 -3462.593750 15535.212891 3740.055664,
				 -3462.593750 15804.854492 3740.055664,
				 -3146.396973 15535.212891 3528.781738,
				 -3146.396484 15535.212891 2150.428467,
				 -3141.934082 15804.854492 2149.972412,
				 -3458.131592 15804.854492 1938.700562,
				 -3462.593506 15535.212891 1939.152832,
				 -3835.572754 15535.212891 1864.959961,
				 -4251.485352 15900.782227 1835.707520,
				 -4251.448730 16754.095703 1835.701660,
				 -4208.553223 16754.093750 3740.055664,
				 -4524.749512 16754.095703 3528.778320,
				 -3419.992188 15900.809570 3843.899170,
				 -3712.518066 15900.794922 3926.268311,
				 -3712.518555 16754.095703 3926.271973,
				 -3419.550781 16754.095703 3843.818115,
				 -3146.396484 16754.095703 2150.426270,
				 -3462.594238 16754.095703 1939.154297,
				 -3958.628174 15900.794922 1752.935181,
				 -3958.628174 16754.095703 1752.935181,
				 -4687.217285 14884.544922 1987.956787,
				 -4687.217285 13790.302734 1987.956787,
				 -4620.285156 15193.600586 2514.564209,
				 -4487.149414 13790.302734 2188.025146,
				 -4436.165527 15193.600586 2239.009277,
				 -4948.299805 13790.302734 3300.507568,
				 -4948.299805 14884.546875 3300.509766,
				 -4436.166016 15193.600586 3440.195557,
				 -2983.929688 14884.544922 3691.248291,
				 -2983.929688 13790.302734 3691.248291,
				 -3050.861328 15193.600586 3164.642578,
				 -3183.996826 13790.302734 3491.180176,
				 -3234.980713 15193.600586 3440.195557,
				 -2722.846924 13790.302734 2378.697998,
				 -2722.846924 14884.546875 2378.697998,
				 -2983.929199 14884.546875 1987.958984,
				 -2983.929199 13790.302734 1987.958984,
				 -3183.996094 13790.302734 2188.027344,
				 -3234.980469 15193.600586 2239.010742,
				 -4581.463379 15804.854492 3628.314453,
				 -4782.763184 16989.373047 3839.994385,
				 -4355.641113 16989.373047 4118.777832,
				 -4244.752441 15804.854492 3848.088135,
				 -4301.451660 16989.373047 3987.952881,
				 -4702.552734 16989.373047 3719.949707,
				 -4620.117188 15804.854492 2088.370605,
				 -4831.795898 16989.373047 1886.556274,
				 -3410.953613 15804.858398 1835.127808,
				 -3297.957764 16989.382813 1565.314941,
				 -3074.239746 15804.854492 2054.887207,
				 -3352.141357 16989.369141 1696.116455,
				 -2834.164307 16989.373047 3799.202637,
				 -3045.333984 15804.854492 3596.156250,
				 -2954.208252 16989.373047 3718.992676,
				 -4534.817383 17376.271484 3756.511719,
				 -4266.853516 17376.271484 3903.225098,
				 -4413.441406 17054.039063 4259.873535,
				 -4887.688477 17054.037109 3950.328369,
				 -4643.615234 17483.625000 3904.376709,
				 -4335.955566 17483.625000 4071.477051,
				 -3239.056152 17054.042969 1424.658936,
				 -3317.482422 17483.625000 1612.662720,
				 -3387.589111 17376.267578 1780.493408,
				 -2764.807129 17054.042969 1734.204102,
				 -3009.821533 17483.625000 1779.762451,
				 -2917.439941 17376.271484 3550.551514,
				 -4340.606934 15535.212891 2334.567383,
				 -4340.514648 15193.600586 2334.660400,
				 -4155.959961 15197.149414 2519.212158,
				 -4155.959961 15531.665039 2519.214355,
				 -4254.179199 15531.665039 2666.209473,
				 -4254.179199 15197.150391 2666.207275,
				 -4495.311035 15193.600586 3112.874512,
				 -4495.432129 15535.212891 3112.924316,
				 -4340.607422 15535.212891 3344.635010,
				 -4340.515137 15193.600586 3344.544189,
				 -4155.960938 15531.665039 3159.989502,
				 -4155.960938 15197.149414 3159.989502,
				 -3330.539551 15535.212891 3344.637207,
				 -3330.631592 15193.600586 3344.544189,
				 -3416.966797 15531.665039 3012.995850,
				 -3416.966309 15197.149414 3012.994385,
				 -3515.185059 15197.149414 3159.988281,
				 -3515.185547 15531.665039 3159.989502,
				 -3175.835205 15193.600586 2566.330566,
				 -3175.713867 15535.212891 2566.280273,
				 -3330.538818 15535.212891 2334.569824,
				 -3330.631348 15193.600586 2334.662598,
				 -3515.185059 15531.665039 2519.214355,
				 -3515.185059 15197.149414 2519.214355,
				 -4105.861816 16448.101563 3492.140869,
				 -4169.445801 16754.095703 3645.640625,
				 -4334.995117 16448.095703 3339.021973,
				 -3835.575928 16448.101563 3545.905029,
				 -3565.288574 16448.095703 3492.130127,
				 -3501.701660 16754.095703 3645.640625,
				 -3336.151123 16448.095703 3339.024170,
				 -3218.658447 16754.095703 3456.517090,
				 -3565.287842 16448.095703 2187.076660,
				 -3501.700684 16754.095703 2033.563721,
				 -3835.572998 16448.095703 2133.312500,
				 -4105.857910 16448.095703 2187.076660,
				 -4169.445801 16754.095703 2033.563721,
				 -4896.179199 17483.626953 2025.665527,
				 -4942.132324 17054.039063 1781.362183,
				 -4643.459473 17094.423828 2942.724365,
				 -4479.755859 17094.423828 3337.950684,
				 -3549.782715 17094.421875 3529.573975,
				 -3361.188477 17094.421875 3429.758545,
				 -3674.017090 17094.423828 3705.623535,
				 -3501.579346 17094.423828 3645.915527,
				 -3027.692627 17094.423828 2736.483398,
				 -3191.376709 17094.423828 2341.265381,
				 -2969.640869 17094.423828 2678.152588,
				 -3108.971436 17094.421875 2341.482422,
				 -4121.373047 17094.423828 2149.630859,
				 -4309.968262 17094.423828 2249.445068,
				 -4169.535156 17094.423828 2033.416504,
				 -3997.089355 17094.421875 1973.614136,
				 -4486.936523 13388.330078 2190.740234,
				 -4187.491211 13388.330078 1989.025391,
				 -4486.003418 13388.330078 3489.747314,
				 -3835.371338 13388.327148 3759.242188,
				 -3482.942627 13388.330078 3690.926270,
				 -3186.130859 13388.330078 3493.103271,
				 -3184.741455 13388.330078 2188.486816,
				 -3483.251953 13388.328125 1989.023193,
				 -3835.371338 13388.328125 1918.984131,
				 -4750.464355 11891.041992 3792.827637,
				 -4750.464355 11735.545898 3792.827637,
				 -4343.146484 11891.043945 4064.993164,
				 -4343.146484 11735.547852 4064.995361,
				 -3862.681641 11891.041992 4160.561523,
				 -3862.681396 11735.547852 4160.563965,
				 -3382.216553 11891.041992 4064.989502,
				 -3382.216064 11735.547852 4064.989502,
				 -3065.043457 11891.041992 3927.740479,
				 -3065.043457 11735.547852 3927.740479,
				 -4750.464355 12457.235352 3792.827637,
				 -4750.464355 12301.739258 3792.830322,
				 -4343.145508 12457.235352 4064.988037,
				 -4343.145508 12301.739258 4064.988037,
				 -3862.680664 12457.235352 4160.556641,
				 -3862.680664 12301.740234 4160.558105,
				 -3382.216797 12457.235352 4064.989502,
				 -3382.216797 12301.739258 4064.989502,
				 -3065.044189 12457.235352 3927.740479,
				 -3065.044189 12301.739258 3927.740479,
				 -4097.488281 13388.331055 3471.922607,
				 -4097.488281 13047.525391 3471.922607,
				 -4182.698242 17150.865234 3186.726318,
				 -4023.438721 17150.871094 3293.156982,
				 -3835.575928 17150.871094 3330.525635,
				 -3647.710693 17150.865234 3293.143066,
				 -3488.448486 17150.865234 3186.728516,
				 -3488.448242 17150.865234 2492.477783,
				 -3647.710449 17150.865234 2386.061279,
				 -3835.572754 17150.865234 2348.692627,
				 -4023.435791 17150.865234 2386.061279,
				 -4182.698242 17150.865234 2492.477783,
				 -4123.645996 15662.491211 3127.669189,
				 -4123.643555 17150.865234 3127.672852,
				 -3991.475586 15662.491211 3215.979248,
				 -3991.474854 17150.865234 3215.979248,
				 -3835.570313 15662.492188 3246.991943,
				 -3835.572021 17150.865234 3246.991943,
				 -3679.667969 15662.492188 3215.985107,
				 -3679.670166 17150.865234 3215.985107,
				 -3547.502197 15662.492188 3127.672852,
				 -3547.502930 17150.865234 3127.672852,
				 -3547.502930 15662.492188 2551.530762,
				 -3547.502930 17150.865234 2551.532959,
				 -3679.669922 15662.491211 2463.219727,
				 -3679.670166 17150.865234 2463.219727,
				 -3835.576416 15662.491211 2432.207520,
				 -3835.572266 17150.865234 2432.207520,
				 -3991.481445 15662.492188 2463.219727,
				 -3991.475586 17150.865234 2463.221191,
				 -4123.645996 15662.492188 2551.529297,
				 -4123.643555 17150.865234 2551.532959,
				 -2548.696045 13047.522461 2306.559326,
				 -2850.639893 13521.866211 1854.670654,
				 -4823.335449 13047.522461 1861.499878,
				 -4820.505371 13047.522461 3824.534180,
				 -4366.254883 13047.523438 4120.781250,
				 -4385.297363 15206.601563 4166.752930,
				 -2850.639893 13047.522461 1854.670654,
				 -3302.530762 13047.522461 1552.721069,
				 -3302.530518 13521.866211 1552.722534,
				 -3835.572021 13047.522461 1446.693359,
				 -3835.572021 13521.864258 1446.693359,
				 -4368.614258 13047.522461 1552.725830,
				 -2778.643799 11378.124023 812.430603,
				 -2889.856934 10676.507813 1080.928955,
				 -2731.540039 11537.700195 536.321960,
				 -2710.213867 11672.239258 484.836823,
				 -2445.961182 11610.015625 431.690125,
				 -2708.048584 11888.144531 718.322205,
				 -2269.269775 11784.824219 630.079651,
				 -2099.367432 12633.991211 367.971344,
				 -2633.088867 12189.181641 334.509979,
				 -2342.611328 12120.782227 276.091492,
				 -2583.143311 11831.036133 -580.681946,
				 -2873.620361 11899.435547 -522.264587,
				 -3206.331299 13011.988281 -336.279053,
				 -3430.841064 12699.920898 -167.711990,
				 -2194.780762 12929.937500 -803.008972,
				 -2803.377686 13073.246094 -680.615051,
				 -4694.512207 13388.328125 3215.550537,
				 -3494.048096 13388.328125 3712.801025,
				 -3029.267090 17094.421875 2505.679199,
				 -3835.574219 15662.491211 2839.602783,
				 -2608.116211 12010.110352 -123.086716,
				 -7779.608398 3538.620361 2178.931152,
				 -7779.608398 3979.264648 2178.928955,
				 -7987.091797 3979.264160 2839.743164,
				 -7987.091797 3538.619873 2839.743164,
				 -7779.610840 3979.263916 3500.561279,
				 -7779.610840 3538.619141 3500.561279,
				 -7696.041992 3538.620361 2839.745361,
				 -7488.559570 3538.619873 3391.018555,
				 -7488.559082 2481.925537 3391.018555,
				 -7696.041016 2481.926514 2839.745361,
				 -7488.557617 2481.925781 2288.475586,
				 -7488.558105 3538.620361 2288.475586,
				 -7488.556641 4878.310059 2288.474121,
				 -7488.557617 5737.699707 2288.474121,
				 -7696.041016 5737.699219 2839.747559,
				 -7696.041016 4878.310059 2839.745361,
				 -7488.560547 5737.699707 3391.020020,
				 -7488.560547 4878.309082 3391.020020,
				 -7696.041016 3979.264648 2839.745361,
				 -7696.041016 4458.778809 2839.745361,
				 -7488.560547 4458.777832 3391.022217,
				 -7488.559082 3979.262695 3391.020020,
				 -7488.557617 3979.264648 2288.474121,
				 -7488.556641 4458.779297 2288.474121,
				 -7987.090332 4458.778809 2839.743164,
				 -7987.090332 4878.310059 2839.743164,
				 -7779.608398 4878.309570 3500.561279,
				 -7779.609863 4458.778809 3500.561279,
				 -7779.606445 4458.779297 2178.927490,
				 -7779.604980 4878.310059 2178.927490,
				 -1530.024658 2481.926514 263.491852,
				 -699.934204 3094.976563 281.075409,
				 -697.523376 5095.659668 282.072754,
				 -1474.273682 5737.698242 263.491852,
				 -3835.216064 2481.926514 114.024643,
				 -3835.217285 5737.697754 114.023911,
				 -4878.310547 5737.698242 321.510651,
				 -4878.310059 2481.926514 321.511383,
				 -5762.594727 5737.697754 912.371948,
				 -5762.596680 2481.926514 912.371948,
				 -6353.458984 5737.699219 1796.659912,
				 -6353.458984 2481.926514 1796.659912,
				 -2499.222412 5737.698242 -385.628113,
				 -2499.221191 2481.926514 -385.631958,
				 -2495.594727 2481.926514 -794.088196,
				 -2495.598389 5737.699219 -794.073425,
				 -3511.649414 5737.699707 -1022.191528,
				 -3511.650146 2481.927246 -1022.201172,
				 -4501.455566 2948.695313 -795.713928,
				 -4501.456055 5737.697754 -795.712463,
				 -4878.310059 5737.697754 5357.984863,
				 -3835.217529 5737.698730 5565.465820,
				 -4878.309082 3547.369873 5357.977051,
				 -5482.639648 5737.700195 4954.190918,
				 -4878.309570 2481.926514 5357.978516,
				 -5129.541016 2481.925781 5190.119629,
				 -3835.219727 2481.926514 5565.461426,
				 -2792.130615 5737.699219 5357.984863,
				 -2792.130615 2481.926514 5357.983398,
				 -6353.459473 3883.157471 3882.835693,
				 -6353.460449 2481.925781 3882.835693,
				 -6353.460449 5737.698242 3882.837891,
				 -5762.598145 5737.698730 4767.125000,
				 -5917.756836 5737.699707 4534.917969,
				 -5762.599121 2481.926514 4767.126953,
				 -6171.006348 2481.926514 4155.901367,
				 -1530.024658 1862.410889 114.023911,
				 -3835.217529 1862.410156 114.024643,
				 -3835.218018 567.232178 114.024643,
				 -1529.967651 567.232910 114.026108,
				 -4878.310059 1862.410156 321.512115,
				 -4878.310547 567.232178 321.512848,
				 -1623.856934 8024.434570 5192.137695,
				 -2134.796387 -4983.968750 -1374.000488,
				 -918.546509 -4983.968750 -1606.077148,
				 -3967.703613 -4983.970215 -636.614685,
				 -2007.452148 -6088.108398 -919.511292,
				 -791.004333 -6088.109863 -1150.744751,
				 -3719.883301 -6088.108398 -241.198334,
				 -1286.757935 1862.410156 5955.007813,
				 -1286.758057 567.232178 5955.007813,
				 -778.311523 -18547.667969 2365.912354,
				 -859.431702 -18388.013672 2399.362793,
				 -657.781494 -18663.052734 2699.808105,
				 -595.694946 -18796.740234 2637.997559,
				 -778.311646 -17960.048828 1724.025879,
				 -859.431824 -17739.156250 1690.573242,
				 -930.242432 -18063.583984 2044.968384,
				 -842.438354 -18253.855469 2044.969849,
				 -355.990509 -18846.830078 2900.556641,
				 -322.389496 -18963.175781 2819.799561,
				 -355.989929 -17280.343750 1189.377808,
				 -322.388794 -17544.544922 1270.134399,
				 -657.781372 -17464.117188 1390.127075,
				 -595.694580 -17710.968750 1451.936279,
				 -641.749512 -17314.347656 2309.600342,
				 -491.174896 -17314.349609 2533.946533,
				 -694.624451 -17314.347656 2044.969849,
				 -265.823517 -17314.353516 2683.846680,
				 -265.822968 -17314.347656 1406.087524,
				 -491.174652 -17314.347656 1555.989746,
				 -641.749512 -17314.347656 1780.336670,
				 -1712.919678 -11846.039063 2279.582764,
				 -1735.185303 -11786.629883 2029.686401,
				 -3045.629150 -8175.719238 2279.584961,
				 -1735.185547 -11786.627930 2529.479736,
				 -2985.875732 -8175.717773 1885.394531,
				 -2985.876221 -8175.717773 2673.778564,
				 -1917.988281 -12227.435547 2279.584961,
				 -1771.990234 -11998.285156 1932.946533,
				 -1771.990967 -11998.285156 2626.220703,
				 -3472.785889 -7817.419434 1660.389648,
				 -3758.916504 -7817.420898 2279.582764,
				 -3472.786621 -7817.420898 2898.779785,
				 -5762.596680 567.232178 912.371948,
				 -5762.596680 1862.410156 912.371948,
				 -1252.259888 -1312.173462 4809.473145,
				 -1650.026367 -7200.672363 4801.154785,
				 -1895.659546 -8253.826172 4013.033691,
				 -1850.636963 -6088.109863 4013.033691,
				 -1650.026489 -6091.876465 4801.156250,
				 -1383.038818 -6095.593750 5181.942383,
				 -1065.613892 -6095.593750 5181.942383,
				 -1065.613525 -6791.119629 5181.940918,
				 -1383.038696 -6791.119629 5181.940918,
				 -403.396179 -6933.327637 5658.238770,
				 -403.396790 -6095.644531 5658.240234,
				 -306.151337 -1315.026733 5459.926758,
				 -875.105835 -1314.993774 5209.530273,
				 -1618.034668 -14415.379883 2279.588623,
				 -1494.869751 -14415.383789 1660.393677,
				 -1494.869873 -14415.379883 2898.783447,
				 -1356.224243 -11998.288086 3774.461426,
				 -3758.916504 -6088.109863 2279.582764,
				 -3472.786621 -6088.109863 1660.389648,
				 -3472.786621 -6088.109863 2898.781982,
				 -1245.889771 -16212.749023 2795.655273,
				 -1348.541138 -16212.747070 2279.592041,
				 -1144.124023 -14415.383789 1135.465454,
				 -1185.415527 -13944.815430 1135.462158,
				 -1356.223267 -11998.285156 1135.462158,
				 -2864.360107 -7817.419434 1135.462158,
				 -2657.955078 -6088.109863 1135.462158,
				 -953.563049 -16212.747070 1326.029785,
				 -1245.890015 -16212.746094 1763.528076,
				 -2657.956787 -7817.420898 3423.702148,
				 -2657.956787 -6088.109863 3423.702148,
				 -2516.087646 -6088.106934 3893.735107,
				 -2374.220703 -7817.420898 3774.461426,
				 -619.196960 -14415.379883 3774.461426,
				 -1144.124878 -14415.379883 3423.708008,
				 -610.545105 -13133.172852 4013.033691,
				 -1491.639771 -9843.407227 4013.033691,
				 -1011.457520 -12338.679688 4013.033691,
				 -1308.130127 -11229.667969 4013.033691,
				 -516.066223 -16212.749023 3525.479980,
				 -953.563599 -16212.749023 3233.153076,
				 -1438.476074 -7817.419434 784.716309,
				 -419.710754 -8937.165039 722.831543,
				 -895.496033 -10196.123047 1015.331299,
				 -535.034485 -9298.402344 642.458313,
				 -775.522583 -10196.123047 474.858063,
				 -1013.268127 -11419.926758 309.168549,
				 -1170.020996 -11419.926758 1015.331299,
				 -1266.421265 -12860.164063 1015.336426,
				 -1096.752563 -12860.146484 250.978760,
				 -1170.019653 -13445.148438 1015.320374,
				 -1013.266846 -13445.142578 309.153564,
				 -775.522095 -13941.101563 474.855865,
				 -895.495667 -13941.104492 1015.330566,
				 -447.748962 -10196.123047 79.203499,
				 -585.011597 -11419.926758 -207.778610,
				 -633.211975 -12860.155273 -308.554535,
				 -585.011597 -13445.163086 -207.778610,
				 -447.748779 -13941.101563 79.203499,
				 -242.320755 -9298.402344 508.704132,
				 -636.459167 -13944.819336 784.715576,
				 -619.196167 -14415.383789 784.719604,
				 -1438.476074 -6088.109863 784.716309,
				 -516.065186 -16212.747070 1033.705811,
				 -3419.211670 -6088.095215 3670.588623,
				 -2664.559082 -5832.467285 3773.830811,
				 -3350.729492 -5678.846191 3558.084717,
				 -3963.272949 -5832.471680 2175.005615,
				 -3675.584229 -5832.471680 1405.929321,
				 -3963.272949 -4646.338379 2175.005615,
				 -3675.584229 -4646.338379 1405.930054,
				 -3639.287109 -5926.286133 2901.955811,
				 -3639.287109 -4646.336914 2901.955811,
				 -4465.914063 -5678.856445 959.680969,
				 -4757.206055 -5678.856445 2093.160400,
				 -4465.914063 -4646.338379 959.680969,
				 -4757.206055 -4646.338379 2093.161865,
				 -4273.082031 -5678.856445 2972.732910,
				 -4273.082031 -4646.338379 2972.732910,
				 -5034.924805 -6088.109863 2103.032471,
				 -4491.418457 -6088.109863 3051.450195,
				 -2877.076172 -5926.288574 3443.634766,
				 -4743.001953 -6088.109863 697.782043,
				 -1548.090454 -5832.473145 348.003998,
				 -2818.228027 -5832.471680 762.916077,
				 -1548.090332 -4646.342773 348.004730,
				 -2818.227539 -4646.342773 762.916077,
				 -728.887573 -5678.856445 -665.784485,
				 -1902.107910 -5678.856445 -442.043457,
				 -728.887512 -4646.339844 -665.784485,
				 -1902.107910 -4646.339844 -442.043457,
				 -3478.961426 -5678.856445 124.720551,
				 -3478.961426 -4646.338379 124.719452,
				 -2877.076172 -4646.336914 3443.634766,
				 -2664.560791 -4646.338379 3773.842529,
				 -3350.730957 -4646.335449 3558.092773,
				 -6665.630859 10103.502930 4012.107910,
				 -6817.465332 9692.041992 4075.036133,
				 -7044.742188 9690.860352 2935.978027,
				 -6898.831055 10103.496094 2932.473877,
				 -6172.746094 9690.868164 5041.179199,
				 -6067.113281 10103.510742 4940.421387,
				 -6816.636230 8024.434570 4074.689941,
				 -7062.276855 8024.434570 2939.467041,
				 -6560.940430 5737.697266 2839.745361,
				 -4878.311035 9569.516602 5357.989258,
				 -5762.599121 9569.516602 4767.125000,
				 -5671.831543 9888.245117 4676.304199,
				 -4829.207031 9888.243164 5239.328613,
				 -3835.258301 9888.246094 5437.036621,
				 -3835.218018 9569.516602 5565.467285,
				 -4878.309082 7996.995117 5357.977051,
				 -5762.599121 7996.996094 4767.126953,
				 -3835.215820 7996.995117 5565.458496,
				 -3738.987061 9690.898438 6049.258789,
				 -2599.932129 9692.082031 5821.981445,
				 -2600.277832 8024.435059 5821.161621,
				 -3735.497070 8024.435059 6066.809570,
				 -1633.798218 9690.907227 5177.258301,
				 -6187.611328 8024.435059 5051.110352,
				 -1006.370178 10103.517578 1666.884155,
				 -854.571411 9692.047852 1603.979736,
				 -627.377747 9690.860352 2742.816895,
				 -773.289001 10103.496094 2746.321045,
				 -855.353394 8024.434570 1604.313721,
				 -6560.940430 7996.994629 2839.745361,
				 -6720.157715 6704.551270 2049.676758,
				 -6462.199219 6704.551270 1426.909668,
				 -6720.157715 9503.385742 2049.676758,
				 -6560.940430 9569.515625 2839.745361,
				 -1497.437622 9690.882813 638.716919,
				 -1603.163574 10103.541016 739.428345,
				 -1482.557007 8024.434570 628.793640,
				 -1907.840332 5737.696289 912.371216,
				 -1318.662964 5737.697266 1795.962769,
				 -5070.505859 9692.041992 -142.493668,
				 -5007.637695 10103.502930 9.361729,
				 -6036.646484 9690.860352 502.225281,
				 -5935.949707 10103.496094 607.877502,
				 -2498.696045 9714.717773 -386.888519,
				 -1489.445801 9712.925781 286.198486,
				 -1644.440430 10308.745117 472.993774,
				 -2591.059814 10170.561523 -164.026855,
				 -3710.857422 10165.127930 -382.973236,
				 -3688.296875 9712.910156 -624.595581,
				 -3931.453125 9690.867188 -369.774780,
				 -3928.004150 10103.507813 -223.838364,
				 -5070.164063 8024.435059 -141.662888,
				 -6046.577637 8024.435059 487.360535,
				 -3934.943359 8024.434570 -387.311035,
				 -3682.972168 5737.697754 -651.363647,
				 -5762.593750 9569.516602 912.373413,
				 -6462.199219 9503.385742 1426.908203,
				 -5762.594727 7996.995117 912.373413,
				 -1907.840820 9569.516602 4767.125000,
				 -1318.664063 9569.516602 3882.141602,
				 -1907.840820 7996.996094 4767.125000,
				 -9208.068359 7190.839355 453.376007,
				 -9067.204102 6764.063965 511.722168,
				 -9209.312500 6764.063965 854.797363,
				 -9350.174805 7190.839355 796.450134,
				 -11201.124023 7637.290527 -372.175751,
				 -11343.232422 7637.290527 -29.099249,
				 -11358.711914 7776.571777 -35.511967,
				 -11216.604492 7776.571777 -378.590118,
				 -11289.248047 8213.095703 -207.706635,
				 -11098.680664 7799.171387 -329.743774,
				 -11169.735352 8278.315430 -158.204514,
				 -11240.787109 7799.171387 13.334013,
				 -8964.760742 6925.944336 554.155762,
				 -9105.622070 7352.720215 495.807465,
				 -9247.728516 7352.720215 838.884521,
				 -9106.868164 6925.944336 897.232117,
				 -7769.079590 6764.064453 1451.360840,
				 -7769.077637 6408.878418 1451.358643,
				 -7821.742676 6408.879395 1578.504639,
				 -7821.742676 6764.063965 1578.504639,
				 -8170.677734 6408.878418 1285.014771,
				 -8170.679688 6764.063965 1285.015503,
				 -8223.340820 6764.063965 1412.152710,
				 -8223.341797 6408.879395 1412.154907,
				 -8375.716797 6925.944336 1200.086182,
				 -8375.716797 7305.507813 1200.083984,
				 -8474.409180 7305.507813 1438.351685,
				 -8474.409180 6925.944336 1438.351685,
				 -8274.208984 8115.275391 1242.131836,
				 -8309.897461 8006.022461 1328.290527,
				 -7769.078125 7305.508789 1451.358643,
				 -7769.079102 6925.944824 1451.360840,
				 -7867.771973 6925.944336 1689.628540,
				 -7867.772461 7305.507813 1689.628540,
				 -7804.769043 8006.022461 1537.525024,
				 -7769.080566 8115.275391 1451.362305,
				 -7379.559082 6408.879395 1612.702148,
				 -7379.559082 6764.065430 1612.701416,
				 -7237.452637 6764.064453 1269.626953,
				 -7237.453613 6408.878418 1269.630249,
				 -12003.956055 7364.694824 -420.552094,
				 -12010.589844 7149.251465 -506.437164,
				 -11945.125977 7364.696289 -562.584351,
				 -11953.332031 7955.932617 -482.781555,
				 -7379.559082 8924.893555 1612.707275,
				 -7667.820801 9430.125977 1292.333618,
				 -7237.451172 8924.893555 1269.626953,
				 -7626.973145 6764.064453 1108.288208,
				 -8028.571777 6764.064453 941.939941,
				 -7805.125977 6001.491699 1235.405640,
				 -8233.611328 6925.944824 857.009521,
				 -7237.451172 6925.944824 1269.626953,
				 -7626.972656 6925.944824 1108.285645,
				 -7379.557617 6925.945801 1612.704346,
				 -9530.522461 6156.520020 520.778809,
				 -9394.551758 6479.519043 778.069824,
				 -9433.170898 6910.713379 360.132721,
				 -11280.852539 7220.298828 -405.202209,
				 -9252.444336 6479.520020 434.992371,
				 -11416.640625 6767.799316 -260.422607,
				 -9729.204102 6589.876953 438.482422,
				 -8006.712891 8924.893555 950.991821,
				 -8077.765625 9430.125977 1122.531128,
				 -6997.470215 9146.286133 1205.182251,
				 -6997.470215 6704.551270 1205.181519,
				 -9575.277344 6910.713379 703.210144,
				 -11422.958984 7220.299805 -62.125141,
				 -8148.820801 8924.893555 1294.072144,
				 -7255.430176 9146.286133 1827.948608,
				 -7255.430176 6704.551270 1827.948608,
				 -5473.109375 -4178.052734 2172.748535,
				 -5473.108398 -5156.805176 2172.748535,
				 -5135.756836 -5039.729980 474.707184,
				 -5135.755859 -4178.052734 474.707184,
				 -4815.942383 -5293.412598 3374.905762,
				 -4815.941406 -4178.051270 3374.905762,
				 -2657.956787 -4166.822266 4013.035889,
				 -3605.946777 -4191.515625 4102.979980,
				 -3605.947021 -5628.209473 4102.979980,
				 -1109.430420 2270.872314 6158.502930,
				 -911.583740 2940.221680 7644.219727,
				 -5892.284668 1862.409302 1987.684204,
				 -5892.284668 2481.925781 1987.684204,
				 -6061.770020 2481.926514 2839.743164,
				 -6061.770020 1862.410156 2839.745361,
				 -5892.285645 2481.925781 3691.815430,
				 -5892.285645 1862.410156 3691.815430,
				 -3835.217529 9569.515625 114.026108,
				 -3835.217529 7996.994629 114.026108,
				 -694.624451 -18253.855469 2044.968384,
				 -641.749451 -18011.601563 1780.338135,
				 -641.749512 -18496.113281 2309.600342,
				 -6644.789063 1862.409302 3173.529541,
				 -6644.789063 2481.925781 3173.529541,
				 -6506.591797 2481.925781 2839.892090,
				 -6506.591797 1862.409302 2839.892090,
				 -6644.781738 2481.932617 2506.237305,
				 -6644.781738 1862.416748 2506.237305,
				 -7312.063477 1862.410156 2506.254639,
				 -7312.063477 2481.926514 2506.254639,
				 -7450.259277 2481.926514 2839.892090,
				 -7450.259277 1862.410889 2839.892090,
				 -7312.065918 2481.927734 3173.535400,
				 -7312.065918 1862.411621 3173.535400,
				 -1530.024658 2481.926514 413.258240,
				 -1530.024658 1862.409302 413.257507,
				 -322.502930 4557.828125 1084.832275,
				 -323.617554 3632.807129 1084.371948,
				 -478.011688 -13941.101563 674.677490,
				 -1159.656982 2481.926514 5466.167969,
				 -2747.961182 2481.926514 4871.846680,
				 -2747.961182 1862.410889 4871.846680,
				 -1159.656982 1862.410156 5466.167969,
				 -5409.633301 2481.926514 4414.159668,
				 -5409.632813 1862.410156 4414.159668,
				 -3835.220215 2481.927246 5066.295898,
				 -3835.220215 1862.411621 5066.295898,
				 -4687.283203 2481.926514 782.686157,
				 -3535.986572 2481.926514 413.258240,
				 -3535.986328 1862.409302 413.258972,
				 -4687.283203 1862.410889 782.686157,
				 -6560.941895 2481.926514 2839.745361,
				 -6560.941895 1862.410156 2839.745361,
				 -4687.284668 2481.927734 4896.802734,
				 -4687.284668 1862.411621 4896.802734,
				 -5409.627441 2481.926514 1265.338989,
				 -5409.627441 1862.410156 1265.338989,
				 -3682.969238 2481.925781 -651.380066,
				 -4632.686523 2948.695313 -470.209320,
				 -265.823578 -18838.712891 2683.848877,
				 -491.175018 -18701.488281 2533.946533,
				 -265.823212 -17669.000000 1406.087524,
				 -491.174622 -17806.226563 1555.989746,
				 -6978.419434 2481.933350 2368.041504,
				 -6978.419434 1862.416748 2368.041504,
				 -6978.428223 2481.927246 3311.731445,
				 -6978.428223 1862.410889 3311.731445,
				 -529.121460 4377.747070 7469.955566,
				 -536.705811 4219.538574 7453.611328,
				 -529.121582 6201.672363 7214.074707,
				 -265.579254 7455.263672 -3951.477051,
				 -265.579254 7513.713379 -4120.186035,
				 -495.379883 7039.701660 -3832.180908,
				 -614.675354 7039.701660 -4120.186035,
				 -495.379883 7039.701660 -4408.190430,
				 -519.109131 6745.854980 -3808.451660,
				 -648.233704 6745.854980 -4120.186035,
				 -519.109131 6745.854980 -4431.920410,
				 -486.364441 6234.398926 -3862.962158,
				 -592.910034 6234.398926 -4120.186035,
				 -486.364441 6234.398926 -4377.409668,
				 -468.351074 5727.057129 -4120.186035,
				 255.597610 7513.713379 -4120.186035,
				 255.597610 7455.263672 -3951.477051,
				 485.398254 7039.701660 -4408.190430,
				 604.693726 7039.701660 -4120.186035,
				 485.398254 7039.701660 -3832.180908,
				 509.127625 6745.854980 -4431.920410,
				 638.252075 6745.854980 -4120.186035,
				 509.127625 6745.854980 -3808.451660,
				 476.382813 6234.398926 -4377.409668,
				 582.928467 6234.398926 -4120.186035,
				 476.382813 6234.398926 -3862.961426,
				 458.369385 5727.057129 -4120.186035,
				 -265.579254 7455.263672 -4288.895508,
				 255.597610 7455.263672 -4288.895508,
				 -265.579254 7039.701660 -4527.485840,
				 -265.579254 6745.854980 -4561.044922,
				 -265.579529 6234.398926 -4483.956055,
				 -265.580078 5727.057129 -4320.189941,
				 -265.580780 5293.956055 -4120.186035,
				 255.597610 7039.701660 -4527.485840,
				 255.597610 6745.854980 -4561.044922,
				 255.597885 6234.398926 -4483.956055,
				 255.598419 5727.057129 -4320.189941,
				 255.599121 5293.956055 -4120.186035,
				 -265.579254 7039.701660 -3712.885498,
				 -265.579254 6745.854980 -3679.327637,
				 -265.579529 6234.398926 -3756.416504,
				 -265.580078 5727.057129 -3920.182617,
				 255.597610 7039.701660 -3712.885498,
				 255.597610 6745.854980 -3679.327637,
				 255.597885 6234.398926 -3756.416504,
				 255.598419 5727.057129 -3920.182617,
				 0.000113 -12779.230469 661.551025,
				 1977.348389 -14835.206055 2208.119629,
				 1707.854492 -15971.913086 2208.121826,
				 1854.182739 -14835.203125 1588.926147,
				 1605.203247 -15971.913086 1692.057983,
				 0.000026 -13941.104492 109.870422,
				 339.419708 -13941.104492 219.652405,
				 587.890991 -13941.104492 519.580872,
				 0.000012 -12779.230469 109.870422,
				 339.419708 -12779.230469 219.652405,
				 587.890991 -12779.230469 519.580872,
				 478.011658 -12779.230469 674.677490,
				 1157.097534 -15971.913086 1021.419617,
				 719.599731 -15971.913086 729.092651,
				 822.730469 -14835.205078 480.112305,
				 1347.658691 -14835.206055 830.857361,
				 330.971436 -12623.160156 3984.503906,
				 639.275513 -12077.082031 3991.352539,
				 470.294556 -12077.082031 4269.298340,
				 384.138885 -12706.938477 4245.303223,
				 730.674377 -12139.169922 4245.303223,
				 1005.686523 -11121.182617 4245.303223,
				 1182.255371 -9806.654297 4245.303223,
				 1243.096558 -8302.152344 4334.722656,
				 1135.167603 -7543.221191 4610.370117,
				 1007.982483 -7392.400391 4400.576660,
				 892.597107 -11083.742188 3996.613525,
				 1065.070557 -9777.354492 3997.671387,
				 1130.073486 -8227.925781 4093.101318,
				 565.037537 -7647.655762 4037.411865,
				 565.037537 -8396.171875 4049.345703,
				 565.037537 -7647.655762 4549.320801,
				 0.000102 -7647.655762 4549.323242,
				 565.037537 -8152.491699 4549.320801,
				 0.000113 -8152.491699 4549.320801,
				 721.435303 -11083.742188 4512.596191,
				 426.053741 -7775.334473 4549.320801,
				 0.000095 -7775.334473 4549.323242,
				 426.053741 -8031.824707 4549.320801,
				 0.000108 -8031.824707 4549.320801,
				 426.053741 -8031.824707 4702.771973,
				 0.000110 -8031.824707 4702.776367,
				 426.056213 -7775.334473 5067.788574,
				 426.055634 -8031.824707 5170.550781,
				 0.000110 -8031.824707 5170.550781,
				 0.000110 -8211.002930 4709.304199,
				 426.053741 -8211.002930 4709.304199,
				 426.055634 -8335.771484 5255.051758,
				 0.000110 -8335.774414 5255.051758,
				 918.370361 -7093.823730 5053.308105,
				 0.000365 -12927.408203 4245.303223,
				 0.000160 -7067.376465 5288.258789,
				 266.008850 -7065.344238 5323.939941,
				 761.213989 -6916.041992 4875.480957,
				 -0.000136 -12835.432617 3981.728271,
				 0.000118 -7067.377441 3981.726807,
				 0.000168 -11083.742188 3981.726807,
				 0.000071 -7647.655762 3981.726807,
				 0.000196 -8396.171875 3981.726807,
				 0.000129 -11083.742188 4616.024414,
				 0.000101 -7775.334473 5067.788574,
				 0.000405 -7233.382324 5531.127441,
				 350.787079 -7233.377930 5531.127441,
				 0.000040 -12077.082031 4372.722656,
				 -1854.182495 -14835.205078 1588.925415,
				 -1977.348022 -14835.206055 2208.119629,
				 -1605.202881 -15971.914063 1692.057983,
				 -1707.854126 -15971.913086 2208.121826,
				 -339.419525 -12779.229492 219.652405,
				 -587.890808 -12779.229492 519.580872,
				 -478.011475 -12779.230469 674.676758,
				 -339.419617 -13941.104492 219.652405,
				 -587.890808 -13941.104492 519.580872,
				 -1157.097168 -15971.913086 1021.419617,
				 -719.599365 -15971.913086 729.092651,
				 -822.730225 -14835.206055 480.112305,
				 -1347.658447 -14835.206055 830.857361,
				 -330.971313 -12623.158203 3984.502686,
				 -639.275146 -12077.082031 3991.351074,
				 -470.294373 -12077.082031 4269.298340,
				 -384.138123 -12706.937500 4245.303223,
				 -730.673645 -12139.168945 4245.303223,
				 -1005.685791 -11121.182617 4245.303223,
				 -892.596802 -11083.742188 3996.613525,
				 -1182.254517 -9806.654297 4245.303223,
				 -1065.070190 -9777.353516 3997.671387,
				 -1130.073242 -8227.925781 4093.101318,
				 -1243.095703 -8302.152344 4334.722656,
				 -1007.982300 -7392.400391 4400.576660,
				 -1135.166870 -7543.221191 4610.370117,
				 -565.037231 -8396.171875 4049.345703,
				 -565.037354 -7647.654297 4037.411865,
				 -565.037354 -7647.655762 4549.323242,
				 -565.037354 -8152.491699 4549.323242,
				 -721.435059 -11083.742188 4512.596191,
				 -426.053558 -7775.334473 4549.320801,
				 -426.053558 -8031.824707 4549.323242,
				 -426.053558 -8031.824707 4702.771973,
				 -426.055939 -7775.331543 5067.788574,
				 -426.055298 -8031.823242 5170.550781,
				 -426.055359 -8335.771484 5255.051758,
				 -426.053558 -8211.002930 4709.304199,
				 -761.213806 -6916.041992 4875.480957,
				 -918.369690 -7093.823730 5053.308105,
				 -266.008606 -7065.344238 5323.937012,
				 -350.786316 -7233.377930 5531.127441,
				 -177.213120 558.798401 -11589.665039,
				 -111.563049 427.401031 -11627.318359,
				 -38.138882 558.798401 -11509.369141,
				 255.597610 3486.694336 -10222.147461,
				 255.597610 1663.288696 -4770.350586,
				 255.597610 3767.359131 -10222.146484,
				 255.597610 2833.390137 -4770.350586,
				 -266.246674 3486.694336 -10222.147461,
				 -266.246674 2833.390137 -4770.351563,
				 -266.246704 3767.358887 -10222.146484,
				 -266.246674 1663.288696 -4770.350586,
				 -5.324484 2813.357178 -10447.351563,
				 -5.324542 971.620239 -4882.954102,
				 255.597610 4196.812012 -3577.740967,
				 255.597610 2833.390625 -3630.007324,
				 255.597610 2833.390625 -2621.390869,
				 255.597610 4196.812012 -3415.745850,
				 255.597610 1663.288696 -1958.482056,
				 255.597610 1663.288696 -788.379517,
				 255.597610 2833.390137 -1958.482056,
				 255.597610 2833.390137 -788.379517,
				 -266.246613 2833.390625 -3630.007324,
				 -266.246613 4196.812012 -3577.740967,
				 -266.246674 4196.812012 -3415.745850,
				 -266.246674 2833.390625 -2621.390869,
				 -266.246704 1663.288696 -1958.480469,
				 -266.246674 2833.390137 -1958.482056,
				 -266.246674 2833.390137 -788.379517,
				 -266.246674 1663.288696 -788.378784,
				 -5.324444 953.288635 -1958.480469,
				 -5.324470 953.288635 -1334.924805,
				 255.597610 3983.875732 -10222.147461,
				 656.179016 3094.438477 -4770.350586,
				 255.597610 4264.540039 -10222.146484,
				 255.597610 4264.540039 -6262.524902,
				 255.597610 5593.859863 -7207.028809,
				 -266.246613 3983.875732 -10222.147461,
				 -266.246674 4264.540039 -6262.524902,
				 -266.246674 4264.540039 -10222.146484,
				 -650.393433 3094.438721 -4770.351563,
				 -266.246704 5593.859863 -7207.028809,
				 -5.324462 5037.701172 -10563.021484,
				 -5.324448 6349.251465 -7583.554688,
				 255.597610 3094.438477 -1958.482056,
				 255.597610 3094.438477 -788.379517,
				 255.597610 4264.539551 -3685.146729,
				 255.597610 4264.540039 -788.379517,
				 255.597610 6254.170898 -6025.350586,
				 255.597610 7225.133301 -4770.350586,
				 255.597610 8186.501953 -3630.530762,
				 255.597610 6731.412109 -3145.369873,
				 260.440979 5377.739258 -1862.367676,
				 255.597610 5094.900879 -788.379517,
				 255.597610 5891.030273 -2582.329590,
				 255.597610 3094.438477 -2593.293701,
				 255.597610 4264.539551 -3314.963623,
				 255.597610 8186.501953 -3482.413574,
				 -266.246674 7225.133301 -4770.350586,
				 -266.244141 4265.675293 -3685.146729,
				 -266.244171 4265.675293 -3314.963623,
				 -266.246674 3094.438477 -1958.482056,
				 -261.246796 5385.676758 -1867.699097,
				 -266.246674 3094.438477 -2593.293701,
				 -266.246674 3094.438477 -788.379517,
				 -266.243988 4264.540039 -789.556580,
				 -266.246674 6254.170898 -6025.350586,
				 -265.912994 8185.820313 -3617.355957,
				 -266.244141 6732.714355 -3127.564209,
				 -266.244141 8185.139160 -3456.062744,
				 -266.244141 5900.950684 -2581.854492,
				 -266.241394 5094.900879 -790.732971,
				 -5.324507 6957.133789 -6489.964844,
				 -9.232881 7883.042969 -5300.280273,
				 -11.166304 8932.398438 -3894.415527,
				 -9.191433 9030.781250 -3467.375732,
				 698.727112 4265.187988 281.573730,
				 -714.194641 4265.187012 278.387268,
				 -712.995361 3094.975342 280.068542,
				 -715.396118 5095.657715 276.704895,
				 656.179016 3337.880371 -6262.524902,
				 -650.393433 3337.880371 -6262.524902,
				 255.597610 4264.539551 -9496.060547,
				 255.597610 4445.330078 -9812.084961,
				 -5.324462 5223.760254 -10140.347656,
				 -266.246674 4445.330078 -9812.084961,
				 -266.246674 4264.539551 -9496.060547,
				 656.179016 3983.875732 -10222.147461,
				 647.260010 4318.627930 -10245.974609,
				 656.179016 4264.539551 -9496.060547,
				 656.179016 4264.540039 -6262.524902,
				 656.179016 4264.540039 -4068.854980,
				 656.179016 3094.438477 -4121.120605,
				 647.260010 4499.417969 -9835.912109,
				 -650.393433 3983.875732 -10222.147461,
				 -650.393494 4264.540039 -6262.524902,
				 -650.393555 4264.539551 -9496.060547,
				 -641.842834 4316.394043 -10245.008789,
				 -641.837891 4497.212402 -9834.923828,
				 -372.365082 4460.153809 -10312.486328,
				 -372.360199 4646.240234 -9889.788086,
				 -650.393494 3094.439453 -4068.854980,
				 -650.391052 4265.675781 -4068.854980,
				 255.597610 3094.438477 -3737.412109,
				 -266.246613 3094.438477 -3737.412109,
				 377.418915 4650.651855 -9891.766602,
				 377.418915 4464.592285 -10314.440430,
				 -267.658905 4096.201172 -10666.691406,
				 -466.449677 4277.656250 -10666.691406,
				 -466.449677 4096.201172 -10666.692383,
				 -267.659058 4277.656250 -10666.691406,
				 255.597610 4096.201172 -10666.691406,
				 255.597610 4277.656250 -10666.691406,
				 454.388275 4096.201172 -10666.691406,
				 454.388275 4277.656250 -10666.691406,
				 -266.952759 3983.875977 -10417.328125,
				 -466.449677 3504.537109 -12626.438477,
				 -466.449677 3292.463379 -12529.005859,
				 -466.449677 5162.625488 -11165.709961,
				 -466.449677 5162.625488 -10982.417969,
				 -266.952911 4264.540527 -10417.328125,
				 -266.952820 3064.189697 -12725.098633,
				 -267.659058 3292.463379 -12529.005859,
				 -266.952820 3392.213379 -12875.802734,
				 -267.659058 3504.537109 -12626.438477,
				 -266.952820 5390.900879 -11189.180664,
				 -267.659058 5162.625488 -11165.709961,
				 -266.952820 5390.900391 -10905.673828,
				 -267.658997 5162.625977 -10982.417969,
				 255.597610 3983.875977 -10417.328125,
				 255.597610 4264.540527 -10417.328125,
				 255.597610 3392.213379 -12875.802734,
				 255.597610 3064.189697 -12725.098633,
				 255.597565 5390.900391 -10905.673828,
				 255.597565 5390.900879 -11189.180664,
				 255.597610 3504.537109 -12626.438477,
				 255.597610 3292.463379 -12529.005859,
				 255.597610 5162.625488 -11165.709961,
				 255.597610 5162.625488 -10982.417969,
				 454.388275 3504.537109 -12626.438477,
				 454.388275 3292.463379 -12529.005859,
				 454.388275 5162.625488 -11165.709961,
				 454.388275 5162.625488 -10982.417969,
				 255.597565 3586.618164 -11414.167969,
				 255.597610 3453.623047 -11747.893555,
				 -266.952850 3586.618164 -11414.167969,
				 -266.952759 3453.623047 -11747.893555,
				 -117.333107 3243.846924 -11414.167969,
				 -117.333199 3243.845703 -11747.893555,
				 105.978035 3243.846924 -11414.167969,
				 105.978058 3243.845703 -11747.893555,
				 -254.962601 2930.203857 -11414.167969,
				 -254.962616 2930.203857 -12176.699219,
				 243.607346 2930.203857 -11414.167969,
				 243.607376 2930.203857 -12176.699219,
				 -254.962646 2627.321045 -11414.167969,
				 -254.962616 2627.321045 -12176.699219,
				 243.607346 2627.321045 -11414.167969,
				 243.607376 2627.321045 -12176.699219,
				 59.720737 2627.321045 -12063.844727,
				 59.720779 2627.321045 -11950.846680,
				 -135.998535 2627.321045 -11950.846680,
				 -135.998535 2627.321045 -12063.844727,
				 59.720745 2173.029053 -12063.844727,
				 59.720779 2173.029053 -11950.846680,
				 -135.998535 2173.029053 -11950.846680,
				 -135.998535 2173.029053 -12063.844727,
				 158.575302 2627.321045 -11783.751953,
				 158.575333 2627.321045 -11556.603516,
				 -234.853043 2627.321045 -11556.603516,
				 -234.853088 2627.321045 -11783.751953,
				 158.575272 2173.029053 -11783.751953,
				 158.575333 2173.029053 -11556.603516,
				 -234.853043 2173.029053 -11556.603516,
				 -234.853088 2173.029053 -11783.751953,
				 100.935356 2173.029053 -11750.253906,
				 100.935371 2173.029053 -11589.665039,
				 -177.213120 2173.029053 -11589.665039,
				 -177.213135 2173.029053 -11750.253906,
				 100.935417 558.798401 -11750.253906,
				 100.935448 558.798401 -11589.665039,
				 -177.213089 558.798401 -11750.253906,
				 35.285454 427.401031 -11712.102539,
				 35.285450 427.401031 -11627.320313,
				 -111.563049 427.401031 -11712.102539,
				 35.286579 -348.865082 -11712.102539,
				 35.284580 -348.865082 -11627.320313,
				 -111.564323 -348.865082 -11627.318359,
				 -111.563644 -348.865082 -11712.102539,
				 -38.138882 2627.321045 -11895.834961,
				 -38.138893 2627.321045 -12120.344727,
				 -38.138885 2173.029053 -11895.834961,
				 -38.138893 2173.029053 -12120.344727,
				 -38.138893 2173.029053 -12007.345703,
				 -38.138859 2627.321045 -11443.031250,
				 -38.138859 2173.029053 -11443.031250,
				 -38.138863 2173.029053 -11509.369141,
				 -38.138882 2173.029053 -11829.498047,
				 -38.138840 558.798401 -11829.498047,
				 318.197327 6188.929688 8063.359375,
				 -383.057953 6188.929688 8063.359375,
				 318.197327 7611.515625 9485.944336,
				 -383.057953 7611.515625 9485.944336,
				 318.197327 7926.981445 9869.006836,
				 -383.057953 7926.981445 9869.006836,
				 318.197327 8128.424805 10220.866211,
				 -383.057953 8128.424805 10220.866211,
				 318.197327 8498.522461 10918.851563,
				 -383.057953 8498.522461 10918.851563,
				 35.901115 8498.522461 10918.851563,
				 -100.762146 8498.522461 10918.851563,
				 35.901031 9327.876953 11724.944336,
				 -100.762245 9327.876953 11724.944336,
				 318.197327 7840.074219 9899.644531,
				 318.197327 7538.901367 9559.839844,
				 702.813538 7538.901367 9559.839844,
				 702.813538 7840.074219 9899.644531,
				 1041.819092 7840.074219 9899.644531,
				 702.813293 8019.550781 10098.110352,
				 1041.818970 8019.550781 10098.110352,
				 702.813843 8111.057617 9517.255859,
				 702.813843 7951.068359 9336.746094,
				 1041.819458 8111.057617 9517.255859,
				 1041.819458 7951.068359 9336.746094,
				 801.133423 8399.313477 10617.632813,
				 943.497437 8399.313477 10617.632813,
				 801.137085 10654.056641 13110.950195,
				 943.500977 10654.056641 13110.950195,
				 696.996765 10786.003906 13151.382813,
				 1047.641724 10786.003906 13151.382813,
				 785.227966 11597.032227 14137.583008,
				 959.410706 11597.032227 14137.583008,
				 -100.762337 9435.340820 12025.184570,
				 35.900951 9435.340820 12025.184570,
				 318.197327 7210.106445 9887.356445,
				 -383.057953 7210.106445 9887.356445,
				 -383.057953 8370.061523 11047.311523,
				 318.197327 8370.061523 11047.311523,
				 318.197327 6535.493164 9909.562500,
				 -383.057953 6535.493164 9909.562500,
				 -383.057953 4919.052734 8293.123047,
				 318.197327 4919.052734 8293.123047,
				 87.906654 5060.221680 8148.900391,
				 -152.767288 5060.221680 8148.900391,
				 35.901169 7358.325195 10035.577148,
				 -100.762123 7358.325195 10035.577148,
				 35.901073 8370.060547 11047.311523,
				 -100.762146 8370.060547 11047.311523,
				 35.901142 7359.557129 10426.008789,
				 -100.762177 7359.557129 10426.008789,
				 35.901073 8223.074219 11289.525391,
				 -100.762146 8223.074219 11289.525391,
				 318.197327 7653.338867 10054.108398,
				 318.197327 7333.914063 9763.545898,
				 1041.818970 7333.914063 9763.547852,
				 702.813538 7653.338867 10054.108398,
				 1041.818848 7848.742188 10252.580078,
				 702.813293 7848.742188 10252.580078,
				 801.133423 8327.583008 10682.500000,
				 943.497253 8327.583008 10682.500000,
				 801.137085 10582.325195 13175.814453,
				 943.500916 10582.325195 13175.814453,
				 696.996765 10609.332031 13311.152344,
				 1047.641602 10609.332031 13311.152344,
				 785.227966 11509.269531 14216.950195,
				 959.410522 11509.269531 14216.950195,
				 318.197327 5529.360840 8903.428711,
				 -383.057953 5529.360840 8903.428711,
				 318.197327 5267.463867 7944.713867,
				 -383.057953 5267.463867 7944.713867,
				 87.906654 5276.023438 7933.101563,
				 -152.767288 5276.023438 7933.101563,
				 -152.767288 5846.766602 8006.588379,
				 87.906662 5846.766602 8006.588379,
				 1041.818970 7538.901367 9559.839844,
				 318.197357 5522.236816 8579.752930,
				 318.197357 5915.032227 8972.549805,
				 318.197357 6192.780762 8857.500977,
				 318.197357 6307.828125 8579.755859,
				 318.197357 5637.283691 8302.005859,
				 318.197357 5915.032715 8186.957031,
				 318.197357 6192.781250 8302.005859,
				 318.197357 5637.283691 8857.503906,
				 -383.057953 6192.781250 8857.503906,
				 -383.057953 5637.283691 8302.006836,
				 -383.057953 5522.236816 8579.755859,
				 -383.057953 5637.283691 8857.503906,
				 -383.057953 6192.780762 8302.005859,
				 -383.057953 5915.032227 8186.957031,
				 -383.057953 6307.828125 8579.755859,
				 -383.057953 5915.032715 8972.549805,
				 -525.839355 5702.132813 8366.851563,
				 -525.839355 5613.946289 8579.752930,
				 -525.839355 5702.132813 8792.653320,
				 -525.839355 5915.032715 8880.837891,
				 -525.839355 6127.932129 8792.653320,
				 -525.839355 6216.118164 8579.752930,
				 -525.839355 6127.932129 8366.851563,
				 -525.839355 5915.032715 8278.667969,
				 -525.839355 5915.032715 8579.752930,
				 457.854309 6127.932129 8366.851563,
				 457.854309 6216.117676 8579.752930,
				 457.854309 6127.932129 8792.653320,
				 457.854309 5915.032715 8880.837891,
				 457.854309 5702.132813 8792.653320,
				 457.854309 5613.946289 8579.752930,
				 457.854309 5702.132813 8366.851563,
				 457.854309 5915.032715 8278.667969,
				 457.854309 5915.032715 8579.752930,
				 2696.273926 10505.325195 3303.046631,
				 2961.224609 10505.318359 3730.826660,
				 3823.971191 10505.325195 4087.979980,
				 2547.205566 10505.325195 2835.758057,
				 4745.201660 10505.325195 1925.228760,
				 5083.914551 10505.358398 2851.196289,
				 4970.150879 10505.325195 2360.724854,
				 4726.491211 10505.352539 3714.118408,
				 4290.986328 10505.325195 3939.063721,
				 1776.119751 9515.094727 3692.990234,
				 2232.835938 9446.214844 4455.118652,
				 5437.826172 9446.276367 1224.643311,
				 6110.484375 9446.275391 2848.584961,
				 3826.401123 9446.217773 5115.000000,
				 5896.170410 9515.116211 1986.073486,
				 1561.638794 9446.276367 2830.212891,
				 5450.360352 9446.251953 4442.309570,
				 4688.924805 9515.072266 4900.656738,
				 3835.572021 10873.503906 1255.397095,
				 2252.347412 10873.503906 2839.197266,
				 2715.369873 10873.503906 1719.400757,
				 2372.937256 10873.503906 2232.950195,
				 4955.773926 10873.503906 1719.400757,
				 4441.821777 10873.503906 1375.990112,
				 1239.560425 9888.246094 2839.067139,
				 1998.687012 9888.246094 4676.301270,
				 5671.829590 9888.248047 1003.162354,
				 6432.563477 9888.246094 2839.729980,
				 3835.259033 9888.246094 242.427368,
				 6234.857910 9888.246094 3833.678467,
				 2841.313965 9888.248047 5239.328613,
				 1998.686401 9888.246094 1003.160156,
				 4829.206055 9888.246094 440.138489,
				 1437.267456 9888.246094 1845.123657,
				 3229.323242 10873.503906 1375.988647,
				 5252.990723 11107.107422 1798.798218,
				 3742.518311 10103.573242 5903.276367,
				 2662.892578 10103.581055 5670.077148,
				 1734.586304 10103.587891 5071.558105,
				 1437.268188 9888.246094 3833.013672,
				 1111.182251 9569.516602 2839.051025,
				 6234.854980 9888.248047 1845.787109,
				 6353.458008 9569.516602 1796.659912,
				 1303.860718 8243.234375 4628.547363,
				 899.201355 9323.276367 4020.719727,
				 948.901367 8569.665039 4781.457031,
				 652.682617 9360.276367 4336.515137,
				 0.001678 7996.995117 4767.125000,
				 0.001671 9569.516602 3882.141602,
				 0.001665 9323.276367 4020.719727,
				 0.001669 9360.277344 4336.512695,
				 0.001684 9690.860352 2742.816895,
				 0.001671 5737.697266 1795.966431,
				 0.001674 5737.696289 912.371216,
				 1907.841553 7996.994629 912.371216,
				 0.001692 8024.434570 1604.313721,
				 0.001671 8243.234375 4628.547363,
				 0.001675 8569.665039 4781.457031,
				 1907.841553 9569.515625 912.371216,
				 4632.687988 5737.697754 -470.208588,
				 -1776.116333 9515.094727 3692.990234,
				 -2232.832764 9446.214844 4455.118652,
				 -2696.270508 10505.325195 3303.046631,
				 -2961.221436 10505.319336 3730.826660,
				 -2547.201904 10505.325195 2835.758057,
				 -1561.635254 9446.276367 2830.212891,
				 -4970.147949 10505.325195 2360.724854,
				 -5083.911133 10505.358398 2851.196289,
				 -6110.481445 9446.275391 2848.584961,
				 -5896.167480 9515.116211 1986.073486,
				 -5437.822266 9446.276367 1224.643311,
				 -4745.198242 10505.325195 1925.228760,
				 -3823.968262 10505.325195 4087.979980,
				 -3826.398193 9446.217773 5115.000000,
				 -4688.922852 9515.070313 4900.661133,
				 -4290.983887 10505.327148 3939.065918,
				 -5450.359375 9446.248047 4442.312988,
				 -4726.487793 10505.354492 3714.123535,
				 -6234.856445 9888.248047 3833.682129,
				 -2372.933594 10873.503906 2232.950195,
				 -1437.263916 9888.246094 1845.123657,
				 -2252.343750 10873.503906 2839.197266,
				 -1239.556885 9888.248047 2839.069336,
				 -6432.563477 9888.248047 2839.741699,
				 -1998.682983 9888.246094 1003.160156,
				 -2715.366699 10873.503906 1719.402954,
				 -5671.826660 9888.246094 1003.162354,
				 -4829.202148 9888.246094 440.138489,
				 -4955.770508 10873.503906 1719.400757,
				 -4441.818848 10873.503906 1375.990112,
				 -3835.569092 10873.503906 1255.397827,
				 -3835.256104 9888.246094 242.426636,
				 -2841.310791 9888.248047 5239.328613,
				 -1998.683594 9888.246094 4676.301270,
				 -3229.320313 10873.503906 1375.990112,
				 -5252.987305 11107.107422 1798.798218,
				 -2662.889160 10103.581055 5670.077148,
				 -3742.515137 10103.573242 5903.276367,
				 -1734.583130 10103.587891 5071.558105,
				 -1111.178955 9569.516602 2839.051025,
				 -1437.265015 9888.246094 3833.013672,
				 -6353.456055 9569.516602 1796.659912,
				 -6234.852051 9888.248047 1845.787109,
				 -948.898071 8569.665039 4781.457031,
				 -1303.857300 8243.235352 4628.547363,
				 -899.197937 9323.276367 4020.719727,
				 -652.679199 9360.276367 4336.515137,
				 -1907.838257 7996.994629 912.371216,
				 -1907.838257 9569.515625 912.370483,
				 -4632.684570 5737.697754 -470.208588,
				 972.657104 2696.277344 6122.165039,
				 871.607666 3936.208252 5723.734863,
				 749.713135 3613.584473 7334.077637,
				 670.398071 4921.775879 6794.305664,
				 0.001697 4853.516113 6935.649414,
				 0.001692 3936.209717 5723.734863,
				 -871.604309 3936.208984 5723.734863,
				 -972.653687 2696.277344 6122.165039,
				 -749.709778 3613.584473 7334.077637,
				 -670.394775 4921.775879 6794.305664,
				 1557.053467 -8261.564453 4013.033691,
				 1322.010376 -7204.540527 4668.862793,
				 450.795715 -12901.183594 4191.782715,
				 837.817505 -12274.437500 4186.152832,
				 1133.580811 -11198.792969 4180.812988,
				 1316.811035 -9846.208008 4178.647461,
				 1378.320801 -8304.855469 4270.961426,
				 0.000197 -13145.999023 4194.360352,
				 -1557.053223 -8261.566406 4013.033691,
				 -1322.010620 -7204.540527 4668.862793,
				 -450.795319 -12901.183594 4191.782715,
				 -837.817444 -12274.437500 4186.152832,
				 -1133.580688 -11198.792969 4180.812988,
				 -1316.810913 -9846.208008 4178.647461,
				 -1378.321045 -8304.855469 4270.961426,
				 0.000707 -12460.821289 4640.235352,
				 118.706406 -12460.821289 4640.235352,
				 310.775177 -12554.832031 4485.295898,
				 0.000710 -11794.375000 5184.058105,
				 225.791809 -11794.375000 5184.056641,
				 591.128357 -11926.073242 4881.416016,
				 0.000711 -10900.812500 5604.914063,
				 310.775177 -10900.812500 5604.914063,
				 813.617737 -10984.987305 5178.466797,
				 0.000714 -9806.656250 5805.669922,
				 365.337952 -9806.656250 5805.672852,
				 956.464966 -9806.656250 5301.201660,
				 0.000719 -8641.109375 5819.367676,
				 384.138947 -8641.109375 5819.367676,
				 1005.686523 -8503.357422 5294.760254,
				 -225.790390 -11794.375000 5184.056641,
				 -118.704987 -12460.821289 4640.235352,
				 -591.127014 -11926.073242 4881.416016,
				 -310.773743 -12554.832031 4485.295898,
				 -310.773743 -10900.812500 5604.914063,
				 -813.616272 -10984.987305 5178.466797,
				 -365.336487 -9806.656250 5805.672852,
				 -956.463684 -9806.656250 5301.201660,
				 -384.137787 -8641.109375 5819.367676,
				 -1005.685425 -8503.357422 5294.760254 ]
	    }
	   IndexedFaceSet {
		coordIndex	[ 
				 5, 4, 1, -1,
				 4, 0, 1, -1,
				 7, 6, 3, -1,
				 3, 6, 2, -1,
				 10, 5, 11, -1,
				 11, 5, 6, -1,
				 8, 9, 4, -1,
				 4, 9, 7, -1,
				 9, 11, 7, -1,
				 11, 6, 7, -1,
				 5, 1, 6, -1,
				 2, 6, 1, -1,
				 7, 0, 4, -1,
				 3, 0, 7, -1,
				 5, 10, 4, -1,
				 10, 8, 4, -1,
				 17, 12, 16, -1,
				 12, 14, 16, -1,
				 19, 18, 13, -1,
				 18, 15, 13, -1,
				 21, 16, 20, -1,
				 16, 14, 20, -1,
				 21, 20, 18, -1,
				 18, 20, 15, -1,
				 23, 22, 17, -1,
				 12, 17, 22, -1,
				 23, 19, 22, -1,
				 19, 13, 22, -1,
				 28, 24, 27, -1,
				 27, 24, 25, -1,
				 27, 26, 28, -1,
				 32, 35, 33, -1,
				 29, 31, 24, -1,
				 31, 25, 24, -1,
				 34, 31, 30, -1,
				 31, 29, 30, -1,
				 33, 37, 32, -1,
				 32, 37, 36, -1,
				 35, 34, 33, -1,
				 30, 33, 34, -1,
				 43, 42, 48, -1,
				 42, 47, 48, -1,
				 44, 43, 49, -1,
				 43, 48, 49, -1,
				 45, 44, 50, -1,
				 44, 49, 50, -1,
				 47, 46, 52, -1,
				 52, 46, 51, -1,
				 48, 47, 53, -1,
				 53, 47, 52, -1,
				 49, 48, 54, -1,
				 54, 48, 53, -1,
				 50, 49, 55, -1,
				 55, 49, 54, -1,
				 56, 57, 52, -1,
				 57, 53, 52, -1,
				 57, 58, 53, -1,
				 58, 54, 53, -1,
				 41, 40, 46, -1,
				 40, 63, 46, -1,
				 41, 46, 42, -1,
				 46, 47, 42, -1,
				 38, 45, 61, -1,
				 45, 50, 61, -1,
				 40, 39, 63, -1,
				 39, 62, 63, -1,
				 59, 60, 56, -1,
				 56, 60, 57, -1,
				 65, 66, 67, -1,
				 67, 66, 68, -1,
				 69, 70, 72, -1,
				 72, 70, 73, -1,
				 64, 65, 71, -1,
				 71, 65, 67, -1,
				 72, 73, 66, -1,
				 66, 73, 68, -1,
				 71, 67, 74, -1,
				 73, 74, 68, -1,
				 74, 67, 68, -1,
				 70, 74, 73, -1,
				 81, 79, 82, -1,
				 80, 82, 79, -1,
				 76, 75, 81, -1,
				 81, 75, 79, -1,
				 84, 83, 82, -1,
				 82, 83, 81, -1,
				 77, 76, 83, -1,
				 83, 76, 81, -1,
				 83, 84, 85, -1,
				 85, 84, 86, -1,
				 64, 77, 85, -1,
				 85, 77, 83, -1,
				 75, 78, 79, -1,
				 78, 80, 79, -1,
				 86, 66, 85, -1,
				 65, 85, 66, -1,
				 64, 85, 65, -1,
				 91, 82, 90, -1,
				 90, 82, 80, -1,
				 88, 91, 87, -1,
				 87, 91, 90, -1,
				 92, 84, 91, -1,
				 91, 84, 82, -1,
				 89, 92, 88, -1,
				 88, 92, 91, -1,
				 92, 93, 84, -1,
				 84, 93, 86, -1,
				 69, 93, 89, -1,
				 89, 93, 92, -1,
				 87, 90, 78, -1,
				 78, 90, 80, -1,
				 86, 93, 66, -1,
				 93, 72, 66, -1,
				 72, 93, 69, -1,
				 100, 99, 103, -1,
				 103, 99, 102, -1,
				 103, 104, 100, -1,
				 104, 101, 100, -1,
				 108, 107, 106, -1,
				 107, 105, 106, -1,
				 108, 106, 104, -1,
				 104, 106, 101, -1,
				 102, 94, 103, -1,
				 94, 95, 103, -1,
				 104, 103, 95, -1,
				 115, 116, 114, -1,
				 116, 113, 114, -1,
				 110, 115, 109, -1,
				 115, 114, 109, -1,
				 97, 96, 112, -1,
				 96, 111, 112, -1,
				 98, 107, 108, -1,
				 98, 97, 107, -1,
				 107, 97, 112, -1,
				 113, 116, 117, -1,
				 116, 111, 117, -1,
				 109, 105, 110, -1,
				 105, 107, 110, -1,
				 108, 104, 98, -1,
				 98, 104, 95, -1,
				 17, 16, 23, -1,
				 16, 21, 23, -1,
				 23, 21, 19, -1,
				 21, 18, 19, -1,
				 126, 125, 120, -1,
				 125, 119, 120, -1,
				 127, 126, 121, -1,
				 126, 120, 121, -1,
				 129, 128, 123, -1,
				 128, 122, 123, -1,
				 124, 129, 118, -1,
				 129, 123, 118, -1,
				 138, 137, 132, -1,
				 137, 131, 132, -1,
				 138, 132, 139, -1,
				 132, 133, 139, -1,
				 141, 140, 135, -1,
				 140, 134, 135, -1,
				 141, 135, 136, -1,
				 135, 130, 136, -1,
				 149, 143, 150, -1,
				 150, 143, 144, -1,
				 151, 150, 145, -1,
				 150, 144, 145, -1,
				 153, 152, 147, -1,
				 152, 146, 147, -1,
				 147, 142, 153, -1,
				 153, 142, 148, -1,
				 162, 161, 156, -1,
				 161, 155, 156, -1,
				 157, 163, 156, -1,
				 163, 162, 156, -1,
				 165, 164, 159, -1,
				 164, 158, 159, -1,
				 165, 159, 160, -1,
				 159, 154, 160, -1,
				 173, 167, 174, -1,
				 174, 167, 168, -1,
				 175, 174, 169, -1,
				 174, 168, 169, -1,
				 177, 176, 171, -1,
				 176, 170, 171, -1,
				 171, 166, 177, -1,
				 177, 166, 172, -1,
				 186, 185, 180, -1,
				 185, 179, 180, -1,
				 186, 180, 187, -1,
				 180, 181, 187, -1,
				 189, 188, 183, -1,
				 188, 182, 183, -1,
				 189, 183, 184, -1,
				 183, 178, 184, -1,
				 197, 196, 191, -1,
				 196, 190, 191, -1,
				 198, 197, 192, -1,
				 197, 191, 192, -1,
				 200, 199, 194, -1,
				 199, 193, 194, -1,
				 201, 200, 195, -1,
				 200, 194, 195, -1,
				 203, 209, 202, -1,
				 209, 208, 202, -1,
				 210, 209, 204, -1,
				 209, 203, 204, -1,
				 212, 211, 206, -1,
				 211, 205, 206, -1,
				 212, 206, 213, -1,
				 206, 207, 213, -1,
				 221, 220, 215, -1,
				 220, 214, 215, -1,
				 222, 221, 216, -1,
				 221, 215, 216, -1,
				 224, 223, 218, -1,
				 223, 217, 218, -1,
				 225, 224, 219, -1,
				 224, 218, 219, -1,
				 227, 233, 226, -1,
				 226, 233, 232, -1,
				 233, 227, 234, -1,
				 227, 228, 234, -1,
				 236, 235, 230, -1,
				 235, 229, 230, -1,
				 236, 230, 237, -1,
				 230, 231, 237, -1,
				 124, 238, 130, -1,
				 130, 238, 240, -1,
				 238, 125, 240, -1,
				 240, 125, 131, -1,
				 125, 126, 131, -1,
				 131, 126, 132, -1,
				 126, 127, 132, -1,
				 132, 127, 133, -1,
				 127, 239, 133, -1,
				 133, 239, 241, -1,
				 239, 128, 241, -1,
				 241, 128, 134, -1,
				 128, 129, 134, -1,
				 134, 129, 135, -1,
				 129, 124, 135, -1,
				 135, 124, 130, -1,
				 242, 244, 136, -1,
				 244, 141, 136, -1,
				 138, 244, 137, -1,
				 244, 242, 137, -1,
				 243, 244, 139, -1,
				 244, 138, 139, -1,
				 141, 244, 140, -1,
				 244, 243, 140, -1,
				 148, 245, 154, -1,
				 154, 245, 247, -1,
				 245, 149, 247, -1,
				 247, 149, 155, -1,
				 149, 150, 155, -1,
				 155, 150, 156, -1,
				 150, 151, 156, -1,
				 156, 151, 157, -1,
				 151, 246, 157, -1,
				 157, 246, 248, -1,
				 246, 152, 248, -1,
				 248, 152, 158, -1,
				 152, 153, 158, -1,
				 158, 153, 159, -1,
				 153, 148, 159, -1,
				 159, 148, 154, -1,
				 249, 251, 160, -1,
				 251, 165, 160, -1,
				 162, 251, 161, -1,
				 251, 249, 161, -1,
				 250, 251, 163, -1,
				 251, 162, 163, -1,
				 165, 251, 164, -1,
				 251, 250, 164, -1,
				 172, 252, 178, -1,
				 178, 252, 254, -1,
				 252, 173, 254, -1,
				 254, 173, 179, -1,
				 173, 174, 179, -1,
				 179, 174, 180, -1,
				 174, 175, 180, -1,
				 180, 175, 181, -1,
				 175, 253, 181, -1,
				 181, 253, 255, -1,
				 253, 176, 255, -1,
				 255, 176, 182, -1,
				 176, 177, 182, -1,
				 182, 177, 183, -1,
				 177, 172, 183, -1,
				 183, 172, 178, -1,
				 256, 258, 184, -1,
				 258, 189, 184, -1,
				 186, 258, 185, -1,
				 258, 256, 185, -1,
				 257, 258, 187, -1,
				 258, 186, 187, -1,
				 189, 258, 188, -1,
				 258, 257, 188, -1,
				 196, 197, 202, -1,
				 202, 197, 203, -1,
				 197, 198, 203, -1,
				 203, 198, 204, -1,
				 198, 259, 204, -1,
				 204, 259, 261, -1,
				 259, 199, 261, -1,
				 261, 199, 205, -1,
				 199, 200, 205, -1,
				 205, 200, 206, -1,
				 200, 201, 206, -1,
				 206, 201, 207, -1,
				 201, 260, 207, -1,
				 207, 260, 262, -1,
				 260, 196, 262, -1,
				 262, 196, 202, -1,
				 210, 265, 209, -1,
				 265, 208, 209, -1,
				 210, 263, 265, -1,
				 212, 265, 211, -1,
				 265, 263, 211, -1,
				 264, 265, 213, -1,
				 265, 212, 213, -1,
				 264, 208, 265, -1,
				 220, 221, 226, -1,
				 226, 221, 227, -1,
				 221, 222, 227, -1,
				 227, 222, 228, -1,
				 222, 266, 228, -1,
				 228, 266, 268, -1,
				 266, 223, 268, -1,
				 268, 223, 229, -1,
				 223, 224, 229, -1,
				 229, 224, 230, -1,
				 224, 225, 230, -1,
				 230, 225, 231, -1,
				 225, 267, 231, -1,
				 231, 267, 269, -1,
				 267, 220, 269, -1,
				 269, 220, 226, -1,
				 233, 272, 232, -1,
				 272, 271, 232, -1,
				 270, 272, 234, -1,
				 272, 233, 234, -1,
				 236, 272, 235, -1,
				 272, 270, 235, -1,
				 271, 272, 237, -1,
				 272, 236, 237, -1,
				 239, 127, 273, -1,
				 127, 121, 273, -1,
				 128, 239, 122, -1,
				 239, 273, 122, -1,
				 243, 139, 241, -1,
				 139, 133, 241, -1,
				 134, 140, 241, -1,
				 140, 243, 241, -1,
				 238, 124, 274, -1,
				 124, 118, 274, -1,
				 125, 238, 119, -1,
				 238, 274, 119, -1,
				 242, 136, 240, -1,
				 136, 130, 240, -1,
				 242, 240, 137, -1,
				 240, 131, 137, -1,
				 245, 148, 275, -1,
				 148, 142, 275, -1,
				 149, 245, 143, -1,
				 245, 275, 143, -1,
				 246, 151, 276, -1,
				 151, 145, 276, -1,
				 152, 246, 146, -1,
				 246, 276, 146, -1,
				 247, 249, 154, -1,
				 154, 249, 160, -1,
				 249, 247, 161, -1,
				 247, 155, 161, -1,
				 250, 163, 248, -1,
				 163, 157, 248, -1,
				 250, 248, 164, -1,
				 248, 158, 164, -1,
				 252, 172, 277, -1,
				 172, 166, 277, -1,
				 173, 252, 167, -1,
				 252, 277, 167, -1,
				 253, 175, 243, -1,
				 243, 175, 169, -1,
				 253, 243, 176, -1,
				 170, 176, 243, -1,
				 254, 256, 178, -1,
				 178, 256, 184, -1,
				 256, 254, 185, -1,
				 254, 179, 185, -1,
				 257, 187, 255, -1,
				 187, 181, 255, -1,
				 257, 255, 188, -1,
				 255, 182, 188, -1,
				 198, 192, 259, -1,
				 259, 192, 278, -1,
				 199, 259, 193, -1,
				 259, 278, 193, -1,
				 260, 201, 279, -1,
				 201, 195, 279, -1,
				 279, 190, 260, -1,
				 260, 190, 196, -1,
				 263, 210, 261, -1,
				 210, 204, 261, -1,
				 263, 261, 211, -1,
				 261, 205, 211, -1,
				 264, 213, 262, -1,
				 213, 207, 262, -1,
				 208, 264, 202, -1,
				 264, 262, 202, -1,
				 222, 216, 266, -1,
				 266, 216, 280, -1,
				 223, 266, 217, -1,
				 266, 280, 217, -1,
				 267, 225, 281, -1,
				 225, 219, 281, -1,
				 281, 214, 267, -1,
				 267, 214, 220, -1,
				 270, 234, 268, -1,
				 234, 228, 268, -1,
				 270, 268, 235, -1,
				 268, 229, 235, -1,
				 271, 237, 269, -1,
				 237, 231, 269, -1,
				 271, 269, 232, -1,
				 269, 226, 232, -1,
				 326, 325, 301, -1,
				 301, 325, 300, -1,
				 308, 326, 297, -1,
				 297, 326, 301, -1,
				 291, 292, 290, -1,
				 292, 297, 290, -1,
				 299, 298, 294, -1,
				 298, 293, 294, -1,
				 294, 295, 299, -1,
				 295, 300, 299, -1,
				 296, 301, 295, -1,
				 301, 300, 295, -1,
				 296, 290, 301, -1,
				 290, 297, 301, -1,
				 334, 335, 337, -1,
				 335, 338, 337, -1,
				 335, 333, 338, -1,
				 338, 333, 336, -1,
				 306, 307, 305, -1,
				 307, 304, 305, -1,
				 327, 328, 309, -1,
				 309, 328, 308, -1,
				 309, 292, 306, -1,
				 306, 292, 291, -1,
				 302, 313, 340, -1,
				 313, 339, 340, -1,
				 303, 302, 341, -1,
				 341, 302, 340, -1,
				 343, 315, 342, -1,
				 315, 314, 342, -1,
				 315, 343, 316, -1,
				 343, 344, 316, -1,
				 317, 316, 345, -1,
				 316, 344, 345, -1,
				 345, 339, 317, -1,
				 313, 317, 339, -1,
				 318, 319, 310, -1,
				 319, 311, 310, -1,
				 321, 319, 320, -1,
				 319, 318, 320, -1,
				 322, 323, 320, -1,
				 323, 321, 320, -1,
				 322, 304, 323, -1,
				 304, 307, 323, -1,
				 324, 330, 312, -1,
				 330, 329, 312, -1,
				 324, 325, 330, -1,
				 325, 331, 330, -1,
				 332, 331, 326, -1,
				 331, 325, 326, -1,
				 326, 308, 332, -1,
				 308, 328, 332, -1,
				 58, 346, 54, -1,
				 346, 55, 54, -1,
				 350, 351, 59, -1,
				 59, 351, 60, -1,
				 351, 352, 60, -1,
				 60, 352, 347, -1,
				 352, 353, 347, -1,
				 347, 353, 348, -1,
				 364, 363, 366, -1,
				 366, 363, 365, -1,
				 351, 350, 357, -1,
				 357, 350, 356, -1,
				 368, 367, 370, -1,
				 370, 367, 369, -1,
				 353, 352, 359, -1,
				 359, 352, 358, -1,
				 362, 354, 361, -1,
				 354, 349, 361, -1,
				 366, 356, 364, -1,
				 356, 350, 364, -1,
				 372, 371, 359, -1,
				 371, 353, 359, -1,
				 355, 373, 360, -1,
				 374, 360, 373, -1,
				 357, 356, 376, -1,
				 376, 356, 375, -1,
				 359, 358, 378, -1,
				 378, 358, 377, -1,
				 458, 403, 406, -1,
				 403, 407, 406, -1,
				 414, 420, 415, -1,
				 420, 421, 415, -1,
				 417, 416, 399, -1,
				 416, 379, 399, -1,
				 417, 399, 418, -1,
				 399, 422, 418, -1,
				 414, 413, 420, -1,
				 413, 419, 420, -1,
				 430, 438, 429, -1,
				 429, 438, 437, -1,
				 440, 439, 434, -1,
				 439, 433, 434, -1,
				 434, 435, 440, -1,
				 441, 440, 435, -1,
				 429, 437, 427, -1,
				 427, 437, 428, -1,
				 590, 589, 592, -1,
				 592, 589, 591, -1,
				 592, 594, 590, -1,
				 594, 593, 590, -1,
				 449, 434, 448, -1,
				 434, 433, 448, -1,
				 598, 597, 600, -1,
				 600, 597, 599, -1,
				 600, 602, 598, -1,
				 602, 601, 598, -1,
				 444, 429, 443, -1,
				 429, 427, 443, -1,
				 465, 464, 454, -1,
				 454, 464, 453, -1,
				 407, 478, 406, -1,
				 478, 477, 406, -1,
				 468, 403, 459, -1,
				 403, 458, 459, -1,
				 483, 484, 486, -1,
				 484, 485, 486, -1,
				 452, 471, 462, -1,
				 462, 471, 472, -1,
				 456, 402, 474, -1,
				 474, 402, 404, -1,
				 455, 473, 401, -1,
				 401, 473, 405, -1,
				 457, 475, 466, -1,
				 466, 475, 476, -1,
				 461, 470, 480, -1,
				 480, 470, 481, -1,
				 460, 479, 469, -1,
				 469, 479, 482, -1,
				 453, 464, 484, -1,
				 484, 464, 485, -1,
				 498, 497, 499, -1,
				 497, 431, 499, -1,
				 503, 505, 504, -1,
				 505, 506, 504, -1,
				 502, 501, 429, -1,
				 501, 427, 429, -1,
				 507, 510, 508, -1,
				 510, 436, 508, -1,
				 513, 512, 514, -1,
				 512, 515, 514, -1,
				 516, 517, 434, -1,
				 517, 433, 434, -1,
				 497, 498, 518, -1,
				 500, 501, 519, -1,
				 501, 520, 519, -1,
				 502, 521, 501, -1,
				 520, 501, 521, -1,
				 577, 575, 578, -1,
				 575, 576, 578, -1,
				 510, 507, 522, -1,
				 509, 511, 523, -1,
				 581, 582, 584, -1,
				 582, 583, 584, -1,
				 516, 524, 517, -1,
				 525, 517, 524, -1,
				 585, 586, 582, -1,
				 583, 582, 586, -1,
				 536, 538, 537, -1,
				 538, 539, 537, -1,
				 532, 533, 493, -1,
				 493, 533, 494, -1,
				 546, 548, 547, -1,
				 548, 549, 547, -1,
				 527, 528, 488, -1,
				 488, 528, 489, -1,
				 489, 528, 536, -1,
				 536, 528, 538, -1,
				 529, 490, 541, -1,
				 541, 490, 540, -1,
				 491, 530, 542, -1,
				 542, 530, 544, -1,
				 531, 492, 545, -1,
				 545, 492, 543, -1,
				 494, 533, 546, -1,
				 546, 533, 548, -1,
				 534, 495, 551, -1,
				 551, 495, 550, -1,
				 496, 535, 552, -1,
				 552, 535, 554, -1,
				 526, 487, 555, -1,
				 555, 487, 553, -1,
				 445, 556, 566, -1,
				 566, 556, 565, -1,
				 560, 559, 568, -1,
				 568, 559, 567, -1,
				 450, 560, 569, -1,
				 569, 560, 568, -1,
				 561, 450, 570, -1,
				 450, 569, 570, -1,
				 564, 563, 572, -1,
				 563, 571, 572, -1,
				 556, 564, 565, -1,
				 565, 564, 572, -1,
				 574, 518, 573, -1,
				 498, 573, 518, -1,
				 580, 522, 579, -1,
				 507, 579, 522, -1,
				 426, 587, 442, -1,
				 588, 442, 587, -1,
				 432, 595, 447, -1,
				 596, 447, 595, -1,
				 556, 445, 604, -1,
				 445, 603, 604, -1,
				 557, 605, 445, -1,
				 603, 445, 605, -1,
				 591, 607, 592, -1,
				 592, 607, 606, -1,
				 594, 592, 608, -1,
				 608, 592, 606, -1,
				 446, 558, 609, -1,
				 609, 558, 610, -1,
				 447, 596, 611, -1,
				 596, 612, 611, -1,
				 560, 450, 614, -1,
				 450, 613, 614, -1,
				 561, 615, 450, -1,
				 613, 450, 615, -1,
				 451, 562, 616, -1,
				 616, 562, 617, -1,
				 442, 588, 618, -1,
				 588, 619, 618, -1,
				 464, 465, 424, -1,
				 465, 620, 424, -1,
				 467, 403, 380, -1,
				 403, 400, 380, -1,
				 425, 400, 468, -1,
				 468, 400, 403, -1,
				 424, 423, 464, -1,
				 464, 423, 463, -1,
				 623, 621, 624, -1,
				 621, 622, 624, -1,
				 627, 625, 628, -1,
				 625, 626, 628, -1,
				 391, 390, 298, -1,
				 298, 390, 293, -1,
				 566, 565, 630, -1,
				 630, 565, 629, -1,
				 568, 567, 632, -1,
				 632, 567, 631, -1,
				 569, 568, 633, -1,
				 633, 568, 632, -1,
				 565, 572, 629, -1,
				 629, 572, 634, -1,
				 642, 636, 641, -1,
				 636, 635, 641, -1,
				 637, 643, 638, -1,
				 643, 644, 638, -1,
				 644, 645, 638, -1,
				 645, 639, 638, -1,
				 646, 641, 640, -1,
				 641, 635, 640, -1,
				 409, 408, 649, -1,
				 649, 408, 648, -1,
				 684, 648, 647, -1,
				 647, 648, 408, -1,
				 654, 659, 338, -1,
				 338, 659, 658, -1,
				 336, 654, 338, -1,
				 654, 656, 659, -1,
				 659, 656, 658, -1,
				 654, 655, 656, -1,
				 656, 657, 658, -1,
				 658, 337, 338, -1,
				 305, 392, 306, -1,
				 306, 392, 650, -1,
				 327, 309, 335, -1,
				 303, 660, 392, -1,
				 661, 288, 662, -1,
				 288, 397, 662, -1,
				 392, 660, 662, -1,
				 662, 660, 661, -1,
				 652, 397, 653, -1,
				 652, 651, 662, -1,
				 662, 651, 392, -1,
				 650, 333, 306, -1,
				 335, 309, 333, -1,
				 333, 309, 306, -1,
				 651, 650, 392, -1,
				 662, 397, 652, -1,
				 335, 334, 327, -1,
				 665, 678, 679, -1,
				 679, 678, 674, -1,
				 665, 666, 678, -1,
				 665, 679, 668, -1,
				 668, 679, 670, -1,
				 679, 672, 670, -1,
				 672, 679, 674, -1,
				 676, 674, 678, -1,
				 394, 393, 311, -1,
				 393, 310, 311, -1,
				 393, 394, 381, -1,
				 381, 394, 664, -1,
				 398, 395, 329, -1,
				 329, 395, 312, -1,
				 398, 677, 395, -1,
				 395, 394, 391, -1,
				 391, 394, 390, -1,
				 669, 671, 383, -1,
				 669, 384, 667, -1,
				 667, 384, 381, -1,
				 664, 394, 663, -1,
				 677, 663, 395, -1,
				 395, 663, 394, -1,
				 667, 381, 664, -1,
				 384, 669, 383, -1,
				 383, 671, 673, -1,
				 677, 398, 675, -1,
				 675, 398, 673, -1,
				 386, 682, 385, -1,
				 385, 682, 410, -1,
				 382, 680, 396, -1,
				 396, 680, 681, -1,
				 681, 342, 396, -1,
				 396, 342, 314, -1,
				 685, 303, 682, -1,
				 303, 410, 682, -1,
				 341, 410, 303, -1,
				 683, 411, 412, -1,
				 303, 685, 686, -1,
				 387, 388, 685, -1,
				 388, 686, 685, -1,
				 303, 686, 660, -1,
				 660, 686, 661, -1,
				 687, 661, 686, -1,
				 282, 285, 389, -1,
				 285, 687, 389, -1,
				 661, 687, 288, -1,
				 687, 285, 288, -1,
				 286, 38, 688, -1,
				 38, 61, 688, -1,
				 63, 62, 692, -1,
				 692, 62, 691, -1,
				 46, 63, 51, -1,
				 51, 63, 692, -1,
				 693, 694, 689, -1,
				 694, 690, 689, -1,
				 695, 696, 692, -1,
				 696, 51, 692, -1,
				 696, 56, 51, -1,
				 56, 52, 51, -1,
				 346, 693, 55, -1,
				 693, 689, 55, -1,
				 701, 702, 697, -1,
				 697, 702, 698, -1,
				 349, 704, 699, -1,
				 699, 704, 700, -1,
				 704, 350, 700, -1,
				 700, 350, 59, -1,
				 353, 701, 348, -1,
				 348, 701, 697, -1,
				 702, 701, 706, -1,
				 706, 701, 705, -1,
				 361, 728, 362, -1,
				 362, 728, 729, -1,
				 704, 349, 355, -1,
				 355, 349, 354, -1,
				 719, 710, 718, -1,
				 710, 709, 718, -1,
				 721, 360, 720, -1,
				 360, 713, 720, -1,
				 721, 722, 360, -1,
				 722, 714, 360, -1,
				 723, 718, 717, -1,
				 718, 709, 717, -1,
				 726, 724, 706, -1,
				 724, 702, 706, -1,
				 725, 727, 703, -1,
				 727, 707, 703, -1,
				 369, 367, 357, -1,
				 367, 351, 357, -1,
				 370, 358, 368, -1,
				 358, 352, 368, -1,
				 706, 705, 731, -1,
				 731, 705, 730, -1,
				 709, 710, 732, -1,
				 732, 710, 733, -1,
				 707, 711, 734, -1,
				 734, 711, 736, -1,
				 708, 735, 712, -1,
				 737, 712, 735, -1,
				 355, 354, 373, -1,
				 373, 354, 738, -1,
				 713, 360, 739, -1,
				 739, 360, 374, -1,
				 357, 376, 715, -1,
				 740, 715, 376, -1,
				 358, 716, 377, -1,
				 716, 741, 377, -1,
				 744, 743, 381, -1,
				 381, 743, 382, -1,
				 745, 744, 383, -1,
				 383, 744, 384, -1,
				 384, 744, 381, -1,
				 746, 751, 385, -1,
				 751, 386, 385, -1,
				 747, 752, 746, -1,
				 752, 751, 746, -1,
				 753, 752, 748, -1,
				 752, 747, 748, -1,
				 748, 749, 753, -1,
				 754, 753, 749, -1,
				 749, 750, 754, -1,
				 755, 754, 750, -1,
				 761, 388, 756, -1,
				 388, 387, 756, -1,
				 757, 762, 756, -1,
				 762, 761, 756, -1,
				 758, 763, 757, -1,
				 763, 762, 757, -1,
				 759, 764, 758, -1,
				 764, 763, 758, -1,
				 759, 760, 764, -1,
				 760, 765, 764, -1,
				 283, 282, 766, -1,
				 282, 389, 766, -1,
				 767, 289, 766, -1,
				 289, 283, 766, -1,
				 289, 767, 284, -1,
				 767, 768, 284, -1,
				 771, 284, 769, -1,
				 284, 768, 769, -1,
				 771, 769, 772, -1,
				 772, 769, 770, -1,
				 835, 774, 775, -1,
				 774, 776, 775, -1,
				 401, 402, 773, -1,
				 773, 402, 806, -1,
				 410, 408, 385, -1,
				 409, 385, 408, -1,
				 385, 409, 746, -1,
				 777, 746, 409, -1,
				 779, 782, 780, -1,
				 780, 782, 783, -1,
				 780, 783, 781, -1,
				 781, 783, 784, -1,
				 412, 411, 784, -1,
				 784, 411, 781, -1,
				 785, 794, 786, -1,
				 794, 795, 786, -1,
				 786, 795, 413, -1,
				 795, 419, 413, -1,
				 421, 796, 415, -1,
				 796, 787, 415, -1,
				 788, 798, 789, -1,
				 798, 799, 789, -1,
				 790, 789, 742, -1,
				 789, 799, 742, -1,
				 790, 742, 416, -1,
				 742, 379, 416, -1,
				 422, 800, 418, -1,
				 800, 791, 418, -1,
				 792, 791, 801, -1,
				 791, 800, 801, -1,
				 792, 801, 793, -1,
				 801, 802, 793, -1,
				 802, 794, 793, -1,
				 794, 785, 793, -1,
				 812, 811, 813, -1,
				 811, 426, 813, -1,
				 813, 426, 428, -1,
				 426, 427, 428, -1,
				 438, 430, 819, -1,
				 430, 814, 819, -1,
				 815, 820, 814, -1,
				 820, 819, 814, -1,
				 820, 815, 821, -1,
				 821, 815, 431, -1,
				 821, 431, 822, -1,
				 822, 431, 816, -1,
				 432, 823, 816, -1,
				 822, 816, 823, -1,
				 823, 432, 439, -1,
				 432, 433, 439, -1,
				 824, 441, 817, -1,
				 817, 441, 435, -1,
				 825, 824, 818, -1,
				 818, 824, 817, -1,
				 826, 825, 436, -1,
				 825, 818, 436, -1,
				 436, 811, 826, -1,
				 811, 812, 826, -1,
				 917, 588, 916, -1,
				 588, 587, 916, -1,
				 442, 443, 426, -1,
				 443, 427, 426, -1,
				 828, 829, 814, -1,
				 829, 815, 814, -1,
				 446, 431, 829, -1,
				 431, 815, 829, -1,
				 920, 922, 921, -1,
				 922, 923, 921, -1,
				 921, 923, 595, -1,
				 595, 923, 596, -1,
				 447, 448, 432, -1,
				 448, 433, 432, -1,
				 831, 832, 817, -1,
				 832, 818, 817, -1,
				 818, 832, 436, -1,
				 832, 451, 436, -1,
				 916, 918, 917, -1,
				 917, 918, 919, -1,
				 471, 842, 472, -1,
				 842, 843, 472, -1,
				 463, 839, 834, -1,
				 834, 839, 833, -1,
				 844, 775, 845, -1,
				 775, 776, 845, -1,
				 401, 774, 455, -1,
				 774, 835, 455, -1,
				 473, 474, 405, -1,
				 474, 404, 405, -1,
				 466, 402, 457, -1,
				 457, 402, 456, -1,
				 475, 846, 476, -1,
				 846, 847, 476, -1,
				 467, 840, 837, -1,
				 837, 840, 836, -1,
				 850, 851, 849, -1,
				 851, 848, 849, -1,
				 469, 841, 460, -1,
				 460, 841, 838, -1,
				 480, 481, 479, -1,
				 481, 482, 479, -1,
				 462, 470, 452, -1,
				 452, 470, 461, -1,
				 842, 471, 833, -1,
				 833, 471, 452, -1,
				 833, 839, 842, -1,
				 842, 839, 843, -1,
				 454, 844, 465, -1,
				 465, 844, 845, -1,
				 474, 473, 456, -1,
				 456, 473, 455, -1,
				 846, 475, 836, -1,
				 836, 475, 457, -1,
				 836, 840, 846, -1,
				 846, 840, 847, -1,
				 837, 477, 467, -1,
				 467, 477, 478, -1,
				 838, 841, 849, -1,
				 849, 841, 850, -1,
				 459, 848, 468, -1,
				 468, 848, 851, -1,
				 480, 479, 461, -1,
				 461, 479, 460, -1,
				 834, 483, 463, -1,
				 463, 483, 486, -1,
				 860, 861, 863, -1,
				 863, 861, 862, -1,
				 861, 498, 862, -1,
				 498, 499, 862, -1,
				 859, 858, 815, -1,
				 815, 858, 814, -1,
				 497, 859, 431, -1,
				 859, 815, 431, -1,
				 860, 863, 858, -1,
				 814, 858, 863, -1,
				 864, 503, 865, -1,
				 865, 503, 504, -1,
				 501, 500, 427, -1,
				 427, 500, 426, -1,
				 864, 865, 500, -1,
				 426, 500, 865, -1,
				 505, 502, 506, -1,
				 502, 429, 506, -1,
				 866, 507, 867, -1,
				 507, 508, 867, -1,
				 509, 866, 868, -1,
				 868, 866, 867, -1,
				 510, 869, 436, -1,
				 869, 818, 436, -1,
				 869, 511, 818, -1,
				 818, 511, 817, -1,
				 509, 868, 511, -1,
				 817, 511, 868, -1,
				 870, 513, 871, -1,
				 871, 513, 514, -1,
				 517, 872, 433, -1,
				 433, 872, 432, -1,
				 512, 516, 515, -1,
				 516, 434, 515, -1,
				 870, 871, 872, -1,
				 432, 872, 871, -1,
				 858, 859, 873, -1,
				 859, 874, 873, -1,
				 906, 908, 907, -1,
				 909, 907, 908, -1,
				 497, 518, 859, -1,
				 874, 859, 518, -1,
				 573, 907, 574, -1,
				 907, 909, 574, -1,
				 864, 500, 519, -1,
				 502, 505, 521, -1,
				 579, 912, 580, -1,
				 912, 913, 580, -1,
				 510, 522, 869, -1,
				 875, 869, 522, -1,
				 914, 915, 912, -1,
				 913, 912, 915, -1,
				 511, 869, 523, -1,
				 869, 875, 523, -1,
				 516, 512, 524, -1,
				 870, 872, 876, -1,
				 872, 517, 876, -1,
				 517, 525, 876, -1,
				 526, 877, 487, -1,
				 487, 877, 852, -1,
				 884, 883, 886, -1,
				 883, 885, 886, -1,
				 878, 879, 853, -1,
				 853, 879, 854, -1,
				 887, 888, 540, -1,
				 888, 541, 540, -1,
				 529, 530, 490, -1,
				 490, 530, 491, -1,
				 542, 544, 543, -1,
				 544, 545, 543, -1,
				 531, 880, 492, -1,
				 492, 880, 855, -1,
				 891, 892, 889, -1,
				 892, 890, 889, -1,
				 881, 882, 856, -1,
				 856, 882, 857, -1,
				 893, 894, 550, -1,
				 894, 551, 550, -1,
				 534, 535, 495, -1,
				 495, 535, 496, -1,
				 553, 552, 555, -1,
				 552, 554, 555, -1,
				 852, 877, 883, -1,
				 883, 877, 885, -1,
				 527, 488, 886, -1,
				 886, 488, 884, -1,
				 878, 853, 539, -1,
				 539, 853, 537, -1,
				 854, 879, 887, -1,
				 887, 879, 888, -1,
				 855, 880, 889, -1,
				 889, 880, 891, -1,
				 532, 493, 892, -1,
				 892, 493, 890, -1,
				 881, 856, 549, -1,
				 549, 856, 547, -1,
				 857, 882, 893, -1,
				 893, 882, 894, -1,
				 895, 557, 899, -1,
				 557, 898, 899, -1,
				 558, 895, 900, -1,
				 900, 895, 899, -1,
				 830, 558, 901, -1,
				 901, 558, 900, -1,
				 896, 830, 902, -1,
				 830, 901, 902, -1,
				 897, 561, 903, -1,
				 561, 570, 903, -1,
				 562, 897, 904, -1,
				 904, 897, 903, -1,
				 827, 562, 905, -1,
				 905, 562, 904, -1,
				 563, 827, 571, -1,
				 827, 905, 571, -1,
				 908, 906, 873, -1,
				 906, 860, 873, -1,
				 911, 910, 519, -1,
				 910, 864, 519, -1,
				 578, 521, 577, -1,
				 505, 577, 521, -1,
				 915, 914, 523, -1,
				 914, 509, 523, -1,
				 584, 524, 581, -1,
				 512, 581, 524, -1,
				 586, 585, 876, -1,
				 585, 870, 876, -1,
				 426, 811, 587, -1,
				 811, 916, 587, -1,
				 436, 918, 811, -1,
				 916, 811, 918, -1,
				 436, 451, 918, -1,
				 451, 919, 918, -1,
				 429, 444, 589, -1,
				 444, 591, 589, -1,
				 814, 593, 828, -1,
				 594, 828, 593, -1,
				 431, 920, 816, -1,
				 921, 816, 920, -1,
				 431, 446, 920, -1,
				 446, 922, 920, -1,
				 434, 449, 597, -1,
				 449, 599, 597, -1,
				 817, 601, 831, -1,
				 602, 831, 601, -1,
				 444, 556, 924, -1,
				 924, 556, 604, -1,
				 828, 925, 557, -1,
				 557, 925, 605, -1,
				 444, 924, 591, -1,
				 607, 591, 924, -1,
				 828, 594, 925, -1,
				 594, 608, 925, -1,
				 558, 830, 610, -1,
				 830, 926, 610, -1,
				 896, 927, 830, -1,
				 926, 830, 927, -1,
				 447, 611, 896, -1,
				 896, 611, 927, -1,
				 922, 929, 923, -1,
				 923, 929, 928, -1,
				 446, 609, 922, -1,
				 929, 922, 609, -1,
				 596, 923, 612, -1,
				 612, 923, 928, -1,
				 449, 560, 930, -1,
				 930, 560, 614, -1,
				 831, 931, 561, -1,
				 561, 931, 615, -1,
				 449, 930, 599, -1,
				 932, 599, 930, -1,
				 831, 602, 931, -1,
				 602, 933, 931, -1,
				 562, 827, 617, -1,
				 827, 934, 617, -1,
				 563, 935, 827, -1,
				 934, 827, 935, -1,
				 442, 618, 563, -1,
				 563, 618, 935, -1,
				 588, 917, 619, -1,
				 619, 917, 936, -1,
				 919, 937, 917, -1,
				 917, 937, 936, -1,
				 451, 616, 919, -1,
				 937, 919, 616, -1,
				 804, 803, 839, -1,
				 839, 803, 462, -1,
				 839, 463, 804, -1,
				 804, 463, 423, -1,
				 620, 465, 805, -1,
				 805, 465, 774, -1,
				 402, 466, 806, -1,
				 466, 938, 806, -1,
				 938, 466, 807, -1,
				 807, 466, 840, -1,
				 380, 807, 467, -1,
				 467, 807, 840, -1,
				 468, 841, 425, -1,
				 425, 841, 808, -1,
				 841, 469, 808, -1,
				 808, 469, 809, -1,
				 469, 470, 809, -1,
				 809, 470, 810, -1,
				 462, 803, 470, -1,
				 470, 803, 810, -1,
				 624, 622, 944, -1,
				 622, 939, 944, -1,
				 944, 939, 945, -1,
				 939, 940, 945, -1,
				 946, 945, 941, -1,
				 945, 940, 941, -1,
				 946, 941, 947, -1,
				 941, 942, 947, -1,
				 942, 943, 947, -1,
				 943, 948, 947, -1,
				 628, 626, 954, -1,
				 626, 949, 954, -1,
				 949, 950, 954, -1,
				 950, 955, 954, -1,
				 956, 955, 951, -1,
				 955, 950, 951, -1,
				 956, 951, 957, -1,
				 951, 952, 957, -1,
				 957, 952, 958, -1,
				 952, 953, 958, -1,
				 959, 787, 797, -1,
				 787, 796, 797, -1,
				 788, 959, 798, -1,
				 959, 797, 798, -1,
				 774, 401, 805, -1,
				 401, 773, 805, -1,
				 898, 566, 960, -1,
				 960, 566, 630, -1,
				 899, 898, 961, -1,
				 961, 898, 960, -1,
				 900, 899, 962, -1,
				 962, 899, 961, -1,
				 901, 900, 963, -1,
				 963, 900, 962, -1,
				 902, 901, 964, -1,
				 901, 963, 964, -1,
				 567, 902, 631, -1,
				 631, 902, 964, -1,
				 570, 569, 965, -1,
				 965, 569, 633, -1,
				 903, 570, 966, -1,
				 966, 570, 965, -1,
				 904, 903, 967, -1,
				 967, 903, 966, -1,
				 905, 904, 968, -1,
				 968, 904, 967, -1,
				 571, 905, 969, -1,
				 969, 905, 968, -1,
				 572, 571, 634, -1,
				 634, 571, 969, -1,
				 642, 980, 636, -1,
				 980, 970, 636, -1,
				 970, 980, 971, -1,
				 980, 981, 971, -1,
				 971, 981, 972, -1,
				 981, 982, 972, -1,
				 982, 983, 972, -1,
				 983, 973, 972, -1,
				 984, 974, 983, -1,
				 974, 973, 983, -1,
				 984, 643, 974, -1,
				 643, 637, 974, -1,
				 639, 645, 975, -1,
				 645, 985, 975, -1,
				 975, 985, 976, -1,
				 985, 986, 976, -1,
				 986, 987, 976, -1,
				 987, 977, 976, -1,
				 977, 987, 978, -1,
				 987, 988, 978, -1,
				 988, 989, 978, -1,
				 989, 979, 978, -1,
				 979, 989, 640, -1,
				 989, 646, 640, -1,
				 651, 652, 655, -1,
				 652, 656, 655, -1,
				 652, 653, 656, -1,
				 656, 653, 657, -1,
				 669, 667, 670, -1,
				 667, 668, 670, -1,
				 671, 669, 672, -1,
				 672, 669, 670, -1,
				 677, 675, 678, -1,
				 678, 675, 676, -1,
				 663, 677, 666, -1,
				 677, 678, 666, -1,
				 755, 750, 382, -1,
				 382, 750, 680, -1,
				 343, 342, 998, -1,
				 342, 992, 998, -1,
				 647, 991, 684, -1,
				 777, 409, 996, -1,
				 996, 409, 649, -1,
				 778, 777, 997, -1,
				 997, 777, 996, -1,
				 778, 997, 779, -1,
				 779, 997, 782, -1,
				 755, 382, 760, -1,
				 760, 382, 765, -1,
				 382, 743, 765, -1,
				 765, 743, 744, -1,
				 744, 770, 765, -1,
				 744, 745, 770, -1,
				 745, 772, 770, -1,
				 687, 686, 623, -1,
				 623, 686, 621, -1,
				 765, 770, 943, -1,
				 943, 770, 948, -1,
				 685, 682, 627, -1,
				 627, 682, 625, -1,
				 760, 958, 755, -1,
				 755, 958, 953, -1,
				 992, 993, 998, -1,
				 998, 993, 999, -1,
				 993, 994, 999, -1,
				 1000, 999, 995, -1,
				 999, 994, 995, -1,
				 995, 990, 1000, -1,
				 287, 286, 1001, -1,
				 286, 688, 1001, -1,
				 39, 287, 62, -1,
				 287, 1001, 62, -1,
				 62, 1001, 691, -1,
				 691, 1001, 1002, -1,
				 694, 1003, 690, -1,
				 1003, 1002, 690, -1,
				 1003, 1004, 1002, -1,
				 1004, 691, 1002, -1,
				 1004, 695, 691, -1,
				 695, 692, 691, -1,
				 698, 1005, 694, -1,
				 694, 1005, 1003, -1,
				 1005, 1006, 1003, -1,
				 1003, 1006, 1004, -1,
				 1006, 699, 1004, -1,
				 1004, 699, 695, -1,
				 702, 703, 698, -1,
				 698, 703, 1005, -1,
				 703, 1007, 1005, -1,
				 1005, 1007, 1006, -1,
				 1007, 349, 1006, -1,
				 1006, 349, 699, -1,
				 725, 724, 727, -1,
				 727, 724, 726, -1,
				 1007, 703, 708, -1,
				 703, 707, 708, -1,
				 719, 1008, 710, -1,
				 1008, 711, 710, -1,
				 1009, 712, 1008, -1,
				 712, 711, 1008, -1,
				 1009, 720, 712, -1,
				 720, 713, 712, -1,
				 1010, 715, 722, -1,
				 715, 714, 722, -1,
				 1010, 1011, 715, -1,
				 1011, 716, 715, -1,
				 723, 717, 1011, -1,
				 717, 716, 1011, -1,
				 724, 725, 702, -1,
				 725, 703, 702, -1,
				 727, 726, 707, -1,
				 726, 706, 707, -1,
				 728, 361, 1007, -1,
				 361, 349, 1007, -1,
				 729, 728, 708, -1,
				 728, 1007, 708, -1,
				 362, 729, 354, -1,
				 729, 708, 354, -1,
				 365, 363, 355, -1,
				 363, 704, 355, -1,
				 1013, 705, 1012, -1,
				 705, 701, 1012, -1,
				 705, 709, 730, -1,
				 709, 732, 730, -1,
				 706, 731, 710, -1,
				 733, 710, 731, -1,
				 708, 707, 735, -1,
				 707, 734, 735, -1,
				 711, 712, 736, -1,
				 736, 712, 737, -1,
				 354, 713, 738, -1,
				 713, 739, 738, -1,
				 356, 714, 375, -1,
				 714, 1014, 375, -1,
				 714, 715, 1014, -1,
				 1014, 715, 740, -1,
				 716, 717, 741, -1,
				 741, 717, 1015, -1,
				 359, 378, 717, -1,
				 1015, 717, 378, -1,
				 380, 379, 807, -1,
				 379, 742, 807, -1,
				 305, 304, 302, -1,
				 302, 304, 313, -1,
				 307, 306, 290, -1,
				 306, 291, 290, -1,
				 303, 392, 302, -1,
				 305, 302, 392, -1,
				 309, 308, 292, -1,
				 292, 308, 297, -1,
				 310, 393, 314, -1,
				 393, 396, 314, -1,
				 311, 293, 394, -1,
				 390, 394, 293, -1,
				 382, 396, 381, -1,
				 396, 393, 381, -1,
				 312, 395, 298, -1,
				 395, 391, 298, -1,
				 318, 310, 315, -1,
				 310, 314, 315, -1,
				 311, 319, 293, -1,
				 293, 319, 294, -1,
				 320, 318, 316, -1,
				 316, 318, 315, -1,
				 319, 321, 294, -1,
				 294, 321, 295, -1,
				 322, 320, 317, -1,
				 317, 320, 316, -1,
				 321, 323, 295, -1,
				 295, 323, 296, -1,
				 304, 322, 313, -1,
				 313, 322, 317, -1,
				 323, 307, 296, -1,
				 296, 307, 290, -1,
				 324, 312, 299, -1,
				 299, 312, 298, -1,
				 325, 324, 300, -1,
				 300, 324, 299, -1,
				 380, 400, 379, -1,
				 379, 400, 399, -1,
				 405, 404, 401, -1,
				 404, 402, 401, -1,
				 746, 777, 747, -1,
				 778, 747, 777, -1,
				 748, 747, 779, -1,
				 747, 778, 779, -1,
				 749, 748, 780, -1,
				 748, 779, 780, -1,
				 803, 804, 794, -1,
				 794, 804, 795, -1,
				 804, 423, 795, -1,
				 795, 423, 419, -1,
				 1016, 421, 424, -1,
				 424, 421, 420, -1,
				 1016, 805, 421, -1,
				 421, 805, 796, -1,
				 805, 773, 796, -1,
				 773, 797, 796, -1,
				 773, 806, 797, -1,
				 797, 806, 798, -1,
				 1017, 799, 806, -1,
				 806, 799, 798, -1,
				 1017, 807, 799, -1,
				 799, 807, 742, -1,
				 400, 425, 399, -1,
				 399, 425, 422, -1,
				 425, 808, 422, -1,
				 422, 808, 800, -1,
				 808, 809, 800, -1,
				 800, 809, 801, -1,
				 809, 810, 801, -1,
				 801, 810, 802, -1,
				 810, 803, 802, -1,
				 802, 803, 794, -1,
				 423, 424, 419, -1,
				 419, 424, 420, -1,
				 472, 843, 462, -1,
				 462, 843, 839, -1,
				 775, 844, 835, -1,
				 835, 844, 454, -1,
				 476, 847, 466, -1,
				 466, 847, 840, -1,
				 406, 477, 458, -1,
				 458, 477, 837, -1,
				 478, 407, 467, -1,
				 467, 407, 403, -1,
				 849, 848, 838, -1,
				 838, 848, 459, -1,
				 851, 850, 468, -1,
				 468, 850, 841, -1,
				 482, 481, 469, -1,
				 469, 481, 470, -1,
				 484, 483, 453, -1,
				 453, 483, 834, -1,
				 486, 485, 463, -1,
				 463, 485, 464, -1,
				 833, 452, 852, -1,
				 852, 452, 487, -1,
				 834, 833, 488, -1,
				 488, 833, 852, -1,
				 454, 453, 853, -1,
				 853, 453, 489, -1,
				 835, 454, 854, -1,
				 854, 454, 853, -1,
				 455, 835, 490, -1,
				 490, 835, 854, -1,
				 456, 455, 491, -1,
				 491, 455, 490, -1,
				 457, 456, 492, -1,
				 492, 456, 491, -1,
				 836, 457, 855, -1,
				 855, 457, 492, -1,
				 837, 836, 493, -1,
				 493, 836, 855, -1,
				 458, 837, 494, -1,
				 494, 837, 493, -1,
				 459, 458, 856, -1,
				 856, 458, 494, -1,
				 838, 459, 857, -1,
				 857, 459, 856, -1,
				 460, 838, 495, -1,
				 495, 838, 857, -1,
				 461, 460, 496, -1,
				 496, 460, 495, -1,
				 452, 461, 487, -1,
				 487, 461, 496, -1,
				 453, 834, 489, -1,
				 489, 834, 488, -1,
				 862, 815, 863, -1,
				 814, 863, 815, -1,
				 862, 499, 815, -1,
				 499, 431, 815, -1,
				 504, 427, 865, -1,
				 426, 865, 427, -1,
				 504, 506, 427, -1,
				 506, 429, 427, -1,
				 867, 508, 818, -1,
				 508, 436, 818, -1,
				 867, 818, 868, -1,
				 817, 868, 818, -1,
				 514, 515, 433, -1,
				 515, 434, 433, -1,
				 514, 433, 871, -1,
				 432, 871, 433, -1,
				 860, 858, 873, -1,
				 910, 911, 575, -1,
				 576, 575, 911, -1,
				 812, 813, 526, -1,
				 526, 813, 877, -1,
				 813, 428, 877, -1,
				 877, 428, 527, -1,
				 437, 438, 528, -1,
				 528, 438, 878, -1,
				 438, 819, 878, -1,
				 878, 819, 879, -1,
				 819, 820, 879, -1,
				 879, 820, 529, -1,
				 820, 821, 529, -1,
				 529, 821, 530, -1,
				 821, 822, 530, -1,
				 530, 822, 531, -1,
				 822, 823, 531, -1,
				 531, 823, 880, -1,
				 823, 439, 880, -1,
				 880, 439, 532, -1,
				 439, 440, 532, -1,
				 532, 440, 533, -1,
				 440, 441, 533, -1,
				 533, 441, 881, -1,
				 441, 824, 881, -1,
				 881, 824, 882, -1,
				 824, 825, 882, -1,
				 825, 534, 882, -1,
				 825, 826, 534, -1,
				 534, 826, 535, -1,
				 826, 812, 535, -1,
				 535, 812, 526, -1,
				 428, 437, 527, -1,
				 527, 437, 528, -1,
				 488, 852, 884, -1,
				 884, 852, 883, -1,
				 877, 527, 885, -1,
				 885, 527, 886, -1,
				 853, 489, 537, -1,
				 537, 489, 536, -1,
				 528, 878, 538, -1,
				 538, 878, 539, -1,
				 490, 854, 540, -1,
				 540, 854, 887, -1,
				 879, 529, 888, -1,
				 888, 529, 541, -1,
				 492, 491, 543, -1,
				 543, 491, 542, -1,
				 530, 531, 544, -1,
				 544, 531, 545, -1,
				 493, 855, 890, -1,
				 890, 855, 889, -1,
				 880, 532, 891, -1,
				 891, 532, 892, -1,
				 856, 494, 547, -1,
				 547, 494, 546, -1,
				 533, 881, 548, -1,
				 548, 881, 549, -1,
				 495, 857, 550, -1,
				 550, 857, 893, -1,
				 882, 534, 894, -1,
				 894, 534, 551, -1,
				 487, 496, 553, -1,
				 553, 496, 552, -1,
				 535, 526, 554, -1,
				 554, 526, 555, -1,
				 606, 924, 603, -1,
				 924, 604, 603, -1,
				 925, 603, 605, -1,
				 829, 828, 895, -1,
				 828, 557, 895, -1,
				 446, 829, 558, -1,
				 558, 829, 895, -1,
				 609, 926, 929, -1,
				 929, 926, 928, -1,
				 609, 610, 926, -1,
				 611, 926, 927, -1,
				 448, 447, 559, -1,
				 447, 896, 559, -1,
				 449, 448, 560, -1,
				 560, 448, 559, -1,
				 613, 930, 614, -1,
				 931, 613, 615, -1,
				 832, 831, 897, -1,
				 831, 561, 897, -1,
				 451, 832, 562, -1,
				 562, 832, 897, -1,
				 934, 616, 617, -1,
				 618, 934, 935, -1,
				 443, 442, 564, -1,
				 442, 563, 564, -1,
				 444, 443, 556, -1,
				 556, 443, 564, -1,
				 557, 445, 898, -1,
				 445, 566, 898, -1,
				 559, 896, 567, -1,
				 896, 902, 567, -1,
				 906, 907, 860, -1,
				 907, 861, 860, -1,
				 908, 873, 909, -1,
				 874, 909, 873, -1,
				 907, 573, 861, -1,
				 861, 573, 498, -1,
				 574, 909, 518, -1,
				 909, 874, 518, -1,
				 910, 575, 864, -1,
				 575, 503, 864, -1,
				 911, 519, 576, -1,
				 520, 576, 519, -1,
				 575, 577, 503, -1,
				 503, 577, 505, -1,
				 578, 576, 521, -1,
				 576, 520, 521, -1,
				 912, 579, 866, -1,
				 866, 579, 507, -1,
				 580, 913, 522, -1,
				 913, 875, 522, -1,
				 914, 912, 509, -1,
				 912, 866, 509, -1,
				 915, 523, 913, -1,
				 875, 913, 523, -1,
				 582, 581, 513, -1,
				 513, 581, 512, -1,
				 584, 583, 524, -1,
				 583, 525, 524, -1,
				 585, 582, 870, -1,
				 582, 513, 870, -1,
				 586, 876, 583, -1,
				 525, 583, 876, -1,
				 618, 619, 934, -1,
				 936, 934, 619, -1,
				 616, 934, 937, -1,
				 934, 936, 937, -1,
				 429, 589, 430, -1,
				 590, 430, 589, -1,
				 607, 924, 606, -1,
				 814, 430, 593, -1,
				 430, 590, 593, -1,
				 925, 608, 603, -1,
				 606, 603, 608, -1,
				 432, 816, 595, -1,
				 816, 921, 595, -1,
				 611, 612, 926, -1,
				 928, 926, 612, -1,
				 434, 597, 435, -1,
				 598, 435, 597, -1,
				 930, 613, 932, -1,
				 613, 1018, 932, -1,
				 817, 435, 601, -1,
				 435, 598, 601, -1,
				 931, 933, 613, -1,
				 1018, 613, 933, -1,
				 599, 932, 600, -1,
				 600, 932, 1018, -1,
				 602, 600, 933, -1,
				 933, 600, 1018, -1,
				 845, 776, 465, -1,
				 465, 776, 774, -1,
				 630, 629, 636, -1,
				 636, 629, 635, -1,
				 960, 630, 970, -1,
				 970, 630, 636, -1,
				 961, 960, 971, -1,
				 971, 960, 970, -1,
				 962, 961, 972, -1,
				 972, 961, 971, -1,
				 963, 962, 973, -1,
				 962, 972, 973, -1,
				 963, 973, 974, -1,
				 963, 974, 964, -1,
				 631, 964, 637, -1,
				 964, 974, 637, -1,
				 632, 631, 638, -1,
				 638, 631, 637, -1,
				 633, 632, 639, -1,
				 639, 632, 638, -1,
				 965, 633, 975, -1,
				 975, 633, 639, -1,
				 966, 965, 976, -1,
				 976, 965, 975, -1,
				 967, 966, 977, -1,
				 977, 966, 976, -1,
				 968, 967, 978, -1,
				 978, 967, 977, -1,
				 969, 968, 979, -1,
				 979, 968, 978, -1,
				 634, 969, 640, -1,
				 640, 969, 979, -1,
				 629, 634, 635, -1,
				 635, 634, 640, -1,
				 333, 650, 336, -1,
				 650, 654, 336, -1,
				 650, 651, 654, -1,
				 654, 651, 655, -1,
				 664, 663, 665, -1,
				 665, 663, 666, -1,
				 667, 664, 668, -1,
				 668, 664, 665, -1,
				 673, 671, 674, -1,
				 671, 672, 674, -1,
				 675, 673, 676, -1,
				 673, 674, 676, -1,
				 339, 990, 340, -1,
				 340, 990, 991, -1,
				 341, 340, 647, -1,
				 340, 991, 647, -1,
				 750, 749, 781, -1,
				 749, 780, 781, -1,
				 680, 750, 411, -1,
				 750, 781, 411, -1,
				 680, 411, 681, -1,
				 683, 681, 411, -1,
				 342, 681, 992, -1,
				 992, 681, 683, -1,
				 344, 343, 999, -1,
				 999, 343, 998, -1,
				 345, 344, 1000, -1,
				 344, 999, 1000, -1,
				 341, 647, 410, -1,
				 408, 410, 647, -1,
				 991, 990, 786, -1,
				 786, 990, 785, -1,
				 684, 991, 413, -1,
				 413, 991, 786, -1,
				 649, 648, 415, -1,
				 415, 648, 414, -1,
				 649, 415, 996, -1,
				 996, 415, 787, -1,
				 996, 787, 997, -1,
				 997, 787, 959, -1,
				 782, 997, 788, -1,
				 788, 997, 959, -1,
				 783, 782, 789, -1,
				 789, 782, 788, -1,
				 783, 789, 784, -1,
				 784, 789, 790, -1,
				 412, 784, 416, -1,
				 416, 784, 790, -1,
				 412, 416, 683, -1,
				 683, 416, 417, -1,
				 992, 683, 418, -1,
				 683, 417, 418, -1,
				 993, 992, 791, -1,
				 791, 992, 418, -1,
				 994, 993, 792, -1,
				 792, 993, 791, -1,
				 995, 994, 793, -1,
				 793, 994, 792, -1,
				 990, 995, 785, -1,
				 995, 793, 785, -1,
				 648, 684, 414, -1,
				 414, 684, 413, -1,
				 686, 388, 621, -1,
				 621, 388, 622, -1,
				 388, 761, 622, -1,
				 622, 761, 939, -1,
				 761, 762, 939, -1,
				 939, 762, 940, -1,
				 763, 941, 762, -1,
				 762, 941, 940, -1,
				 764, 942, 763, -1,
				 763, 942, 941, -1,
				 765, 943, 764, -1,
				 764, 943, 942, -1,
				 687, 623, 389, -1,
				 389, 623, 624, -1,
				 389, 624, 766, -1,
				 766, 624, 944, -1,
				 766, 944, 767, -1,
				 945, 767, 944, -1,
				 768, 767, 946, -1,
				 946, 767, 945, -1,
				 769, 768, 947, -1,
				 947, 768, 946, -1,
				 770, 769, 948, -1,
				 948, 769, 947, -1,
				 682, 386, 625, -1,
				 625, 386, 626, -1,
				 386, 751, 626, -1,
				 626, 751, 949, -1,
				 751, 752, 949, -1,
				 949, 752, 950, -1,
				 753, 951, 752, -1,
				 752, 951, 950, -1,
				 754, 952, 753, -1,
				 753, 952, 951, -1,
				 755, 953, 754, -1,
				 754, 953, 952, -1,
				 685, 627, 387, -1,
				 387, 627, 628, -1,
				 387, 628, 756, -1,
				 756, 628, 954, -1,
				 756, 954, 757, -1,
				 757, 954, 955, -1,
				 758, 757, 956, -1,
				 956, 757, 955, -1,
				 759, 758, 957, -1,
				 957, 758, 956, -1,
				 760, 759, 958, -1,
				 958, 759, 957, -1,
				 345, 1000, 339, -1,
				 990, 339, 1000, -1,
				 642, 641, 1019, -1,
				 641, 646, 1019, -1,
				 1019, 646, 989, -1,
				 642, 1019, 980, -1,
				 980, 1019, 981, -1,
				 981, 1019, 982, -1,
				 982, 1019, 983, -1,
				 983, 1019, 984, -1,
				 984, 1019, 643, -1,
				 643, 1019, 644, -1,
				 644, 1019, 645, -1,
				 645, 1019, 985, -1,
				 985, 1019, 986, -1,
				 986, 1019, 987, -1,
				 987, 1019, 988, -1,
				 988, 1019, 989, -1,
				 688, 61, 690, -1,
				 690, 61, 689, -1,
				 1001, 688, 1002, -1,
				 1002, 688, 690, -1,
				 61, 50, 689, -1,
				 689, 50, 55, -1,
				 697, 698, 693, -1,
				 693, 698, 694, -1,
				 699, 700, 695, -1,
				 695, 700, 696, -1,
				 700, 59, 696, -1,
				 696, 59, 56, -1,
				 60, 347, 57, -1,
				 57, 347, 58, -1,
				 347, 348, 58, -1,
				 58, 348, 346, -1,
				 348, 697, 346, -1,
				 346, 697, 693, -1,
				 1012, 371, 1013, -1,
				 1013, 371, 372, -1,
				 731, 730, 733, -1,
				 733, 730, 732, -1,
				 707, 706, 711, -1,
				 711, 706, 710, -1,
				 735, 734, 737, -1,
				 737, 734, 736, -1,
				 354, 708, 713, -1,
				 713, 708, 712, -1,
				 373, 738, 374, -1,
				 374, 738, 739, -1,
				 356, 355, 714, -1,
				 714, 355, 360, -1,
				 376, 375, 740, -1,
				 740, 375, 1014, -1,
				 358, 357, 716, -1,
				 716, 357, 715, -1,
				 378, 377, 1015, -1,
				 1015, 377, 741, -1,
				 705, 359, 709, -1,
				 709, 359, 717, -1,
				 363, 364, 704, -1,
				 364, 350, 704, -1,
				 366, 365, 356, -1,
				 365, 355, 356, -1,
				 367, 368, 351, -1,
				 368, 352, 351, -1,
				 370, 369, 358, -1,
				 369, 357, 358, -1,
				 371, 1012, 353, -1,
				 1012, 701, 353, -1,
				 1013, 372, 705, -1,
				 372, 359, 705, -1,
				 719, 718, 1020, -1,
				 1020, 718, 723, -1,
				 719, 1020, 1008, -1,
				 1008, 1020, 1009, -1,
				 1009, 1020, 720, -1,
				 720, 1020, 721, -1,
				 721, 1020, 722, -1,
				 722, 1020, 1010, -1,
				 1010, 1020, 1011, -1,
				 1011, 1020, 723, -1,
				 1045, 1046, 1044, -1,
				 1046, 1043, 1044, -1,
				 1028, 1045, 1027, -1,
				 1045, 1044, 1027, -1,
				 1035, 1023, 1034, -1,
				 1023, 1022, 1034, -1,
				 1035, 1034, 1036, -1,
				 1034, 1033, 1036, -1,
				 1041, 1042, 1032, -1,
				 1042, 1031, 1032, -1,
				 1041, 1032, 1026, -1,
				 1032, 1021, 1026, -1,
				 1024, 1038, 1025, -1,
				 1038, 1039, 1025, -1,
				 1038, 1037, 1039, -1,
				 1037, 1040, 1039, -1,
				 1030, 1048, 1029, -1,
				 1048, 1047, 1029, -1,
				 1048, 1050, 1047, -1,
				 1050, 1049, 1047, -1,
				 1059, 1081, 1060, -1,
				 1060, 1081, 1083, -1,
				 1070, 1059, 1061, -1,
				 1059, 1060, 1061, -1,
				 1070, 1061, 1074, -1,
				 1082, 1074, 1061, -1,
				 1077, 1071, 1080, -1,
				 1071, 1053, 1080, -1,
				 1076, 1077, 1079, -1,
				 1077, 1080, 1079, -1,
				 1076, 1079, 1075, -1,
				 1079, 1055, 1075, -1,
				 1059, 1070, 1062, -1,
				 1070, 1054, 1062, -1,
				 1063, 1056, 1078, -1,
				 1056, 1072, 1078, -1,
				 1078, 1072, 1058, -1,
				 1058, 1072, 1057, -1,
				 1033, 1075, 1036, -1,
				 1036, 1075, 1055, -1,
				 1036, 1055, 1037, -1,
				 1037, 1055, 1040, -1,
				 1040, 1055, 1042, -1,
				 1055, 1031, 1042, -1,
				 1065, 1087, 1051, -1,
				 1087, 1085, 1051, -1,
				 1085, 87, 1088, -1,
				 87, 78, 1088, -1,
				 1067, 89, 1087, -1,
				 1087, 89, 1085, -1,
				 1067, 69, 89, -1,
				 70, 69, 1069, -1,
				 69, 1067, 1069, -1,
				 1067, 1087, 1065, -1,
				 1051, 1086, 1065, -1,
				 1086, 1064, 1065, -1,
				 1066, 1021, 1089, -1,
				 1089, 1021, 1052, -1,
				 1021, 1066, 1026, -1,
				 1026, 1066, 1025, -1,
				 1025, 1066, 1024, -1,
				 1024, 1066, 1023, -1,
				 1023, 1066, 1022, -1,
				 89, 88, 1085, -1,
				 87, 1085, 88, -1,
				 1088, 78, 1084, -1,
				 1084, 78, 1090, -1,
				 1069, 1068, 70, -1,
				 70, 1068, 74, -1,
				 1073, 71, 1068, -1,
				 71, 74, 1068, -1,
				 1089, 76, 77, -1,
				 1052, 1090, 75, -1,
				 78, 75, 1090, -1,
				 71, 1073, 64, -1,
				 64, 1073, 1066, -1,
				 1089, 77, 1066, -1,
				 1066, 77, 64, -1,
				 1089, 1052, 76, -1,
				 76, 1052, 75, -1,
				 1092, 1094, 1091, -1,
				 1091, 1094, 1095, -1,
				 1097, 1096, 1095, -1,
				 1095, 1096, 1091, -1,
				 1092, 1093, 1094, -1,
				 1094, 1093, 1098, -1,
				 1094, 20, 1095, -1,
				 14, 1095, 20, -1,
				 15, 20, 1098, -1,
				 20, 1094, 1098, -1,
				 1095, 14, 1097, -1,
				 1099, 1097, 14, -1,
				 25, 31, 1086, -1,
				 1086, 31, 1064, -1,
				 31, 34, 1064, -1,
				 35, 1064, 34, -1,
				 1086, 1100, 25, -1,
				 1101, 27, 1100, -1,
				 25, 1100, 27, -1,
				 32, 1064, 35, -1,
				 12, 22, 1106, -1,
				 22, 1107, 1106, -1,
				 13, 1108, 22, -1,
				 22, 1108, 1107, -1,
				 1110, 12, 1109, -1,
				 1109, 12, 1106, -1,
				 1102, 1106, 1103, -1,
				 1103, 1106, 1107, -1,
				 1108, 1104, 1107, -1,
				 1103, 1107, 1104, -1,
				 1106, 1102, 1109, -1,
				 1109, 1102, 1105, -1,
				 14, 12, 1099, -1,
				 12, 1110, 1099, -1,
				 102, 99, 1119, -1,
				 1119, 99, 1117, -1,
				 1119, 1117, 1120, -1,
				 1120, 1117, 1118, -1,
				 1122, 1126, 1121, -1,
				 1121, 1126, 1125, -1,
				 1123, 1124, 1127, -1,
				 1127, 1124, 1128, -1,
				 1124, 1121, 1128, -1,
				 1128, 1121, 1125, -1,
				 1129, 1130, 1122, -1,
				 1122, 1130, 1126, -1,
				 1133, 1136, 1132, -1,
				 1132, 1136, 1135, -1,
				 1134, 1137, 1133, -1,
				 1133, 1137, 1136, -1,
				 1134, 1123, 1137, -1,
				 1137, 1123, 1127, -1,
				 1138, 1131, 1129, -1,
				 1129, 1131, 1130, -1,
				 1139, 1142, 1148, -1,
				 1148, 1142, 1143, -1,
				 1139, 1148, 1141, -1,
				 1141, 1148, 1140, -1,
				 1148, 1143, 1144, -1,
				 1145, 1146, 1148, -1,
				 1146, 1147, 1148, -1,
				 1148, 1147, 1140, -1,
				 1149, 1151, 1150, -1,
				 1150, 1151, 1153, -1,
				 1149, 1152, 1151, -1,
				 1153, 1151, 1154, -1,
				 1157, 1156, 1155, -1,
				 1156, 1150, 1155, -1,
				 1156, 1149, 1150, -1,
				 1155, 1150, 1153, -1,
				 1160, 1151, 1159, -1,
				 1152, 1159, 1151, -1,
				 1160, 1158, 1151, -1,
				 1158, 1154, 1151, -1,
				 1156, 1159, 1149, -1,
				 1149, 1159, 1152, -1,
				 1155, 1153, 1158, -1,
				 1158, 1153, 1154, -1,
				 1161, 117, 1162, -1,
				 1162, 117, 111, -1,
				 1093, 1161, 1098, -1,
				 1098, 1161, 1162, -1,
				 111, 96, 1162, -1,
				 96, 15, 1162, -1,
				 1162, 15, 1098, -1,
				 94, 102, 1163, -1,
				 1170, 1115, 1167, -1,
				 1167, 1115, 1168, -1,
				 1169, 1165, 1166, -1,
				 1166, 1165, 1164, -1,
				 1115, 94, 1168, -1,
				 1163, 1168, 94, -1,
				 1173, 1171, 1174, -1,
				 1174, 1171, 1172, -1,
				 1174, 1172, 1165, -1,
				 1165, 1172, 1164, -1,
				 1167, 1168, 1166, -1,
				 1168, 1169, 1166, -1,
				 1174, 1176, 1173, -1,
				 1173, 1176, 1175, -1,
				 1174, 1165, 1176, -1,
				 1176, 1165, 1177, -1,
				 1165, 1169, 1177, -1,
				 1177, 1169, 1163, -1,
				 1163, 1169, 1168, -1,
				 1175, 1176, 1120, -1,
				 1120, 1176, 1119, -1,
				 1176, 1177, 1119, -1,
				 1119, 1177, 102, -1,
				 102, 1177, 1163, -1,
				 1156, 1157, 1181, -1,
				 1178, 1181, 1157, -1,
				 1195, 1180, 1155, -1,
				 1155, 1180, 1178, -1,
				 1178, 1157, 1155, -1,
				 1185, 1160, 1184, -1,
				 1160, 1159, 1184, -1,
				 1185, 1182, 1160, -1,
				 1182, 1158, 1160, -1,
				 1180, 1186, 1178, -1,
				 1178, 1186, 1179, -1,
				 1190, 1193, 1181, -1,
				 1181, 1193, 1156, -1,
				 1193, 1191, 1156, -1,
				 1156, 1191, 1159, -1,
				 1159, 1191, 1192, -1,
				 1189, 1184, 1192, -1,
				 1192, 1184, 1159, -1,
				 1190, 1181, 1188, -1,
				 1181, 1187, 1188, -1,
				 1155, 1158, 1195, -1,
				 1111, 1204, 1183, -1,
				 1183, 1204, 1196, -1,
				 1195, 1197, 1201, -1,
				 1201, 1197, 1202, -1,
				 1195, 1204, 1194, -1,
				 1194, 1204, 1170, -1,
				 1115, 1170, 1111, -1,
				 1170, 1204, 1111, -1,
				 1195, 1198, 1197, -1,
				 1197, 1200, 1202, -1,
				 1202, 1200, 1203, -1,
				 1198, 1195, 1199, -1,
				 1199, 1195, 1194, -1,
				 1202, 1206, 1201, -1,
				 1201, 1206, 1205, -1,
				 1203, 1207, 1202, -1,
				 1202, 1207, 1206, -1,
				 1201, 1180, 1195, -1,
				 1195, 1158, 1196, -1,
				 1195, 1196, 1204, -1,
				 1196, 1158, 1183, -1,
				 1183, 1158, 1182, -1,
				 1201, 1205, 1180, -1,
				 1180, 1205, 1186, -1,
				 1210, 1211, 1208, -1,
				 1208, 1211, 1212, -1,
				 1192, 1209, 1212, -1,
				 1209, 1208, 1212, -1,
				 1208, 1209, 1222, -1,
				 1213, 1222, 1209, -1,
				 1214, 1213, 1215, -1,
				 1213, 1209, 1215, -1,
				 1217, 1216, 1215, -1,
				 1214, 1215, 1216, -1,
				 1217, 1219, 1216, -1,
				 1216, 1219, 1218, -1,
				 1218, 1219, 1220, -1,
				 1219, 1221, 1220, -1,
				 1191, 1193, 1217, -1,
				 1217, 1193, 1219, -1,
				 1213, 1230, 1222, -1,
				 1214, 1231, 1213, -1,
				 1230, 1213, 1231, -1,
				 1232, 1231, 1216, -1,
				 1231, 1214, 1216, -1,
				 1216, 1218, 1232, -1,
				 1232, 1218, 1233, -1,
				 1218, 1220, 1233, -1,
				 1233, 1220, 1223, -1,
				 1230, 1237, 1236, -1,
				 1235, 1236, 1237, -1,
				 1230, 1236, 1222, -1,
				 1236, 1208, 1222, -1,
				 1238, 1237, 1231, -1,
				 1237, 1230, 1231, -1,
				 1232, 1239, 1231, -1,
				 1238, 1231, 1239, -1,
				 1239, 1232, 1240, -1,
				 1232, 1233, 1240, -1,
				 1240, 1233, 1226, -1,
				 1233, 1223, 1226, -1,
				 1236, 1235, 1210, -1,
				 1208, 1236, 1210, -1,
				 1227, 1234, 1224, -1,
				 1241, 1224, 1234, -1,
				 1190, 1234, 1221, -1,
				 1234, 1227, 1221, -1,
				 1190, 1221, 1193, -1,
				 1193, 1221, 1219, -1,
				 1191, 1215, 1192, -1,
				 1192, 1215, 1209, -1,
				 1228, 1229, 1211, -1,
				 1229, 1212, 1211, -1,
				 1192, 1212, 1189, -1,
				 1212, 1229, 1189, -1,
				 1215, 1191, 1217, -1,
				 1234, 1225, 1241, -1,
				 1242, 1241, 1225, -1,
				 1111, 1243, 1116, -1,
				 1116, 1243, 1244, -1,
				 1247, 1246, 1250, -1,
				 1246, 1249, 1250, -1,
				 1245, 1247, 1248, -1,
				 1247, 1250, 1248, -1,
				 1252, 1253, 1255, -1,
				 1253, 1256, 1255, -1,
				 1253, 1251, 1256, -1,
				 1251, 1254, 1256, -1,
				 1111, 1183, 1243, -1,
				 1112, 1251, 1114, -1,
				 1253, 1114, 1251, -1,
				 1183, 1257, 1243, -1,
				 1114, 1253, 1113, -1,
				 1252, 1113, 1253, -1,
				 1258, 1259, 1228, -1,
				 1259, 1229, 1228, -1,
				 1260, 1189, 1259, -1,
				 1259, 1189, 1229, -1,
				 1260, 1246, 1189, -1,
				 1246, 1184, 1189, -1,
				 1246, 1247, 1184, -1,
				 1247, 1185, 1184, -1,
				 1247, 1245, 1185, -1,
				 1245, 1182, 1185, -1,
				 1263, 1259, 1262, -1,
				 1259, 1258, 1262, -1,
				 1263, 1264, 1259, -1,
				 1264, 1260, 1259, -1,
				 1246, 1260, 1249, -1,
				 1249, 1260, 1264, -1,
				 1271, 1272, 1267, -1,
				 1272, 1268, 1267, -1,
				 1272, 1273, 1268, -1,
				 1273, 1269, 1268, -1,
				 1273, 1252, 1269, -1,
				 1252, 1255, 1269, -1,
				 1274, 1271, 1270, -1,
				 1271, 1267, 1270, -1,
				 1102, 1103, 1271, -1,
				 1271, 1103, 1272, -1,
				 1104, 1273, 1103, -1,
				 1272, 1103, 1273, -1,
				 1104, 1113, 1273, -1,
				 1273, 1113, 1252, -1,
				 1102, 1271, 1105, -1,
				 1274, 1105, 1271, -1,
				 1257, 1245, 1261, -1,
				 1245, 1248, 1261, -1,
				 1257, 1261, 1243, -1,
				 1243, 1261, 1265, -1,
				 1251, 1244, 1254, -1,
				 1244, 1266, 1254, -1,
				 1243, 1265, 1244, -1,
				 1265, 1266, 1244, -1,
				 1183, 1182, 1257, -1,
				 1116, 1244, 1112, -1,
				 1251, 1112, 1244, -1,
				 1182, 1245, 1257, -1,
				 1286, 1283, 1285, -1,
				 1284, 1285, 1283, -1,
				 1280, 1285, 1279, -1,
				 1285, 1284, 1279, -1,
				 1285, 1289, 1286, -1,
				 1286, 1289, 1287, -1,
				 1289, 1052, 1287, -1,
				 1288, 1287, 1052, -1,
				 1292, 1291, 1290, -1,
				 1291, 1275, 1290, -1,
				 1277, 1292, 1276, -1,
				 1276, 1292, 1290, -1,
				 1294, 1293, 1292, -1,
				 1293, 1291, 1292, -1,
				 1292, 1277, 1294, -1,
				 1051, 1294, 1278, -1,
				 1278, 1294, 1277, -1,
				 1296, 1298, 1281, -1,
				 1281, 1298, 1282, -1,
				 1100, 1298, 1297, -1,
				 1298, 1296, 1297, -1,
				 1084, 1293, 1085, -1,
				 1293, 1294, 1085, -1,
				 1294, 1051, 1085, -1,
				 1298, 1086, 1282, -1,
				 1282, 1086, 1051, -1,
				 1298, 1100, 1086, -1,
				 1285, 1280, 1289, -1,
				 1289, 1280, 1295, -1,
				 1289, 1295, 1052, -1,
				 1052, 1295, 1084, -1,
				 1304, 1303, 1312, -1,
				 1311, 1312, 1303, -1,
				 1312, 1313, 1304, -1,
				 1307, 1288, 1300, -1,
				 1055, 1305, 1288, -1,
				 1288, 1305, 1300, -1,
				 1300, 1299, 1307, -1,
				 1307, 1299, 1306, -1,
				 1312, 1311, 1321, -1,
				 1321, 1311, 1320, -1,
				 1312, 1321, 1313, -1,
				 1313, 1321, 1328, -1,
				 1313, 1328, 1323, -1,
				 1328, 1322, 1323, -1,
				 1332, 1325, 1331, -1,
				 1331, 1325, 1326, -1,
				 1329, 1324, 1335, -1,
				 1335, 1324, 1327, -1,
				 1335, 1327, 1315, -1,
				 1314, 1315, 1327, -1,
				 1332, 1309, 1325, -1,
				 1325, 1309, 1308, -1,
				 1332, 1331, 1334, -1,
				 1334, 1331, 1333, -1,
				 1332, 1334, 1309, -1,
				 1309, 1334, 1310, -1,
				 1070, 1329, 1054, -1,
				 1329, 1335, 1054, -1,
				 1054, 1335, 1316, -1,
				 1316, 1335, 1315, -1,
				 1333, 1079, 1334, -1,
				 1080, 1334, 1079, -1,
				 1310, 1334, 1053, -1,
				 1334, 1080, 1053, -1,
				 1305, 1330, 1317, -1,
				 1317, 1330, 1319, -1,
				 1330, 1305, 1079, -1,
				 1079, 1305, 1055, -1,
				 1302, 1301, 1318, -1,
				 1254, 1266, 1248, -1,
				 1248, 1266, 1261, -1,
				 1262, 1267, 1263, -1,
				 1268, 1263, 1267, -1,
				 1269, 1264, 1268, -1,
				 1263, 1268, 1264, -1,
				 1255, 1249, 1269, -1,
				 1264, 1269, 1249, -1,
				 1255, 1256, 1249, -1,
				 1249, 1256, 1250, -1,
				 1256, 1254, 1250, -1,
				 1250, 1254, 1248, -1,
				 1266, 1265, 1261, -1,
				 1267, 1262, 1270, -1,
				 1205, 1122, 1186, -1,
				 1186, 1122, 1121, -1,
				 1179, 1124, 1187, -1,
				 1187, 1124, 1123, -1,
				 1186, 1121, 1179, -1,
				 1179, 1121, 1124, -1,
				 1225, 1133, 1242, -1,
				 1132, 1242, 1133, -1,
				 1188, 1134, 1225, -1,
				 1225, 1134, 1133, -1,
				 1187, 1123, 1188, -1,
				 1188, 1123, 1134, -1,
				 1206, 1129, 1205, -1,
				 1205, 1129, 1122, -1,
				 1207, 1138, 1206, -1,
				 1206, 1138, 1129, -1,
				 1336, 1376, 1342, -1,
				 1376, 1377, 1342, -1,
				 1380, 1375, 1351, -1,
				 1375, 1337, 1351, -1,
				 1351, 1353, 1380, -1,
				 1381, 1355, 1354, -1,
				 1382, 1384, 1357, -1,
				 1384, 1356, 1357, -1,
				 1338, 1344, 1340, -1,
				 1344, 1349, 1340, -1,
				 1350, 1345, 1341, -1,
				 1345, 1339, 1341, -1,
				 1363, 1365, 1362, -1,
				 1365, 1369, 1362, -1,
				 1358, 1370, 1369, -1,
				 1369, 1370, 1362, -1,
				 1368, 1366, 1371, -1,
				 1366, 1361, 1371, -1,
				 1359, 1368, 1372, -1,
				 1372, 1368, 1371, -1,
				 1361, 1366, 1338, -1,
				 1338, 1366, 1344, -1,
				 1348, 1343, 1378, -1,
				 1343, 1379, 1378, -1,
				 1352, 1346, 1386, -1,
				 1386, 1346, 1347, -1,
				 1360, 1364, 1387, -1,
				 1363, 1339, 1365, -1,
				 1365, 1339, 1345, -1,
				 1344, 1390, 1343, -1,
				 1390, 1379, 1343, -1,
				 1377, 1389, 1342, -1,
				 1389, 1345, 1342, -1,
				 1337, 1375, 1336, -1,
				 1375, 1376, 1336, -1,
				 1378, 1388, 1348, -1,
				 1356, 1384, 1354, -1,
				 1384, 1381, 1354, -1,
				 1365, 1391, 1357, -1,
				 1391, 1382, 1357, -1,
				 1383, 1392, 1367, -1,
				 1392, 1366, 1367, -1,
				 1340, 1349, 1341, -1,
				 1349, 1350, 1341, -1,
				 1365, 1366, 1391, -1,
				 1366, 1392, 1391, -1,
				 1389, 1390, 1345, -1,
				 1390, 1344, 1345, -1,
				 1388, 1397, 1350, -1,
				 1350, 1397, 1394, -1,
				 1350, 1394, 1345, -1,
				 1394, 1342, 1345, -1,
				 1375, 1400, 1376, -1,
				 1399, 1376, 1400, -1,
				 1401, 1378, 1377, -1,
				 1377, 1378, 1389, -1,
				 1389, 1378, 1390, -1,
				 1390, 1378, 1379, -1,
				 1401, 1377, 1399, -1,
				 1399, 1377, 1376, -1,
				 1399, 1400, 1395, -1,
				 1395, 1400, 1396, -1,
				 1378, 1401, 1388, -1,
				 1401, 1397, 1388, -1,
				 1399, 1395, 1401, -1,
				 1395, 1397, 1401, -1,
				 1352, 1386, 1375, -1,
				 1375, 1386, 1400, -1,
				 1396, 1400, 1347, -1,
				 1400, 1386, 1347, -1,
				 1375, 1380, 1352, -1,
				 1352, 1380, 1353, -1,
				 1391, 1402, 1382, -1,
				 1384, 1382, 1402, -1,
				 1402, 1392, 1387, -1,
				 1383, 1387, 1392, -1,
				 1402, 1391, 1392, -1,
				 1402, 1381, 1384, -1,
				 1402, 1398, 1381, -1,
				 1398, 1355, 1381, -1,
				 1387, 1364, 1402, -1,
				 1398, 1402, 1364, -1,
				 1317, 1393, 1305, -1,
				 1305, 1393, 1385, -1,
				 1337, 1336, 1403, -1,
				 1336, 1404, 1403, -1,
				 1339, 1338, 1341, -1,
				 1338, 1340, 1341, -1,
				 1394, 1404, 1342, -1,
				 1342, 1404, 1336, -1,
				 1404, 1395, 1403, -1,
				 1403, 1395, 1396, -1,
				 1348, 1388, 1349, -1,
				 1349, 1388, 1350, -1,
				 1397, 1395, 1394, -1,
				 1394, 1395, 1404, -1,
				 1352, 1337, 1346, -1,
				 1346, 1337, 1403, -1,
				 1396, 1347, 1403, -1,
				 1346, 1403, 1347, -1,
				 1337, 1352, 1351, -1,
				 1351, 1352, 1353, -1,
				 1405, 1358, 1354, -1,
				 1354, 1358, 1356, -1,
				 1358, 1369, 1356, -1,
				 1356, 1369, 1357, -1,
				 1357, 1369, 1365, -1,
				 1360, 1359, 1405, -1,
				 1358, 1405, 1359, -1,
				 1371, 1361, 1362, -1,
				 1361, 1363, 1362, -1,
				 1405, 1354, 1398, -1,
				 1354, 1355, 1398, -1,
				 1360, 1405, 1364, -1,
				 1405, 1398, 1364, -1,
				 1349, 1344, 1348, -1,
				 1344, 1343, 1348, -1,
				 1368, 1367, 1366, -1,
				 1362, 1370, 1371, -1,
				 1372, 1371, 1370, -1,
				 1360, 1367, 1359, -1,
				 1367, 1368, 1359, -1,
				 1363, 1361, 1339, -1,
				 1339, 1361, 1338, -1,
				 1299, 1300, 1373, -1,
				 1373, 1300, 1374, -1,
				 1365, 1345, 1366, -1,
				 1344, 1366, 1345, -1,
				 1358, 1359, 1370, -1,
				 1359, 1372, 1370, -1,
				 1409, 1407, 1410, -1,
				 1410, 1407, 1408, -1,
				 1407, 1409, 1113, -1,
				 1113, 1409, 1114, -1,
				 1408, 96, 1410, -1,
				 1410, 96, 97, -1,
				 1409, 1411, 1114, -1,
				 1114, 1411, 1112, -1,
				 1408, 1407, 13, -1,
				 13, 1407, 1108, -1,
				 1407, 1113, 1108, -1,
				 1104, 1108, 1113, -1,
				 15, 96, 13, -1,
				 13, 96, 1408, -1,
				 1406, 1411, 1410, -1,
				 1410, 1411, 1409, -1,
				 1111, 1412, 1115, -1,
				 94, 1115, 1412, -1,
				 1414, 1413, 1406, -1,
				 1406, 1413, 1411, -1,
				 1411, 1413, 1112, -1,
				 1112, 1413, 1116, -1,
				 1111, 1413, 1412, -1,
				 1414, 1412, 1413, -1,
				 1111, 1116, 1413, -1,
				 95, 94, 1414, -1,
				 1414, 94, 1412, -1,
				 1414, 1406, 95, -1,
				 95, 1406, 98, -1,
				 1410, 97, 1406, -1,
				 1406, 97, 98, -1,
				 36, 37, 1415, -1,
				 1415, 37, 1419, -1,
				 37, 1417, 1419, -1,
				 1419, 1417, 1420, -1,
				 36, 1415, 1418, -1,
				 1418, 1415, 1416, -1,
				 1427, 1428, 1426, -1,
				 1428, 1425, 1426, -1,
				 1424, 1427, 1423, -1,
				 1427, 1426, 1423, -1,
				 1299, 1305, 1300, -1,
				 1309, 1310, 1429, -1,
				 1310, 1430, 1429, -1,
				 1053, 1430, 1310, -1,
				 1421, 1418, 1416, -1,
				 1435, 1141, 1434, -1,
				 1434, 1141, 1140, -1,
				 1433, 1139, 1435, -1,
				 1435, 1139, 1141, -1,
				 1317, 1305, 1299, -1,
				 1448, 1447, 1442, -1,
				 1447, 1441, 1442, -1,
				 1449, 1448, 1443, -1,
				 1448, 1442, 1443, -1,
				 1451, 1450, 1445, -1,
				 1450, 1444, 1445, -1,
				 1446, 1451, 1440, -1,
				 1451, 1445, 1440, -1,
				 1091, 1059, 1436, -1,
				 1436, 1059, 1437, -1,
				 1061, 1060, 1439, -1,
				 1439, 1060, 1438, -1,
				 1221, 1227, 1464, -1,
				 111, 116, 112, -1,
				 116, 115, 112, -1,
				 112, 115, 110, -1,
				 107, 112, 110, -1,
				 1453, 1452, 32, -1,
				 1452, 1064, 32, -1,
				 1455, 1454, 99, -1,
				 99, 1454, 1117, -1,
				 32, 1421, 1453, -1,
				 1421, 1456, 1453, -1,
				 1118, 1117, 1457, -1,
				 1117, 1454, 1457, -1,
				 1423, 1073, 1458, -1,
				 1458, 1073, 1068, -1,
				 1066, 1073, 1423, -1,
				 106, 105, 1459, -1,
				 1459, 105, 1424, -1,
				 1452, 1460, 1064, -1,
				 1460, 1065, 1064, -1,
				 1455, 99, 1461, -1,
				 1461, 99, 100, -1,
				 1465, 1071, 1466, -1,
				 1077, 1466, 1071, -1,
				 1468, 1467, 1092, -1,
				 1467, 1093, 1092, -1,
				 1075, 1471, 1425, -1,
				 1471, 1426, 1425, -1,
				 1473, 117, 1427, -1,
				 1427, 117, 1428, -1,
				 1067, 1065, 1462, -1,
				 1462, 1065, 1460, -1,
				 100, 101, 1461, -1,
				 1461, 101, 1463, -1,
				 1458, 1069, 1462, -1,
				 1462, 1069, 1067, -1,
				 1068, 1069, 1458, -1,
				 101, 106, 1463, -1,
				 1463, 106, 1459, -1,
				 1076, 1075, 1469, -1,
				 1469, 1075, 1425, -1,
				 117, 1161, 1428, -1,
				 1161, 1470, 1428, -1,
				 1077, 1076, 1466, -1,
				 1466, 1076, 1469, -1,
				 1161, 1093, 1470, -1,
				 1093, 1467, 1470, -1,
				 1472, 1071, 1062, -1,
				 1062, 1071, 1465, -1,
				 1437, 1059, 1465, -1,
				 1465, 1059, 1062, -1,
				 1471, 1066, 1426, -1,
				 1066, 1423, 1426, -1,
				 105, 1473, 1424, -1,
				 1473, 1427, 1424, -1,
				 1092, 1091, 1468, -1,
				 1468, 1091, 1436, -1,
				 1062, 1063, 1472, -1,
				 1078, 1472, 1063, -1,
				 1071, 1472, 1431, -1,
				 1078, 1058, 1472, -1,
				 1472, 1058, 1431, -1,
				 1055, 1288, 1031, -1,
				 1031, 1288, 1032, -1,
				 1032, 1288, 1021, -1,
				 1075, 1033, 1471, -1,
				 1033, 1034, 1471, -1,
				 1471, 1034, 1022, -1,
				 1052, 1021, 1288, -1,
				 1066, 1471, 1022, -1,
				 117, 1473, 113, -1,
				 113, 1473, 114, -1,
				 114, 1473, 109, -1,
				 105, 109, 1473, -1,
				 1044, 1043, 1038, -1,
				 1038, 1043, 1037, -1,
				 1045, 1035, 1046, -1,
				 1046, 1035, 1036, -1,
				 1044, 1038, 1027, -1,
				 1027, 1038, 1024, -1,
				 1045, 1028, 1035, -1,
				 1035, 1028, 1023, -1,
				 1047, 1041, 1029, -1,
				 1029, 1041, 1026, -1,
				 1048, 1030, 1039, -1,
				 1039, 1030, 1025, -1,
				 1047, 1049, 1041, -1,
				 1041, 1049, 1042, -1,
				 1048, 1039, 1050, -1,
				 1050, 1039, 1040, -1,
				 1130, 1475, 1126, -1,
				 1126, 1475, 1474, -1,
				 1131, 1476, 1130, -1,
				 1130, 1476, 1475, -1,
				 1437, 1465, 1436, -1,
				 1465, 1468, 1436, -1,
				 1474, 1142, 1433, -1,
				 1433, 1142, 1139, -1,
				 1475, 1143, 1474, -1,
				 1474, 1143, 1142, -1,
				 1478, 1146, 1477, -1,
				 1477, 1146, 1145, -1,
				 1479, 1147, 1478, -1,
				 1478, 1147, 1146, -1,
				 1434, 1140, 1479, -1,
				 1479, 1140, 1147, -1,
				 1468, 1465, 1467, -1,
				 1465, 1466, 1467, -1,
				 1428, 1470, 1425, -1,
				 1470, 1469, 1425, -1,
				 1470, 1467, 1469, -1,
				 1467, 1466, 1469, -1,
				 1043, 1046, 1037, -1,
				 1046, 1036, 1037, -1,
				 1049, 1050, 1042, -1,
				 1050, 1040, 1042, -1,
				 1059, 1091, 1081, -1,
				 1091, 1096, 1081, -1,
				 1126, 1474, 1125, -1,
				 1125, 1474, 1433, -1,
				 1135, 1136, 1477, -1,
				 1136, 1478, 1477, -1,
				 1137, 1479, 1136, -1,
				 1136, 1479, 1478, -1,
				 1137, 1127, 1479, -1,
				 1127, 1434, 1479, -1,
				 1127, 1128, 1434, -1,
				 1128, 1435, 1434, -1,
				 1125, 1433, 1128, -1,
				 1128, 1433, 1435, -1,
				 1060, 1083, 1438, -1,
				 1083, 1480, 1438, -1,
				 1061, 1439, 1082, -1,
				 1481, 1082, 1439, -1,
				 1483, 1449, 1482, -1,
				 1449, 1443, 1482, -1,
				 1450, 1483, 1444, -1,
				 1483, 1482, 1444, -1,
				 1438, 1480, 1439, -1,
				 1439, 1480, 1481, -1,
				 1454, 1455, 1453, -1,
				 1455, 1452, 1453, -1,
				 1457, 1454, 1456, -1,
				 1454, 1453, 1456, -1,
				 1455, 1461, 1452, -1,
				 1461, 1460, 1452, -1,
				 1461, 1463, 1460, -1,
				 1463, 1462, 1460, -1,
				 1459, 1458, 1463, -1,
				 1458, 1462, 1463, -1,
				 1028, 1027, 1023, -1,
				 1027, 1024, 1023, -1,
				 1030, 1029, 1025, -1,
				 1029, 1026, 1025, -1,
				 77, 76, 75, -1,
				 32, 36, 1421, -1,
				 1421, 36, 1418, -1,
				 1459, 1424, 1458, -1,
				 1424, 1423, 1458, -1,
				 1476, 1144, 1475, -1,
				 1475, 1144, 1143, -1,
				 1485, 1446, 1484, -1,
				 1446, 1440, 1484, -1,
				 1447, 1485, 1441, -1,
				 1485, 1484, 1441, -1,
				 1488, 8, 1487, -1,
				 1489, 1487, 8, -1,
				 1488, 30, 8, -1,
				 8, 30, 29, -1,
				 8, 29, 9, -1,
				 9, 29, 24, -1,
				 24, 26, 9, -1,
				 1490, 9, 26, -1,
				 1486, 33, 1488, -1,
				 1488, 33, 30, -1,
				 1488, 1487, 1486, -1,
				 1486, 1417, 33, -1,
				 37, 33, 1417, -1,
				 1491, 1494, 1492, -1,
				 1494, 1493, 1492, -1,
				 1496, 1495, 1497, -1,
				 1495, 1498, 1497, -1,
				 1500, 1499, 1494, -1,
				 1493, 1494, 1499, -1,
				 1500, 1495, 1499, -1,
				 1499, 1495, 1496, -1,
				 1501, 1491, 1502, -1,
				 1491, 1492, 1502, -1,
				 1501, 1502, 1498, -1,
				 1497, 1498, 1502, -1,
				 1505, 27, 1503, -1,
				 1503, 27, 1504, -1,
				 27, 1505, 26, -1,
				 1506, 1508, 1507, -1,
				 1509, 1503, 1510, -1,
				 1504, 1510, 1503, -1,
				 1512, 1511, 1510, -1,
				 1509, 1510, 1511, -1,
				 1508, 1506, 1513, -1,
				 1513, 1506, 1514, -1,
				 1507, 1508, 1512, -1,
				 1508, 1511, 1512, -1,
				 1516, 1515, 1517, -1,
				 1515, 1518, 1517, -1,
				 1517, 1518, 1519, -1,
				 1518, 1520, 1519, -1,
				 1519, 1520, 1521, -1,
				 1520, 1522, 1521, -1,
				 1524, 1516, 1525, -1,
				 1525, 1516, 1523, -1,
				 1516, 1517, 1523, -1,
				 1523, 1517, 1526, -1,
				 1517, 1519, 1526, -1,
				 1526, 1519, 1527, -1,
				 1519, 1521, 1527, -1,
				 1527, 1521, 1528, -1,
				 1526, 1529, 1523, -1,
				 1529, 1530, 1523, -1,
				 1527, 1531, 1526, -1,
				 1531, 1529, 1526, -1,
				 1533, 1532, 1524, -1,
				 1532, 1534, 1524, -1,
				 1534, 1515, 1524, -1,
				 1515, 1516, 1524, -1,
				 1521, 1522, 1535, -1,
				 1522, 1536, 1535, -1,
				 1538, 1537, 1533, -1,
				 1537, 1532, 1533, -1,
				 1540, 1539, 1529, -1,
				 1529, 1539, 1530, -1,
				 1542, 1541, 1543, -1,
				 1543, 1541, 1544, -1,
				 1545, 1547, 1546, -1,
				 1546, 1547, 1550, -1,
				 1548, 1549, 1542, -1,
				 1542, 1549, 1541, -1,
				 1547, 1543, 1550, -1,
				 1550, 1543, 1544, -1,
				 1549, 1551, 1541, -1,
				 1550, 1544, 1551, -1,
				 1541, 1551, 1544, -1,
				 1546, 1550, 1551, -1,
				 1554, 1553, 1555, -1,
				 1555, 1553, 1552, -1,
				 1556, 1554, 1557, -1,
				 1557, 1554, 1555, -1,
				 1559, 1558, 1554, -1,
				 1554, 1558, 1553, -1,
				 1560, 1559, 1556, -1,
				 1556, 1559, 1554, -1,
				 1559, 1561, 1558, -1,
				 1558, 1561, 1562, -1,
				 1548, 1561, 1560, -1,
				 1560, 1561, 1559, -1,
				 1557, 1555, 1563, -1,
				 1555, 1552, 1563, -1,
				 1562, 1561, 1543, -1,
				 1561, 1542, 1543, -1,
				 1548, 1542, 1561, -1,
				 1565, 1564, 1553, -1,
				 1553, 1564, 1552, -1,
				 1567, 1566, 1565, -1,
				 1565, 1566, 1564, -1,
				 1558, 1568, 1553, -1,
				 1553, 1568, 1565, -1,
				 1569, 1567, 1568, -1,
				 1568, 1567, 1565, -1,
				 1568, 1558, 1570, -1,
				 1570, 1558, 1562, -1,
				 1545, 1569, 1570, -1,
				 1570, 1569, 1568, -1,
				 1566, 1563, 1564, -1,
				 1564, 1563, 1552, -1,
				 1562, 1543, 1570, -1,
				 1547, 1570, 1543, -1,
				 1547, 1545, 1570, -1,
				 1574, 1573, 1571, -1,
				 1571, 1573, 1572, -1,
				 1576, 1575, 1572, -1,
				 1575, 1571, 1572, -1,
				 1578, 1577, 1579, -1,
				 1577, 1580, 1579, -1,
				 1580, 1575, 1579, -1,
				 1579, 1575, 1576, -1,
				 1574, 1571, 1581, -1,
				 1581, 1571, 1582, -1,
				 1575, 1582, 1571, -1,
				 1584, 1583, 1585, -1,
				 1583, 1586, 1585, -1,
				 1585, 1586, 1587, -1,
				 1586, 1588, 1587, -1,
				 1590, 1589, 1591, -1,
				 1592, 1591, 1589, -1,
				 1593, 1580, 1577, -1,
				 1593, 1577, 1590, -1,
				 1590, 1577, 1589, -1,
				 1592, 1583, 1594, -1,
				 1583, 1584, 1594, -1,
				 1587, 1588, 1578, -1,
				 1588, 1577, 1578, -1,
				 1582, 1575, 1593, -1,
				 1593, 1575, 1580, -1,
				 1491, 1501, 1494, -1,
				 1501, 1500, 1494, -1,
				 1501, 1498, 1500, -1,
				 1498, 1495, 1500, -1,
				 1596, 1595, 1597, -1,
				 1595, 1598, 1597, -1,
				 1597, 1598, 1599, -1,
				 1598, 1600, 1599, -1,
				 1602, 1601, 1603, -1,
				 1601, 1604, 1603, -1,
				 1604, 1606, 1603, -1,
				 1603, 1606, 1605, -1,
				 1608, 1607, 1609, -1,
				 1607, 1610, 1609, -1,
				 1611, 1609, 1612, -1,
				 1609, 1610, 1612, -1,
				 1614, 1613, 1615, -1,
				 1613, 1616, 1615, -1,
				 1616, 1618, 1615, -1,
				 1618, 1617, 1615, -1,
				 1620, 1619, 1621, -1,
				 1619, 1622, 1621, -1,
				 1621, 1622, 1623, -1,
				 1622, 1624, 1623, -1,
				 1626, 1625, 1627, -1,
				 1625, 1628, 1627, -1,
				 1630, 1629, 1628, -1,
				 1628, 1629, 1627, -1,
				 1632, 1631, 1633, -1,
				 1631, 1634, 1633, -1,
				 1633, 1634, 1635, -1,
				 1635, 1634, 1636, -1,
				 1638, 1637, 1639, -1,
				 1637, 1640, 1639, -1,
				 1641, 1639, 1642, -1,
				 1639, 1640, 1642, -1,
				 1644, 1643, 1645, -1,
				 1643, 1646, 1645, -1,
				 1645, 1646, 1647, -1,
				 1646, 1648, 1647, -1,
				 1650, 1649, 1651, -1,
				 1649, 1652, 1651, -1,
				 1652, 1654, 1651, -1,
				 1651, 1654, 1653, -1,
				 1656, 1655, 1657, -1,
				 1655, 1658, 1657, -1,
				 1658, 1660, 1657, -1,
				 1660, 1659, 1657, -1,
				 1664, 1663, 1661, -1,
				 1663, 1662, 1661, -1,
				 1664, 1666, 1663, -1,
				 1666, 1665, 1663, -1,
				 1668, 1667, 1669, -1,
				 1667, 1670, 1669, -1,
				 1669, 1670, 1671, -1,
				 1670, 1672, 1671, -1,
				 1674, 1673, 1675, -1,
				 1673, 1676, 1675, -1,
				 1675, 1676, 1677, -1,
				 1676, 1678, 1677, -1,
				 1682, 1681, 1679, -1,
				 1681, 1680, 1679, -1,
				 1680, 1681, 1683, -1,
				 1681, 1684, 1683, -1,
				 1686, 1685, 1687, -1,
				 1685, 1688, 1687, -1,
				 1688, 1690, 1687, -1,
				 1690, 1689, 1687, -1,
				 1692, 1691, 1693, -1,
				 1691, 1694, 1693, -1,
				 1693, 1694, 1695, -1,
				 1694, 1696, 1695, -1,
				 1698, 1697, 1699, -1,
				 1697, 1700, 1699, -1,
				 1699, 1700, 1701, -1,
				 1700, 1702, 1701, -1,
				 1703, 1706, 1704, -1,
				 1706, 1705, 1704, -1,
				 1705, 1708, 1704, -1,
				 1708, 1707, 1704, -1,
				 1710, 1709, 1711, -1,
				 1709, 1712, 1711, -1,
				 1712, 1714, 1711, -1,
				 1714, 1713, 1711, -1,
				 1715, 1606, 1716, -1,
				 1716, 1606, 1617, -1,
				 1595, 1715, 1608, -1,
				 1608, 1715, 1716, -1,
				 1598, 1595, 1609, -1,
				 1609, 1595, 1608, -1,
				 1600, 1598, 1611, -1,
				 1611, 1598, 1609, -1,
				 1717, 1600, 1718, -1,
				 1718, 1600, 1611, -1,
				 1601, 1717, 1614, -1,
				 1614, 1717, 1718, -1,
				 1604, 1601, 1615, -1,
				 1615, 1601, 1614, -1,
				 1606, 1604, 1617, -1,
				 1617, 1604, 1615, -1,
				 1616, 1720, 1618, -1,
				 1720, 1719, 1618, -1,
				 1719, 1720, 1607, -1,
				 1720, 1610, 1607, -1,
				 1610, 1720, 1612, -1,
				 1720, 1721, 1612, -1,
				 1721, 1720, 1613, -1,
				 1720, 1616, 1613, -1,
				 1722, 1630, 1723, -1,
				 1723, 1630, 1641, -1,
				 1619, 1722, 1632, -1,
				 1632, 1722, 1723, -1,
				 1622, 1619, 1633, -1,
				 1633, 1619, 1632, -1,
				 1624, 1622, 1635, -1,
				 1635, 1622, 1633, -1,
				 1724, 1624, 1725, -1,
				 1725, 1624, 1635, -1,
				 1625, 1724, 1638, -1,
				 1638, 1724, 1725, -1,
				 1628, 1625, 1639, -1,
				 1639, 1625, 1638, -1,
				 1630, 1628, 1641, -1,
				 1641, 1628, 1639, -1,
				 1640, 1727, 1642, -1,
				 1727, 1726, 1642, -1,
				 1726, 1727, 1631, -1,
				 1727, 1634, 1631, -1,
				 1634, 1727, 1636, -1,
				 1727, 1728, 1636, -1,
				 1728, 1727, 1637, -1,
				 1727, 1640, 1637, -1,
				 1729, 1654, 1730, -1,
				 1730, 1654, 1665, -1,
				 1643, 1729, 1656, -1,
				 1656, 1729, 1730, -1,
				 1646, 1643, 1657, -1,
				 1657, 1643, 1656, -1,
				 1648, 1646, 1659, -1,
				 1659, 1646, 1657, -1,
				 1731, 1648, 1732, -1,
				 1732, 1648, 1659, -1,
				 1649, 1731, 1662, -1,
				 1662, 1731, 1732, -1,
				 1652, 1649, 1663, -1,
				 1663, 1649, 1662, -1,
				 1654, 1652, 1665, -1,
				 1665, 1652, 1663, -1,
				 1664, 1734, 1666, -1,
				 1734, 1733, 1666, -1,
				 1733, 1734, 1655, -1,
				 1734, 1658, 1655, -1,
				 1658, 1734, 1660, -1,
				 1734, 1735, 1660, -1,
				 1735, 1734, 1661, -1,
				 1734, 1664, 1661, -1,
				 1670, 1667, 1680, -1,
				 1680, 1667, 1679, -1,
				 1672, 1670, 1683, -1,
				 1683, 1670, 1680, -1,
				 1736, 1672, 1737, -1,
				 1737, 1672, 1683, -1,
				 1673, 1736, 1686, -1,
				 1686, 1736, 1737, -1,
				 1676, 1673, 1687, -1,
				 1687, 1673, 1686, -1,
				 1678, 1676, 1689, -1,
				 1689, 1676, 1687, -1,
				 1738, 1678, 1739, -1,
				 1739, 1678, 1689, -1,
				 1667, 1738, 1679, -1,
				 1679, 1738, 1739, -1,
				 1682, 1740, 1681, -1,
				 1740, 1684, 1681, -1,
				 1684, 1740, 1741, -1,
				 1741, 1740, 1685, -1,
				 1740, 1688, 1685, -1,
				 1688, 1740, 1690, -1,
				 1740, 1742, 1690, -1,
				 1742, 1740, 1682, -1,
				 1694, 1691, 1704, -1,
				 1704, 1691, 1703, -1,
				 1696, 1694, 1707, -1,
				 1707, 1694, 1704, -1,
				 1743, 1696, 1744, -1,
				 1744, 1696, 1707, -1,
				 1697, 1743, 1710, -1,
				 1710, 1743, 1744, -1,
				 1700, 1697, 1711, -1,
				 1711, 1697, 1710, -1,
				 1702, 1700, 1713, -1,
				 1713, 1700, 1711, -1,
				 1745, 1702, 1746, -1,
				 1746, 1702, 1713, -1,
				 1691, 1745, 1703, -1,
				 1703, 1745, 1746, -1,
				 1748, 1747, 1706, -1,
				 1747, 1705, 1706, -1,
				 1705, 1747, 1708, -1,
				 1747, 1749, 1708, -1,
				 1749, 1747, 1709, -1,
				 1747, 1712, 1709, -1,
				 1712, 1747, 1714, -1,
				 1747, 1748, 1714, -1,
				 1599, 1600, 1750, -1,
				 1600, 1717, 1750, -1,
				 1750, 1717, 1602, -1,
				 1717, 1601, 1602, -1,
				 1611, 1612, 1718, -1,
				 1612, 1721, 1718, -1,
				 1721, 1613, 1718, -1,
				 1613, 1614, 1718, -1,
				 1605, 1606, 1751, -1,
				 1606, 1715, 1751, -1,
				 1751, 1715, 1596, -1,
				 1715, 1595, 1596, -1,
				 1617, 1618, 1716, -1,
				 1618, 1719, 1716, -1,
				 1719, 1607, 1716, -1,
				 1607, 1608, 1716, -1,
				 1629, 1630, 1752, -1,
				 1630, 1722, 1752, -1,
				 1752, 1722, 1620, -1,
				 1722, 1619, 1620, -1,
				 1623, 1624, 1753, -1,
				 1624, 1724, 1753, -1,
				 1753, 1724, 1626, -1,
				 1724, 1625, 1626, -1,
				 1642, 1726, 1641, -1,
				 1641, 1726, 1723, -1,
				 1726, 1631, 1723, -1,
				 1631, 1632, 1723, -1,
				 1635, 1636, 1725, -1,
				 1636, 1728, 1725, -1,
				 1728, 1637, 1725, -1,
				 1637, 1638, 1725, -1,
				 1653, 1654, 1754, -1,
				 1654, 1729, 1754, -1,
				 1643, 1644, 1729, -1,
				 1729, 1644, 1754, -1,
				 1731, 1721, 1648, -1,
				 1647, 1648, 1721, -1,
				 1650, 1721, 1649, -1,
				 1649, 1721, 1731, -1,
				 1666, 1733, 1665, -1,
				 1665, 1733, 1730, -1,
				 1655, 1656, 1733, -1,
				 1733, 1656, 1730, -1,
				 1659, 1660, 1732, -1,
				 1660, 1735, 1732, -1,
				 1661, 1662, 1735, -1,
				 1735, 1662, 1732, -1,
				 1671, 1672, 1755, -1,
				 1672, 1736, 1755, -1,
				 1755, 1736, 1674, -1,
				 1736, 1673, 1674, -1,
				 1677, 1678, 1756, -1,
				 1678, 1738, 1756, -1,
				 1667, 1668, 1738, -1,
				 1738, 1668, 1756, -1,
				 1683, 1684, 1737, -1,
				 1684, 1741, 1737, -1,
				 1741, 1685, 1737, -1,
				 1685, 1686, 1737, -1,
				 1742, 1739, 1690, -1,
				 1739, 1689, 1690, -1,
				 1682, 1679, 1742, -1,
				 1742, 1679, 1739, -1,
				 1695, 1696, 1757, -1,
				 1696, 1743, 1757, -1,
				 1757, 1743, 1698, -1,
				 1743, 1697, 1698, -1,
				 1701, 1702, 1758, -1,
				 1702, 1745, 1758, -1,
				 1691, 1692, 1745, -1,
				 1745, 1692, 1758, -1,
				 1707, 1708, 1744, -1,
				 1708, 1749, 1744, -1,
				 1749, 1709, 1744, -1,
				 1709, 1710, 1744, -1,
				 1713, 1714, 1746, -1,
				 1714, 1748, 1746, -1,
				 1748, 1706, 1746, -1,
				 1706, 1703, 1746, -1,
				 1761, 1760, 1762, -1,
				 1762, 1760, 1759, -1,
				 1760, 1764, 1759, -1,
				 1759, 1764, 1763, -1,
				 1765, 1767, 1766, -1,
				 1767, 1763, 1766, -1,
				 1768, 1771, 1769, -1,
				 1769, 1771, 1770, -1,
				 1762, 1772, 1771, -1,
				 1772, 1770, 1771, -1,
				 1762, 1759, 1772, -1,
				 1759, 1773, 1772, -1,
				 1763, 1767, 1759, -1,
				 1767, 1773, 1759, -1,
				 1776, 1775, 1777, -1,
				 1777, 1775, 1774, -1,
				 1778, 1776, 1779, -1,
				 1776, 1777, 1779, -1,
				 1780, 1783, 1781, -1,
				 1783, 1782, 1781, -1,
				 1784, 1786, 1785, -1,
				 1785, 1786, 1764, -1,
				 1786, 1780, 1766, -1,
				 1766, 1780, 1765, -1,
				 1787, 1790, 1788, -1,
				 1790, 1789, 1788, -1,
				 1792, 1791, 1787, -1,
				 1787, 1791, 1790, -1,
				 1796, 1795, 1793, -1,
				 1794, 1793, 1795, -1,
				 1793, 1798, 1796, -1,
				 1798, 1797, 1796, -1,
				 1797, 1798, 1799, -1,
				 1798, 1800, 1799, -1,
				 1799, 1800, 1789, -1,
				 1800, 1788, 1789, -1,
				 1802, 1801, 1803, -1,
				 1801, 1804, 1803, -1,
				 1804, 1801, 1805, -1,
				 1801, 1806, 1805, -1,
				 1806, 1807, 1805, -1,
				 1807, 1808, 1805, -1,
				 1781, 1782, 1807, -1,
				 1782, 1808, 1807, -1,
				 1810, 1809, 1811, -1,
				 1809, 1812, 1811, -1,
				 1813, 1761, 1809, -1,
				 1761, 1812, 1809, -1,
				 1814, 1760, 1813, -1,
				 1760, 1761, 1813, -1,
				 1785, 1764, 1814, -1,
				 1764, 1760, 1814, -1,
				 1528, 1815, 1527, -1,
				 1815, 1531, 1527, -1,
				 1817, 1816, 1540, -1,
				 1540, 1816, 1539, -1,
				 1818, 1817, 1819, -1,
				 1819, 1817, 1540, -1,
				 1820, 1818, 1821, -1,
				 1821, 1818, 1819, -1,
				 1824, 1823, 1825, -1,
				 1825, 1823, 1822, -1,
				 1816, 1817, 1827, -1,
				 1827, 1817, 1826, -1,
				 1830, 1829, 1831, -1,
				 1831, 1829, 1828, -1,
				 1818, 1820, 1833, -1,
				 1833, 1820, 1832, -1,
				 1834, 1837, 1835, -1,
				 1837, 1836, 1835, -1,
				 1816, 1827, 1823, -1,
				 1827, 1822, 1823, -1,
				 1820, 1838, 1832, -1,
				 1838, 1839, 1832, -1,
				 1841, 1840, 1842, -1,
				 1840, 1843, 1842, -1,
				 1827, 1826, 1845, -1,
				 1845, 1826, 1844, -1,
				 1833, 1832, 1847, -1,
				 1847, 1832, 1846, -1,
				 1899, 1848, 1849, -1,
				 1848, 1850, 1849, -1,
				 1852, 1851, 1853, -1,
				 1851, 1854, 1853, -1,
				 1856, 1855, 1857, -1,
				 1855, 1858, 1857, -1,
				 1859, 1857, 1860, -1,
				 1857, 1858, 1860, -1,
				 1862, 1861, 1851, -1,
				 1861, 1854, 1851, -1,
				 1866, 1865, 1863, -1,
				 1863, 1865, 1864, -1,
				 1868, 1867, 1869, -1,
				 1867, 1870, 1869, -1,
				 1869, 1870, 1871, -1,
				 1870, 1872, 1871, -1,
				 1874, 1866, 1873, -1,
				 1873, 1866, 1863, -1,
				 1878, 1877, 1875, -1,
				 1875, 1877, 1876, -1,
				 1880, 1879, 1876, -1,
				 1879, 1875, 1876, -1,
				 1868, 1869, 1881, -1,
				 1869, 1882, 1881, -1,
				 1885, 1884, 1886, -1,
				 1884, 1883, 1886, -1,
				 1887, 1883, 1888, -1,
				 1888, 1883, 1884, -1,
				 1889, 1890, 1863, -1,
				 1890, 1873, 1863, -1,
				 1893, 1892, 1894, -1,
				 1894, 1892, 1891, -1,
				 1850, 1848, 1895, -1,
				 1848, 1896, 1895, -1,
				 1849, 1898, 1899, -1,
				 1899, 1898, 1897, -1,
				 1901, 1900, 1902, -1,
				 1900, 1903, 1902, -1,
				 1905, 1904, 1906, -1,
				 1906, 1904, 1907, -1,
				 1909, 1908, 1910, -1,
				 1910, 1908, 1911, -1,
				 1913, 1912, 1914, -1,
				 1914, 1912, 1915, -1,
				 1917, 1916, 1918, -1,
				 1918, 1916, 1919, -1,
				 1921, 1920, 1922, -1,
				 1922, 1920, 1923, -1,
				 1925, 1924, 1926, -1,
				 1926, 1924, 1927, -1,
				 1894, 1900, 1893, -1,
				 1893, 1900, 1901, -1,
				 1929, 1928, 1930, -1,
				 1931, 1930, 1928, -1,
				 1934, 1933, 1935, -1,
				 1935, 1933, 1932, -1,
				 1937, 1936, 1873, -1,
				 1873, 1936, 1863, -1,
				 1939, 1938, 1940, -1,
				 1941, 1940, 1938, -1,
				 1944, 1943, 1945, -1,
				 1945, 1943, 1942, -1,
				 1947, 1946, 1868, -1,
				 1868, 1946, 1869, -1,
				 1930, 1948, 1929, -1,
				 1950, 1949, 1937, -1,
				 1951, 1937, 1949, -1,
				 1936, 1937, 1952, -1,
				 1937, 1951, 1952, -1,
				 1954, 1953, 1955, -1,
				 1956, 1955, 1953, -1,
				 1940, 1957, 1939, -1,
				 1958, 1960, 1959, -1,
				 1962, 1961, 1963, -1,
				 1964, 1963, 1961, -1,
				 1946, 1947, 1965, -1,
				 1947, 1966, 1965, -1,
				 1967, 1963, 1968, -1,
				 1963, 1964, 1968, -1,
				 1970, 1969, 1971, -1,
				 1969, 1972, 1971, -1,
				 1975, 1974, 1976, -1,
				 1976, 1974, 1973, -1,
				 1978, 1977, 1979, -1,
				 1977, 1980, 1979, -1,
				 1983, 1982, 1984, -1,
				 1984, 1982, 1981, -1,
				 1983, 1984, 1969, -1,
				 1969, 1984, 1972, -1,
				 1987, 1986, 1988, -1,
				 1988, 1986, 1985, -1,
				 1991, 1990, 1992, -1,
				 1992, 1990, 1989, -1,
				 1995, 1994, 1996, -1,
				 1996, 1994, 1993, -1,
				 1975, 1976, 1977, -1,
				 1977, 1976, 1980, -1,
				 1999, 1998, 2000, -1,
				 2000, 1998, 1997, -1,
				 2003, 2002, 2004, -1,
				 2004, 2002, 2001, -1,
				 2007, 2006, 2008, -1,
				 2008, 2006, 2005, -1,
				 2011, 2010, 2012, -1,
				 2010, 2009, 2012, -1,
				 2015, 2014, 2016, -1,
				 2014, 2013, 2016, -1,
				 2014, 2018, 2013, -1,
				 2018, 2017, 2013, -1,
				 2018, 2020, 2017, -1,
				 2017, 2020, 2019, -1,
				 2023, 2022, 2024, -1,
				 2024, 2022, 2021, -1,
				 2022, 2011, 2021, -1,
				 2011, 2012, 2021, -1,
				 2026, 2025, 1948, -1,
				 2025, 1929, 1948, -1,
				 2028, 2027, 1957, -1,
				 2027, 1939, 1957, -1,
				 2030, 2029, 2031, -1,
				 2029, 2032, 2031, -1,
				 2034, 2033, 2035, -1,
				 2033, 2036, 2035, -1,
				 2011, 2037, 2010, -1,
				 2038, 2010, 2037, -1,
				 2039, 2010, 2040, -1,
				 2010, 2038, 2040, -1,
				 1878, 1875, 2041, -1,
				 2041, 1875, 2042, -1,
				 1879, 2043, 1875, -1,
				 1875, 2043, 2042, -1,
				 2045, 2044, 2046, -1,
				 2046, 2044, 2047, -1,
				 2033, 2049, 2036, -1,
				 2048, 2036, 2049, -1,
				 2014, 2050, 2018, -1,
				 2051, 2018, 2050, -1,
				 2020, 2018, 2052, -1,
				 2018, 2051, 2052, -1,
				 2054, 2053, 2055, -1,
				 2055, 2053, 2056, -1,
				 2029, 2058, 2032, -1,
				 2057, 2032, 2058, -1,
				 2060, 1892, 2059, -1,
				 1892, 1893, 2059, -1,
				 1849, 2062, 2063, -1,
				 2063, 2062, 2061, -1,
				 2063, 2064, 1849, -1,
				 2064, 1898, 1849, -1,
				 2065, 2059, 2066, -1,
				 2066, 2059, 1893, -1,
				 2068, 2067, 2069, -1,
				 2067, 2070, 2069, -1,
				 2072, 2071, 2073, -1,
				 2071, 2074, 2073, -1,
				 2076, 2075, 1769, -1,
				 2075, 1768, 1769, -1,
				 2012, 2009, 2078, -1,
				 2078, 2009, 2077, -1,
				 2016, 2013, 2080, -1,
				 2080, 2013, 2079, -1,
				 2013, 2017, 2079, -1,
				 2079, 2017, 2081, -1,
				 2021, 2012, 2082, -1,
				 2082, 2012, 2078, -1,
				 2083, 2086, 2084, -1,
				 2086, 2085, 2084, -1,
				 2087, 2090, 2088, -1,
				 2090, 2089, 2088, -1,
				 2092, 2091, 2090, -1,
				 2091, 2089, 2090, -1,
				 2093, 2094, 2086, -1,
				 2094, 2085, 2086, -1,
				 2096, 2095, 2097, -1,
				 2097, 2095, 2098, -1,
				 2100, 2099, 2098, -1,
				 2098, 2099, 2097, -1,
				 1777, 2102, 1779, -1,
				 2102, 2101, 1779, -1,
				 2101, 2102, 2103, -1,
				 2102, 2104, 2103, -1,
				 2104, 2102, 2105, -1,
				 2102, 2106, 2105, -1,
				 2106, 2102, 1774, -1,
				 2102, 1777, 1774, -1,
				 1783, 1780, 2107, -1,
				 2107, 1780, 2108, -1,
				 1784, 1776, 1786, -1,
				 1792, 2107, 2109, -1,
				 2111, 2110, 2112, -1,
				 2112, 2110, 2113, -1,
				 2107, 2113, 2109, -1,
				 2109, 2113, 2110, -1,
				 2114, 2115, 2112, -1,
				 2114, 2113, 2116, -1,
				 2116, 2113, 2107, -1,
				 2108, 1780, 1778, -1,
				 1776, 1778, 1786, -1,
				 1786, 1778, 1780, -1,
				 2116, 2107, 2108, -1,
				 2113, 2114, 2112, -1,
				 1776, 1784, 1775, -1,
				 2118, 2117, 2119, -1,
				 2117, 2120, 2119, -1,
				 2118, 2121, 2117, -1,
				 2123, 2117, 2122, -1,
				 2117, 2121, 2122, -1,
				 2123, 2124, 2117, -1,
				 2120, 2117, 2125, -1,
				 2117, 2124, 2125, -1,
				 2126, 1802, 2127, -1,
				 1802, 1803, 2127, -1,
				 2127, 2128, 2126, -1,
				 2126, 2128, 2129, -1,
				 2130, 1810, 2131, -1,
				 2131, 1810, 1811, -1,
				 2130, 2131, 2132, -1,
				 2131, 2075, 2126, -1,
				 2126, 2075, 2076, -1,
				 2133, 2135, 2134, -1,
				 2133, 2136, 2137, -1,
				 2137, 2136, 2128, -1,
				 2129, 2138, 2126, -1,
				 2132, 2131, 2138, -1,
				 2138, 2131, 2126, -1,
				 2136, 2129, 2128, -1,
				 2137, 2135, 2133, -1,
				 2135, 2139, 2134, -1,
				 2132, 2140, 2130, -1,
				 2140, 2139, 2130, -1,
				 2142, 2141, 2143, -1,
				 2144, 2143, 2141, -1,
				 2145, 2148, 2146, -1,
				 2146, 2148, 2147, -1,
				 1794, 1795, 2148, -1,
				 2148, 1795, 2147, -1,
				 2144, 2141, 1792, -1,
				 1792, 2141, 1791, -1,
				 2149, 2151, 2150, -1,
				 2153, 2152, 1792, -1,
				 1792, 2152, 2144, -1,
				 2154, 2152, 2155, -1,
				 2152, 2153, 2155, -1,
				 1792, 2109, 2153, -1,
				 2110, 2156, 2109, -1,
				 2156, 2153, 2109, -1,
				 2156, 2157, 2158, -1,
				 2157, 2159, 2158, -1,
				 2157, 2156, 2111, -1,
				 2156, 2110, 2111, -1,
				 1535, 1536, 2160, -1,
				 1536, 2161, 2160, -1,
				 1538, 1533, 2163, -1,
				 2163, 1533, 2162, -1,
				 1533, 1524, 2162, -1,
				 2162, 1524, 1525, -1,
				 2165, 2164, 2166, -1,
				 2164, 2167, 2166, -1,
				 1525, 2168, 2162, -1,
				 2168, 2169, 2162, -1,
				 1523, 1530, 1525, -1,
				 1530, 2168, 1525, -1,
				 2166, 2167, 1528, -1,
				 2167, 1815, 1528, -1,
				 2172, 2171, 2173, -1,
				 2173, 2171, 2170, -1,
				 2175, 1836, 2176, -1,
				 2176, 1836, 2174, -1,
				 1816, 2175, 1539, -1,
				 1539, 2175, 2176, -1,
				 2171, 1820, 2170, -1,
				 2170, 1820, 1821, -1,
				 2171, 2172, 2178, -1,
				 2178, 2172, 2177, -1,
				 2179, 1837, 2180, -1,
				 2180, 1837, 1834, -1,
				 1836, 2175, 1835, -1,
				 1835, 2175, 1841, -1,
				 2181, 2184, 2182, -1,
				 2184, 2183, 2182, -1,
				 2185, 2187, 1840, -1,
				 2187, 2186, 1840, -1,
				 2189, 2188, 1840, -1,
				 2188, 2185, 1840, -1,
				 2183, 2184, 2190, -1,
				 2184, 2191, 2190, -1,
				 2172, 2192, 2177, -1,
				 2192, 2193, 2177, -1,
				 2194, 2197, 2195, -1,
				 2195, 2197, 2196, -1,
				 1817, 1830, 1826, -1,
				 1830, 1831, 1826, -1,
				 1829, 1818, 1828, -1,
				 1828, 1818, 1833, -1,
				 2178, 2177, 2199, -1,
				 2199, 2177, 2198, -1,
				 2182, 2183, 2201, -1,
				 2201, 2183, 2200, -1,
				 2195, 2202, 2203, -1,
				 2203, 2202, 2204, -1,
				 2206, 2205, 2207, -1,
				 2205, 2208, 2207, -1,
				 1835, 1841, 2209, -1,
				 2209, 1841, 1842, -1,
				 1840, 2186, 1843, -1,
				 1843, 2186, 2210, -1,
				 1826, 2211, 1844, -1,
				 2211, 2212, 1844, -1,
				 1833, 1847, 2213, -1,
				 2214, 2213, 1847, -1,
				 2128, 2215, 2137, -1,
				 2215, 2216, 2137, -1,
				 2215, 2128, 2145, -1,
				 2216, 2217, 2137, -1,
				 2217, 2135, 2137, -1,
				 2218, 2142, 2219, -1,
				 2143, 2219, 2142, -1,
				 2219, 2220, 2218, -1,
				 2220, 2221, 2218, -1,
				 2222, 2223, 2220, -1,
				 2223, 2221, 2220, -1,
				 2223, 2222, 2224, -1,
				 2222, 2225, 2224, -1,
				 2224, 2225, 2226, -1,
				 2225, 2227, 2226, -1,
				 2154, 2155, 2228, -1,
				 2155, 2229, 2228, -1,
				 2229, 2230, 2228, -1,
				 2230, 2231, 2228, -1,
				 2230, 2232, 2231, -1,
				 2232, 2233, 2231, -1,
				 2234, 2233, 2235, -1,
				 2233, 2232, 2235, -1,
				 2237, 2236, 2235, -1,
				 2236, 2234, 2235, -1,
				 2158, 2159, 2239, -1,
				 2159, 2238, 2239, -1,
				 2238, 2240, 2239, -1,
				 2240, 2241, 2239, -1,
				 2242, 2241, 2243, -1,
				 2241, 2240, 2243, -1,
				 2242, 2243, 2245, -1,
				 2243, 2244, 2245, -1,
				 2244, 2246, 2245, -1,
				 2245, 2246, 2247, -1,
				 2312, 2248, 2249, -1,
				 2248, 2250, 2249, -1,
				 1910, 1912, 2407, -1,
				 1912, 2251, 2407, -1,
				 2141, 2142, 2097, -1,
				 2142, 2096, 2097, -1,
				 2142, 2218, 2096, -1,
				 2218, 2252, 2096, -1,
				 2254, 2253, 2255, -1,
				 2255, 2253, 2256, -1,
				 2253, 2257, 2256, -1,
				 2256, 2257, 2258, -1,
				 2151, 2258, 2150, -1,
				 2150, 2258, 2257, -1,
				 2260, 2259, 2261, -1,
				 2259, 2262, 2261, -1,
				 1862, 2260, 1861, -1,
				 2260, 2261, 1861, -1,
				 2264, 2263, 1853, -1,
				 2263, 1852, 1853, -1,
				 2266, 2265, 2267, -1,
				 2265, 2268, 2267, -1,
				 2266, 2267, 2269, -1,
				 2267, 2270, 2269, -1,
				 2270, 1855, 2269, -1,
				 1855, 1856, 2269, -1,
				 2272, 2271, 1860, -1,
				 2271, 1859, 1860, -1,
				 2271, 2272, 2273, -1,
				 2272, 2274, 2273, -1,
				 2275, 2273, 2276, -1,
				 2273, 2274, 2276, -1,
				 2262, 2259, 2276, -1,
				 2259, 2275, 2276, -1,
				 2030, 2278, 2279, -1,
				 2278, 2277, 2279, -1,
				 1873, 2030, 1874, -1,
				 2030, 2279, 1874, -1,
				 2281, 1864, 2280, -1,
				 1864, 1865, 2280, -1,
				 2280, 2282, 2281, -1,
				 2282, 2283, 2281, -1,
				 1931, 2283, 2284, -1,
				 2284, 2283, 2282, -1,
				 2284, 2285, 1931, -1,
				 1931, 2285, 2286, -1,
				 2034, 2286, 2287, -1,
				 2286, 2285, 2287, -1,
				 1868, 2034, 1867, -1,
				 2034, 2287, 1867, -1,
				 2288, 2289, 1872, -1,
				 1872, 2289, 1871, -1,
				 2289, 2288, 2290, -1,
				 2290, 2288, 2291, -1,
				 2290, 2291, 1941, -1,
				 2291, 2292, 1941, -1,
				 2277, 2278, 2292, -1,
				 2278, 1941, 2292, -1,
				 2031, 2032, 2293, -1,
				 2032, 2294, 2293, -1,
				 1873, 1890, 2030, -1,
				 1890, 2029, 2030, -1,
				 2283, 2295, 2281, -1,
				 2295, 2296, 2281, -1,
				 2045, 2295, 1931, -1,
				 2295, 2283, 1931, -1,
				 2300, 2299, 2297, -1,
				 2299, 2298, 2297, -1,
				 2297, 2035, 2300, -1,
				 2300, 2035, 2036, -1,
				 1868, 1881, 2034, -1,
				 1881, 2033, 2034, -1,
				 2301, 2289, 2302, -1,
				 2289, 2290, 2302, -1,
				 2054, 2302, 1941, -1,
				 2302, 2290, 1941, -1,
				 2304, 2303, 2294, -1,
				 2294, 2303, 2293, -1,
				 2306, 2305, 1907, -1,
				 2305, 1906, 1907, -1,
				 2308, 2066, 2309, -1,
				 2309, 2066, 2307, -1,
				 2250, 2248, 2310, -1,
				 2248, 2311, 2310, -1,
				 2249, 1912, 2312, -1,
				 2312, 1912, 1913, -1,
				 1911, 1908, 1915, -1,
				 1908, 1914, 1915, -1,
				 1910, 1916, 1909, -1,
				 1916, 1917, 1909, -1,
				 2314, 2313, 1919, -1,
				 2313, 1918, 1919, -1,
				 2316, 2062, 2317, -1,
				 2317, 2062, 2315, -1,
				 2319, 2318, 2320, -1,
				 2318, 2321, 2320, -1,
				 2322, 1924, 2323, -1,
				 2323, 1924, 1925, -1,
				 1927, 1923, 1926, -1,
				 1923, 1920, 1926, -1,
				 1922, 1904, 1921, -1,
				 1921, 1904, 1905, -1,
				 1906, 2305, 1905, -1,
				 1905, 2305, 2309, -1,
				 2309, 2305, 2308, -1,
				 2308, 2305, 2306, -1,
				 1891, 1892, 2311, -1,
				 2311, 1892, 2310, -1,
				 1914, 1908, 1913, -1,
				 1913, 1908, 1909, -1,
				 1918, 2313, 1917, -1,
				 1917, 2313, 2317, -1,
				 2317, 2313, 2316, -1,
				 2316, 2313, 2314, -1,
				 2315, 2062, 1896, -1,
				 1896, 2062, 1895, -1,
				 2323, 2320, 2322, -1,
				 2322, 2320, 2321, -1,
				 1897, 1898, 2319, -1,
				 2319, 1898, 2318, -1,
				 1926, 1920, 1925, -1,
				 1925, 1920, 1921, -1,
				 2307, 2066, 1903, -1,
				 1903, 2066, 1902, -1,
				 2326, 2325, 2327, -1,
				 2325, 2324, 2327, -1,
				 1929, 2326, 1928, -1,
				 1928, 2326, 2327, -1,
				 2329, 2328, 2281, -1,
				 2328, 2283, 2281, -1,
				 2328, 1930, 2283, -1,
				 2283, 1930, 1931, -1,
				 2325, 2329, 2324, -1,
				 2329, 2281, 2324, -1,
				 1933, 2331, 1932, -1,
				 2331, 2330, 1932, -1,
				 1950, 1937, 2030, -1,
				 1937, 1873, 2030, -1,
				 2331, 1950, 2330, -1,
				 1950, 2030, 2330, -1,
				 1934, 1935, 1936, -1,
				 1863, 1936, 1935, -1,
				 1939, 2333, 1938, -1,
				 1938, 2333, 2332, -1,
				 2333, 1958, 2332, -1,
				 1958, 2334, 2332, -1,
				 2335, 1940, 2290, -1,
				 2290, 1940, 1941, -1,
				 1959, 2335, 2289, -1,
				 2335, 2290, 2289, -1,
				 1958, 1959, 2334, -1,
				 1959, 2289, 2334, -1,
				 1943, 2336, 1942, -1,
				 2336, 2337, 1942, -1,
				 2338, 1947, 2034, -1,
				 1947, 1868, 2034, -1,
				 1944, 1945, 1946, -1,
				 1869, 1946, 1945, -1,
				 2336, 2338, 2337, -1,
				 2338, 2034, 2337, -1,
				 2329, 2339, 2328, -1,
				 2340, 2328, 2339, -1,
				 2342, 2341, 2343, -1,
				 2341, 2344, 2343, -1,
				 1930, 2328, 1948, -1,
				 2328, 2340, 1948, -1,
				 2025, 2026, 2341, -1,
				 2344, 2341, 2026, -1,
				 2331, 1949, 1950, -1,
				 1936, 1952, 1934, -1,
				 2027, 2028, 2345, -1,
				 2346, 2345, 2028, -1,
				 1940, 2335, 1957, -1,
				 2335, 2347, 1957, -1,
				 2348, 2345, 2349, -1,
				 2345, 2346, 2349, -1,
				 1959, 1960, 2335, -1,
				 2347, 2335, 1960, -1,
				 1946, 1965, 1944, -1,
				 2336, 2350, 2338, -1,
				 2338, 2350, 1947, -1,
				 1966, 1947, 2350, -1,
				 2351, 2006, 2352, -1,
				 2352, 2006, 2007, -1,
				 2354, 2353, 2355, -1,
				 2353, 2356, 2355, -1,
				 2359, 2358, 2360, -1,
				 2360, 2358, 2357, -1,
				 1985, 2361, 1988, -1,
				 2361, 2362, 1988, -1,
				 1991, 1986, 1990, -1,
				 1990, 1986, 1987, -1,
				 1993, 1992, 1996, -1,
				 1992, 1989, 1996, -1,
				 2363, 1994, 2364, -1,
				 2364, 1994, 1995, -1,
				 2366, 2365, 2367, -1,
				 2365, 2368, 2367, -1,
				 2371, 2370, 2372, -1,
				 2372, 2370, 2369, -1,
				 1997, 2373, 2000, -1,
				 2373, 2374, 2000, -1,
				 2003, 1998, 2002, -1,
				 2002, 1998, 1999, -1,
				 2004, 2001, 2005, -1,
				 2001, 2008, 2005, -1,
				 2351, 2352, 2354, -1,
				 2354, 2352, 2353, -1,
				 1981, 1982, 2356, -1,
				 2356, 1982, 2355, -1,
				 2357, 2358, 1971, -1,
				 1971, 2358, 1970, -1,
				 2359, 2360, 2361, -1,
				 2361, 2360, 2362, -1,
				 2363, 2364, 2368, -1,
				 2368, 2364, 2367, -1,
				 1973, 1974, 2366, -1,
				 2366, 1974, 2365, -1,
				 2369, 2370, 1979, -1,
				 1979, 2370, 1978, -1,
				 2371, 2372, 2373, -1,
				 2373, 2372, 2374, -1,
				 2039, 2376, 2377, -1,
				 2377, 2376, 2375, -1,
				 2376, 2046, 2375, -1,
				 2046, 2378, 2375, -1,
				 2046, 2380, 2378, -1,
				 2380, 2379, 2378, -1,
				 2380, 2382, 2379, -1,
				 2379, 2382, 2381, -1,
				 2020, 2384, 2019, -1,
				 2019, 2384, 2383, -1,
				 2384, 2055, 2383, -1,
				 2055, 2385, 2383, -1,
				 2055, 2387, 2385, -1,
				 2387, 2386, 2385, -1,
				 2387, 2023, 2386, -1,
				 2386, 2023, 2024, -1,
				 2343, 2339, 2342, -1,
				 2325, 2342, 2339, -1,
				 2388, 1949, 2389, -1,
				 2331, 2389, 1949, -1,
				 1953, 1954, 1952, -1,
				 1954, 1934, 1952, -1,
				 2349, 1960, 2348, -1,
				 1958, 2348, 1960, -1,
				 1961, 1962, 1965, -1,
				 1962, 1944, 1965, -1,
				 1968, 2350, 1967, -1,
				 2336, 1967, 2350, -1,
				 2030, 2031, 2278, -1,
				 2293, 2278, 2031, -1,
				 1941, 2278, 2303, -1,
				 2278, 2293, 2303, -1,
				 1941, 2303, 2054, -1,
				 2304, 2054, 2303, -1,
				 1863, 1877, 1889, -1,
				 1878, 1889, 1877, -1,
				 2281, 2296, 1880, -1,
				 2296, 1879, 1880, -1,
				 1931, 2286, 2298, -1,
				 2286, 2297, 2298, -1,
				 1931, 2298, 2045, -1,
				 2299, 2045, 2298, -1,
				 1869, 1885, 1882, -1,
				 1886, 1882, 1885, -1,
				 2289, 2301, 1888, -1,
				 2301, 1887, 1888, -1,
				 1889, 2390, 2011, -1,
				 2011, 2390, 2037, -1,
				 2296, 2039, 2391, -1,
				 2391, 2039, 2040, -1,
				 1889, 1878, 2390, -1,
				 1878, 2041, 2390, -1,
				 2296, 2391, 1879, -1,
				 2043, 1879, 2391, -1,
				 2046, 2047, 2380, -1,
				 2392, 2380, 2047, -1,
				 2382, 2380, 2393, -1,
				 2380, 2392, 2393, -1,
				 2033, 2382, 2049, -1,
				 2049, 2382, 2393, -1,
				 2299, 2300, 2394, -1,
				 2394, 2300, 2395, -1,
				 2045, 2299, 2044, -1,
				 2299, 2394, 2044, -1,
				 2036, 2048, 2300, -1,
				 2300, 2048, 2395, -1,
				 1882, 2396, 2014, -1,
				 2014, 2396, 2050, -1,
				 2301, 2020, 2397, -1,
				 2397, 2020, 2052, -1,
				 1882, 1886, 2396, -1,
				 1886, 2398, 2396, -1,
				 2301, 2397, 1887, -1,
				 2399, 1887, 2397, -1,
				 2055, 2056, 2387, -1,
				 2400, 2387, 2056, -1,
				 2023, 2387, 2401, -1,
				 2387, 2400, 2401, -1,
				 2029, 2023, 2058, -1,
				 2058, 2023, 2401, -1,
				 2032, 2057, 2294, -1,
				 2294, 2057, 2402, -1,
				 2304, 2294, 2403, -1,
				 2403, 2294, 2402, -1,
				 2054, 2304, 2053, -1,
				 2304, 2403, 2053, -1,
				 2405, 2404, 1904, -1,
				 1904, 2404, 2308, -1,
				 2066, 2308, 2065, -1,
				 2065, 2308, 2404, -1,
				 1892, 2060, 2249, -1,
				 2060, 2406, 2249, -1,
				 2408, 1916, 2407, -1,
				 1916, 1910, 2407, -1,
				 1916, 2408, 2316, -1,
				 2408, 2409, 2316, -1,
				 2409, 2061, 2316, -1,
				 2061, 2062, 2316, -1,
				 2410, 2322, 2064, -1,
				 2064, 2322, 1898, -1,
				 1924, 2322, 2411, -1,
				 2411, 2322, 2410, -1,
				 1922, 1924, 2412, -1,
				 2412, 1924, 2411, -1,
				 2412, 2405, 1922, -1,
				 1922, 2405, 1904, -1,
				 2413, 2068, 2414, -1,
				 2068, 2069, 2414, -1,
				 2415, 2413, 2416, -1,
				 2413, 2414, 2416, -1,
				 2415, 2416, 2417, -1,
				 2416, 2418, 2417, -1,
				 2419, 2417, 2420, -1,
				 2417, 2418, 2420, -1,
				 2422, 2421, 2420, -1,
				 2421, 2419, 2420, -1,
				 2423, 2072, 2424, -1,
				 2072, 2073, 2424, -1,
				 2426, 2425, 2424, -1,
				 2425, 2423, 2424, -1,
				 2425, 2426, 2427, -1,
				 2426, 2428, 2427, -1,
				 2429, 2427, 2430, -1,
				 2427, 2428, 2430, -1,
				 2431, 2429, 2432, -1,
				 2429, 2430, 2432, -1,
				 2263, 2264, 2433, -1,
				 2264, 2434, 2433, -1,
				 2433, 2434, 2265, -1,
				 2434, 2268, 2265, -1,
				 1912, 2249, 2251, -1,
				 2251, 2249, 2406, -1,
				 2009, 2377, 2077, -1,
				 2077, 2377, 2435, -1,
				 2377, 2375, 2435, -1,
				 2435, 2375, 2436, -1,
				 2375, 2378, 2436, -1,
				 2436, 2378, 2437, -1,
				 2378, 2379, 2437, -1,
				 2379, 2438, 2437, -1,
				 2379, 2381, 2438, -1,
				 2438, 2381, 2439, -1,
				 2381, 2016, 2439, -1,
				 2439, 2016, 2080, -1,
				 2017, 2019, 2081, -1,
				 2081, 2019, 2440, -1,
				 2019, 2383, 2440, -1,
				 2440, 2383, 2441, -1,
				 2383, 2385, 2441, -1,
				 2441, 2385, 2442, -1,
				 2385, 2386, 2442, -1,
				 2442, 2386, 2443, -1,
				 2386, 2024, 2443, -1,
				 2443, 2024, 2444, -1,
				 2024, 2021, 2444, -1,
				 2444, 2021, 2082, -1,
				 2083, 2084, 2445, -1,
				 2084, 2446, 2445, -1,
				 2447, 2445, 2448, -1,
				 2445, 2446, 2448, -1,
				 2449, 2447, 2450, -1,
				 2447, 2448, 2450, -1,
				 2452, 2451, 2450, -1,
				 2451, 2449, 2450, -1,
				 2453, 2451, 2454, -1,
				 2451, 2452, 2454, -1,
				 2087, 2088, 2454, -1,
				 2088, 2453, 2454, -1,
				 2455, 2091, 2456, -1,
				 2091, 2092, 2456, -1,
				 2457, 2455, 2458, -1,
				 2455, 2456, 2458, -1,
				 2460, 2459, 2458, -1,
				 2459, 2457, 2458, -1,
				 2460, 2462, 2459, -1,
				 2462, 2461, 2459, -1,
				 2461, 2462, 2463, -1,
				 2462, 2464, 2463, -1,
				 2464, 2094, 2463, -1,
				 2094, 2093, 2463, -1,
				 2114, 2116, 2104, -1,
				 2104, 2116, 2103, -1,
				 2115, 2114, 2105, -1,
				 2114, 2104, 2105, -1,
				 2136, 2133, 2121, -1,
				 2121, 2133, 2122, -1,
				 2133, 2134, 2122, -1,
				 2134, 2123, 2122, -1,
				 2140, 2132, 2125, -1,
				 2132, 2120, 2125, -1,
				 2132, 2138, 2120, -1,
				 2120, 2138, 2119, -1,
				 2227, 2145, 2226, -1,
				 2226, 2145, 2146, -1,
				 1796, 2466, 1795, -1,
				 2465, 1795, 2466, -1,
				 2099, 2100, 2467, -1,
				 2252, 2468, 2096, -1,
				 2096, 2468, 2095, -1,
				 2468, 2252, 2469, -1,
				 2469, 2252, 2470, -1,
				 2255, 2469, 2254, -1,
				 2254, 2469, 2470, -1,
				 2236, 2237, 2145, -1,
				 2145, 2237, 2215, -1,
				 2236, 2145, 2227, -1,
				 2216, 2215, 2247, -1,
				 2215, 2237, 2247, -1,
				 2216, 2247, 2217, -1,
				 2247, 2246, 2217, -1,
				 2153, 2156, 2067, -1,
				 2067, 2156, 2070, -1,
				 2247, 2237, 2422, -1,
				 2422, 2237, 2421, -1,
				 2152, 2074, 2144, -1,
				 2144, 2074, 2071, -1,
				 2236, 2227, 2432, -1,
				 2432, 2227, 2431, -1,
				 2465, 2466, 2471, -1,
				 2466, 2473, 2471, -1,
				 2473, 2472, 2471, -1,
				 2472, 2473, 2474, -1,
				 2473, 2475, 2474, -1,
				 2474, 2475, 2476, -1,
				 2160, 2161, 2477, -1,
				 2161, 2478, 2477, -1,
				 2477, 2478, 1538, -1,
				 2478, 1537, 1538, -1,
				 2477, 1538, 2479, -1,
				 2479, 1538, 2163, -1,
				 2479, 2480, 2165, -1,
				 2480, 2164, 2165, -1,
				 2163, 2481, 2479, -1,
				 2481, 2480, 2479, -1,
				 2162, 2169, 2163, -1,
				 2169, 2481, 2163, -1,
				 2482, 2173, 2480, -1,
				 2480, 2173, 2164, -1,
				 2483, 2482, 2481, -1,
				 2481, 2482, 2480, -1,
				 2174, 2483, 2169, -1,
				 2169, 2483, 2481, -1,
				 2196, 2172, 2482, -1,
				 2482, 2172, 2173, -1,
				 2484, 2196, 2483, -1,
				 2483, 2196, 2482, -1,
				 1836, 2484, 2174, -1,
				 2174, 2484, 2483, -1,
				 2192, 2197, 2193, -1,
				 2193, 2197, 2194, -1,
				 2196, 2484, 2195, -1,
				 2195, 2484, 2206, -1,
				 2203, 2485, 2182, -1,
				 2485, 2181, 2182, -1,
				 2486, 2485, 2205, -1,
				 2485, 2203, 2205, -1,
				 2186, 2187, 2205, -1,
				 2187, 2486, 2205, -1,
				 2487, 2188, 2211, -1,
				 2188, 2189, 2211, -1,
				 2213, 2488, 2211, -1,
				 2488, 2487, 2211, -1,
				 2191, 2488, 2190, -1,
				 2488, 2213, 2190, -1,
				 2196, 2197, 2172, -1,
				 2197, 2192, 2172, -1,
				 2177, 2193, 2195, -1,
				 2193, 2194, 2195, -1,
				 1836, 1837, 2484, -1,
				 1837, 2179, 2484, -1,
				 2484, 2179, 2206, -1,
				 2179, 2180, 2206, -1,
				 2206, 2180, 1835, -1,
				 2180, 1834, 1835, -1,
				 2175, 1824, 1841, -1,
				 1824, 1825, 1841, -1,
				 2489, 2490, 2178, -1,
				 2490, 2171, 2178, -1,
				 2178, 2199, 2183, -1,
				 2200, 2183, 2199, -1,
				 2177, 2182, 2198, -1,
				 2182, 2201, 2198, -1,
				 2206, 2207, 2195, -1,
				 2195, 2207, 2202, -1,
				 2205, 2203, 2208, -1,
				 2208, 2203, 2204, -1,
				 1835, 2209, 2186, -1,
				 2210, 2186, 2209, -1,
				 1827, 1845, 2189, -1,
				 2491, 2189, 1845, -1,
				 2211, 2189, 2212, -1,
				 2212, 2189, 2491, -1,
				 2190, 2213, 2492, -1,
				 2492, 2213, 2214, -1,
				 1832, 2190, 1846, -1,
				 2190, 2492, 1846, -1,
				 2061, 2409, 1856, -1,
				 2269, 1856, 2409, -1,
				 1782, 1783, 1788, -1,
				 1783, 1787, 1788, -1,
				 1780, 1781, 1765, -1,
				 1765, 1781, 1767, -1,
				 1792, 1787, 2107, -1,
				 1787, 1783, 2107, -1,
				 1764, 1786, 1763, -1,
				 1786, 1766, 1763, -1,
				 1803, 1794, 2127, -1,
				 2148, 2127, 1794, -1,
				 1802, 2126, 1769, -1,
				 2126, 2076, 1769, -1,
				 2145, 2128, 2148, -1,
				 2127, 2148, 2128, -1,
				 1811, 1768, 2131, -1,
				 2075, 2131, 1768, -1,
				 1804, 1793, 1803, -1,
				 1794, 1803, 1793, -1,
				 1801, 1802, 1770, -1,
				 1802, 1769, 1770, -1,
				 1804, 1805, 1793, -1,
				 1793, 1805, 1798, -1,
				 1806, 1801, 1772, -1,
				 1772, 1801, 1770, -1,
				 1805, 1808, 1798, -1,
				 1798, 1808, 1800, -1,
				 1807, 1806, 1773, -1,
				 1773, 1806, 1772, -1,
				 1808, 1782, 1800, -1,
				 1800, 1782, 1788, -1,
				 1781, 1807, 1767, -1,
				 1767, 1807, 1773, -1,
				 1812, 1771, 1811, -1,
				 1811, 1771, 1768, -1,
				 1812, 1761, 1771, -1,
				 1771, 1761, 1762, -1,
				 2063, 2061, 1857, -1,
				 2061, 1856, 1857, -1,
				 1911, 1915, 1910, -1,
				 1910, 1915, 1912, -1,
				 2218, 2221, 2252, -1,
				 2221, 2470, 2252, -1,
				 2223, 2254, 2221, -1,
				 2470, 2221, 2254, -1,
				 2224, 2253, 2223, -1,
				 2254, 2223, 2253, -1,
				 2404, 2405, 2260, -1,
				 2260, 2405, 2259, -1,
				 2065, 2404, 1862, -1,
				 1862, 2404, 2260, -1,
				 2493, 2059, 1852, -1,
				 1852, 2059, 1851, -1,
				 2493, 1852, 2406, -1,
				 2406, 1852, 2263, -1,
				 2251, 2406, 2433, -1,
				 2433, 2406, 2263, -1,
				 2407, 2251, 2265, -1,
				 2265, 2251, 2433, -1,
				 2494, 2407, 2266, -1,
				 2266, 2407, 2265, -1,
				 2494, 2266, 2409, -1,
				 2409, 2266, 2269, -1,
				 2064, 2063, 1859, -1,
				 1859, 2063, 1857, -1,
				 2410, 2064, 2271, -1,
				 2271, 2064, 1859, -1,
				 2411, 2410, 2273, -1,
				 2273, 2410, 2271, -1,
				 2412, 2411, 2275, -1,
				 2275, 2411, 2273, -1,
				 2405, 2412, 2259, -1,
				 2259, 2412, 2275, -1,
				 2059, 2065, 1851, -1,
				 1851, 2065, 1862, -1,
				 2306, 1907, 2308, -1,
				 2308, 1907, 1904, -1,
				 2311, 2248, 1891, -1,
				 2248, 2312, 1891, -1,
				 2314, 1919, 2316, -1,
				 2316, 1919, 1916, -1,
				 1896, 1848, 2315, -1,
				 1848, 1899, 2315, -1,
				 1850, 1895, 1849, -1,
				 1895, 2062, 1849, -1,
				 2319, 2320, 1897, -1,
				 1897, 2320, 2323, -1,
				 2321, 2318, 2322, -1,
				 2322, 2318, 1898, -1,
				 1923, 1927, 1922, -1,
				 1922, 1927, 1924, -1,
				 1903, 1900, 2307, -1,
				 2307, 1900, 1894, -1,
				 1901, 1902, 1893, -1,
				 1893, 1902, 2066, -1,
				 1905, 2309, 2007, -1,
				 2007, 2309, 2352, -1,
				 2309, 2307, 2352, -1,
				 2352, 2307, 1981, -1,
				 1894, 1891, 1984, -1,
				 1984, 1891, 2357, -1,
				 1891, 2312, 2357, -1,
				 2357, 2312, 2360, -1,
				 2312, 1913, 2360, -1,
				 2360, 1913, 1987, -1,
				 1913, 1909, 1987, -1,
				 1987, 1909, 1990, -1,
				 1909, 1917, 1990, -1,
				 1990, 1917, 1995, -1,
				 1917, 2317, 1995, -1,
				 1995, 2317, 2364, -1,
				 2317, 2315, 2364, -1,
				 2364, 2315, 1973, -1,
				 2315, 1899, 1973, -1,
				 1973, 1899, 1976, -1,
				 1899, 1897, 1976, -1,
				 1976, 1897, 2369, -1,
				 1897, 2323, 2369, -1,
				 2369, 2323, 2372, -1,
				 2323, 1925, 2372, -1,
				 2372, 1925, 1999, -1,
				 1925, 1921, 1999, -1,
				 1999, 1921, 2002, -1,
				 1921, 1905, 2002, -1,
				 2002, 1905, 2007, -1,
				 2307, 1894, 1981, -1,
				 1981, 1894, 1984, -1,
				 2327, 2324, 2283, -1,
				 2324, 2281, 2283, -1,
				 2327, 2283, 1928, -1,
				 1931, 1928, 2283, -1,
				 1932, 2330, 1873, -1,
				 2330, 2030, 1873, -1,
				 1932, 1873, 1935, -1,
				 1863, 1935, 1873, -1,
				 2332, 2290, 1938, -1,
				 1941, 1938, 2290, -1,
				 2332, 2334, 2290, -1,
				 2334, 2289, 2290, -1,
				 1942, 1868, 1945, -1,
				 1869, 1945, 1868, -1,
				 1942, 2337, 1868, -1,
				 2337, 2034, 1868, -1,
				 2325, 2339, 2329, -1,
				 2389, 1955, 2388, -1,
				 1955, 1956, 2388, -1,
				 2279, 2277, 2351, -1,
				 2351, 2277, 2006, -1,
				 1874, 2279, 1982, -1,
				 1982, 2279, 2351, -1,
				 1865, 1866, 2358, -1,
				 2358, 1866, 1983, -1,
				 2280, 1865, 2359, -1,
				 2359, 1865, 2358, -1,
				 2282, 2280, 1986, -1,
				 1986, 2280, 2359, -1,
				 2284, 2282, 1991, -1,
				 1991, 2282, 1986, -1,
				 2285, 2284, 1994, -1,
				 1994, 2284, 1991, -1,
				 2287, 2285, 2363, -1,
				 2363, 2285, 1994, -1,
				 1867, 2287, 1974, -1,
				 1974, 2287, 2363, -1,
				 1870, 1867, 1975, -1,
				 1975, 1867, 1974, -1,
				 1872, 1870, 2370, -1,
				 2370, 1870, 1975, -1,
				 2288, 1872, 2371, -1,
				 2371, 1872, 2370, -1,
				 2291, 2288, 1998, -1,
				 1998, 2288, 2371, -1,
				 2292, 2291, 2003, -1,
				 2003, 2291, 1998, -1,
				 2277, 2292, 2006, -1,
				 2006, 2292, 2003, -1,
				 1866, 1874, 1983, -1,
				 1983, 1874, 1982, -1,
				 2352, 1981, 2353, -1,
				 2353, 1981, 2356, -1,
				 1982, 2351, 2355, -1,
				 2355, 2351, 2354, -1,
				 1984, 2357, 1972, -1,
				 1972, 2357, 1971, -1,
				 2358, 1983, 1970, -1,
				 1970, 1983, 1969, -1,
				 2360, 1987, 2362, -1,
				 2362, 1987, 1988, -1,
				 1986, 2359, 1985, -1,
				 1985, 2359, 2361, -1,
				 1990, 1995, 1989, -1,
				 1989, 1995, 1996, -1,
				 1994, 1991, 1993, -1,
				 1993, 1991, 1992, -1,
				 2364, 1973, 2367, -1,
				 2367, 1973, 2366, -1,
				 1974, 2363, 2365, -1,
				 2365, 2363, 2368, -1,
				 1976, 2369, 1980, -1,
				 1980, 2369, 1979, -1,
				 2370, 1975, 1978, -1,
				 1978, 1975, 1977, -1,
				 2372, 1999, 2374, -1,
				 2374, 1999, 2000, -1,
				 1998, 2371, 1997, -1,
				 1997, 2371, 2373, -1,
				 2002, 2007, 2001, -1,
				 2001, 2007, 2008, -1,
				 2006, 2003, 2005, -1,
				 2005, 2003, 2004, -1,
				 2042, 2038, 2390, -1,
				 2038, 2037, 2390, -1,
				 2042, 2391, 2038, -1,
				 2391, 2040, 2038, -1,
				 2296, 2295, 2039, -1,
				 2039, 2295, 2376, -1,
				 2295, 2045, 2376, -1,
				 2045, 2046, 2376, -1,
				 2044, 2394, 2392, -1,
				 2392, 2394, 2395, -1,
				 2044, 2392, 2047, -1,
				 2049, 2393, 2392, -1,
				 2033, 1881, 2382, -1,
				 2382, 1881, 2015, -1,
				 1881, 1882, 2015, -1,
				 1882, 2014, 2015, -1,
				 2495, 2051, 2396, -1,
				 2051, 2050, 2396, -1,
				 2397, 2052, 2051, -1,
				 2301, 2302, 2020, -1,
				 2020, 2302, 2384, -1,
				 2302, 2054, 2384, -1,
				 2054, 2055, 2384, -1,
				 2402, 2400, 2053, -1,
				 2400, 2056, 2053, -1,
				 2058, 2401, 2400, -1,
				 2029, 1890, 2023, -1,
				 2023, 1890, 2022, -1,
				 1890, 1889, 2022, -1,
				 1889, 2011, 2022, -1,
				 2010, 2039, 2009, -1,
				 2009, 2039, 2377, -1,
				 2382, 2015, 2381, -1,
				 2381, 2015, 2016, -1,
				 2341, 2342, 2326, -1,
				 2326, 2342, 2325, -1,
				 2343, 2344, 2339, -1,
				 2344, 2340, 2339, -1,
				 2025, 2341, 1929, -1,
				 2341, 2326, 1929, -1,
				 2026, 1948, 2344, -1,
				 2340, 2344, 1948, -1,
				 1955, 2389, 1933, -1,
				 1933, 2389, 2331, -1,
				 2388, 1956, 1949, -1,
				 1956, 1951, 1949, -1,
				 1954, 1955, 1934, -1,
				 1955, 1933, 1934, -1,
				 1953, 1952, 1956, -1,
				 1951, 1956, 1952, -1,
				 2027, 2345, 1939, -1,
				 2345, 2333, 1939, -1,
				 2028, 1957, 2346, -1,
				 2347, 2346, 1957, -1,
				 2345, 2348, 2333, -1,
				 2333, 2348, 1958, -1,
				 2349, 2346, 1960, -1,
				 2346, 2347, 1960, -1,
				 1962, 1963, 1944, -1,
				 1963, 1943, 1944, -1,
				 1961, 1965, 1964, -1,
				 1966, 1964, 1965, -1,
				 1963, 1967, 1943, -1,
				 1943, 1967, 2336, -1,
				 1968, 1964, 2350, -1,
				 1964, 1966, 2350, -1,
				 2058, 2400, 2057, -1,
				 2400, 2402, 2057, -1,
				 2403, 2402, 2053, -1,
				 1863, 1864, 1877, -1,
				 1864, 1876, 1877, -1,
				 2041, 2042, 2390, -1,
				 2281, 1880, 1864, -1,
				 1876, 1864, 1880, -1,
				 2042, 2043, 2391, -1,
				 2034, 2035, 2286, -1,
				 2297, 2286, 2035, -1,
				 2049, 2392, 2048, -1,
				 2392, 2395, 2048, -1,
				 1869, 1871, 1885, -1,
				 1871, 1884, 1885, -1,
				 2398, 2495, 2396, -1,
				 2289, 1888, 1871, -1,
				 1884, 1871, 1888, -1,
				 2397, 2051, 2399, -1,
				 2051, 2495, 2399, -1,
				 1886, 1883, 2398, -1,
				 2398, 1883, 2495, -1,
				 1887, 2399, 1883, -1,
				 1883, 2399, 2495, -1,
				 2250, 2310, 2249, -1,
				 2310, 1892, 2249, -1,
				 2078, 2077, 2085, -1,
				 2085, 2077, 2084, -1,
				 2077, 2435, 2084, -1,
				 2084, 2435, 2446, -1,
				 2435, 2436, 2446, -1,
				 2446, 2436, 2448, -1,
				 2436, 2437, 2448, -1,
				 2448, 2437, 2450, -1,
				 2437, 2438, 2450, -1,
				 2450, 2438, 2452, -1,
				 2438, 2454, 2452, -1,
				 2438, 2439, 2454, -1,
				 2439, 2080, 2454, -1,
				 2454, 2080, 2087, -1,
				 2080, 2079, 2087, -1,
				 2087, 2079, 2090, -1,
				 2079, 2081, 2090, -1,
				 2090, 2081, 2092, -1,
				 2081, 2440, 2092, -1,
				 2092, 2440, 2456, -1,
				 2440, 2441, 2456, -1,
				 2456, 2441, 2458, -1,
				 2441, 2442, 2458, -1,
				 2458, 2442, 2460, -1,
				 2442, 2443, 2460, -1,
				 2460, 2443, 2462, -1,
				 2443, 2444, 2462, -1,
				 2462, 2444, 2464, -1,
				 2444, 2082, 2464, -1,
				 2464, 2082, 2094, -1,
				 2082, 2078, 2094, -1,
				 2094, 2078, 2085, -1,
				 2108, 1778, 2101, -1,
				 2101, 1778, 1779, -1,
				 2116, 2108, 2103, -1,
				 2108, 2101, 2103, -1,
				 2138, 2129, 2119, -1,
				 2129, 2118, 2119, -1,
				 2129, 2136, 2118, -1,
				 2136, 2121, 2118, -1,
				 2134, 2139, 2123, -1,
				 2123, 2139, 2124, -1,
				 2139, 2140, 2124, -1,
				 2124, 2140, 2125, -1,
				 1789, 1790, 2476, -1,
				 2476, 1790, 2467, -1,
				 1791, 2099, 1790, -1,
				 2467, 1790, 2099, -1,
				 2226, 2257, 2224, -1,
				 2253, 2224, 2257, -1,
				 2146, 2150, 2226, -1,
				 2257, 2226, 2150, -1,
				 2146, 2147, 2150, -1,
				 2147, 2149, 2150, -1,
				 1795, 2465, 2147, -1,
				 2147, 2465, 2149, -1,
				 1796, 1797, 2466, -1,
				 1797, 2473, 2466, -1,
				 1797, 1799, 2473, -1,
				 2473, 1799, 2475, -1,
				 1791, 2141, 2099, -1,
				 2141, 2097, 2099, -1,
				 2476, 2467, 2262, -1,
				 2467, 2261, 2262, -1,
				 2100, 1861, 2467, -1,
				 2467, 1861, 2261, -1,
				 2095, 1853, 2098, -1,
				 2098, 1853, 1854, -1,
				 2095, 2468, 1853, -1,
				 1853, 2468, 2264, -1,
				 2468, 2469, 2264, -1,
				 2264, 2469, 2434, -1,
				 2255, 2268, 2469, -1,
				 2469, 2268, 2434, -1,
				 2256, 2267, 2255, -1,
				 2255, 2267, 2268, -1,
				 2256, 2258, 2267, -1,
				 2267, 2258, 2270, -1,
				 2258, 2151, 2270, -1,
				 2270, 2151, 1855, -1,
				 2151, 2149, 1855, -1,
				 1855, 2149, 1858, -1,
				 2149, 2465, 1858, -1,
				 1858, 2465, 1860, -1,
				 2465, 2471, 1860, -1,
				 2471, 2272, 1860, -1,
				 2471, 2472, 2272, -1,
				 2272, 2472, 2274, -1,
				 2472, 2474, 2274, -1,
				 2274, 2474, 2276, -1,
				 2474, 2476, 2276, -1,
				 2276, 2476, 2262, -1,
				 2100, 2098, 1861, -1,
				 1861, 2098, 1854, -1,
				 2153, 2067, 2155, -1,
				 2155, 2067, 2068, -1,
				 2155, 2068, 2229, -1,
				 2229, 2068, 2413, -1,
				 2229, 2413, 2230, -1,
				 2230, 2413, 2415, -1,
				 2232, 2230, 2417, -1,
				 2417, 2230, 2415, -1,
				 2235, 2232, 2419, -1,
				 2419, 2232, 2417, -1,
				 2237, 2235, 2421, -1,
				 2421, 2235, 2419, -1,
				 2156, 2158, 2070, -1,
				 2070, 2158, 2069, -1,
				 2158, 2239, 2069, -1,
				 2069, 2239, 2414, -1,
				 2239, 2241, 2414, -1,
				 2241, 2416, 2414, -1,
				 2242, 2418, 2241, -1,
				 2241, 2418, 2416, -1,
				 2245, 2420, 2242, -1,
				 2242, 2420, 2418, -1,
				 2247, 2422, 2245, -1,
				 2245, 2422, 2420, -1,
				 2144, 2071, 2143, -1,
				 2143, 2071, 2072, -1,
				 2143, 2072, 2219, -1,
				 2219, 2072, 2423, -1,
				 2219, 2423, 2220, -1,
				 2220, 2423, 2425, -1,
				 2222, 2220, 2427, -1,
				 2427, 2220, 2425, -1,
				 2225, 2222, 2429, -1,
				 2429, 2222, 2427, -1,
				 2227, 2225, 2431, -1,
				 2431, 2225, 2429, -1,
				 2152, 2154, 2074, -1,
				 2074, 2154, 2073, -1,
				 2154, 2228, 2073, -1,
				 2073, 2228, 2424, -1,
				 2228, 2231, 2424, -1,
				 2424, 2231, 2426, -1,
				 2233, 2428, 2231, -1,
				 2231, 2428, 2426, -1,
				 2234, 2430, 2233, -1,
				 2233, 2430, 2428, -1,
				 2236, 2432, 2234, -1,
				 2234, 2432, 2430, -1,
				 1799, 1789, 2475, -1,
				 1789, 2476, 2475, -1,
				 2086, 2496, 2093, -1,
				 2093, 2496, 2463, -1,
				 2496, 2086, 2083, -1,
				 2447, 2496, 2445, -1,
				 2445, 2496, 2083, -1,
				 2447, 2449, 2496, -1,
				 2453, 2496, 2451, -1,
				 2451, 2496, 2449, -1,
				 2089, 2496, 2088, -1,
				 2088, 2496, 2453, -1,
				 2455, 2496, 2091, -1,
				 2091, 2496, 2089, -1,
				 2455, 2457, 2496, -1,
				 2461, 2496, 2459, -1,
				 2459, 2496, 2457, -1,
				 2463, 2496, 2461, -1,
				 1535, 2160, 2166, -1,
				 2166, 2160, 2165, -1,
				 2160, 2477, 2165, -1,
				 2165, 2477, 2479, -1,
				 1521, 1535, 1528, -1,
				 1528, 1535, 2166, -1,
				 2173, 2170, 2164, -1,
				 2164, 2170, 2167, -1,
				 2176, 2174, 2168, -1,
				 2168, 2174, 2169, -1,
				 1539, 2176, 1530, -1,
				 1530, 2176, 2168, -1,
				 1819, 1540, 1531, -1,
				 1531, 1540, 1529, -1,
				 1821, 1819, 1815, -1,
				 1815, 1819, 1531, -1,
				 2170, 1821, 2167, -1,
				 2167, 1821, 1815, -1,
				 1838, 2490, 1839, -1,
				 1839, 2490, 2489, -1,
				 2199, 2198, 2200, -1,
				 2200, 2198, 2201, -1,
				 2177, 2195, 2182, -1,
				 2195, 2203, 2182, -1,
				 2202, 2207, 2204, -1,
				 2207, 2208, 2204, -1,
				 2206, 1835, 2205, -1,
				 2205, 1835, 2186, -1,
				 2209, 1842, 2210, -1,
				 2210, 1842, 1843, -1,
				 1841, 1827, 1840, -1,
				 1840, 1827, 2189, -1,
				 1845, 1844, 2491, -1,
				 2491, 1844, 2212, -1,
				 1826, 1833, 2211, -1,
				 2211, 1833, 2213, -1,
				 1847, 1846, 2214, -1,
				 2214, 1846, 2492, -1,
				 1832, 2178, 2190, -1,
				 2190, 2178, 2183, -1,
				 1816, 1823, 2175, -1,
				 1823, 1824, 2175, -1,
				 1841, 1825, 1827, -1,
				 1825, 1822, 1827, -1,
				 1818, 1829, 1817, -1,
				 1829, 1830, 1817, -1,
				 1826, 1831, 1833, -1,
				 1831, 1828, 1833, -1,
				 2171, 2490, 1820, -1,
				 2490, 1838, 1820, -1,
				 1832, 1839, 2178, -1,
				 1839, 2489, 2178, -1,
				 2181, 2485, 2497, -1,
				 2497, 2485, 2486, -1,
				 2181, 2497, 2184, -1,
				 2184, 2497, 2191, -1,
				 2486, 2187, 2497, -1,
				 2497, 2187, 2185, -1,
				 2185, 2188, 2497, -1,
				 2497, 2188, 2487, -1,
				 2487, 2488, 2497, -1,
				 2497, 2488, 2191, -1,
				 2499, 2498, 2500, -1,
				 2498, 2501, 2500, -1,
				 2500, 2501, 2502, -1,
				 2501, 2503, 2502, -1,
				 2504, 2507, 2505, -1,
				 2507, 2506, 2505, -1,
				 2504, 2509, 2507, -1,
				 2509, 2508, 2507, -1,
				 2511, 2510, 2512, -1,
				 2510, 2513, 2512, -1,
				 2513, 2515, 2512, -1,
				 2515, 2514, 2512, -1,
				 2517, 2516, 2518, -1,
				 2516, 2519, 2518, -1,
				 2521, 2520, 2517, -1,
				 2520, 2516, 2517, -1,
				 2523, 2522, 2524, -1,
				 2522, 2525, 2524, -1,
				 2527, 2526, 2523, -1,
				 2526, 2522, 2523, -1,
				 2528, 2529, 1081, -1,
				 1081, 2529, 1083, -1,
				 2531, 2530, 2528, -1,
				 2529, 2528, 2530, -1,
				 2531, 1074, 2530, -1,
				 1074, 1082, 2530, -1,
				 2533, 2532, 2534, -1,
				 2532, 2535, 2534, -1,
				 2534, 2535, 2536, -1,
				 2535, 2537, 2536, -1,
				 2537, 2539, 2536, -1,
				 2539, 2538, 2536, -1,
				 2540, 2531, 2541, -1,
				 2531, 2528, 2541, -1,
				 2542, 2545, 2543, -1,
				 2545, 2544, 2543, -1,
				 2545, 2546, 2544, -1,
				 2544, 2546, 2547, -1,
				 2508, 2509, 2539, -1,
				 2539, 2509, 2538, -1,
				 2509, 2520, 2538, -1,
				 2520, 2521, 2538, -1,
				 2521, 2510, 2538, -1,
				 2538, 2510, 2511, -1,
				 2549, 2548, 2554, -1,
				 2548, 2550, 2554, -1,
				 2548, 2551, 1566, -1,
				 1563, 1566, 2551, -1,
				 2550, 2548, 1569, -1,
				 1569, 2548, 1567, -1,
				 2552, 2550, 1545, -1,
				 2550, 1569, 1545, -1,
				 1546, 2553, 1545, -1,
				 2553, 2552, 1545, -1,
				 2552, 2554, 2550, -1,
				 2549, 2554, 2555, -1,
				 2554, 2556, 2555, -1,
				 2558, 2557, 2515, -1,
				 2557, 2514, 2515, -1,
				 2557, 2559, 2514, -1,
				 2515, 2518, 2558, -1,
				 2518, 2519, 2558, -1,
				 2519, 2505, 2558, -1,
				 2558, 2505, 2506, -1,
				 1566, 1567, 2548, -1,
				 2551, 2560, 1563, -1,
				 1563, 2560, 2561, -1,
				 2553, 1546, 2562, -1,
				 2562, 1546, 1551, -1,
				 2563, 2562, 1549, -1,
				 2562, 1551, 1549, -1,
				 2557, 1560, 1556, -1,
				 2559, 1557, 2561, -1,
				 1557, 1563, 2561, -1,
				 1549, 1548, 2563, -1,
				 2563, 1548, 2558, -1,
				 2557, 2558, 1560, -1,
				 1560, 2558, 1548, -1,
				 2557, 1556, 2559, -1,
				 2559, 1556, 1557, -1,
				 2567, 2566, 2564, -1,
				 2564, 2566, 2565, -1,
				 2564, 1096, 2567, -1,
				 2567, 1096, 1097, -1,
				 2569, 2568, 2566, -1,
				 2566, 2568, 2565, -1,
				 2566, 2567, 1499, -1,
				 2567, 1493, 1499, -1,
				 1496, 2569, 1499, -1,
				 2566, 1499, 2569, -1,
				 2567, 1097, 1493, -1,
				 1097, 1099, 1493, -1,
				 1504, 2555, 1510, -1,
				 1510, 2555, 2556, -1,
				 1510, 2556, 1512, -1,
				 2556, 1507, 1512, -1,
				 2555, 1504, 2570, -1,
				 1101, 2570, 27, -1,
				 2570, 1504, 27, -1,
				 1506, 1507, 2556, -1,
				 2571, 1502, 2572, -1,
				 1502, 1492, 2572, -1,
				 1497, 1502, 2573, -1,
				 2573, 1502, 2571, -1,
				 1110, 1109, 1492, -1,
				 1492, 1109, 2572, -1,
				 2571, 2572, 2574, -1,
				 2574, 2572, 2575, -1,
				 2573, 2571, 2576, -1,
				 2571, 2574, 2576, -1,
				 2572, 1109, 2575, -1,
				 2575, 1109, 1105, -1,
				 1110, 1492, 1099, -1,
				 1492, 1493, 1099, -1,
				 1574, 2578, 1573, -1,
				 1573, 2578, 2577, -1,
				 2578, 1120, 2577, -1,
				 2577, 1120, 1118, -1,
				 2581, 2580, 2582, -1,
				 2582, 2580, 2579, -1,
				 2584, 2583, 2585, -1,
				 2585, 2583, 2586, -1,
				 2585, 2586, 2580, -1,
				 2580, 2586, 2579, -1,
				 2587, 2581, 2588, -1,
				 2588, 2581, 2582, -1,
				 2589, 1132, 2590, -1,
				 2590, 1132, 1135, -1,
				 2591, 2589, 2592, -1,
				 2592, 2589, 2590, -1,
				 2591, 2592, 2584, -1,
				 2584, 2592, 2583, -1,
				 1138, 2587, 1131, -1,
				 1131, 2587, 2588, -1,
				 2593, 2595, 1148, -1,
				 1148, 2595, 2599, -1,
				 2593, 1148, 2594, -1,
				 2594, 1148, 2596, -1,
				 1144, 2596, 1148, -1,
				 2597, 1148, 2598, -1,
				 2598, 1148, 2599, -1,
				 1148, 2597, 1145, -1,
				 2603, 2602, 2600, -1,
				 2600, 2602, 2601, -1,
				 2601, 2602, 2604, -1,
				 2603, 2605, 2602, -1,
				 2606, 2608, 2607, -1,
				 2608, 2600, 2607, -1,
				 2607, 2600, 2601, -1,
				 2608, 2603, 2600, -1,
				 2610, 2609, 2602, -1,
				 2609, 2604, 2602, -1,
				 2610, 2602, 2611, -1,
				 2605, 2611, 2602, -1,
				 2607, 2601, 2609, -1,
				 2609, 2601, 2604, -1,
				 2608, 2611, 2603, -1,
				 2603, 2611, 2605, -1,
				 1592, 1594, 2612, -1,
				 2612, 1594, 2613, -1,
				 2612, 2613, 2569, -1,
				 2569, 2613, 2568, -1,
				 1592, 2612, 1591, -1,
				 1591, 2612, 1496, -1,
				 1496, 2612, 2569, -1,
				 1581, 2614, 1574, -1,
				 2616, 2615, 2617, -1,
				 2617, 2615, 2618, -1,
				 2619, 2622, 2620, -1,
				 2620, 2622, 2621, -1,
				 2617, 2618, 1581, -1,
				 2618, 2614, 1581, -1,
				 1173, 2624, 1171, -1,
				 1171, 2624, 2623, -1,
				 2624, 2620, 2623, -1,
				 2623, 2620, 2621, -1,
				 2615, 2622, 2618, -1,
				 2619, 2618, 2622, -1,
				 1175, 2625, 1173, -1,
				 1173, 2625, 2624, -1,
				 2624, 2625, 2620, -1,
				 2620, 2625, 2626, -1,
				 2620, 2626, 2619, -1,
				 2626, 2614, 2619, -1,
				 2619, 2614, 2618, -1,
				 1175, 1120, 2625, -1,
				 2625, 1120, 2578, -1,
				 2625, 2578, 2626, -1,
				 2578, 1574, 2626, -1,
				 2626, 1574, 2614, -1,
				 2607, 2628, 2606, -1,
				 2628, 2627, 2606, -1,
				 2630, 2608, 2629, -1,
				 2629, 2608, 2627, -1,
				 2627, 2608, 2606, -1,
				 2631, 2632, 2610, -1,
				 2632, 2609, 2610, -1,
				 2611, 2633, 2610, -1,
				 2633, 2631, 2610, -1,
				 2629, 2627, 2634, -1,
				 2634, 2627, 2635, -1,
				 2636, 2628, 2637, -1,
				 2637, 2628, 2607, -1,
				 2637, 2607, 2638, -1,
				 2607, 2609, 2638, -1,
				 2638, 2609, 2639, -1,
				 2640, 2639, 2632, -1,
				 2632, 2639, 2609, -1,
				 2636, 2641, 2628, -1,
				 2642, 2628, 2641, -1,
				 2608, 2630, 2611, -1,
				 2645, 2644, 2646, -1,
				 2646, 2644, 2643, -1,
				 2630, 2648, 2649, -1,
				 2649, 2648, 2647, -1,
				 2630, 2650, 2646, -1,
				 2646, 2650, 2616, -1,
				 2617, 2645, 2616, -1,
				 2646, 2616, 2645, -1,
				 2630, 2649, 2651, -1,
				 2649, 2647, 1200, -1,
				 1200, 2647, 1203, -1,
				 2651, 2652, 2630, -1,
				 2652, 2650, 2630, -1,
				 2647, 2648, 2653, -1,
				 2653, 2648, 2654, -1,
				 1203, 2647, 1207, -1,
				 1207, 2647, 2653, -1,
				 2648, 2630, 2629, -1,
				 2630, 2643, 2611, -1,
				 2630, 2646, 2643, -1,
				 2633, 2611, 2644, -1,
				 2644, 2611, 2643, -1,
				 2648, 2629, 2654, -1,
				 2654, 2629, 2634, -1,
				 1210, 2656, 1211, -1,
				 1211, 2656, 2655, -1,
				 2639, 2655, 2657, -1,
				 2656, 2657, 2655, -1,
				 2656, 2658, 2657, -1,
				 2659, 2657, 2658, -1,
				 2660, 2661, 2659, -1,
				 2659, 2661, 2657, -1,
				 2662, 2661, 2663, -1,
				 2660, 2663, 2661, -1,
				 2662, 2663, 2664, -1,
				 2663, 2665, 2664, -1,
				 2665, 2666, 2664, -1,
				 2664, 2666, 2667, -1,
				 2638, 2662, 2637, -1,
				 2637, 2662, 2664, -1,
				 2659, 2658, 2668, -1,
				 2660, 2659, 2669, -1,
				 2668, 2669, 2659, -1,
				 2670, 2663, 2669, -1,
				 2669, 2663, 2660, -1,
				 2663, 2670, 2665, -1,
				 2670, 2671, 2665, -1,
				 2665, 2671, 2666, -1,
				 2671, 2672, 2666, -1,
				 2668, 2673, 1237, -1,
				 1235, 1237, 2673, -1,
				 2668, 2658, 2673, -1,
				 2673, 2658, 2656, -1,
				 1238, 2669, 1237, -1,
				 1237, 2669, 2668, -1,
				 2670, 2669, 1239, -1,
				 1238, 1239, 2669, -1,
				 1239, 1240, 2670, -1,
				 2670, 1240, 2671, -1,
				 1240, 1226, 2671, -1,
				 2671, 1226, 2672, -1,
				 2673, 1210, 1235, -1,
				 2656, 1210, 2673, -1,
				 2674, 1224, 2675, -1,
				 1224, 1241, 2675, -1,
				 2636, 2667, 2675, -1,
				 2674, 2675, 2667, -1,
				 2664, 2667, 2637, -1,
				 2637, 2667, 2636, -1,
				 2638, 2639, 2661, -1,
				 2661, 2639, 2657, -1,
				 2655, 2676, 1211, -1,
				 2676, 1228, 1211, -1,
				 2639, 2640, 2655, -1,
				 2676, 2655, 2640, -1,
				 2661, 2662, 2638, -1,
				 2675, 1241, 2677, -1,
				 2677, 1241, 1242, -1,
				 2645, 2678, 2679, -1,
				 2679, 2678, 2680, -1,
				 2681, 2683, 2682, -1,
				 2682, 2683, 2684, -1,
				 2685, 2686, 2681, -1,
				 2681, 2686, 2683, -1,
				 2687, 2689, 2688, -1,
				 2688, 2689, 2690, -1,
				 2688, 2690, 2691, -1,
				 2691, 2690, 2692, -1,
				 2645, 2679, 2644, -1,
				 2694, 2693, 2691, -1,
				 2693, 2688, 2691, -1,
				 2644, 2679, 2695, -1,
				 2693, 2696, 2688, -1,
				 2696, 2687, 2688, -1,
				 2697, 1258, 2676, -1,
				 2676, 1258, 1228, -1,
				 2698, 2697, 2640, -1,
				 2640, 2697, 2676, -1,
				 2698, 2640, 2682, -1,
				 2632, 2682, 2640, -1,
				 2682, 2632, 2681, -1,
				 2631, 2681, 2632, -1,
				 2681, 2631, 2685, -1,
				 2633, 2685, 2631, -1,
				 2699, 1262, 2697, -1,
				 1262, 1258, 2697, -1,
				 2698, 2700, 2697, -1,
				 2700, 2699, 2697, -1,
				 2700, 2698, 2684, -1,
				 2684, 2698, 2682, -1,
				 2701, 2703, 2702, -1,
				 2702, 2703, 2704, -1,
				 2702, 2704, 2705, -1,
				 2705, 2704, 2706, -1,
				 2705, 2706, 2687, -1,
				 2687, 2706, 2689, -1,
				 1274, 1270, 2701, -1,
				 2701, 1270, 2703, -1,
				 2575, 2701, 2574, -1,
				 2574, 2701, 2702, -1,
				 2576, 2574, 2705, -1,
				 2574, 2702, 2705, -1,
				 2576, 2705, 2696, -1,
				 2696, 2705, 2687, -1,
				 2575, 1105, 2701, -1,
				 1105, 1274, 2701, -1,
				 2695, 2707, 2685, -1,
				 2685, 2707, 2686, -1,
				 2695, 2679, 2707, -1,
				 2707, 2679, 2708, -1,
				 2691, 2692, 2680, -1,
				 2680, 2692, 2709, -1,
				 2679, 2680, 2708, -1,
				 2709, 2708, 2680, -1,
				 2644, 2695, 2633, -1,
				 2678, 2694, 2680, -1,
				 2694, 2691, 2680, -1,
				 2633, 2695, 2685, -1,
				 2712, 2711, 2713, -1,
				 2711, 2710, 2713, -1,
				 2714, 2715, 2711, -1,
				 2710, 2711, 2715, -1,
				 2717, 2716, 2712, -1,
				 2712, 2716, 2711, -1,
				 2716, 2717, 2559, -1,
				 2717, 2718, 2559, -1,
				 2720, 2719, 2721, -1,
				 2721, 2719, 2722, -1,
				 2719, 2724, 2722, -1,
				 2724, 2723, 2722, -1,
				 2725, 2719, 2726, -1,
				 2719, 2720, 2726, -1,
				 2724, 2719, 2727, -1,
				 2719, 2725, 2727, -1,
				 2549, 2727, 2548, -1,
				 2727, 2725, 2548, -1,
				 2731, 2730, 2728, -1,
				 2728, 2730, 2729, -1,
				 2570, 2732, 2730, -1,
				 2732, 2729, 2730, -1,
				 2560, 2548, 2726, -1,
				 2548, 2725, 2726, -1,
				 2730, 2731, 2555, -1,
				 2555, 2731, 2549, -1,
				 2730, 2555, 2570, -1,
				 2733, 2714, 2716, -1,
				 2716, 2714, 2711, -1,
				 2716, 2559, 2733, -1,
				 2733, 2559, 2560, -1,
				 2736, 2735, 2737, -1,
				 2735, 2734, 2737, -1,
				 2735, 2736, 2738, -1,
				 2739, 2740, 2718, -1,
				 2538, 2718, 2741, -1,
				 2741, 2718, 2740, -1,
				 2740, 2739, 2742, -1,
				 2742, 2739, 2743, -1,
				 2735, 2744, 2734, -1,
				 2734, 2744, 2745, -1,
				 2746, 2744, 2738, -1,
				 2738, 2744, 2735, -1,
				 2738, 2748, 2746, -1,
				 2747, 2746, 2748, -1,
				 2749, 2751, 2750, -1,
				 2751, 2752, 2750, -1,
				 2754, 2753, 2755, -1,
				 2755, 2753, 2756, -1,
				 2753, 2758, 2756, -1,
				 2758, 2757, 2756, -1,
				 2749, 2750, 2759, -1,
				 2750, 2760, 2759, -1,
				 2749, 2761, 2751, -1,
				 2761, 2762, 2751, -1,
				 2749, 2759, 2761, -1,
				 2759, 2763, 2761, -1,
				 2531, 2540, 2754, -1,
				 2540, 2753, 2754, -1,
				 2758, 2753, 2764, -1,
				 2764, 2753, 2540, -1,
				 2762, 2761, 2536, -1,
				 2534, 2536, 2761, -1,
				 2763, 2533, 2761, -1,
				 2761, 2533, 2534, -1,
				 2741, 2766, 2767, -1,
				 2767, 2766, 2765, -1,
				 2767, 2536, 2741, -1,
				 2741, 2536, 2538, -1,
				 2768, 2770, 2769, -1,
				 2692, 2686, 2709, -1,
				 2709, 2686, 2707, -1,
				 1262, 2699, 2703, -1,
				 2699, 2704, 2703, -1,
				 2706, 2704, 2700, -1,
				 2704, 2699, 2700, -1,
				 2689, 2706, 2684, -1,
				 2706, 2700, 2684, -1,
				 2689, 2684, 2690, -1,
				 2690, 2684, 2683, -1,
				 2690, 2683, 2692, -1,
				 2692, 2683, 2686, -1,
				 2709, 2707, 2708, -1,
				 2703, 1270, 1262, -1,
				 2654, 2634, 2581, -1,
				 2581, 2634, 2580, -1,
				 2635, 2642, 2585, -1,
				 2585, 2642, 2584, -1,
				 2634, 2635, 2580, -1,
				 2580, 2635, 2585, -1,
				 2677, 1242, 2589, -1,
				 1242, 1132, 2589, -1,
				 2641, 2677, 2591, -1,
				 2591, 2677, 2589, -1,
				 2642, 2641, 2584, -1,
				 2584, 2641, 2591, -1,
				 2653, 2654, 2587, -1,
				 2587, 2654, 2581, -1,
				 1207, 2653, 1138, -1,
				 1138, 2653, 2587, -1,
				 2772, 2771, 2773, -1,
				 2771, 2774, 2773, -1,
				 2776, 2775, 2777, -1,
				 2775, 2778, 2777, -1,
				 2777, 2778, 2779, -1,
				 2780, 2782, 2781, -1,
				 2783, 2786, 2784, -1,
				 2786, 2785, 2784, -1,
				 2788, 2787, 2789, -1,
				 2787, 2790, 2789, -1,
				 2791, 2794, 2792, -1,
				 2794, 2793, 2792, -1,
				 2796, 2795, 2797, -1,
				 2795, 2798, 2797, -1,
				 2799, 2796, 2800, -1,
				 2800, 2796, 2797, -1,
				 2801, 2804, 2802, -1,
				 2804, 2803, 2802, -1,
				 2806, 2805, 2801, -1,
				 2801, 2805, 2804, -1,
				 2803, 2790, 2802, -1,
				 2802, 2790, 2787, -1,
				 2807, 2810, 2808, -1,
				 2810, 2809, 2808, -1,
				 2814, 2813, 2811, -1,
				 2811, 2813, 2812, -1,
				 2815, 2817, 2816, -1,
				 2798, 2795, 2793, -1,
				 2793, 2795, 2792, -1,
				 2809, 2818, 2808, -1,
				 2818, 2787, 2808, -1,
				 2772, 2773, 2819, -1,
				 2773, 2792, 2819, -1,
				 2771, 2775, 2774, -1,
				 2775, 2776, 2774, -1,
				 2810, 2807, 2820, -1,
				 2780, 2784, 2782, -1,
				 2784, 2785, 2782, -1,
				 2783, 2821, 2786, -1,
				 2821, 2795, 2786, -1,
				 2822, 2824, 2823, -1,
				 2824, 2802, 2823, -1,
				 2791, 2788, 2794, -1,
				 2788, 2789, 2794, -1,
				 2823, 2802, 2821, -1,
				 2802, 2795, 2821, -1,
				 2787, 2818, 2792, -1,
				 2818, 2819, 2792, -1,
				 2820, 2791, 2825, -1,
				 2825, 2791, 2826, -1,
				 2791, 2792, 2826, -1,
				 2773, 2826, 2792, -1,
				 2775, 2771, 2828, -1,
				 2771, 2827, 2828, -1,
				 2829, 2772, 2810, -1,
				 2810, 2772, 2819, -1,
				 2819, 2818, 2810, -1,
				 2818, 2809, 2810, -1,
				 2829, 2827, 2772, -1,
				 2772, 2827, 2771, -1,
				 2827, 2831, 2828, -1,
				 2828, 2831, 2830, -1,
				 2810, 2820, 2829, -1,
				 2825, 2829, 2820, -1,
				 2825, 2831, 2829, -1,
				 2831, 2827, 2829, -1,
				 2814, 2775, 2813, -1,
				 2813, 2775, 2828, -1,
				 2830, 2812, 2828, -1,
				 2813, 2828, 2812, -1,
				 2775, 2814, 2778, -1,
				 2778, 2814, 2779, -1,
				 2821, 2783, 2832, -1,
				 2783, 2784, 2832, -1,
				 2832, 2817, 2823, -1,
				 2817, 2822, 2823, -1,
				 2832, 2823, 2821, -1,
				 2832, 2784, 2780, -1,
				 2781, 2833, 2780, -1,
				 2833, 2832, 2780, -1,
				 2817, 2832, 2816, -1,
				 2832, 2833, 2816, -1,
				 2766, 2741, 2834, -1,
				 2834, 2741, 2835, -1,
				 2776, 2837, 2774, -1,
				 2836, 2774, 2837, -1,
				 2793, 2794, 2790, -1,
				 2794, 2789, 2790, -1,
				 2826, 2773, 2836, -1,
				 2836, 2773, 2774, -1,
				 2836, 2837, 2831, -1,
				 2831, 2837, 2830, -1,
				 2807, 2788, 2820, -1,
				 2788, 2791, 2820, -1,
				 2836, 2831, 2826, -1,
				 2826, 2831, 2825, -1,
				 2814, 2811, 2776, -1,
				 2776, 2811, 2837, -1,
				 2830, 2837, 2812, -1,
				 2837, 2811, 2812, -1,
				 2776, 2777, 2814, -1,
				 2814, 2777, 2779, -1,
				 2838, 2782, 2799, -1,
				 2799, 2782, 2785, -1,
				 2799, 2785, 2796, -1,
				 2785, 2786, 2796, -1,
				 2796, 2786, 2795, -1,
				 2815, 2838, 2806, -1,
				 2838, 2799, 2806, -1,
				 2798, 2803, 2797, -1,
				 2803, 2804, 2797, -1,
				 2781, 2782, 2833, -1,
				 2782, 2838, 2833, -1,
				 2815, 2816, 2838, -1,
				 2833, 2838, 2816, -1,
				 2808, 2787, 2807, -1,
				 2787, 2788, 2807, -1,
				 2801, 2802, 2824, -1,
				 2797, 2804, 2800, -1,
				 2804, 2805, 2800, -1,
				 2815, 2806, 2824, -1,
				 2801, 2824, 2806, -1,
				 2798, 2793, 2803, -1,
				 2803, 2793, 2790, -1,
				 2742, 2839, 2740, -1,
				 2740, 2839, 2840, -1,
				 2795, 2802, 2792, -1,
				 2802, 2787, 2792, -1,
				 2799, 2800, 2806, -1,
				 2800, 2805, 2806, -1,
				 2842, 2841, 2843, -1,
				 2843, 2841, 2844, -1,
				 2843, 2696, 2842, -1,
				 2842, 2696, 2693, -1,
				 2844, 2841, 1591, -1,
				 1591, 2841, 1590, -1,
				 2842, 2693, 2845, -1,
				 2845, 2693, 2694, -1,
				 2844, 1497, 2843, -1,
				 2843, 1497, 2573, -1,
				 2843, 2573, 2696, -1,
				 2573, 2576, 2696, -1,
				 2844, 1591, 1497, -1,
				 1497, 1591, 1496, -1,
				 2846, 2841, 2845, -1,
				 2845, 2841, 2842, -1,
				 2645, 2617, 2847, -1,
				 2617, 1581, 2847, -1,
				 2848, 2846, 2849, -1,
				 2849, 2846, 2845, -1,
				 2845, 2694, 2849, -1,
				 2849, 2694, 2678, -1,
				 2645, 2847, 2849, -1,
				 2847, 2848, 2849, -1,
				 2645, 2849, 2678, -1,
				 1582, 2848, 1581, -1,
				 1581, 2848, 2847, -1,
				 2848, 1582, 2846, -1,
				 2846, 1582, 1593, -1,
				 2841, 2846, 1590, -1,
				 1590, 2846, 1593, -1,
				 1514, 2850, 1513, -1,
				 1513, 2850, 2851, -1,
				 1513, 2851, 1417, -1,
				 1417, 2851, 1420, -1,
				 1514, 1418, 2850, -1,
				 2850, 1418, 1416, -1,
				 2853, 2852, 2854, -1,
				 2852, 2855, 2854, -1,
				 2854, 2855, 2856, -1,
				 2855, 2857, 2856, -1,
				 2759, 2858, 2763, -1,
				 2859, 2763, 2858, -1,
				 2533, 2763, 2859, -1,
				 2741, 2740, 2742, -1,
				 1432, 1417, 1420, -1,
				 1422, 1421, 1416, -1,
				 2860, 2861, 2595, -1,
				 2595, 2861, 2599, -1,
				 2862, 2860, 2593, -1,
				 2593, 2860, 2595, -1,
				 2766, 2741, 2742, -1,
				 2864, 2863, 2865, -1,
				 2863, 2866, 2865, -1,
				 2866, 2868, 2865, -1,
				 2865, 2868, 2867, -1,
				 2870, 2869, 2871, -1,
				 2869, 2872, 2871, -1,
				 2871, 2872, 2873, -1,
				 2872, 2874, 2873, -1,
				 2564, 2876, 2528, -1,
				 2528, 2876, 2875, -1,
				 2529, 2530, 2878, -1,
				 2878, 2530, 2877, -1,
				 2667, 2879, 2674, -1,
				 1592, 1589, 1583, -1,
				 1588, 1586, 1589, -1,
				 1589, 1586, 1583, -1,
				 1577, 1588, 1589, -1,
				 2880, 1506, 2881, -1,
				 2556, 2881, 1506, -1,
				 2882, 1573, 2883, -1,
				 2883, 1573, 2577, -1,
				 1506, 2880, 1421, -1,
				 1456, 1421, 2880, -1,
				 1118, 1457, 2577, -1,
				 2883, 2577, 1457, -1,
				 2856, 2884, 2563, -1,
				 2563, 2884, 2562, -1,
				 2558, 2856, 2563, -1,
				 1578, 1579, 2857, -1,
				 1579, 2885, 2857, -1,
				 2881, 2556, 2886, -1,
				 2554, 2886, 2556, -1,
				 2882, 2887, 1573, -1,
				 1573, 2887, 1572, -1,
				 2889, 2888, 2532, -1,
				 2888, 2535, 2532, -1,
				 2890, 2565, 2891, -1,
				 2568, 2891, 2565, -1,
				 2892, 2539, 2854, -1,
				 2854, 2539, 2853, -1,
				 1594, 2893, 2852, -1,
				 2893, 2855, 2852, -1,
				 2554, 2552, 2886, -1,
				 2552, 2894, 2886, -1,
				 1576, 1572, 2895, -1,
				 2895, 1572, 2887, -1,
				 2884, 2894, 2553, -1,
				 2553, 2894, 2552, -1,
				 2562, 2884, 2553, -1,
				 1579, 1576, 2885, -1,
				 2885, 1576, 2895, -1,
				 2539, 2537, 2853, -1,
				 2537, 2896, 2853, -1,
				 2613, 1594, 2897, -1,
				 2897, 1594, 2852, -1,
				 2537, 2535, 2896, -1,
				 2535, 2888, 2896, -1,
				 2568, 2613, 2891, -1,
				 2891, 2613, 2897, -1,
				 2898, 2541, 2532, -1,
				 2532, 2541, 2889, -1,
				 2875, 2889, 2528, -1,
				 2528, 2889, 2541, -1,
				 2558, 2892, 2856, -1,
				 2856, 2892, 2854, -1,
				 2893, 1578, 2855, -1,
				 2855, 1578, 2857, -1,
				 2565, 2890, 2564, -1,
				 2564, 2890, 2876, -1,
				 2541, 2898, 2542, -1,
				 2898, 2545, 2542, -1,
				 2532, 2899, 2898, -1,
				 2545, 2898, 2546, -1,
				 2546, 2898, 2899, -1,
				 2538, 2511, 2718, -1,
				 2514, 2718, 2512, -1,
				 2512, 2718, 2511, -1,
				 2539, 2892, 2508, -1,
				 2506, 2507, 2892, -1,
				 2892, 2507, 2508, -1,
				 2559, 2718, 2514, -1,
				 2558, 2506, 2892, -1,
				 1594, 1584, 2893, -1,
				 1587, 2893, 1585, -1,
				 1585, 2893, 1584, -1,
				 1578, 2893, 1587, -1,
				 2500, 2516, 2499, -1,
				 2499, 2516, 2520, -1,
				 2501, 2498, 2504, -1,
				 2504, 2498, 2509, -1,
				 2500, 2502, 2516, -1,
				 2516, 2502, 2519, -1,
				 2501, 2504, 2503, -1,
				 2503, 2504, 2505, -1,
				 2523, 2524, 2513, -1,
				 2513, 2524, 2515, -1,
				 2522, 2517, 2525, -1,
				 2525, 2517, 2518, -1,
				 2523, 2513, 2527, -1,
				 2527, 2513, 2510, -1,
				 2522, 2526, 2517, -1,
				 2517, 2526, 2521, -1,
				 2588, 2582, 2900, -1,
				 2900, 2582, 2901, -1,
				 1131, 2588, 1476, -1,
				 1476, 2588, 2900, -1,
				 2875, 2876, 2889, -1,
				 2876, 2890, 2889, -1,
				 2901, 2862, 2594, -1,
				 2594, 2862, 2593, -1,
				 2900, 2901, 2596, -1,
				 2596, 2901, 2594, -1,
				 2902, 1477, 2597, -1,
				 2597, 1477, 1145, -1,
				 2903, 2902, 2598, -1,
				 2598, 2902, 2597, -1,
				 2861, 2903, 2599, -1,
				 2599, 2903, 2598, -1,
				 2890, 2891, 2889, -1,
				 2891, 2888, 2889, -1,
				 2896, 2897, 2853, -1,
				 2897, 2852, 2853, -1,
				 2888, 2891, 2896, -1,
				 2891, 2897, 2896, -1,
				 2509, 2498, 2520, -1,
				 2498, 2499, 2520, -1,
				 2521, 2526, 2510, -1,
				 2526, 2527, 2510, -1,
				 1096, 2564, 1081, -1,
				 2564, 2528, 1081, -1,
				 2582, 2579, 2901, -1,
				 2901, 2579, 2862, -1,
				 1135, 1477, 2590, -1,
				 2902, 2590, 1477, -1,
				 2592, 2590, 2903, -1,
				 2903, 2590, 2902, -1,
				 2592, 2903, 2583, -1,
				 2861, 2583, 2903, -1,
				 2583, 2861, 2586, -1,
				 2860, 2586, 2861, -1,
				 2579, 2586, 2862, -1,
				 2862, 2586, 2860, -1,
				 2529, 2878, 1083, -1,
				 1480, 1083, 2878, -1,
				 2530, 1082, 2877, -1,
				 1082, 1481, 2877, -1,
				 2867, 2868, 2904, -1,
				 2868, 2905, 2904, -1,
				 2869, 2870, 2905, -1,
				 2905, 2870, 2904, -1,
				 1481, 1480, 2877, -1,
				 2877, 1480, 2878, -1,
				 2881, 2882, 2880, -1,
				 2882, 2883, 2880, -1,
				 2880, 2883, 1456, -1,
				 2883, 1457, 1456, -1,
				 2886, 2887, 2881, -1,
				 2887, 2882, 2881, -1,
				 2894, 2895, 2886, -1,
				 2895, 2887, 2886, -1,
				 2885, 2895, 2884, -1,
				 2895, 2894, 2884, -1,
				 2519, 2502, 2505, -1,
				 2502, 2503, 2505, -1,
				 2515, 2524, 2518, -1,
				 2524, 2525, 2518, -1,
				 1560, 1557, 1556, -1,
				 1506, 1421, 1514, -1,
				 1514, 1421, 1418, -1,
				 2856, 2857, 2884, -1,
				 2857, 2885, 2884, -1,
				 1476, 2900, 1144, -1,
				 1144, 2900, 2596, -1,
				 2873, 2874, 2906, -1,
				 2874, 2907, 2906, -1,
				 2906, 2907, 2864, -1,
				 2907, 2863, 2864, -1,
				 1487, 1489, 2909, -1,
				 2908, 2909, 1489, -1,
				 2909, 2908, 1511, -1,
				 1511, 2908, 1509, -1,
				 2908, 2910, 1509, -1,
				 2910, 1503, 1509, -1,
				 1503, 2910, 26, -1,
				 1490, 26, 2910, -1,
				 1486, 2909, 1508, -1,
				 1508, 2909, 1511, -1,
				 2909, 1486, 1487, -1,
				 1486, 1508, 1417, -1,
				 1513, 1417, 1508, -1,
				 2912, 2914, 2911, -1,
				 2911, 2914, 2913, -1,
				 2916, 2913, 2917, -1,
				 2917, 2913, 2914, -1,
				 2918, 2917, 2915, -1,
				 2915, 2917, 2914, -1,
				 2917, 2920, 2916, -1,
				 2916, 2920, 2919, -1,
				 2917, 2918, 2920, -1,
				 2920, 2918, 2921, -1,
				 2922, 2919, 2920, -1,
				 2921, 2922, 2920, -1,
				 2923, 2924, 2926, -1,
				 2926, 2924, 2927, -1,
				 2928, 2925, 2929, -1,
				 2929, 2925, 2926, -1,
				 2930, 2929, 2927, -1,
				 2927, 2929, 2926, -1,
				 2929, 2932, 2928, -1,
				 2928, 2932, 2931, -1,
				 2929, 2930, 2932, -1,
				 2932, 2930, 2933, -1,
				 2934, 2931, 2932, -1,
				 2933, 2934, 2932, -1,
				 2912, 2935, 2914, -1,
				 2914, 2935, 2915, -1,
				 2923, 2926, 2936, -1,
				 2936, 2926, 2925, -1,
				 2935, 2937, 2915, -1,
				 2938, 2918, 2937, -1,
				 2937, 2918, 2915, -1,
				 2938, 2939, 2918, -1,
				 2918, 2939, 2921, -1,
				 2921, 2940, 2922, -1,
				 2922, 2940, 2941, -1,
				 2921, 2939, 2940, -1,
				 2936, 2925, 2942, -1,
				 2943, 2942, 2928, -1,
				 2928, 2942, 2925, -1,
				 2943, 2928, 2944, -1,
				 2944, 2928, 2931, -1,
				 2931, 2934, 2945, -1,
				 2945, 2934, 2946, -1,
				 2944, 2931, 2945, -1,
				 2911, 2913, 2947, -1,
				 2948, 2947, 2916, -1,
				 2916, 2947, 2913, -1,
				 2948, 2916, 2949, -1,
				 2949, 2916, 2919, -1,
				 2919, 2922, 2950, -1,
				 2950, 2922, 2941, -1,
				 2949, 2919, 2950, -1,
				 2924, 2951, 2927, -1,
				 2952, 2930, 2951, -1,
				 2951, 2930, 2927, -1,
				 2952, 2953, 2930, -1,
				 2930, 2953, 2933, -1,
				 2933, 2954, 2934, -1,
				 2934, 2954, 2946, -1,
				 2933, 2953, 2954, -1,
				 1224, 1464, 1227, -1,
				 1224, 2955, 1464, -1,
				 1464, 2955, 2966, -1,
				 2958, 2956, 2959, -1,
				 2959, 2956, 2957, -1,
				 2963, 2964, 2955, -1,
				 2964, 2965, 2955, -1,
				 2955, 2965, 2966, -1,
				 1223, 2961, 1226, -1,
				 2960, 1226, 2961, -1,
				 1220, 2962, 1223, -1,
				 1223, 2962, 2961, -1,
				 1220, 1221, 2962, -1,
				 2962, 1221, 1464, -1,
				 2968, 2967, 1225, -1,
				 2967, 1188, 1225, -1,
				 2956, 2958, 1178, -1,
				 2958, 1181, 1178, -1,
				 2957, 1179, 2959, -1,
				 1179, 1187, 2959, -1,
				 1179, 2957, 1178, -1,
				 2956, 1178, 2957, -1,
				 2963, 2960, 2964, -1,
				 2960, 2961, 2964, -1,
				 2964, 2961, 2965, -1,
				 2961, 2962, 2965, -1,
				 2965, 2962, 2966, -1,
				 2962, 1464, 2966, -1,
				 2969, 2970, 2968, -1,
				 2968, 2970, 2967, -1,
				 1188, 2967, 1190, -1,
				 1190, 2967, 2970, -1,
				 1225, 1234, 2968, -1,
				 2968, 1234, 2969, -1,
				 1187, 1181, 2959, -1,
				 2959, 1181, 2958, -1,
				 2970, 2969, 1190, -1,
				 2969, 1234, 1190, -1,
				 2971, 2972, 2973, -1,
				 2974, 2975, 2971, -1,
				 2975, 2972, 2971, -1,
				 2975, 2976, 2972, -1,
				 2972, 2976, 2981, -1,
				 2976, 2977, 2981, -1,
				 2981, 2977, 2982, -1,
				 2983, 2982, 2978, -1,
				 2982, 2977, 2978, -1,
				 2980, 2983, 2979, -1,
				 2979, 2983, 2978, -1,
				 2985, 2984, 2988, -1,
				 2988, 2984, 2986, -1,
				 2990, 2973, 2981, -1,
				 2972, 2981, 2973, -1,
				 2986, 2987, 2991, -1,
				 2987, 2992, 2991, -1,
				 2986, 2991, 2988, -1,
				 2988, 2991, 2993, -1,
				 2988, 2993, 2989, -1,
				 2989, 2993, 2994, -1,
				 2993, 2991, 2995, -1,
				 2991, 2997, 2995, -1,
				 2997, 2998, 2995, -1,
				 3002, 3001, 2998, -1,
				 2995, 2998, 3001, -1,
				 3003, 3000, 2999, -1,
				 2996, 2999, 3000, -1,
				 2980, 2979, 3008, -1,
				 3004, 3008, 2979, -1,
				 3005, 2974, 3009, -1,
				 3009, 2974, 2971, -1,
				 3008, 3007, 3010, -1,
				 3010, 3007, 3006, -1,
				 3010, 2984, 3008, -1,
				 2980, 3008, 2984, -1,
				 3012, 2987, 2984, -1,
				 2987, 2986, 2984, -1,
				 3013, 2985, 2989, -1,
				 2989, 2985, 2988, -1,
				 2981, 3011, 2990, -1,
				 3011, 3014, 2990, -1,
				 2995, 2996, 2993, -1,
				 2996, 2994, 2993, -1,
				 2997, 2991, 3015, -1,
				 2991, 2992, 3015, -1,
				 3002, 3003, 3001, -1,
				 3003, 3000, 3001, -1,
				 3017, 3016, 3007, -1,
				 3007, 3016, 3006, -1,
				 3004, 3017, 3008, -1,
				 3008, 3017, 3007, -1,
				 3018, 3009, 2973, -1,
				 3009, 2971, 2973, -1,
				 2990, 3014, 2973, -1,
				 3014, 3018, 2973, -1,
				 2985, 3011, 2982, -1,
				 3011, 2981, 2982, -1,
				 2982, 2983, 2985, -1,
				 2985, 2983, 2980, -1,
				 2999, 2998, 3015, -1,
				 2998, 2997, 3015, -1,
				 2984, 2985, 2980, -1,
				 3012, 2984, 3010, -1,
				 3011, 2985, 3013, -1,
				 3001, 3000, 2995, -1,
				 3000, 2996, 2995, -1,
				 3002, 2998, 3003, -1,
				 2998, 2999, 3003, -1,
				 1224, 2674, 2879, -1,
				 2955, 1224, 3025, -1,
				 1224, 2879, 3025, -1,
				 3020, 3019, 3022, -1,
				 3019, 3021, 3022, -1,
				 2963, 2955, 3023, -1,
				 3023, 2955, 3024, -1,
				 3024, 2955, 3025, -1,
				 2672, 1226, 3026, -1,
				 1226, 2960, 3026, -1,
				 2666, 2672, 3027, -1,
				 3027, 2672, 3026, -1,
				 2666, 3027, 2667, -1,
				 2667, 3027, 2879, -1,
				 2641, 3028, 2677, -1,
				 3028, 3029, 2677, -1,
				 2628, 3019, 2627, -1,
				 3019, 3020, 2627, -1,
				 3022, 3021, 2635, -1,
				 3021, 2642, 2635, -1,
				 2635, 2627, 3022, -1,
				 2627, 3020, 3022, -1,
				 3026, 2960, 3023, -1,
				 2960, 2963, 3023, -1,
				 3027, 3026, 3024, -1,
				 3026, 3023, 3024, -1,
				 2879, 3027, 3025, -1,
				 3027, 3024, 3025, -1,
				 3031, 3030, 3028, -1,
				 3030, 3029, 3028, -1,
				 2641, 2636, 3028, -1,
				 3028, 2636, 3031, -1,
				 2677, 3029, 2675, -1,
				 2675, 3029, 3030, -1,
				 2642, 3021, 2628, -1,
				 2628, 3021, 3019, -1,
				 2675, 3030, 2636, -1,
				 3030, 3031, 2636, -1,
				 3032, 3034, 3033, -1,
				 3035, 3032, 3036, -1,
				 3033, 3036, 3032, -1,
				 3036, 3033, 3037, -1,
				 3037, 3033, 3038, -1,
				 3037, 3038, 3039, -1,
				 3039, 3038, 3040, -1,
				 3041, 3042, 3040, -1,
				 3039, 3040, 3042, -1,
				 3043, 3044, 3041, -1,
				 3041, 3044, 3042, -1,
				 3045, 3048, 3046, -1,
				 3046, 3048, 3047, -1,
				 3049, 3038, 3034, -1,
				 3038, 3033, 3034, -1,
				 3047, 3050, 2987, -1,
				 2992, 2987, 3050, -1,
				 3047, 3048, 3050, -1,
				 3050, 3048, 3051, -1,
				 3048, 2989, 3051, -1,
				 3051, 2989, 2994, -1,
				 3051, 3052, 3050, -1,
				 3050, 3052, 3053, -1,
				 3054, 3053, 3052, -1,
				 3055, 3054, 3056, -1,
				 3054, 3052, 3056, -1,
				 3043, 3057, 3044, -1,
				 3057, 3058, 3044, -1,
				 3005, 3009, 3035, -1,
				 3035, 3009, 3032, -1,
				 3057, 3010, 3059, -1,
				 3059, 3010, 3006, -1,
				 3010, 3057, 3046, -1,
				 3057, 3043, 3046, -1,
				 3012, 3046, 2987, -1,
				 3047, 2987, 3046, -1,
				 3013, 2989, 3045, -1,
				 3045, 2989, 3048, -1,
				 3038, 3049, 3011, -1,
				 3014, 3011, 3049, -1,
				 2994, 2996, 3051, -1,
				 2996, 3052, 3051, -1,
				 3053, 3015, 3050, -1,
				 3015, 2992, 3050, -1,
				 3000, 3003, 3056, -1,
				 3003, 3055, 3056, -1,
				 3060, 3059, 3016, -1,
				 3016, 3059, 3006, -1,
				 3058, 3057, 3060, -1,
				 3060, 3057, 3059, -1,
				 3018, 3034, 3009, -1,
				 3032, 3009, 3034, -1,
				 3049, 3034, 3014, -1,
				 3018, 3014, 3034, -1,
				 3045, 3040, 3011, -1,
				 3040, 3038, 3011, -1,
				 3040, 3045, 3041, -1,
				 3041, 3045, 3043, -1,
				 3053, 3054, 3015, -1,
				 3054, 2999, 3015, -1,
				 3046, 3043, 3045, -1,
				 3012, 3010, 3046, -1,
				 3011, 3013, 3045, -1,
				 2996, 3000, 3052, -1,
				 3000, 3056, 3052, -1,
				 3055, 3003, 3054, -1,
				 3003, 2999, 3054, -1,
				 3068, 3071, 3070, -1,
				 3070, 3071, 3069, -1,
				 3064, 3066, 3065, -1,
				 3065, 3066, 3067, -1,
				 3073, 3072, 3065, -1,
				 3072, 3064, 3065, -1,
				 3073, 3071, 3072, -1,
				 3068, 3072, 3071, -1,
				 3083, 3082, 3084, -1,
				 3084, 3082, 3085, -1,
				 3086, 3087, 3085, -1,
				 3071, 3086, 3082, -1,
				 3082, 3086, 3085, -1,
				 3071, 3082, 3069, -1,
				 3086, 3089, 3087, -1,
				 3089, 3088, 3087, -1,
				 3074, 3077, 3075, -1,
				 3075, 3077, 3076, -1,
				 3065, 3075, 3078, -1,
				 3078, 3075, 3076, -1,
				 3076, 3080, 3078, -1,
				 3065, 3067, 3075, -1,
				 3080, 3081, 3078, -1,
				 3078, 3081, 3079, -1,
				 3073, 3065, 3090, -1,
				 3065, 3078, 3090, -1,
				 3090, 3078, 3079, -1,
				 3073, 3090, 3071, -1,
				 3071, 3090, 3086, -1,
				 3079, 3091, 3090, -1,
				 3089, 3086, 3091, -1,
				 3086, 3090, 3091, -1,
				 3156, 3158, 3154, -1,
				 3157, 3154, 3158, -1,
				 3154, 3141, 3156, -1,
				 3156, 3141, 3155, -1,
				 3162, 3155, 3100, -1,
				 3155, 3141, 3100, -1,
				 3145, 3146, 3101, -1,
				 3101, 3146, 3098, -1,
				 3149, 3147, 3153, -1,
				 3147, 3148, 3153, -1,
				 3147, 3149, 3140, -1,
				 3140, 3149, 3150, -1,
				 3151, 3093, 3150, -1,
				 3140, 3150, 3093, -1,
				 3143, 3096, 3142, -1,
				 3142, 3096, 3095, -1,
				 3096, 3143, 3103, -1,
				 3103, 3143, 3144, -1,
				 3101, 3103, 3145, -1,
				 3145, 3103, 3144, -1,
				 3118, 3126, 3119, -1,
				 3119, 3126, 3098, -1,
				 3120, 3121, 3125, -1,
				 3125, 3121, 3124, -1,
				 3125, 3131, 3120, -1,
				 3122, 3120, 3131, -1,
				 3121, 3120, 3123, -1,
				 3100, 3161, 3162, -1,
				 3098, 3126, 3101, -1,
				 3129, 3127, 3119, -1,
				 3119, 3127, 3118, -1,
				 3129, 3119, 3128, -1,
				 3128, 3119, 3130, -1,
				 3119, 3120, 3130, -1,
				 3120, 3122, 3130, -1,
				 3109, 3106, 3108, -1,
				 3108, 3106, 3095, -1,
				 3116, 3107, 3104, -1,
				 3104, 3107, 3105, -1,
				 3107, 3116, 3113, -1,
				 3116, 3112, 3113, -1,
				 3104, 3115, 3116, -1,
				 3093, 3151, 3152, -1,
				 3095, 3096, 3108, -1,
				 3117, 3106, 3110, -1,
				 3110, 3106, 3109, -1,
				 3106, 3117, 3111, -1,
				 3106, 3111, 3116, -1,
				 3114, 3116, 3111, -1,
				 3112, 3116, 3114, -1,
				 3108, 3096, 3132, -1,
				 3132, 3096, 3103, -1,
				 3126, 3132, 3101, -1,
				 3101, 3132, 3103, -1,
				 3108, 3132, 3109, -1,
				 3109, 3132, 3133, -1,
				 3126, 3118, 3132, -1,
				 3132, 3118, 3133, -1,
				 3134, 3110, 3133, -1,
				 3133, 3110, 3109, -1,
				 3134, 3133, 3127, -1,
				 3127, 3133, 3118, -1,
				 3134, 3135, 3110, -1,
				 3110, 3135, 3117, -1,
				 3134, 3127, 3135, -1,
				 3135, 3127, 3129, -1,
				 3105, 3107, 1060, -1,
				 1060, 3107, 3136, -1,
				 3125, 3124, 3137, -1,
				 3137, 3124, 3138, -1,
				 1061, 3136, 3113, -1,
				 3136, 3107, 3113, -1,
				 3131, 3125, 3139, -1,
				 3139, 3125, 3137, -1,
				 3159, 3160, 3102, -1,
				 3160, 3144, 3102, -1,
				 3066, 3070, 3067, -1,
				 3070, 3069, 3067, -1,
				 3076, 3085, 3080, -1,
				 3085, 3087, 3080, -1,
				 3067, 3069, 3075, -1,
				 3069, 3082, 3075, -1,
				 3080, 3087, 3081, -1,
				 3087, 3088, 3081, -1,
				 3147, 3140, 3092, -1,
				 3092, 3140, 3141, -1,
				 3092, 3141, 3097, -1,
				 3097, 3141, 3154, -1,
				 3160, 3159, 3158, -1,
				 3158, 3159, 3157, -1,
				 3074, 3083, 3077, -1,
				 3083, 3084, 3077, -1,
				 3104, 3121, 3115, -1,
				 3121, 3123, 3115, -1,
				 3100, 3093, 3164, -1,
				 3093, 3163, 3164, -1,
				 3105, 3124, 3104, -1,
				 3124, 3121, 3104, -1,
				 3116, 3120, 3106, -1,
				 3120, 3119, 3106, -1,
				 3122, 3131, 3112, -1,
				 3112, 3131, 3113, -1,
				 1060, 3138, 3105, -1,
				 3105, 3138, 3124, -1,
				 3139, 1061, 3131, -1,
				 3131, 1061, 3113, -1,
				 3093, 3100, 3140, -1,
				 3100, 3141, 3140, -1,
				 3166, 3165, 3148, -1,
				 3165, 3153, 3148, -1,
				 3095, 3150, 3142, -1,
				 3150, 3149, 3142, -1,
				 3163, 3093, 3152, -1,
				 3106, 3151, 3095, -1,
				 3095, 3151, 3150, -1,
				 3166, 3102, 3165, -1,
				 3102, 3144, 3165, -1,
				 3156, 3155, 3146, -1,
				 3155, 3098, 3146, -1,
				 3100, 3164, 3161, -1,
				 3119, 3098, 3162, -1,
				 3162, 3098, 3155, -1,
				 3068, 3064, 3072, -1,
				 3112, 3114, 3122, -1,
				 3114, 3130, 3122, -1,
				 3147, 3092, 3148, -1,
				 3094, 3148, 3092, -1,
				 3094, 3166, 3148, -1,
				 3154, 3157, 3097, -1,
				 3157, 3099, 3097, -1,
				 3099, 3157, 3159, -1,
				 3064, 3068, 3066, -1,
				 3068, 3070, 3066, -1,
				 3081, 3088, 3079, -1,
				 3088, 3089, 3079, -1,
				 3075, 3082, 3074, -1,
				 3082, 3083, 3074, -1,
				 3077, 3084, 3076, -1,
				 3084, 3085, 3076, -1,
				 3099, 3102, 3094, -1,
				 3094, 3102, 3166, -1,
				 3115, 3123, 3116, -1,
				 3116, 3123, 3120, -1,
				 3119, 3164, 3106, -1,
				 3106, 3164, 3163, -1,
				 3128, 3111, 3129, -1,
				 3129, 3111, 3117, -1,
				 3114, 3111, 3130, -1,
				 3111, 3128, 3130, -1,
				 3129, 3117, 3135, -1,
				 3152, 3151, 3163, -1,
				 3151, 3106, 3163, -1,
				 3149, 3153, 3142, -1,
				 3142, 3153, 3143, -1,
				 3144, 3143, 3165, -1,
				 3143, 3153, 3165, -1,
				 3102, 3099, 3159, -1,
				 3144, 3160, 3145, -1,
				 3145, 3160, 3158, -1,
				 3119, 3162, 3164, -1,
				 3161, 3164, 3162, -1,
				 3156, 3146, 3158, -1,
				 3158, 3146, 3145, -1,
				 3079, 3089, 3091, -1,
				 3168, 3169, 3170, -1,
				 3169, 3167, 3170, -1,
				 3171, 3173, 3172, -1,
				 3173, 3174, 3172, -1,
				 3177, 3168, 3176, -1,
				 3176, 3168, 3178, -1,
				 3169, 3168, 3177, -1,
				 3179, 3178, 3168, -1,
				 3175, 3180, 3167, -1,
				 3167, 3180, 3170, -1,
				 3167, 3182, 3206, -1,
				 3206, 3182, 3181, -1,
				 3206, 3205, 3167, -1,
				 3167, 3205, 3175, -1,
				 3181, 3182, 3183, -1,
				 3183, 3182, 3184, -1,
				 3183, 3184, 3185, -1,
				 3185, 3184, 3186, -1,
				 3187, 3185, 3188, -1,
				 3185, 3186, 3188, -1,
				 3187, 3188, 3180, -1,
				 3180, 3188, 3170, -1,
				 3189, 3190, 3092, -1,
				 3190, 3094, 3092, -1,
				 3099, 3180, 3097, -1,
				 3180, 3175, 3097, -1,
				 3200, 3199, 3174, -1,
				 3174, 3199, 3201, -1,
				 3174, 3173, 3200, -1,
				 3202, 3174, 3201, -1,
				 3189, 3171, 3190, -1,
				 3190, 3171, 3172, -1,
				 3171, 3204, 3196, -1,
				 3196, 3204, 3192, -1,
				 3204, 3171, 3203, -1,
				 3203, 3171, 3189, -1,
				 3192, 3191, 3196, -1,
				 3196, 3191, 3195, -1,
				 3191, 3194, 3195, -1,
				 3195, 3194, 3197, -1,
				 3193, 3198, 3194, -1,
				 3197, 3194, 3198, -1,
				 3193, 3190, 3198, -1,
				 3198, 3190, 3172, -1,
				 3207, 3205, 3208, -1,
				 3205, 3206, 3208, -1,
				 3209, 3210, 3203, -1,
				 3204, 3203, 3210, -1,
				 3212, 3211, 3208, -1,
				 3208, 3211, 3207, -1,
				 3214, 3210, 3213, -1,
				 3213, 3210, 3209, -1,
				 3216, 3215, 3212, -1,
				 3215, 3211, 3212, -1,
				 3213, 3217, 3214, -1,
				 3217, 3218, 3214, -1,
				 3220, 3224, 3219, -1,
				 3224, 3223, 3219, -1,
				 3226, 3225, 3222, -1,
				 3225, 3221, 3222, -1,
				 3232, 3231, 3228, -1,
				 3231, 3227, 3228, -1,
				 3230, 3234, 3229, -1,
				 3234, 3233, 3229, -1,
				 3236, 3240, 3235, -1,
				 3240, 3239, 3235, -1,
				 3241, 3061, 3238, -1,
				 3061, 3237, 3238, -1,
				 3239, 3240, 3242, -1,
				 3242, 3240, 3243, -1,
				 3241, 3244, 3061, -1,
				 3062, 3061, 3244, -1,
				 3243, 3246, 3242, -1,
				 3246, 3245, 3242, -1,
				 3062, 3247, 3243, -1,
				 3247, 3246, 3243, -1,
				 3244, 3248, 3062, -1,
				 3248, 3247, 3062, -1,
				 3242, 3245, 3244, -1,
				 3245, 3248, 3244, -1,
				 3177, 3182, 3169, -1,
				 3182, 3167, 3169, -1,
				 3179, 3188, 3178, -1,
				 3188, 3186, 3178, -1,
				 3175, 3189, 3097, -1,
				 3189, 3092, 3097, -1,
				 3094, 3190, 3099, -1,
				 3099, 3190, 3180, -1,
				 3175, 3205, 3189, -1,
				 3205, 3203, 3189, -1,
				 3215, 3254, 3217, -1,
				 3215, 3216, 3229, -1,
				 3229, 3216, 3230, -1,
				 3230, 3216, 3221, -1,
				 3216, 3222, 3221, -1,
				 3221, 3249, 3230, -1,
				 3215, 3229, 3254, -1,
				 3218, 3217, 3227, -1,
				 3227, 3217, 3228, -1,
				 3227, 3220, 3218, -1,
				 3218, 3220, 3219, -1,
				 3227, 3249, 3220, -1,
				 3217, 3254, 3228, -1,
				 3181, 3192, 3206, -1,
				 3192, 3204, 3206, -1,
				 3193, 3194, 3187, -1,
				 3194, 3185, 3187, -1,
				 3200, 3173, 3196, -1,
				 3173, 3171, 3196, -1,
				 3202, 3201, 3198, -1,
				 3201, 3197, 3198, -1,
				 3223, 3224, 3253, -1,
				 3251, 3253, 3224, -1,
				 3226, 3253, 3225, -1,
				 3251, 3225, 3253, -1,
				 3226, 3252, 3253, -1,
				 3253, 3252, 3223, -1,
				 3231, 3232, 3235, -1,
				 3235, 3232, 3236, -1,
				 3232, 3255, 3236, -1,
				 3236, 3255, 3256, -1,
				 3255, 3233, 3256, -1,
				 3256, 3233, 3237, -1,
				 3234, 3238, 3233, -1,
				 3233, 3238, 3237, -1,
				 3234, 3251, 3238, -1,
				 3251, 3257, 3238, -1,
				 3231, 3235, 3251, -1,
				 3257, 3251, 3235, -1,
				 3248, 3245, 3247, -1,
				 3245, 3246, 3247, -1,
				 3216, 3218, 3250, -1,
				 3218, 3219, 3250, -1,
				 3216, 3250, 3222, -1,
				 3176, 3184, 3177, -1,
				 3184, 3182, 3177, -1,
				 3176, 3178, 3184, -1,
				 3178, 3186, 3184, -1,
				 3191, 3192, 3183, -1,
				 3192, 3181, 3183, -1,
				 3183, 3185, 3191, -1,
				 3185, 3194, 3191, -1,
				 3199, 3200, 3195, -1,
				 3200, 3196, 3195, -1,
				 3197, 3201, 3195, -1,
				 3201, 3199, 3195, -1,
				 3214, 3212, 3210, -1,
				 3210, 3212, 3208, -1,
				 3250, 3252, 3222, -1,
				 3252, 3226, 3222, -1,
				 3223, 3252, 3219, -1,
				 3252, 3250, 3219, -1,
				 3251, 3234, 3249, -1,
				 3234, 3230, 3249, -1,
				 3227, 3231, 3249, -1,
				 3231, 3251, 3249, -1,
				 3258, 3241, 3257, -1,
				 3241, 3238, 3257, -1,
				 3235, 3239, 3257, -1,
				 3239, 3258, 3257, -1,
				 3242, 3244, 3258, -1,
				 3258, 3244, 3241, -1,
				 3258, 3239, 3242, -1,
				 3203, 3205, 3209, -1,
				 3209, 3205, 3207, -1,
				 3206, 3204, 3208, -1,
				 3208, 3204, 3210, -1,
				 3211, 3213, 3207, -1,
				 3207, 3213, 3209, -1,
				 3211, 3215, 3213, -1,
				 3215, 3217, 3213, -1,
				 3214, 3218, 3212, -1,
				 3218, 3216, 3212, -1,
				 3168, 3170, 3179, -1,
				 3170, 3188, 3179, -1,
				 3190, 3193, 3180, -1,
				 3193, 3187, 3180, -1,
				 3174, 3202, 3172, -1,
				 3202, 3198, 3172, -1,
				 3251, 3224, 3249, -1,
				 3224, 3220, 3249, -1,
				 3221, 3225, 3249, -1,
				 3225, 3251, 3249, -1,
				 3254, 3255, 3228, -1,
				 3255, 3232, 3228, -1,
				 3233, 3255, 3229, -1,
				 3255, 3254, 3229, -1,
				 3063, 3240, 3256, -1,
				 3240, 3236, 3256, -1,
				 3237, 3061, 3256, -1,
				 3061, 3063, 3256, -1,
				 3243, 3240, 3063, -1,
				 3243, 3063, 3062, -1,
				 3063, 3061, 3062, -1,
				 3264, 3266, 3263, -1,
				 3266, 3265, 3263, -1,
				 3268, 3267, 3266, -1,
				 3267, 3265, 3266, -1,
				 3271, 3272, 3293, -1,
				 3272, 3292, 3293, -1,
				 3260, 3262, 3259, -1,
				 3262, 3261, 3259, -1,
				 3264, 3263, 3262, -1,
				 3263, 3261, 3262, -1,
				 3270, 3272, 3269, -1,
				 3272, 3271, 3269, -1,
				 3273, 3276, 3274, -1,
				 3276, 3275, 3274, -1,
				 3280, 3282, 3281, -1,
				 3282, 3283, 3281, -1,
				 3276, 3278, 3277, -1,
				 3278, 3279, 3277, -1,
				 3282, 3280, 3277, -1,
				 3280, 3276, 3277, -1,
				 3279, 3278, 3285, -1,
				 3285, 3278, 3284, -1,
				 3284, 3286, 3285, -1,
				 3286, 3287, 3285, -1,
				 3288, 3289, 3286, -1,
				 3286, 3289, 3287, -1,
				 3289, 3288, 3291, -1,
				 3291, 3288, 3290, -1,
				 3304, 3308, 3305, -1,
				 3308, 3309, 3305, -1,
				 3323, 3322, 3321, -1,
				 3321, 3322, 3320, -1,
				 3298, 3299, 3326, -1,
				 3299, 3327, 3326, -1,
				 3301, 3326, 3300, -1,
				 3326, 3327, 3300, -1,
				 3308, 3310, 3309, -1,
				 3310, 3311, 3309, -1,
				 3299, 3298, 3295, -1,
				 3298, 3294, 3295, -1,
				 3303, 1, 3302, -1,
				 1, 0, 3302, -1,
				 3295, 3294, 3305, -1,
				 3305, 3294, 3304, -1,
				 3294, 3297, 3304, -1,
				 3297, 3306, 3304, -1,
				 3295, 3305, 3296, -1,
				 3307, 3296, 3305, -1,
				 3310, 3293, 3311, -1,
				 3293, 3292, 3311, -1,
				 3314, 3315, 3313, -1,
				 3312, 3313, 3315, -1,
				 3314, 3316, 3315, -1,
				 3316, 3317, 3315, -1,
				 3317, 3316, 3318, -1,
				 3316, 3319, 3318, -1,
				 3319, 3321, 3318, -1,
				 3321, 3320, 3318, -1,
				 3322, 3323, 3324, -1,
				 3324, 3323, 3325, -1,
				 3260, 3329, 3348, -1,
				 3348, 3329, 3344, -1,
				 3260, 3347, 3262, -1,
				 3262, 3347, 3349, -1,
				 3349, 3343, 3262, -1,
				 3262, 3343, 3295, -1,
				 3338, 3313, 3337, -1,
				 3337, 3313, 3294, -1,
				 3259, 3261, 3341, -1,
				 3274, 3341, 3261, -1,
				 3341, 3274, 3338, -1,
				 3274, 3313, 3338, -1,
				 3296, 3268, 3295, -1,
				 3295, 3268, 3266, -1,
				 3266, 3264, 3295, -1,
				 3295, 3264, 3262, -1,
				 3294, 3313, 3297, -1,
				 3313, 3312, 3297, -1,
				 3312, 3265, 3297, -1,
				 3267, 3297, 3265, -1,
				 3312, 3273, 3265, -1,
				 3265, 3273, 3263, -1,
				 3263, 3273, 3261, -1,
				 3261, 3273, 3274, -1,
				 3295, 3343, 3299, -1,
				 3343, 3350, 3299, -1,
				 3327, 3299, 3346, -1,
				 3346, 3299, 3350, -1,
				 3346, 3345, 3327, -1,
				 3327, 3345, 3300, -1,
				 3294, 3298, 3337, -1,
				 3336, 3337, 3298, -1,
				 3342, 3326, 3335, -1,
				 3335, 3326, 3301, -1,
				 3301, 3328, 3335, -1,
				 3339, 3335, 3328, -1,
				 1, 3331, 2, -1,
				 2, 3331, 3332, -1,
				 0, 3, 3330, -1,
				 3330, 3, 3333, -1,
				 3302, 0, 3330, -1,
				 3303, 3331, 1, -1,
				 3304, 3306, 3308, -1,
				 3306, 3310, 3308, -1,
				 3305, 3309, 3307, -1,
				 3311, 3307, 3309, -1,
				 3270, 3307, 3272, -1,
				 3306, 3269, 3271, -1,
				 3315, 3317, 3276, -1,
				 3276, 3317, 3278, -1,
				 3275, 3276, 3281, -1,
				 3281, 3276, 3280, -1,
				 3277, 3334, 3282, -1,
				 3334, 3283, 3282, -1,
				 3278, 3317, 3284, -1,
				 3284, 3317, 3318, -1,
				 3316, 3279, 3319, -1,
				 3279, 3285, 3319, -1,
				 3316, 3314, 3277, -1,
				 3314, 3334, 3277, -1,
				 3277, 3279, 3316, -1,
				 3286, 3284, 3320, -1,
				 3320, 3284, 3318, -1,
				 3319, 3285, 3321, -1,
				 3321, 3285, 3287, -1,
				 3322, 3288, 3320, -1,
				 3320, 3288, 3286, -1,
				 3289, 3323, 3287, -1,
				 3287, 3323, 3321, -1,
				 3288, 3322, 3290, -1,
				 3290, 3322, 3324, -1,
				 3323, 3289, 3325, -1,
				 3325, 3289, 3291, -1,
				 3326, 3342, 3298, -1,
				 3298, 3342, 3336, -1,
				 3259, 3340, 3328, -1,
				 3328, 3340, 3339, -1,
				 3259, 3341, 3340, -1,
				 3300, 3345, 3329, -1,
				 3345, 3344, 3329, -1,
				 3348, 3347, 3260, -1,
				 3352, 3359, 3351, -1,
				 3351, 3359, 3358, -1,
				 3352, 3353, 3359, -1,
				 3359, 3353, 3354, -1,
				 3354, 3355, 3359, -1,
				 3359, 3355, 3356, -1,
				 3356, 3357, 3359, -1,
				 3359, 3357, 3358, -1,
				 3361, 3368, 3360, -1,
				 3360, 3368, 3367, -1,
				 3361, 3362, 3368, -1,
				 3368, 3362, 3363, -1,
				 3363, 3364, 3368, -1,
				 3368, 3364, 3365, -1,
				 3365, 3366, 3368, -1,
				 3368, 3366, 3367, -1,
				 3333, 3, 3332, -1,
				 3, 2, 3332, -1,
				 3267, 3268, 3269, -1,
				 3269, 3268, 3270, -1,
				 3344, 3345, 3351, -1,
				 3345, 3352, 3351, -1,
				 3345, 3346, 3352, -1,
				 3352, 3346, 3353, -1,
				 3343, 3349, 3355, -1,
				 3349, 3356, 3355, -1,
				 3349, 3347, 3356, -1,
				 3356, 3347, 3357, -1,
				 3341, 3338, 3360, -1,
				 3338, 3361, 3360, -1,
				 3338, 3337, 3361, -1,
				 3361, 3337, 3362, -1,
				 3342, 3335, 3364, -1,
				 3335, 3365, 3364, -1,
				 3335, 3339, 3365, -1,
				 3365, 3339, 3366, -1,
				 3260, 3332, 3329, -1,
				 3331, 3329, 3332, -1,
				 3260, 3259, 3332, -1,
				 3259, 3333, 3332, -1,
				 3259, 3328, 3333, -1,
				 3328, 3330, 3333, -1,
				 3301, 3302, 3328, -1,
				 3330, 3328, 3302, -1,
				 3301, 3300, 3302, -1,
				 3302, 3300, 3303, -1,
				 3300, 3329, 3303, -1,
				 3329, 3331, 3303, -1,
				 3307, 3270, 3296, -1,
				 3270, 3268, 3296, -1,
				 3267, 3269, 3297, -1,
				 3269, 3306, 3297, -1,
				 3313, 3274, 3314, -1,
				 3274, 3275, 3314, -1,
				 3314, 3275, 3334, -1,
				 3315, 3276, 3312, -1,
				 3276, 3273, 3312, -1,
				 3275, 3281, 3334, -1,
				 3281, 3283, 3334, -1,
				 3324, 3325, 3290, -1,
				 3325, 3291, 3290, -1,
				 3346, 3350, 3353, -1,
				 3350, 3354, 3353, -1,
				 3350, 3343, 3354, -1,
				 3354, 3343, 3355, -1,
				 3347, 3348, 3357, -1,
				 3348, 3358, 3357, -1,
				 3348, 3344, 3358, -1,
				 3358, 3344, 3351, -1,
				 3337, 3336, 3362, -1,
				 3336, 3363, 3362, -1,
				 3336, 3342, 3363, -1,
				 3363, 3342, 3364, -1,
				 3339, 3340, 3366, -1,
				 3340, 3367, 3366, -1,
				 3340, 3341, 3367, -1,
				 3367, 3341, 3360, -1,
				 3292, 3272, 3311, -1,
				 3307, 3311, 3272, -1,
				 3293, 3310, 3271, -1,
				 3310, 3306, 3271, -1,
				 3379, 3370, 3378, -1,
				 3369, 3378, 3370, -1,
				 3384, 3378, 3372, -1,
				 3369, 3372, 3378, -1,
				 3381, 3383, 3374, -1,
				 3375, 3374, 3383, -1,
				 3380, 3373, 3383, -1,
				 3375, 3383, 3373, -1,
				 3382, 3386, 3371, -1,
				 3386, 3377, 3371, -1,
				 3385, 3376, 3386, -1,
				 3377, 3386, 3376, -1,
				 1275, 3398, 283, -1,
				 283, 3398, 282, -1,
				 3402, 3393, 3390, -1,
				 3388, 3390, 3393, -1,
				 3398, 3396, 282, -1,
				 285, 282, 3396, -1,
				 3400, 3402, 3389, -1,
				 3389, 3402, 3390, -1,
				 3395, 3401, 3391, -1,
				 3391, 3401, 3392, -1,
				 3401, 3397, 3392, -1,
				 3387, 3392, 3397, -1,
				 3399, 1276, 771, -1,
				 284, 771, 1276, -1,
				 3394, 3399, 772, -1,
				 772, 3399, 771, -1,
				 3375, 3391, 288, -1,
				 288, 3391, 397, -1,
				 3391, 3375, 3373, -1,
				 288, 285, 3375, -1,
				 3375, 285, 3374, -1,
				 289, 3377, 283, -1,
				 283, 3377, 3376, -1,
				 289, 284, 3377, -1,
				 3377, 284, 3371, -1,
				 331, 332, 3403, -1,
				 3403, 332, 3387, -1,
				 332, 328, 3387, -1,
				 3387, 328, 3392, -1,
				 327, 3404, 397, -1,
				 397, 3404, 653, -1,
				 334, 3404, 327, -1,
				 398, 383, 673, -1,
				 3369, 745, 3388, -1,
				 3388, 745, 383, -1,
				 3388, 3372, 3369, -1,
				 772, 745, 3370, -1,
				 3370, 745, 3369, -1,
				 328, 327, 3392, -1,
				 3392, 327, 3391, -1,
				 3391, 327, 397, -1,
				 329, 3390, 398, -1,
				 398, 3390, 3388, -1,
				 3388, 383, 398, -1,
				 329, 330, 3390, -1,
				 3390, 330, 3389, -1,
				 330, 331, 3389, -1,
				 3389, 331, 3403, -1,
				 653, 3404, 657, -1,
				 3404, 658, 657, -1,
				 3404, 334, 658, -1,
				 658, 334, 337, -1,
				 1281, 3405, 1296, -1,
				 3406, 1296, 3405, -1,
				 1297, 1296, 3407, -1,
				 1296, 3406, 3407, -1,
				 1301, 3408, 3409, -1,
				 3393, 3409, 3408, -1,
				 1302, 3394, 1301, -1,
				 1301, 3394, 3408, -1,
				 1306, 3411, 3396, -1,
				 3396, 3411, 3410, -1,
				 3411, 1319, 3410, -1,
				 1319, 3395, 3410, -1,
				 1374, 1367, 1373, -1,
				 1373, 1367, 1360, -1,
				 1374, 1385, 1367, -1,
				 1385, 1383, 1367, -1,
				 1393, 1373, 1387, -1,
				 1387, 1373, 1360, -1,
				 1373, 1393, 1299, -1,
				 1393, 1317, 1299, -1,
				 1305, 1385, 1300, -1,
				 1385, 1374, 1300, -1,
				 1385, 1393, 1383, -1,
				 1383, 1393, 1387, -1,
				 3412, 3413, 3414, -1,
				 3414, 3413, 3415, -1,
				 3382, 3371, 1276, -1,
				 1276, 3371, 284, -1,
				 1309, 1429, 1308, -1,
				 1308, 1429, 3397, -1,
				 1281, 1277, 3405, -1,
				 1276, 3405, 1277, -1,
				 1281, 1282, 1277, -1,
				 1051, 1278, 1282, -1,
				 1282, 1278, 1277, -1,
				 3387, 3397, 1314, -1,
				 1315, 1314, 1429, -1,
				 1314, 3397, 1429, -1,
				 1429, 1430, 1315, -1,
				 1315, 1430, 1316, -1,
				 1053, 1316, 1430, -1,
				 3410, 3395, 3383, -1,
				 3383, 3395, 3380, -1,
				 3410, 3383, 3396, -1,
				 3383, 3381, 3396, -1,
				 3408, 3378, 3393, -1,
				 3393, 3378, 3384, -1,
				 3408, 3394, 3378, -1,
				 3378, 3394, 3379, -1,
				 1318, 3416, 1100, -1,
				 3416, 1101, 1100, -1,
				 3413, 3418, 3415, -1,
				 3415, 3418, 3419, -1,
				 1301, 1304, 3417, -1,
				 3417, 1304, 3420, -1,
				 3409, 1304, 1301, -1,
				 1325, 3401, 1326, -1,
				 1326, 3401, 3395, -1,
				 1325, 1308, 3401, -1,
				 1308, 3397, 3401, -1,
				 1327, 43, 1314, -1,
				 1311, 1303, 3402, -1,
				 3402, 1303, 3393, -1,
				 1311, 3402, 1320, -1,
				 3400, 1320, 3402, -1,
				 1284, 1283, 3398, -1,
				 3398, 1283, 3396, -1,
				 1284, 3398, 1279, -1,
				 1279, 3398, 1275, -1,
				 3406, 3405, 3399, -1,
				 3399, 3405, 1276, -1,
				 3406, 3399, 3407, -1,
				 3407, 3399, 3394, -1,
				 1327, 1324, 42, -1,
				 40, 41, 1324, -1,
				 1324, 41, 42, -1,
				 39, 3389, 287, -1,
				 287, 3389, 3403, -1,
				 3389, 39, 1324, -1,
				 1324, 39, 40, -1,
				 3403, 286, 287, -1,
				 3387, 1314, 38, -1,
				 38, 1314, 45, -1,
				 38, 286, 3387, -1,
				 3387, 286, 3403, -1,
				 43, 44, 1314, -1,
				 44, 45, 1314, -1,
				 43, 1327, 42, -1,
				 1074, 3422, 1322, -1,
				 1323, 1322, 3422, -1,
				 3421, 1323, 3422, -1,
				 1322, 1070, 1074, -1,
				 3411, 1317, 1319, -1,
				 1306, 1299, 3411, -1,
				 3411, 1299, 1317, -1,
				 1329, 1070, 3423, -1,
				 3423, 1070, 1322, -1,
				 1313, 3424, 1304, -1,
				 3424, 3420, 1304, -1,
				 1323, 3421, 1313, -1,
				 3421, 3424, 1313, -1,
				 3384, 3372, 3393, -1,
				 3393, 3372, 3388, -1,
				 3379, 3394, 3370, -1,
				 3370, 3394, 772, -1,
				 1304, 3409, 1303, -1,
				 1303, 3409, 3393, -1,
				 1280, 1279, 1291, -1,
				 1291, 1279, 1275, -1,
				 1280, 1291, 1295, -1,
				 1293, 1295, 1291, -1,
				 1084, 1295, 1293, -1,
				 1297, 3407, 1302, -1,
				 1302, 3407, 3394, -1,
				 1297, 1302, 1100, -1,
				 1318, 1100, 1302, -1,
				 3414, 3415, 3426, -1,
				 3419, 3426, 3415, -1,
				 1318, 3412, 3416, -1,
				 3416, 3412, 3425, -1,
				 1318, 1301, 3412, -1,
				 1301, 3413, 3412, -1,
				 1301, 3417, 3413, -1,
				 3413, 3417, 3418, -1,
				 3412, 3414, 3425, -1,
				 3425, 3414, 3426, -1,
				 3380, 3395, 3373, -1,
				 3373, 3395, 3391, -1,
				 3381, 3374, 3396, -1,
				 3374, 285, 3396, -1,
				 3385, 1275, 3376, -1,
				 3376, 1275, 283, -1,
				 1321, 1320, 3427, -1,
				 3427, 1320, 3400, -1,
				 1286, 1306, 1283, -1,
				 1283, 1306, 3396, -1,
				 1286, 1287, 1306, -1,
				 1288, 1307, 1287, -1,
				 1287, 1307, 1306, -1,
				 3400, 3389, 1324, -1,
				 1324, 1329, 3400, -1,
				 3400, 1329, 3427, -1,
				 3423, 3427, 1329, -1,
				 1331, 1326, 1319, -1,
				 1319, 1326, 3395, -1,
				 1331, 1319, 1333, -1,
				 1333, 1319, 1330, -1,
				 1079, 1333, 1330, -1,
				 1290, 1275, 3386, -1,
				 1275, 3385, 3386, -1,
				 1290, 3386, 1276, -1,
				 3382, 1276, 3386, -1,
				 1058, 1057, 1431, -1,
				 1057, 3428, 1431, -1,
				 1063, 1062, 1056, -1,
				 1062, 1054, 1056, -1,
				 1054, 1316, 1056, -1,
				 1316, 1072, 1056, -1,
				 1053, 3428, 1316, -1,
				 1057, 1316, 3428, -1,
				 1072, 1316, 1057, -1,
				 1071, 1431, 1053, -1,
				 1053, 1431, 3428, -1,
				 1328, 3423, 1322, -1,
				 1321, 3427, 1328, -1,
				 3423, 1328, 3427, -1,
				 3430, 3429, 3432, -1,
				 3429, 3431, 3432, -1,
				 3434, 3433, 3429, -1,
				 3433, 3431, 3429, -1,
				 3437, 3436, 3438, -1,
				 3436, 3435, 3438, -1,
				 3439, 3438, 3440, -1,
				 3438, 3435, 3440, -1,
				 3442, 3441, 3443, -1,
				 3444, 3443, 3441, -1,
				 3445, 3443, 3446, -1,
				 3443, 3444, 3446, -1,
				 3447, 2721, 2159, -1,
				 2721, 2238, 2159, -1,
				 3449, 3448, 3451, -1,
				 3448, 3450, 3451, -1,
				 3447, 2159, 3452, -1,
				 2159, 2157, 3452, -1,
				 3449, 3453, 3448, -1,
				 3453, 3454, 3448, -1,
				 3456, 3455, 3458, -1,
				 3455, 3457, 3458, -1,
				 3456, 3458, 3460, -1,
				 3458, 3459, 3460, -1,
				 3461, 2244, 2723, -1,
				 2244, 2243, 2723, -1,
				 3461, 3462, 2244, -1,
				 3462, 2246, 2244, -1,
				 3435, 2111, 3457, -1,
				 3457, 2111, 2112, -1,
				 3457, 3440, 3435, -1,
				 2157, 2111, 3436, -1,
				 2111, 3435, 3436, -1,
				 2240, 2238, 3444, -1,
				 3444, 2238, 3446, -1,
				 2240, 3444, 2243, -1,
				 2243, 3444, 3441, -1,
				 1814, 1813, 3459, -1,
				 1813, 3463, 3459, -1,
				 1785, 1814, 3458, -1,
				 1814, 3459, 3458, -1,
				 1784, 2112, 3464, -1,
				 2112, 2115, 3464, -1,
				 1775, 1784, 3464, -1,
				 2130, 2139, 2135, -1,
				 3431, 3450, 2217, -1,
				 2217, 3450, 2135, -1,
				 3450, 3431, 3433, -1,
				 2217, 2246, 3431, -1,
				 2246, 3432, 3431, -1,
				 1785, 3458, 1784, -1,
				 1784, 3458, 3457, -1,
				 3457, 2112, 1784, -1,
				 1810, 2130, 3448, -1,
				 3448, 2130, 3450, -1,
				 3450, 2130, 2135, -1,
				 1809, 1810, 3454, -1,
				 1810, 3448, 3454, -1,
				 1813, 1809, 3463, -1,
				 1809, 3454, 3463, -1,
				 3464, 2115, 2106, -1,
				 2106, 2115, 2105, -1,
				 1775, 3464, 1774, -1,
				 3464, 2106, 1774, -1,
				 2728, 2729, 3466, -1,
				 2729, 3465, 3466, -1,
				 2732, 3467, 2729, -1,
				 3465, 2729, 3467, -1,
				 2769, 3468, 3469, -1,
				 3468, 3451, 3469, -1,
				 2768, 2769, 3462, -1,
				 3462, 2769, 3469, -1,
				 3470, 2743, 3471, -1,
				 2743, 3452, 3471, -1,
				 2765, 3470, 3455, -1,
				 3455, 3470, 3471, -1,
				 2840, 2839, 2824, -1,
				 2824, 2839, 2815, -1,
				 2835, 2840, 2822, -1,
				 2822, 2840, 2824, -1,
				 2839, 2834, 2815, -1,
				 2834, 2817, 2815, -1,
				 2839, 2742, 2834, -1,
				 2742, 2766, 2834, -1,
				 2835, 2741, 2840, -1,
				 2840, 2741, 2740, -1,
				 2834, 2835, 2817, -1,
				 2835, 2822, 2817, -1,
				 3473, 3472, 3474, -1,
				 3474, 3472, 3475, -1,
				 3442, 2723, 3441, -1,
				 3441, 2723, 2243, -1,
				 2759, 2760, 2858, -1,
				 2858, 2760, 3460, -1,
				 2728, 3466, 2724, -1,
				 3466, 2723, 2724, -1,
				 2728, 2724, 2731, -1,
				 2731, 2724, 2727, -1,
				 2549, 2731, 2727, -1,
				 3459, 2757, 3460, -1,
				 2758, 2858, 2757, -1,
				 3460, 2757, 2858, -1,
				 2858, 2758, 2859, -1,
				 2758, 2764, 2859, -1,
				 2764, 2533, 2859, -1,
				 3471, 3438, 3455, -1,
				 3455, 3438, 3439, -1,
				 3471, 3452, 3438, -1,
				 3452, 3437, 3438, -1,
				 3469, 3451, 3429, -1,
				 3429, 3451, 3434, -1,
				 3469, 3429, 3462, -1,
				 3462, 3429, 3430, -1,
				 2770, 2570, 3416, -1,
				 1101, 3416, 2570, -1,
				 3474, 3475, 3418, -1,
				 3418, 3475, 3419, -1,
				 2769, 3417, 2736, -1,
				 2736, 3417, 3420, -1,
				 3468, 2769, 2736, -1,
				 2750, 2752, 3456, -1,
				 3456, 2752, 3455, -1,
				 2750, 3456, 2760, -1,
				 3460, 2760, 3456, -1,
				 2756, 2757, 1518, -1,
				 2734, 3449, 2737, -1,
				 2737, 3449, 3451, -1,
				 2734, 2745, 3449, -1,
				 2745, 3453, 3449, -1,
				 2710, 3447, 2713, -1,
				 2713, 3447, 3452, -1,
				 2710, 2715, 3447, -1,
				 3447, 2715, 2721, -1,
				 3465, 3461, 3466, -1,
				 3466, 3461, 2723, -1,
				 3465, 3467, 3461, -1,
				 3461, 3467, 3462, -1,
				 2756, 1515, 2755, -1,
				 1532, 2755, 1534, -1,
				 2755, 1515, 1534, -1,
				 1537, 2478, 3454, -1,
				 3454, 2478, 3463, -1,
				 3454, 2755, 1537, -1,
				 1537, 2755, 1532, -1,
				 3463, 2478, 2161, -1,
				 2757, 3459, 1522, -1,
				 3459, 1536, 1522, -1,
				 1536, 3459, 2161, -1,
				 2161, 3459, 3463, -1,
				 1518, 2757, 1520, -1,
				 1520, 2757, 1522, -1,
				 1518, 1515, 2756, -1,
				 1074, 2747, 3422, -1,
				 2747, 2748, 3422, -1,
				 3421, 3422, 2748, -1,
				 2747, 1074, 2531, -1,
				 3470, 2765, 2766, -1,
				 2743, 3470, 2742, -1,
				 2742, 3470, 2766, -1,
				 2754, 3476, 2531, -1,
				 2531, 3476, 2747, -1,
				 2738, 2736, 3424, -1,
				 3420, 3424, 2736, -1,
				 2748, 2738, 3421, -1,
				 3424, 3421, 2738, -1,
				 3434, 3451, 3433, -1,
				 3433, 3451, 3450, -1,
				 3430, 3432, 3462, -1,
				 3462, 3432, 2246, -1,
				 2736, 2737, 3468, -1,
				 3468, 2737, 3451, -1,
				 2714, 2720, 2715, -1,
				 2715, 2720, 2721, -1,
				 2714, 2733, 2720, -1,
				 2733, 2726, 2720, -1,
				 2560, 2726, 2733, -1,
				 2732, 2768, 3467, -1,
				 3467, 2768, 3462, -1,
				 2732, 2570, 2768, -1,
				 2570, 2770, 2768, -1,
				 3472, 3426, 3475, -1,
				 3426, 3419, 3475, -1,
				 2770, 3416, 3473, -1,
				 3473, 3416, 3425, -1,
				 2770, 3473, 2769, -1,
				 3474, 2769, 3473, -1,
				 2769, 3474, 3417, -1,
				 3417, 3474, 3418, -1,
				 3473, 3425, 3472, -1,
				 3472, 3425, 3426, -1,
				 3439, 3440, 3455, -1,
				 3455, 3440, 3457, -1,
				 3437, 3452, 3436, -1,
				 2157, 3436, 3452, -1,
				 3445, 3446, 2721, -1,
				 2721, 3446, 2238, -1,
				 2744, 3477, 2745, -1,
				 2745, 3477, 3453, -1,
				 2712, 2713, 2743, -1,
				 2743, 2713, 3452, -1,
				 2712, 2743, 2717, -1,
				 2718, 2717, 2739, -1,
				 2739, 2717, 2743, -1,
				 3453, 2755, 3454, -1,
				 2754, 2755, 3477, -1,
				 2755, 3453, 3477, -1,
				 3476, 2754, 3477, -1,
				 2751, 2765, 2752, -1,
				 2752, 2765, 3455, -1,
				 2751, 2762, 2765, -1,
				 2765, 2762, 2767, -1,
				 2536, 2767, 2762, -1,
				 2722, 3443, 2721, -1,
				 3445, 2721, 3443, -1,
				 2722, 2723, 3443, -1,
				 2723, 3442, 3443, -1,
				 2546, 2899, 2547, -1,
				 2899, 3478, 2547, -1,
				 2540, 2541, 2543, -1,
				 2541, 2542, 2543, -1,
				 2764, 2540, 2544, -1,
				 2544, 2540, 2543, -1,
				 2533, 2764, 3478, -1,
				 2764, 2547, 3478, -1,
				 2544, 2547, 2764, -1,
				 2532, 2533, 2899, -1,
				 2899, 2533, 3478, -1,
				 2746, 2747, 3476, -1,
				 2744, 2746, 3477, -1,
				 2746, 3476, 3477, -1,
				 3482, 3480, 3481, -1,
				 3479, 3481, 3480, -1,
				 1415, 1419, 3479, -1,
				 3479, 1419, 3481, -1,
				 3482, 3481, 3483, -1,
				 3483, 3481, 1432, -1,
				 1419, 1420, 3481, -1,
				 3481, 1420, 1432, -1,
				 3484, 1422, 3480, -1,
				 1416, 3479, 1422, -1,
				 1422, 3479, 3480, -1,
				 1415, 3479, 1416, -1,
				 3480, 3482, 3484, -1,
				 3484, 3482, 3483, -1,
				 3488, 3487, 3485, -1,
				 3487, 3486, 3485, -1,
				 2850, 3486, 2851, -1,
				 2851, 3486, 3487, -1,
				 3488, 3483, 3487, -1,
				 3487, 3483, 1432, -1,
				 1420, 2851, 1432, -1,
				 2851, 3487, 1432, -1,
				 3484, 3485, 1422, -1,
				 1416, 1422, 3486, -1,
				 3486, 1422, 3485, -1,
				 2850, 1416, 3486, -1,
				 3485, 3484, 3488, -1,
				 3488, 3484, 3483, -1,
				 1170, 3489, 1194, -1,
				 1171, 3016, 1172, -1,
				 3017, 1172, 3016, -1,
				 1172, 3017, 1164, -1,
				 1164, 3017, 3004, -1,
				 1164, 3004, 3490, -1,
				 2979, 3490, 3004, -1,
				 1198, 3492, 1197, -1,
				 1197, 3492, 3491, -1,
				 1199, 3493, 1198, -1,
				 1198, 3493, 3492, -1,
				 1199, 1194, 3493, -1,
				 3493, 1194, 3494, -1,
				 3489, 3495, 1194, -1,
				 1194, 3495, 3494, -1,
				 3495, 3489, 3490, -1,
				 1197, 3491, 1200, -1,
				 1200, 3491, 3496, -1,
				 3492, 2975, 3491, -1,
				 3491, 2975, 2974, -1,
				 3493, 2976, 3492, -1,
				 2975, 3492, 2976, -1,
				 3494, 2977, 3493, -1,
				 2976, 3493, 2977, -1,
				 3494, 3495, 2977, -1,
				 3495, 2978, 2977, -1,
				 3490, 2979, 3495, -1,
				 2978, 3495, 2979, -1,
				 3491, 2974, 3496, -1,
				 3496, 2974, 3005, -1,
				 1164, 3490, 1166, -1,
				 1166, 3490, 1167, -1,
				 1170, 1167, 3489, -1,
				 3489, 1167, 3490, -1,
				 2616, 2650, 3497, -1,
				 1171, 2623, 3016, -1,
				 2623, 3060, 3016, -1,
				 2623, 2621, 3060, -1,
				 3060, 2621, 3058, -1,
				 2621, 3498, 3058, -1,
				 3498, 3044, 3058, -1,
				 2651, 2649, 3500, -1,
				 3500, 2649, 3499, -1,
				 2652, 2651, 3501, -1,
				 3501, 2651, 3500, -1,
				 2652, 3501, 2650, -1,
				 2650, 3501, 3502, -1,
				 3497, 2650, 3503, -1,
				 3503, 2650, 3502, -1,
				 3503, 3498, 3497, -1,
				 2649, 1200, 3499, -1,
				 3499, 1200, 3496, -1,
				 3500, 3499, 3036, -1,
				 3036, 3499, 3035, -1,
				 3501, 3500, 3037, -1,
				 3500, 3036, 3037, -1,
				 3502, 3501, 3039, -1,
				 3501, 3037, 3039, -1,
				 3502, 3039, 3503, -1,
				 3042, 3503, 3039, -1,
				 3498, 3503, 3044, -1,
				 3503, 3042, 3044, -1,
				 3499, 3496, 3035, -1,
				 3035, 3496, 3005, -1,
				 2621, 2622, 3498, -1,
				 3498, 2622, 2615, -1,
				 2616, 3497, 2615, -1,
				 2615, 3497, 3498, -1 ] 
	    }
	}
    }
}

