#VRML V1.0 ascii

Separator {
    renderCaching	OFF
    renderCulling	OFF
    Callback {
    }
    ShapeHints {
	vertexOrdering	COUNTERCLOCKWISE
	faceType	CONVEX
    }
    Separator {
	renderCulling	OFF
	Material {
	    diffuseColor	.8 .8 .8
	    specularColor	.5 .5 .5
	    shininess		0.2
	}
	Separator {
	    renderCulling	OFF
	    Coordinate3 {
			point [
				 0.706198 -1.078313 0.901835,
				 -0.671206 -1.078313 0.901835,
				 0.546384 -1.188375 1.049094,
				 -0.511392 -1.188375 1.049094,
				 0.742336 -1.078313 0.793247,
				 -0.707344 -1.078313 0.793247,
				 0.645619 -1.188374 0.979987,
				 -0.610627 -1.188374 0.979987,
				 0.717737 -1.078313 0.886949,
				 -0.682745 -1.078313 0.886949,
				 0.706200 -1.459210 0.809140,
				 -0.671208 -1.459210 0.809140,
				 0.546391 -1.787282 0.807778,
				 -0.511399 -1.787282 0.807778,
				 0.717739 -1.426926 0.806539,
				 -0.682747 -1.426926 0.806539,
				 0.645623 -1.632816 0.810443,
				 -0.610631 -1.632816 0.810443,
				 0.706198 -0.729144 0.901835,
				 -0.671206 -0.729144 0.901835,
				 0.706200 -1.465069 0.793239,
				 -0.671208 -1.465069 0.793239,
				 0.706200 -1.456390 0.816793,
				 -0.671208 -1.456390 0.816793,
				 0.706200 -1.430946 0.844466,
				 -0.671208 -1.430946 0.844466,
				 0.706200 -1.390471 0.868229,
				 -0.671208 -1.390471 0.868229,
				 0.706199 -1.337722 0.886463,
				 -0.671207 -1.337722 0.886463,
				 0.706198 -1.276295 0.897925,
				 -0.671206 -1.276295 0.897925,
				 0.706198 -1.210375 0.901835,
				 -0.671206 -1.210375 0.901835,
				 0.706198 -0.702213 0.901835,
				 -0.671206 -0.702213 0.901835,
				 0.706198 -1.019050 0.901835,
				 -0.671206 -1.019050 0.901835,
				 0.546384 -0.853804 1.049094,
				 -0.511392 -0.853804 1.049094,
				 0.717737 -0.729144 0.886949,
				 -0.682745 -0.729144 0.886949,
				 0.530897 -0.853804 1.059879,
				 -0.495905 -0.853804 1.059879,
				 0.742336 -0.728688 0.793239,
				 -0.707344 -0.728689 0.793239,
				 0.645619 -0.729144 0.979987,
				 -0.610627 -0.729144 0.979987,
				 0.546391 -1.791954 0.793239,
				 -0.511399 -1.791954 0.793239,
				 0.546391 -1.772137 0.854907,
				 -0.511399 -1.772137 0.854907,
				 0.546390 -1.714037 0.918095,
				 -0.511398 -1.714037 0.918095,
				 0.546389 -1.621614 0.972357,
				 -0.511397 -1.621614 0.972357,
				 0.546388 -1.501166 1.013993,
				 -0.511396 -1.501166 1.013993,
				 0.546386 -1.360901 1.040167,
				 -0.511394 -1.360901 1.040167,
				 0.546384 -1.210378 1.049094,
				 -0.511392 -1.210378 1.049094,
				 0.546384 -1.019050 1.049094,
				 -0.511392 -1.019050 1.049094,
				 0.717739 -1.432025 0.793239,
				 -0.682747 -1.432025 0.793239,
				 0.645623 -1.638549 0.793239,
				 -0.610631 -1.638549 0.793239,
				 0.717739 -1.424472 0.812941,
				 -0.682747 -1.424472 0.812941,
				 0.645623 -1.623959 0.837021,
				 -0.610631 -1.623959 0.837021,
				 0.530903 -1.795263 0.857698,
				 -0.495911 -1.795263 0.857698,
				 0.717739 -1.402329 0.837023,
				 -0.682747 -1.402329 0.837023,
				 0.645623 -1.581185 0.883542,
				 -0.610631 -1.581185 0.883542,
				 0.717738 -1.367105 0.857703,
				 -0.682746 -1.367105 0.857703,
				 0.717738 -1.321200 0.873571,
				 -0.682746 -1.321200 0.873571,
				 0.717737 -1.267742 0.883547,
				 -0.682745 -1.267742 0.883547,
				 0.530899 -1.367098 1.050585,
				 -0.495907 -1.367098 1.050585,
				 0.742336 -1.210375 0.793264,
				 -0.707344 -1.210375 0.793264,
				 0.717737 -1.210375 0.886949,
				 -0.682745 -1.210375 0.886949,
				 0.645619 -1.210376 0.979987,
				 -0.610627 -1.210376 0.979987,
				 0.530897 -1.210378 1.059879,
				 -0.495905 -1.210378 1.059879,
				 0.717737 -1.019050 0.886949,
				 -0.682745 -1.019050 0.886949,
				 0.530897 -1.019050 1.059879,
				 -0.495905 -1.019050 1.059879,
				 0.717737 -0.702211 0.886949,
				 -0.682745 -0.702212 0.886949,
				 0.017496 -0.238274 1.172863,
				 0.207287 -0.238272 1.159720,
				 -0.172295 -0.238272 1.159720,
				 0.381390 -0.238270 1.121183,
				 -0.346398 -0.238270 1.121183,
				 0.530897 -0.238269 1.059879,
				 -0.495905 -0.238269 1.059879,
				 0.206095 -0.237705 0.793239,
				 -0.171103 -0.237705 0.793239,
				 0.531562 -0.237705 0.793239,
				 -0.496570 -0.237705 0.793239,
				 0.017496 -0.702219 1.172863,
				 0.207287 -0.702217 1.159720,
				 -0.172295 -0.702217 1.159720,
				 0.381390 -0.702216 1.121183,
				 -0.346398 -0.702216 1.121183,
				 0.530897 -0.702214 1.059879,
				 -0.495905 -0.702214 1.059879,
				 0.645619 -0.702213 0.979987,
				 -0.610627 -0.702213 0.979987,
				 0.017496 -1.409854 1.161032,
				 0.207289 -1.403055 1.148292,
				 -0.172297 -1.403055 1.148292,
				 0.381390 -1.210381 1.121183,
				 -0.346398 -1.210381 1.121183,
				 0.530900 -1.513137 1.023334,
				 -0.495908 -1.513137 1.023334,
				 0.530902 -1.638544 0.979983,
				 -0.495910 -1.638544 0.979983,
				 0.530903 -1.734772 0.923488,
				 -0.495911 -1.734772 0.923488,
				 0.719626 -0.701715 0.793239,
				 -0.684634 -0.701716 0.793239,
				 0.742336 -0.701715 0.793239,
				 -0.707344 -0.701716 0.793239,
				 0.207296 -2.037523 0.793239,
				 -0.172304 -2.037523 0.793239,
				 0.381398 -1.951978 0.793239,
				 -0.346406 -1.951978 0.793239,
				 0.530904 -1.815895 0.793239,
				 -0.495912 -1.815895 0.793239,
				 0.512209 -0.238269 1.067542,
				 -0.477217 -0.238269 1.067542,
				 0.512810 -0.237705 0.793239,
				 -0.477818 -0.237705 0.793239,
				 0.512209 -0.702214 1.067542,
				 -0.477217 -0.702214 1.067542,
				 0.512209 -1.019050 1.067542,
				 -0.477217 -1.019050 1.067542,
				 0.512209 -1.210378 1.067542,
				 -0.477217 -1.210378 1.067542,
				 0.512210 -1.371500 1.057986,
				 -0.477218 -1.371500 1.057986,
				 0.512212 -1.521642 1.029970,
				 -0.477220 -1.521642 1.029970,
				 0.512213 -1.650572 0.985402,
				 -0.477221 -1.650572 0.985402,
				 0.512215 -1.749503 0.927320,
				 -0.477223 -1.749503 0.927320,
				 0.442882 -1.872652 0.867040,
				 -0.407890 -1.872652 0.867040,
				 0.442882 -1.896014 0.793239,
				 -0.407890 -1.896014 0.793239,
				 0.547004 -0.701716 0.793239,
				 -0.512012 -0.701716 0.793239,
				 0.546384 -0.702214 1.049094,
				 -0.511392 -0.702214 1.049094,
				 0.207287 -0.729148 1.159720,
				 -0.172295 -0.729148 1.159720,
				 0.017496 -0.729150 1.172863,
				 0.381390 -0.729147 1.121183,
				 -0.346398 -0.729147 1.121183,
				 0.530897 -0.897290 1.059879,
				 -0.495905 -0.897290 1.059879,
				 0.512209 -0.897290 1.067542,
				 -0.477217 -0.897290 1.067542,
				 0.707838 -0.701715 0.793239,
				 -0.672846 -0.701716 0.793239,
				 0.017496 -2.059822 0.815331,
				 0.207296 -2.030878 0.814529,
				 -0.172304 -2.030878 0.814529,
				 0.381398 -1.946021 0.812177,
				 -0.346406 -1.946021 0.812177,
				 0.530904 -1.811031 0.808436,
				 -0.495912 -1.811031 0.808436,
				 0.442882 -1.890506 0.810639,
				 -0.407890 -1.890506 0.810639,
				 0.530897 -1.188375 1.059879,
				 -0.495905 -1.188375 1.059879,
				 0.381390 -1.188378 1.121183,
				 -0.346398 -1.188378 1.121183,
				 0.017496 -1.105409 1.172863,
				 0.207287 -1.105408 1.159720,
				 -0.172295 -1.105408 1.159720,
				 0.512209 -1.188376 1.067542,
				 -0.477217 -1.188376 1.067542,
				 0.379295 -1.188378 1.114494,
				 -0.344303 -1.188378 1.114494,
				 0.509549 -1.188376 1.061057,
				 -0.474557 -1.188376 1.061057,
				 0.206284 -1.105408 1.152782,
				 -0.171292 -1.105408 1.152782,
				 0.017496 -1.105409 1.165870,
				 0.509549 -1.019050 1.061057,
				 -0.474557 -1.019050 1.061057,
				 0.377572 -1.940417 0.810416,
				 -0.342580 -1.940417 0.810416,
				 0.438283 -1.885462 0.809047,
				 -0.403291 -1.885462 0.809047,
				 0.205275 -2.024472 0.812527,
				 -0.170283 -2.024472 0.812527,
				 0.017496 -2.053200 0.813267,
				 0.438467 -1.867962 0.864275,
				 -0.403475 -1.867962 0.864275,
				 0.379295 -0.729147 1.114494,
				 -0.344303 -0.729147 1.114494,
				 0.509549 -0.897290 1.061057,
				 -0.474557 -0.897290 1.061057,
				 0.206284 -0.729148 1.152782,
				 -0.171292 -0.729148 1.152782,
				 0.017496 -0.729150 1.165870,
				 0.508385 -1.745838 0.922733,
				 -0.473393 -1.745838 0.922733,
				 0.508922 -1.647992 0.979776,
				 -0.473930 -1.647992 0.979776,
				 0.509286 -1.520018 1.023811,
				 -0.474294 -1.520018 1.023811,
				 0.509487 -1.370717 1.051575,
				 -0.474495 -1.370717 1.051575,
				 0.509553 -1.209994 1.061067,
				 -0.474561 -1.209994 1.061067,
				 0.379299 -1.209985 1.114504,
				 -0.344307 -1.209985 1.114504,
				 0.206288 -1.402644 1.141367,
				 -0.171296 -1.402644 1.141367,
				 0.017496 -1.409440 1.154052,
				 0.379295 -1.019050 1.114494,
				 -0.344303 -1.019050 1.114494,
				 0.206284 -1.019050 1.152782,
				 -0.171292 -1.019050 1.152782,
				 0.017496 -1.019050 1.165870,
				 0.062738 -1.808028 1.051323,
				 -0.027746 -1.808028 1.051323,
				 0.017496 -1.812971 1.053534,
				 0.206172 -1.622184 1.103108,
				 -0.171180 -1.622184 1.103108,
				 0.017496 -1.636756 1.114424,
				 0.206259 -1.423620 1.140140,
				 -0.171267 -1.423620 1.140140,
				 0.017496 -1.431167 1.152778,
				 0.540383 -1.209867 1.040476,
				 -0.505391 -1.209867 1.040476,
				 0.638383 -1.209925 0.972372,
				 -0.603391 -1.209925 0.972372,
				 0.539038 -1.710232 0.911613,
				 -0.504046 -1.710232 0.911613,
				 0.637255 -1.577962 0.878052,
				 -0.602263 -1.577962 0.878052,
				 0.540264 -1.359867 1.031681,
				 -0.505272 -1.359867 1.031681,
				 0.539922 -1.499058 1.005974,
				 -0.504930 -1.499058 1.005974,
				 0.539348 -1.618373 0.965253,
				 -0.504356 -1.618373 0.965253,
				 0.540376 -0.853804 1.040466,
				 -0.505384 -0.853804 1.040466,
				 0.540376 -1.019050 1.040466,
				 -0.505384 -1.019050 1.040466,
				 0.638376 -0.729144 0.972364,
				 -0.603384 -0.729144 0.972364,
				 0.697893 -1.209994 0.895398,
				 -0.662901 -1.209994 0.895398,
				 0.696995 -1.428374 0.840085,
				 -0.662003 -1.428374 0.840085,
				 0.697888 -0.729144 0.895393,
				 -0.662896 -0.729144 0.895393,
				 0.697803 -1.275533 0.891642,
				 -0.662811 -1.275533 0.891642,
				 0.697557 -1.336207 0.880670,
				 -0.662565 -1.336207 0.880670,
				 0.697184 -1.388238 0.863302,
				 -0.662192 -1.388238 0.863302,
				 0.697888 -1.019050 0.895393,
				 -0.662896 -1.019050 0.895393,
				 0.540376 -1.188375 1.040466,
				 -0.505384 -1.188375 1.040466,
				 0.697888 -1.078313 0.895393,
				 -0.662896 -1.078313 0.895393,
				 0.638376 -1.188374 0.972364,
				 -0.603384 -1.188374 0.972364,
				 0.638277 -1.320287 0.965944,
				 -0.603285 -1.320287 0.965944,
				 0.637979 -1.422630 0.947159,
				 -0.602987 -1.422630 0.947159,
				 0.637503 -1.510373 0.917409,
				 -0.602511 -1.510373 0.917409,
				 0.638376 -1.019050 0.972364,
				 -0.603384 -1.019050 0.972364,
				 0.742337 -1.210397 0.000962,
				 -0.707345 -1.210397 0.000962,
				 1.018587 -1.210397 0.031117,
				 -0.983595 -1.210397 0.031117,
				 1.252780 -1.210396 0.116988,
				 -1.217788 -1.210397 0.116988,
				 1.409263 -1.210396 0.245505,
				 -1.374271 -1.210397 0.245505,
				 1.464213 -1.210396 0.397101,
				 -1.429221 -1.210397 0.397101,
				 1.409263 -1.210396 0.548696,
				 -1.374271 -1.210397 0.548696,
				 1.252780 -1.210396 0.677213,
				 -1.217788 -1.210397 0.677213,
				 1.018587 -1.210397 0.763085,
				 -0.983595 -1.210397 0.763085,
				 0.717739 -1.432025 0.000962,
				 -0.682747 -1.432025 0.000962,
				 0.984576 -1.516838 0.031117,
				 -0.949584 -1.516838 0.031117,
				 0.984576 -1.516838 0.763085,
				 -0.949584 -1.516838 0.763085,
				 0.645624 -1.638549 0.000962,
				 -0.610632 -1.638549 0.000962,
				 0.884863 -1.802395 0.031117,
				 -0.849871 -1.802396 0.031117,
				 0.884863 -1.802395 0.763085,
				 -0.849871 -1.802396 0.763085,
				 0.726242 -2.047610 0.031117,
				 -0.691250 -2.047610 0.031117,
				 0.530904 -1.815896 0.000962,
				 -0.495912 -1.815896 0.000962,
				 0.726242 -2.047610 0.763085,
				 -0.691250 -2.047610 0.763085,
				 0.519524 -2.235769 0.031117,
				 -0.484532 -2.235769 0.031117,
				 0.381399 -1.951979 0.000962,
				 -0.346407 -1.951979 0.000962,
				 0.519523 -2.235769 0.763085,
				 -0.484531 -2.235769 0.763085,
				 0.207296 -2.037524 0.000962,
				 -0.172304 -2.037524 0.000962,
				 0.278795 -2.354051 0.031117,
				 -0.243803 -2.354051 0.031117,
				 0.339408 -2.622391 0.116988,
				 -0.304416 -2.622391 0.116988,
				 0.379909 -2.801688 0.245505,
				 -0.344917 -2.801688 0.245505,
				 0.394131 -2.864650 0.397101,
				 -0.359139 -2.864650 0.397101,
				 0.379909 -2.801688 0.548696,
				 -0.344917 -2.801688 0.548696,
				 0.339408 -2.622391 0.677213,
				 -0.304416 -2.622391 0.677213,
				 0.278794 -2.354051 0.763085,
				 -0.243802 -2.354051 0.763085,
				 0.017496 -2.394395 0.031117,
				 0.017496 -2.857824 0.245505,
				 0.017496 -2.672199 0.677213,
				 0.017496 -2.394395 0.763085,
				 0.017496 -2.066700 0.793239,
				 0.017496 -2.857824 0.548696,
				 0.017496 -2.923005 0.397101,
				 0.017496 -2.672200 0.116988,
				 0.017496 -2.066702 0.000962,
				 0.742337 -1.019050 0.000962,
				 -0.707345 -1.019050 0.000962,
				 1.018587 -0.705618 0.763085,
				 -0.983595 -0.705619 0.763085,
				 1.018587 0.107151 0.031117,
				 -0.983595 0.107150 0.031117,
				 0.742337 0.107150 0.000962,
				 -0.707345 0.107150 0.000962,
				 1.252780 0.107151 0.116988,
				 -1.217788 0.107150 0.116988,
				 1.409263 0.107151 0.245505,
				 -1.374271 0.107150 0.245505,
				 1.464213 0.107151 0.397101,
				 -1.429221 0.107150 0.397101,
				 1.409263 0.107151 0.548696,
				 -1.374271 0.107150 0.548696,
				 1.252780 0.107151 0.677213,
				 -1.217788 0.107150 0.677213,
				 1.018587 0.107151 0.763085,
				 -0.983595 0.107150 0.763085,
				 0.742336 0.107150 0.793239,
				 -0.707344 0.107150 0.793239,
				 1.018587 -0.701715 0.031117,
				 -0.983595 -0.701716 0.031117,
				 0.742337 -0.701715 0.000962,
				 -0.707345 -0.701716 0.000962,
				 1.018587 -0.701715 0.763085,
				 -0.983595 -0.701716 0.763085,
				 1.018587 -1.019050 0.031117,
				 -0.983595 -1.019050 0.031117,
				 0.742336 -1.019050 0.793239,
				 -0.707344 -1.019050 0.793239,
				 0.719626 0.107150 0.793239,
				 -0.684634 0.107150 0.793239,
				 0.531562 -0.701716 0.793239,
				 -0.496570 -0.701716 0.793239,
				 0.645949 -0.701715 0.793239,
				 -0.610957 -0.701716 0.793239,
				 0.531562 0.107150 0.793239,
				 -0.496570 0.107150 0.793239,
				 0.645949 0.107150 0.793239,
				 -0.610957 0.107150 0.793239,
				 1.018587 -0.237705 0.031117,
				 -0.983595 -0.237705 0.031117,
				 0.742337 -0.237705 0.000962,
				 -0.707345 -0.237705 0.000962,
				 1.018587 -0.237705 0.763085,
				 -0.983595 -0.237705 0.763085,
				 0.017496 -0.237705 0.793239,
				 0.645949 -0.237705 0.793239,
				 -0.610957 -0.237705 0.793239,
				 0.381550 -0.237705 0.793239,
				 -0.346558 -0.237705 0.793239,
				 0.395289 -2.563195 0.641725,
				 -0.360297 -2.563195 0.641725,
				 0.340622 -2.321185 0.716718,
				 -0.305630 -2.321185 0.716718,
				 0.557731 -2.214509 0.716718,
				 -0.522739 -2.214509 0.716718,
				 0.431815 -2.724900 0.529490,
				 -0.396823 -2.724900 0.529490,
				 0.444642 -2.781684 0.397101,
				 -0.409650 -2.781684 0.397101,
				 0.431816 -2.724900 0.264711,
				 -0.396824 -2.724900 0.264711,
				 0.395289 -2.563195 0.152476,
				 -0.360297 -2.563195 0.152476,
				 0.340622 -2.321185 0.077483,
				 -0.305630 -2.321185 0.077483,
				 0.557731 -2.214509 0.077483,
				 -0.522739 -2.214509 0.077483,
				 0.744166 -2.044811 0.716718,
				 -0.709174 -2.044811 0.716718,
				 0.744167 -2.044811 0.077483,
				 -0.709175 -2.044811 0.077483,
				 0.887223 -1.823658 0.716718,
				 -0.852231 -1.823658 0.716718,
				 0.887223 -1.823658 0.077483,
				 -0.852231 -1.823658 0.077483,
				 0.977153 -1.566119 0.716718,
				 -0.942161 -1.566119 0.716718,
				 0.977153 -1.566119 0.077483,
				 -0.942161 -1.566119 0.077483,
				 1.007826 -1.289746 0.716718,
				 -0.972834 -1.289746 0.716718,
				 1.007826 -1.289746 0.077483,
				 -0.972834 -1.289746 0.077483,
				 1.219041 -1.289745 0.641725,
				 -1.184049 -1.289746 0.641725,
				 1.360169 -1.289745 0.529490,
				 -1.325177 -1.289746 0.529490,
				 1.409727 -1.289745 0.397101,
				 -1.374735 -1.289746 0.397101,
				 1.360170 -1.289745 0.264711,
				 -1.325178 -1.289746 0.264711,
				 1.219041 -1.289745 0.152476,
				 -1.184049 -1.289746 0.152476,
				 0.663338 -2.431488 0.641725,
				 -0.628346 -2.431488 0.641725,
				 0.733903 -2.576470 0.529490,
				 -0.698911 -2.576470 0.529490,
				 0.758682 -2.627381 0.397101,
				 -0.723690 -2.627381 0.397101,
				 0.733903 -2.576470 0.264711,
				 -0.698911 -2.576470 0.264711,
				 0.663338 -2.431488 0.152476,
				 -0.628346 -2.431488 0.152476,
				 0.893518 -2.221974 0.641725,
				 -0.858526 -2.221975 0.641725,
				 0.993311 -2.340351 0.529490,
				 -0.958319 -2.340352 0.529490,
				 1.028354 -2.381919 0.397101,
				 -0.993362 -2.381920 0.397101,
				 0.993311 -2.340351 0.264711,
				 -0.958319 -2.340352 0.264711,
				 0.893518 -2.221974 0.152476,
				 -0.858526 -2.221975 0.152476,
				 1.070140 -1.948931 0.641725,
				 -1.035148 -1.948932 0.641725,
				 1.192362 -2.032636 0.529490,
				 -1.157370 -2.032637 0.529490,
				 1.235280 -2.062029 0.397101,
				 -1.200288 -2.062030 0.397101,
				 1.192362 -2.032636 0.264711,
				 -1.157370 -2.032637 0.264711,
				 1.070140 -1.948930 0.152476,
				 -1.035148 -1.948931 0.152476,
				 1.181170 -1.630965 0.641725,
				 -1.146178 -1.630965 0.641725,
				 1.317490 -1.674293 0.529490,
				 -1.282498 -1.674294 0.529490,
				 1.365360 -1.689509 0.397101,
				 -1.330368 -1.689510 0.397101,
				 1.317490 -1.674293 0.264711,
				 -1.282498 -1.674294 0.264711,
				 1.181170 -1.630965 0.152476,
				 -1.146178 -1.630965 0.152476,
				 0.681875 -0.689858 0.795664,
				 -0.646883 -0.689859 0.795664,
				 0.546244 -0.690278 1.010599,
				 -0.511252 -0.690278 1.010599,
				 0.546764 -0.689859 0.795664,
				 -0.511772 -0.689859 0.795664,
				 0.629607 -0.690277 0.952545,
				 -0.594615 -0.690277 0.952545,
				 0.629885 -0.689858 0.795664,
				 -0.594893 -0.689859 0.795664,
				 0.680498 -0.690277 0.886892,
				 -0.645506 -0.690277 0.886892,
				 0.630533 -0.248208 0.796908,
				 -0.595541 -0.248208 0.796908,
				 0.547412 -0.248208 0.796908,
				 -0.512420 -0.248208 0.796908,
				 0.546892 -0.248627 1.011843,
				 -0.511900 -0.248627 1.011843,
				 0.630255 -0.248626 0.953789,
				 -0.595263 -0.248626 0.953789,
				 0.682523 -0.248208 0.796908,
				 -0.647531 -0.248208 0.796908,
				 0.681145 -0.248626 0.888136,
				 -0.646153 -0.248626 0.888136,
				 0.630209 -0.469033 0.796286,
				 -0.595217 -0.469034 0.796286,
				 0.547088 -0.469033 0.796286,
				 -0.512096 -0.469034 0.796286,
				 0.546568 -0.469453 1.011221,
				 -0.511576 -0.469453 1.011221,
				 0.682199 -0.469033 0.796286,
				 -0.647207 -0.469034 0.796286,
				 0.629918 -0.667777 0.795727,
				 -0.594926 -0.667777 0.795727,
				 0.546797 -0.667777 0.795727,
				 -0.511805 -0.667777 0.795727,
				 0.546370 -0.604598 1.010841,
				 -0.511378 -0.604598 1.010841,
				 0.629640 -0.668195 0.952607,
				 -0.594648 -0.668195 0.952607,
				 0.681908 -0.667777 0.795727,
				 -0.646916 -0.667777 0.795727,
				 0.680530 -0.668194 0.886954,
				 -0.645538 -0.668194 0.886954,
				 0.630500 -0.270290 0.796846,
				 -0.595508 -0.270291 0.796846,
				 0.547380 -0.270291 0.796846,
				 -0.512388 -0.270291 0.796846,
				 0.546859 -0.270710 1.011781,
				 -0.511867 -0.270710 1.011781,
				 0.630222 -0.270709 0.953726,
				 -0.595230 -0.270709 0.953726,
				 0.682429 -0.312027 0.796728,
				 -0.647437 -0.312027 0.796728,
				 0.681113 -0.270707 0.888074,
				 -0.646121 -0.270708 0.888074,
				 0.558748 -0.690278 1.001891,
				 -0.523756 -0.690278 1.001891,
				 0.559232 -0.689859 0.795664,
				 -0.524240 -0.689859 0.795664,
				 0.559880 -0.248208 0.796908,
				 -0.524888 -0.248208 0.796908,
				 0.559396 -0.248627 1.003135,
				 -0.524404 -0.248627 1.003135,
				 0.559556 -0.469033 0.796286,
				 -0.524564 -0.469034 0.796286,
				 0.559072 -0.469452 1.002513,
				 -0.524080 -0.469452 1.002513,
				 0.559265 -0.667777 0.795727,
				 -0.524273 -0.667777 0.795727,
				 0.558874 -0.604598 1.002133,
				 -0.523882 -0.604598 1.002133,
				 0.559848 -0.270291 0.796846,
				 -0.524856 -0.270291 0.796846,
				 0.559364 -0.270709 1.003073,
				 -0.524372 -0.270709 1.003073,
				 0.681600 -0.689943 0.813910,
				 -0.646608 -0.689943 0.813910,
				 0.546660 -0.689943 0.838651,
				 -0.511668 -0.689943 0.838651,
				 0.629830 -0.689943 0.827040,
				 -0.594838 -0.689943 0.827040,
				 0.547308 -0.248292 0.839895,
				 -0.512316 -0.248292 0.839895,
				 0.682247 -0.248292 0.815154,
				 -0.647255 -0.248292 0.815154,
				 0.630477 -0.248292 0.828284,
				 -0.595485 -0.248292 0.828284,
				 0.546984 -0.469118 0.839273,
				 -0.511992 -0.469118 0.839273,
				 0.681924 -0.469116 0.814532,
				 -0.646932 -0.469117 0.814532,
				 0.546693 -0.667861 0.838714,
				 -0.511701 -0.667861 0.838714,
				 0.681632 -0.667860 0.813972,
				 -0.646640 -0.667860 0.813972,
				 0.547275 -0.270375 0.839833,
				 -0.512283 -0.270375 0.839833,
				 0.682154 -0.312109 0.814974,
				 -0.647162 -0.312110 0.814974,
				 0.559136 -0.689943 0.836910,
				 -0.524144 -0.689943 0.836910,
				 0.559783 -0.248292 0.838154,
				 -0.524791 -0.248292 0.838154,
				 0.590635 -0.690278 0.979685,
				 -0.555643 -0.690278 0.979685,
				 0.591026 -0.689859 0.795664,
				 -0.556034 -0.689859 0.795664,
				 0.591674 -0.248208 0.796908,
				 -0.556682 -0.248208 0.796908,
				 0.591282 -0.248627 0.980929,
				 -0.556290 -0.248627 0.980929,
				 0.591350 -0.469033 0.796286,
				 -0.556358 -0.469034 0.796286,
				 0.591059 -0.667777 0.795727,
				 -0.556067 -0.667777 0.795727,
				 0.590667 -0.668195 0.979748,
				 -0.555675 -0.668195 0.979748,
				 0.591641 -0.270291 0.796846,
				 -0.556649 -0.270291 0.796846,
				 0.591250 -0.270709 0.980867,
				 -0.556258 -0.270709 0.980867,
				 0.590948 -0.689943 0.832469,
				 -0.555956 -0.689943 0.832469,
				 0.591595 -0.248292 0.833712,
				 -0.556603 -0.248292 0.833712,
				 0.681159 -0.690076 0.843103,
				 -0.646167 -0.690076 0.843103,
				 0.546494 -0.690077 0.907431,
				 -0.511502 -0.690077 0.907431,
				 0.629741 -0.690077 0.877242,
				 -0.594749 -0.690077 0.877242,
				 0.547141 -0.248425 0.908674,
				 -0.512149 -0.248426 0.908674,
				 0.681806 -0.248425 0.844347,
				 -0.646814 -0.248425 0.844347,
				 0.630388 -0.248425 0.878486,
				 -0.595396 -0.248426 0.878486,
				 0.546818 -0.469252 0.908052,
				 -0.511826 -0.469252 0.908052,
				 0.546526 -0.667994 0.907493,
				 -0.511534 -0.667995 0.907493,
				 0.681191 -0.667994 0.843165,
				 -0.646199 -0.667994 0.843165,
				 0.547109 -0.270509 0.908612,
				 -0.512117 -0.270509 0.908612,
				 0.681774 -0.270508 0.844284,
				 -0.646782 -0.270508 0.844284,
				 0.558981 -0.690077 0.902902,
				 -0.523989 -0.690077 0.902902,
				 0.559628 -0.248425 0.904146,
				 -0.524636 -0.248426 0.904146,
				 0.590823 -0.690077 0.891355,
				 -0.555831 -0.690077 0.891355,
				 0.591470 -0.248425 0.892599,
				 -0.556478 -0.248426 0.892599,
				 0.671175 -0.270491 0.844124,
				 -0.636183 -0.270492 0.844124,
				 0.671554 -0.312093 0.814814,
				 -0.636562 -0.312094 0.814814,
				 0.671109 -0.270684 0.884566,
				 -0.636117 -0.270684 0.884566,
				 0.670592 -0.667978 0.843005,
				 -0.635600 -0.667978 0.843005,
				 0.671033 -0.667844 0.813812,
				 -0.636041 -0.667844 0.813812,
				 0.670527 -0.668169 0.883447,
				 -0.635535 -0.668170 0.883447,
				 0.585192 -0.270676 0.972168,
				 -0.550200 -0.270676 0.972168,
				 0.622921 -0.270676 0.946042,
				 -0.587929 -0.270677 0.946042,
				 0.553306 -0.270676 0.994374,
				 -0.518314 -0.270676 0.994374,
				 0.622338 -0.668162 0.944922,
				 -0.587346 -0.668162 0.944922,
				 0.584609 -0.668162 0.971049,
				 -0.549617 -0.668162 0.971049,
				 0.552816 -0.604564 0.993434,
				 -0.517824 -0.604564 0.993434,
				 0.671324 -0.469100 0.814372,
				 -0.636332 -0.469101 0.814372,
				 0.553014 -0.469419 0.993814,
				 -0.518022 -0.469419 0.993814,
				 0.670883 -0.469234 0.843565,
				 -0.635891 -0.469235 0.843565,
				 0.670818 -0.469427 0.884007,
				 -0.635826 -0.469427 0.884007,
				 0.622629 -0.469419 0.945482,
				 -0.587637 -0.469419 0.945482,
				 0.584901 -0.469419 0.971608,
				 -0.549909 -0.469419 0.971608,
				 0.645949 0.107150 0.001016,
				 -0.610957 0.107150 0.001016,
				 0.531562 0.107150 0.001016,
				 -0.496570 0.107150 0.001016,
				 0.719626 0.107150 0.001016,
				 -0.684634 0.107150 0.001016,
				 0.206095 0.561738 0.001016,
				 -0.171103 0.561738 0.001016,
				 0.017496 0.561738 0.001016,
				 0.381550 0.561738 0.001016,
				 -0.346558 0.561738 0.001016,
				 0.719626 0.561738 0.001016,
				 -0.684635 0.561738 0.001016,
				 0.531562 0.561738 0.001016,
				 -0.496570 0.561738 0.001016,
				 0.645949 0.561738 0.001016,
				 -0.610957 0.561738 0.001016,
				 0.645949 0.561738 0.793239,
				 -0.610957 0.561738 0.793239,
				 0.531562 0.561738 0.793239,
				 -0.496570 0.561738 0.793239,
				 0.719626 0.561738 0.793239,
				 -0.684635 0.561738 0.793239,
				 0.742335 0.561738 0.793239,
				 -0.707344 0.561738 0.793239,
				 1.018587 0.561738 0.763085,
				 -0.983595 0.561738 0.763085,
				 1.252780 0.561739 0.677213,
				 -1.217788 0.561738 0.677213,
				 1.409263 0.561739 0.548696,
				 -1.374271 0.561738 0.548696,
				 1.464213 0.561739 0.397101,
				 -1.429221 0.561738 0.397101,
				 1.409263 0.561739 0.245505,
				 -1.374271 0.561738 0.245505,
				 1.252780 0.561739 0.116988,
				 -1.217788 0.561738 0.116988,
				 0.742337 0.561738 0.000962,
				 -0.707345 0.561738 0.000962,
				 1.018587 0.561738 0.031117,
				 -0.983595 0.561738 0.031117,
				 0.742336 1.528994 0.000962,
				 -0.707346 1.528994 0.000962,
				 1.018586 1.528994 0.031117,
				 -0.983596 1.528994 0.031117,
				 1.252779 1.528994 0.116988,
				 -1.217789 1.528994 0.116988,
				 1.409262 1.528994 0.245505,
				 -1.374272 1.528994 0.245505,
				 1.464212 1.528994 0.397101,
				 -1.429222 1.528994 0.397101,
				 1.409262 1.528994 0.548696,
				 -1.374272 1.528994 0.548696,
				 1.252779 1.528994 0.677213,
				 -1.217789 1.528994 0.677213,
				 1.018586 1.528994 0.763085,
				 -0.983596 1.528994 0.763085,
				 0.742335 1.528994 0.793239,
				 -0.707344 1.528994 0.793239,
				 0.719626 1.528994 0.793239,
				 -0.684635 1.528994 0.793239,
				 0.682412 1.528994 0.001016,
				 -0.647422 1.528994 0.001016,
				 0.719626 1.528994 0.001016,
				 -0.684635 1.528994 0.001016,
				 0.017495 1.528994 0.793239,
				 0.619484 1.409227 0.001016,
				 -0.584493 1.409226 0.001016,
				 0.017495 1.409226 0.001016,
				 0.742336 2.156939 0.000962,
				 -0.707346 2.156939 0.000962,
				 0.742335 2.156939 0.793239,
				 -0.707345 2.156939 0.793239,
				 1.018586 2.156939 0.763085,
				 -0.983596 2.156939 0.763085,
				 1.252779 1.741505 0.677213,
				 -1.217789 1.741504 0.677213,
				 1.409262 1.741505 0.548696,
				 -1.374272 1.741504 0.548696,
				 1.464212 1.741505 0.397101,
				 -1.429222 1.741504 0.397101,
				 1.409262 1.741505 0.245505,
				 -1.374272 1.741504 0.245505,
				 1.252779 1.741505 0.116988,
				 -1.217789 1.741504 0.116988,
				 1.018586 2.156939 0.031117,
				 -0.983596 2.156939 0.031117,
				 1.018586 2.156939 0.066193,
				 -0.983596 2.156939 0.066193,
				 0.742336 2.156939 0.039054,
				 -0.707346 2.156939 0.039054,
				 1.252779 1.741505 0.143478,
				 -1.217789 1.741504 0.143478,
				 1.387454 1.741505 0.259143,
				 -1.352464 1.741504 0.259143,
				 1.442404 1.741505 0.395579,
				 -1.407414 1.741504 0.395579,
				 1.387454 1.741505 0.532015,
				 -1.352464 1.741504 0.532015,
				 1.252779 1.741505 0.647679,
				 -1.217789 1.741504 0.647679,
				 1.018586 2.156939 0.724964,
				 -0.983596 2.156939 0.724964,
				 0.742335 2.156939 0.752103,
				 -0.707345 2.156939 0.752103,
				 0.742336 1.528994 0.039054,
				 -0.707346 1.528994 0.039054,
				 0.742335 1.528994 0.752103,
				 -0.707344 1.528994 0.752103,
				 0.619484 1.409227 0.039102,
				 -0.584493 1.409226 0.039102,
				 0.017495 1.409226 0.039102,
				 0.206094 1.528994 0.752103,
				 -0.171104 1.528994 0.752103,
				 0.017495 1.528994 0.752103,
				 0.719626 1.528994 0.039102,
				 -0.684635 1.528994 0.039102,
				 0.682412 1.528994 0.039102,
				 -0.647422 1.528994 0.039102,
				 0.719626 1.528994 0.752103,
				 -0.684635 1.528994 0.752103,
				 0.645948 1.528994 0.752103,
				 -0.610958 1.528994 0.752103,
				 0.862640 1.529117 0.752103,
				 -0.827650 1.529117 0.752103,
				 0.719626 1.385240 0.752103,
				 -0.684635 1.385240 0.752103,
				 0.645948 1.385240 0.752103,
				 -0.610958 1.385240 0.752103,
				 0.862640 1.529117 0.039054,
				 -0.827650 1.529117 0.039054,
				 0.719626 1.385240 0.039102,
				 -0.684635 1.385240 0.039102,
				 0.645948 1.385240 0.039102,
				 -0.610958 1.385240 0.039102,
				 0.206094 1.385240 0.752103,
				 -0.171104 1.385240 0.752103,
				 0.017495 1.385240 0.752103,
				 0.619412 1.385240 0.039102,
				 -0.584421 1.385240 0.039102,
				 0.017495 1.385240 0.039102,
				 0.925597 1.457766 0.752103,
				 -0.890606 1.457766 0.752103,
				 0.925598 1.457766 0.039054,
				 -0.890608 1.457766 0.039054,
				 1.002360 1.457766 0.724964,
				 -0.967369 1.457766 0.724964,
				 1.236554 1.457767 0.647679,
				 -1.201564 1.457766 0.647679,
				 1.387454 1.510986 0.532015,
				 -1.352464 1.510986 0.532015,
				 1.442404 1.510986 0.395579,
				 -1.407414 1.510986 0.395579,
				 1.387454 1.510986 0.259143,
				 -1.352464 1.510986 0.259143,
				 1.236554 1.457767 0.143478,
				 -1.201564 1.457766 0.143478,
				 1.002361 1.457766 0.066193,
				 -0.967371 1.457766 0.066193,
				 0.742335 0.561738 0.773527,
				 -0.707344 0.561738 0.773527,
				 0.742337 0.561738 0.018485,
				 -0.707345 0.561738 0.018485,
				 0.531562 0.561738 0.018535,
				 -0.496570 0.561738 0.018535,
				 1.018587 0.561738 0.047222,
				 -0.983595 0.561738 0.047222,
				 1.252780 0.561739 0.129058,
				 -1.217788 0.561738 0.129058,
				 1.397863 0.561739 0.251535,
				 -1.362871 0.561738 0.251535,
				 1.452813 0.561739 0.396006,
				 -1.417821 0.561738 0.396006,
				 1.397863 0.561739 0.540477,
				 -1.362871 0.561738 0.540477,
				 1.252780 0.561739 0.662954,
				 -1.217788 0.561738 0.662954,
				 1.018587 0.561738 0.744790,
				 -0.983595 0.561738 0.744790,
				 0.719626 0.561738 0.773527,
				 -0.684635 0.561738 0.773527,
				 0.645949 0.561738 0.773527,
				 -0.610957 0.561738 0.773527,
				 0.719626 0.561738 0.018535,
				 -0.684635 0.561738 0.018535,
				 0.645949 0.561738 0.018535,
				 -0.610957 0.561738 0.018535,
				 0.531562 0.107150 0.773527,
				 -0.496570 0.107150 0.773527,
				 0.531562 0.561738 0.773527,
				 -0.496570 0.561738 0.773527,
				 0.531562 0.107150 0.018535,
				 -0.496570 0.107150 0.018535,
				 0.742336 0.107150 0.773527,
				 -0.707344 0.107150 0.773527,
				 0.719626 0.107150 0.018535,
				 -0.684634 0.107150 0.018535,
				 0.645949 0.107150 0.018535,
				 -0.610957 0.107150 0.018535,
				 0.742337 0.107150 0.018485,
				 -0.707345 0.107150 0.018485,
				 0.719626 0.107150 0.773527,
				 -0.684634 0.107150 0.773527,
				 0.645949 0.107150 0.773527,
				 -0.610957 0.107150 0.773527,
				 1.018587 0.107151 0.744790,
				 -0.983595 0.107150 0.744790,
				 1.252780 0.107151 0.662954,
				 -1.217788 0.107150 0.662954,
				 1.400519 0.107151 0.540477,
				 -1.365527 0.107150 0.540477,
				 1.455468 0.107151 0.396006,
				 -1.420476 0.107150 0.396006,
				 1.400519 0.107151 0.251535,
				 -1.365527 0.107150 0.251535,
				 1.252780 0.107151 0.129058,
				 -1.217788 0.107150 0.129058,
				 1.018587 0.107151 0.047222,
				 -0.983595 0.107150 0.047222,
				 0.645949 0.667256 0.773527,
				 -0.610957 0.667255 0.773527,
				 0.409572 0.661730 0.773527,
				 -0.374580 0.661730 0.773527,
				 0.742337 0.667256 0.018485,
				 -0.707345 0.667255 0.018485,
				 0.719626 0.667256 0.018535,
				 -0.684635 0.667255 0.018535,
				 0.409572 0.661730 0.018535,
				 -0.374580 0.661730 0.018535,
				 0.409572 0.007157 0.018535,
				 -0.374580 0.007157 0.018535,
				 0.719626 0.001632 0.018535,
				 -0.684634 0.001632 0.018535,
				 0.742337 0.001632 0.018485,
				 -0.707345 0.001632 0.018485,
				 1.018587 0.001633 0.047222,
				 -0.983595 0.001632 0.047222,
				 1.252780 0.001633 0.129058,
				 -1.217788 0.001632 0.129058,
				 1.400519 0.001633 0.251535,
				 -1.365527 0.001632 0.251535,
				 1.455468 0.001633 0.396006,
				 -1.420476 0.001632 0.396006,
				 1.400519 0.001633 0.540477,
				 -1.365527 0.001632 0.540477,
				 1.252780 0.001633 0.657882,
				 -1.217788 0.001632 0.657882,
				 1.018587 0.001633 0.739719,
				 -0.983595 0.001632 0.739719,
				 0.742336 0.001632 0.773527,
				 -0.707344 0.001632 0.773527,
				 0.719626 0.001632 0.773527,
				 -0.684634 0.001632 0.773527,
				 0.409572 0.007157 0.773527,
				 -0.374580 0.007157 0.773527,
				 0.645949 0.001632 0.773527,
				 -0.610957 0.001632 0.773527,
				 0.645949 0.001632 0.018535,
				 -0.610957 0.001632 0.018535,
				 0.645949 0.667256 0.018535,
				 -0.610957 0.667255 0.018535,
				 0.719626 0.667256 0.773527,
				 -0.684635 0.667255 0.773527,
				 0.742335 0.667256 0.773527,
				 -0.707344 0.667255 0.773527,
				 1.018587 0.667256 0.744790,
				 -0.983595 0.667255 0.744790,
				 1.252779 0.667256 0.662954,
				 -1.217789 0.667255 0.662954,
				 1.397863 0.667256 0.540477,
				 -1.362871 0.667255 0.540477,
				 1.452813 0.667256 0.396006,
				 -1.417821 0.667255 0.396006,
				 1.397863 0.667256 0.251535,
				 -1.362871 0.667255 0.251535,
				 1.252779 0.667256 0.129058,
				 -1.217789 0.667255 0.129058,
				 1.018587 0.667256 0.047222,
				 -0.983595 0.667255 0.047222,
				 1.018587 0.081286 0.031117,
				 -0.983595 0.081285 0.031117,
				 0.742337 0.081285 0.000962,
				 -0.707345 0.081285 0.000962,
				 1.252780 0.081286 0.116988,
				 -1.217788 0.081285 0.116988,
				 1.409263 -0.170716 0.245505,
				 -1.374271 -0.170717 0.245505,
				 1.464213 -0.170716 0.397101,
				 -1.429221 -0.170717 0.397101,
				 1.409263 -0.170716 0.548696,
				 -1.374271 -0.170717 0.548696,
				 1.252780 0.081286 0.677213,
				 -1.217788 0.081285 0.677213,
				 1.173154 0.081286 0.706409,
				 -1.138162 0.081285 0.706409,
				 0.742336 0.081285 0.793239,
				 -0.707344 0.081285 0.793239,
				 0.719626 0.081285 0.793239,
				 -0.684634 0.081285 0.793239,
				 0.645949 0.081285 0.793239,
				 -0.610957 0.081285 0.793239,
				 0.531562 0.081285 0.001016,
				 -0.496570 0.081285 0.001016,
				 0.645949 0.081285 0.001016,
				 -0.610957 0.081285 0.001016,
				 0.719626 0.081285 0.001016,
				 -0.684634 0.081285 0.001016,
				 0.531562 0.081285 0.793239,
				 -0.496570 0.081285 0.793239,
				 0.742337 0.583577 0.000962,
				 -0.707345 0.583576 0.000962,
				 1.018587 0.583577 0.031117,
				 -0.983595 0.583576 0.031117,
				 1.252780 0.583577 0.116988,
				 -1.217788 0.583576 0.116988,
				 1.409263 0.782446 0.245505,
				 -1.374271 0.782445 0.245505,
				 1.464213 0.782446 0.397101,
				 -1.429221 0.782445 0.397101,
				 1.409263 0.782446 0.548696,
				 -1.374271 0.782445 0.548696,
				 1.252780 0.583577 0.677213,
				 -1.217788 0.583576 0.677213,
				 1.018587 0.583577 0.763085,
				 -0.983595 0.583576 0.763085,
				 0.742335 0.583577 0.793239,
				 -0.707344 0.583576 0.793239,
				 0.645949 0.583577 0.001016,
				 -0.610957 0.583576 0.001016,
				 0.719626 0.583577 0.001016,
				 -0.684635 0.583576 0.001016,
				 0.206095 0.789950 0.793239,
				 -0.171103 0.789950 0.793239,
				 0.017496 0.789950 0.793239,
				 0.381550 0.583576 0.793239,
				 -0.346558 0.583576 0.793239,
				 0.381550 0.583576 0.001016,
				 -0.346558 0.583576 0.001016,
				 0.206095 0.583576 0.001016,
				 -0.171103 0.583576 0.001016,
				 0.017496 0.583576 0.001016,
				 0.531562 0.583577 0.001016,
				 -0.496570 0.583576 0.001016,
				 0.495559 0.107150 0.793239,
				 -0.460567 0.107150 0.793239,
				 0.495559 0.107150 0.001016,
				 -0.460567 0.107150 0.001016,
				 0.495559 0.561738 0.793239,
				 -0.460567 0.561738 0.793239,
				 0.495559 0.561738 0.001016,
				 -0.460567 0.561738 0.001016,
				 0.495559 -0.237705 0.793239,
				 -0.460567 -0.237705 0.793239,
				 0.495559 0.081285 0.793239,
				 -0.460567 0.081285 0.793239,
				 0.495559 0.081285 0.001016,
				 -0.460567 0.081285 0.001016,
				 0.495559 0.583576 0.001016,
				 -0.460567 0.583576 0.001016,
				 1.252780 -1.185521 0.116988,
				 -1.217788 -1.185522 0.116988,
				 1.409263 -1.185521 0.548696,
				 -1.374271 -1.185522 0.548696,
				 1.018587 -0.844554 0.763085,
				 -0.983595 -0.844555 0.763085,
				 1.252780 -1.185521 0.677213,
				 -1.217788 -1.185522 0.677213,
				 1.464213 -1.185521 0.397101,
				 -1.429221 -1.185522 0.397101,
				 1.409263 -1.185521 0.245505,
				 -1.374271 -1.185522 0.245505,
				 0.742337 -1.185522 0.000962,
				 -0.707345 -1.185522 0.000962,
				 1.018587 -1.185522 0.031117,
				 -0.983595 -1.185522 0.031117,
				 0.742336 -1.185503 0.793261,
				 -0.707344 -1.185503 0.793261,
				 0.986818 -1.210397 0.027649,
				 -0.951826 -1.210397 0.027649,
				 0.953890 -1.507085 0.027649,
				 -0.918898 -1.507085 0.027649,
				 0.857351 -1.783553 0.027649,
				 -0.822359 -1.783554 0.027649,
				 0.703778 -2.020962 0.027649,
				 -0.668786 -2.020962 0.027649,
				 0.503639 -2.203133 0.027649,
				 -0.468647 -2.203133 0.027649,
				 0.270572 -2.317651 0.027649,
				 -0.235580 -2.317651 0.027649,
				 0.017496 -2.356709 0.027649,
				 0.017496 -2.356709 0.766552,
				 0.986818 0.107151 0.027649,
				 -0.951826 0.107150 0.027649,
				 0.986818 0.107151 0.766552,
				 -0.951826 0.107150 0.766552,
				 0.986818 -0.701715 0.027649,
				 -0.951826 -0.701716 0.027649,
				 0.986818 -0.237705 0.027649,
				 -0.951826 -0.237705 0.027649,
				 0.791233 -0.237705 0.787901,
				 -0.756241 -0.237705 0.787901,
				 0.986818 -1.019050 0.766552,
				 -0.951826 -1.019050 0.766552,
				 0.986818 -1.019050 0.027649,
				 -0.951826 -1.019050 0.027649,
				 0.986818 0.107151 0.748095,
				 -0.951826 0.107150 0.748095,
				 0.986818 0.107151 0.043917,
				 -0.951826 0.107150 0.043917,
				 0.986818 -1.210395 0.766555,
				 -0.951826 -1.210395 0.766555,
				 0.791233 -0.701715 0.787901,
				 -0.756241 -0.701716 0.787901,
				 0.270572 -2.317650 0.766552,
				 -0.235580 -2.317650 0.766552,
				 0.409514 -2.009743 0.787101,
				 -0.374522 -2.009743 0.787101,
				 0.570665 -1.863061 0.787101,
				 -0.535673 -1.863061 0.787101,
				 0.694320 -1.671900 0.787101,
				 -0.659328 -1.671900 0.787101,
				 0.772054 -1.449289 0.787101,
				 -0.737062 -1.449289 0.787101,
				 0.986818 0.001633 0.043917,
				 -0.951826 0.001632 0.043917,
				 0.986818 0.001633 0.748095,
				 -0.951826 0.001632 0.748095,
				 0.986818 0.081286 0.027649,
				 -0.951826 0.081285 0.027649,
				 0.986818 0.081286 0.766552,
				 -0.951826 0.081285 0.766552,
				 0.986818 -1.185522 0.027649,
				 -0.951826 -1.185522 0.027649,
				 0.986818 -1.185520 0.766555,
				 -0.951826 -1.185520 0.766555,
				 1.249614 -1.185521 0.671677,
				 -1.214622 -1.185522 0.671677,
				 1.016391 -0.844554 0.757098,
				 -0.981399 -0.844555 0.757098,
				 1.404057 -1.185521 0.545014,
				 -1.369065 -1.185522 0.545014,
				 1.457836 -1.185521 0.397101,
				 -1.422844 -1.185522 0.397101,
				 1.404057 -1.185521 0.249187,
				 -1.369065 -1.185522 0.249187,
				 1.249614 -1.185521 0.122524,
				 -1.214622 -1.185522 0.122524,
				 1.016392 -1.185522 0.037104,
				 -0.981400 -1.185522 0.037104,
				 1.016392 -1.019050 0.037104,
				 -0.981400 -1.019050 0.037104,
				 1.016391 -0.705618 0.757098,
				 -0.981399 -0.705619 0.757098,
				 1.249614 0.081286 0.671677,
				 -1.214622 0.081285 0.671677,
				 1.170318 0.081286 0.700720,
				 -1.135326 0.081285 0.700720,
				 1.404057 -0.170716 0.545014,
				 -1.369065 -0.170717 0.545014,
				 1.457836 -0.170716 0.397101,
				 -1.422844 -0.170717 0.397101,
				 1.404057 -0.170716 0.249187,
				 -1.369065 -0.170717 0.249187,
				 1.249614 0.081286 0.122524,
				 -1.214622 0.081285 0.122524,
				 1.016392 0.081286 0.037104,
				 -0.981400 0.081285 0.037104,
				 1.016391 -0.237705 0.757098,
				 -0.981399 -0.237705 0.757098,
				 1.016392 -0.237705 0.037104,
				 -0.981400 -0.237705 0.037104,
				 1.016392 -0.701715 0.037104,
				 -0.981400 -0.701716 0.037104,
				 1.016391 -0.701715 0.757098,
				 -0.981399 -0.701716 0.757098,
				 1.249614 -1.019049 0.671677,
				 -1.214622 -1.019050 0.671677,
				 1.404057 -1.019049 0.545014,
				 -1.369065 -1.019050 0.545014,
				 1.457836 -1.019049 0.397101,
				 -1.422844 -1.019050 0.397101,
				 1.404057 -1.019049 0.249187,
				 -1.369065 -1.019050 0.249187,
				 1.249614 -1.019049 0.122524,
				 -1.214622 -1.019050 0.122524,
				 1.249614 -0.237705 0.671677,
				 -1.214622 -0.237705 0.671677,
				 1.404057 -0.237704 0.545014,
				 -1.369065 -0.237705 0.545014,
				 1.457836 -0.237704 0.397101,
				 -1.422844 -0.237705 0.397101,
				 1.404057 -0.237704 0.249187,
				 -1.369065 -0.237705 0.249187,
				 1.249614 -0.237705 0.122524,
				 -1.214622 -0.237705 0.122524,
				 1.249614 -0.701715 0.671677,
				 -1.214622 -0.701716 0.671677,
				 1.404057 -0.701715 0.545014,
				 -1.369065 -0.701716 0.545014,
				 1.457836 -0.701715 0.397101,
				 -1.422844 -0.701716 0.397101,
				 1.404057 -0.701715 0.249187,
				 -1.369065 -0.701716 0.249187,
				 1.249614 -0.701715 0.122524,
				 -1.214622 -0.701716 0.122524,
				 0.988895 -1.019049 0.785581,
				 -0.953903 -1.019049 0.785581,
				 0.988896 -1.185518 0.785583,
				 -0.953904 -1.185518 0.785583,
				 0.988896 -1.210510 0.785583,
				 -0.953904 -1.210510 0.785583,
				 0.793310 -0.237705 0.806930,
				 -0.758318 -0.237705 0.806930,
				 0.988895 0.081286 0.785581,
				 -0.953903 0.081285 0.785581,
				 0.793310 -0.701715 0.806930,
				 -0.758318 -0.701716 0.806930,
				 0.017496 -2.358464 0.785612,
				 0.271109 -2.319345 0.785611,
				 -0.236117 -2.319345 0.785611,
				 0.410554 -2.011261 0.806154,
				 -0.375562 -2.011261 0.806154,
				 0.572135 -1.864300 0.806146,
				 -0.537143 -1.864300 0.806146,
				 0.696120 -1.672776 0.806138,
				 -0.661128 -1.672776 0.806138,
				 0.774061 -1.449743 0.806132,
				 -0.739069 -1.449743 0.806132,
				 0.743376 0.081285 0.812352,
				 -0.708384 0.081285 0.812352,
				 0.744414 -1.019049 0.812267,
				 -0.709422 -1.019049 0.812267,
				 0.744415 -1.185501 0.812290,
				 -0.709423 -1.185501 0.812290,
				 0.744415 -1.210490 0.812293,
				 -0.709423 -1.210490 0.812293,
				 0.495559 0.107150 0.812380,
				 -0.460567 0.107150 0.812380,
				 0.495559 0.081285 0.812380,
				 -0.460567 0.081285 0.812380,
				 0.495559 0.561738 0.812380,
				 -0.460567 0.561738 0.812380,
				 0.531562 0.583577 -0.018126,
				 -0.496570 0.583576 -0.018126,
				 0.495559 0.583576 -0.018126,
				 -0.460567 0.583576 -0.018126,
				 0.381550 0.583576 -0.018126,
				 -0.346558 0.583576 -0.018126,
				 0.381550 0.583576 0.812380,
				 -0.346558 0.583576 0.812380,
				 0.531562 0.081285 0.812380,
				 -0.496570 0.081285 0.812380,
				 0.381550 -0.237705 0.812380,
				 -0.346558 -0.237705 0.812380,
				 0.495559 -0.237705 0.812380,
				 -0.460567 -0.237705 0.812380,
				 0.531562 -0.237705 0.812380,
				 -0.496570 -0.237705 0.812380,
				 0.531562 0.561738 -0.018126,
				 -0.496570 0.561738 -0.018126,
				 0.495559 0.561738 -0.018126,
				 -0.460567 0.561738 -0.018126,
				 0.381550 0.561738 -0.018126,
				 -0.346558 0.561738 -0.018126,
				 0.531562 0.561738 0.812380,
				 -0.496570 0.561738 0.812380,
				 0.206095 0.583576 -0.018126,
				 -0.171103 0.583576 -0.018126,
				 0.017496 0.583576 -0.018126,
				 0.206095 0.789950 0.812380,
				 -0.171103 0.789950 0.812380,
				 0.017496 0.789950 0.812380,
				 0.743354 0.583577 -0.018152,
				 -0.708362 0.583576 -0.018152,
				 0.719603 0.583577 -0.018126,
				 -0.684611 0.583576 -0.018126,
				 0.645949 0.583577 -0.018126,
				 -0.610957 0.583576 -0.018126,
				 0.743376 0.583577 0.812352,
				 -0.708384 0.583576 0.812352,
				 1.022952 0.583577 0.781722,
				 -0.987960 0.583576 0.781722,
				 1.262283 0.583577 0.693829,
				 -1.227291 0.583576 0.693829,
				 1.424891 0.782446 0.559748,
				 -1.389901 0.782445 0.559748,
				 1.483354 0.782446 0.397101,
				 -1.448364 0.782445 0.397101,
				 1.424893 0.782446 0.234453,
				 -1.389901 0.782445 0.234453,
				 1.262283 0.583577 0.100372,
				 -1.227291 0.583576 0.100372,
				 1.022952 0.583577 0.012479,
				 -0.987960 0.583576 0.012479,
				 0.645949 0.081285 0.812380,
				 -0.610957 0.081285 0.812380,
				 0.719626 0.081285 0.812380,
				 -0.684634 0.081285 0.812380,
				 0.719746 -1.432479 0.812270,
				 -0.684754 -1.432479 0.812270,
				 0.647423 -1.639425 0.812276,
				 -0.612431 -1.639425 0.812276,
				 0.532374 -1.817135 0.812284,
				 -0.497382 -1.817135 0.812284,
				 0.382438 -1.953497 0.812292,
				 -0.347446 -1.953497 0.812292,
				 0.207832 -2.039217 0.812298,
				 -0.172840 -2.039217 0.812298,
				 0.017496 -2.068455 0.812298,
				 0.719626 -0.701715 0.812380,
				 -0.684634 -0.701716 0.812380,
				 0.645949 -0.701715 0.812380,
				 -0.610957 -0.701716 0.812380,
				 0.645949 -0.237705 0.812380,
				 -0.610957 -0.237705 0.812380,
				 0.743723 -0.701715 0.812330,
				 -0.708731 -0.701716 0.812330,
				 0.719603 0.561738 -0.018126,
				 -0.684611 0.561738 -0.018126,
				 0.743354 0.561738 -0.018152,
				 -0.708362 0.561738 -0.018152,
				 1.022952 0.561738 0.012479,
				 -0.987960 0.561738 0.012479,
				 1.262283 0.561739 0.100372,
				 -1.227291 0.561738 0.100372,
				 1.424893 0.561739 0.234453,
				 -1.389901 0.561738 0.234453,
				 1.483355 0.561739 0.397101,
				 -1.448363 0.561738 0.397101,
				 1.424892 0.561739 0.559748,
				 -1.389900 0.561738 0.559748,
				 1.262283 0.561739 0.693829,
				 -1.227291 0.561738 0.693829,
				 1.022952 0.561738 0.781722,
				 -0.987960 0.561738 0.781722,
				 0.743376 0.561738 0.812352,
				 -0.708384 0.561738 0.812352,
				 0.719626 0.561738 0.812380,
				 -0.684635 0.561738 0.812380,
				 0.645949 0.561738 0.812380,
				 -0.610957 0.561738 0.812380,
				 0.645949 0.561738 -0.018126,
				 -0.610957 0.561738 -0.018126,
				 0.206095 0.561738 -0.018126,
				 -0.171103 0.561738 -0.018126,
				 0.017496 0.561738 -0.018126,
				 0.743376 -0.237705 0.812352,
				 -0.708384 -0.237705 0.812352,
				 0.381550 0.561738 0.812380,
				 -0.346558 0.561738 0.812380,
				 0.381550 0.107150 0.812380,
				 -0.346558 0.107150 0.812380,
				 0.381550 0.081285 0.812380,
				 -0.346558 0.081285 0.812380,
				 0.206095 0.561738 0.812380,
				 -0.171103 0.561738 0.812380,
				 0.017496 0.561738 0.812380,
				 0.206095 0.338990 0.812380,
				 -0.171103 0.338990 0.812380,
				 0.017496 0.338990 0.812380,
				 0.719626 -0.237705 0.812380,
				 -0.684634 -0.237705 0.812380,
				 0.381550 0.107150 0.709302,
				 -0.346558 0.107150 0.709302,
				 0.206095 0.338990 0.792228,
				 -0.171103 0.338990 0.792228,
				 0.017496 0.338990 0.792228,
				 0.381550 -0.237705 0.709302,
				 -0.346558 -0.237705 0.709302,
				 0.381550 0.081285 0.709302,
				 -0.346558 0.081285 0.709302,
				 0.206095 -0.237705 0.774885,
				 -0.171103 -0.237705 0.774885,
				 0.017496 -0.237705 0.774885,
				 0.206095 0.081285 0.774885,
				 -0.171103 0.081285 0.774885,
				 0.017496 0.081285 0.774885,
				 0.204510 -1.402168 1.133327,
				 -0.169518 -1.402168 1.133327,
				 0.204429 -1.422644 1.132158,
				 -0.169437 -1.422644 1.132158,
				 0.204345 -1.619912 1.095392,
				 -0.169353 -1.619912 1.095392,
				 0.061304 -1.804254 1.044131,
				 -0.026312 -1.804254 1.044131,
				 0.017496 -1.808817 1.046453,
				 0.376838 -1.209519 1.106646,
				 -0.341846 -1.209519 1.106646,
				 0.506428 -1.209543 1.053447,
				 -0.471436 -1.209543 1.053447,
				 0.506280 -1.369795 1.044032,
				 -0.471288 -1.369795 1.044032,
				 0.505841 -1.518106 1.016565,
				 -0.470849 -1.518106 1.016565,
				 0.505048 -1.644957 0.973158,
				 -0.470056 -1.644957 0.973158,
				 0.503876 -1.741526 0.917338,
				 -0.468884 -1.741526 0.917338,
				 0.433266 -1.862443 0.861031,
				 -0.398274 -1.862443 0.861031,
				 0.432863 -1.879528 0.807193,
				 -0.397871 -1.879528 0.807193,
				 0.202893 -2.016930 0.810188,
				 -0.167901 -2.016930 0.810188,
				 0.017496 -2.045406 0.810855,
				 0.373064 -1.933823 0.808362,
				 -0.338072 -1.933823 0.808362,
				 0.376716 -1.400558 1.095383,
				 -0.341724 -1.400558 1.095383,
				 0.376425 -1.577387 1.062506,
				 -0.341433 -1.577387 1.062506,
				 0.375931 -1.728721 1.010437,
				 -0.340939 -1.728721 1.010437,
				 0.061209 -1.936641 0.966546,
				 -0.026217 -1.936641 0.966546,
				 0.017496 -1.942458 0.968174,
				 0.374991 -1.844138 0.943204,
				 -0.339999 -1.844138 0.943204,
				 0.203317 -1.996709 0.875963,
				 -0.168325 -1.996709 0.875963,
				 0.017496 -2.024428 0.879392,
				 0.373584 -1.915516 0.866754,
				 -0.338592 -1.915516 0.866754,
				 0.017496 -1.019050 0.000962,
				 0.017496 -0.701716 0.000962,
				 0.017496 -0.237705 0.000962,
				 0.017496 -1.210397 0.000962,
				 0.017496 -1.185522 0.000962,
				 0.017496 0.081285 0.000962,
				 0.017496 0.107150 0.001016,
				 0.156391 -2.002213 0.874420,
				 -0.121399 -2.002213 0.874420,
				 0.017496 -2.023272 0.875087,
				 0.158773 -2.009756 0.876759,
				 -0.123781 -2.009756 0.876759,
				 0.017496 -2.031068 0.877499,
				 0.206094 1.385240 0.039102,
				 -0.171104 1.385240 0.039102,
				 0.645948 1.385240 0.591678,
				 -0.610958 1.385240 0.591678,
				 0.017495 1.385240 0.716007,
				 0.206094 1.385240 0.716007,
				 -0.171104 1.385240 0.716007,
				 0.645948 1.385240 0.716007,
				 -0.610958 1.385240 0.716007,
				 0.516883 1.385240 0.752103,
				 -0.481893 1.385240 0.752103,
				 0.588394 1.385240 0.039102,
				 -0.553404 1.385240 0.039102,
				 0.610764 1.385240 0.591678,
				 -0.575774 1.385240 0.591678,
				 0.516883 1.385240 0.716007,
				 -0.481893 1.385240 0.716007,
				 0.645948 1.385240 0.083803,
				 -0.610958 1.385240 0.083803,
				 0.610764 1.385240 0.083803,
				 -0.575774 1.385240 0.083803,
				 0.645948 1.385240 0.060984,
				 -0.610958 1.385240 0.060984,
				 0.588394 1.385240 0.060984,
				 -0.553404 1.385240 0.060984,
				 0.645948 1.385240 0.691141,
				 -0.610958 1.385240 0.691141,
				 0.516181 1.385240 0.691141,
				 -0.481191 1.385240 0.691141,
				 0.516181 1.375672 0.691141,
				 -0.481191 1.375671 0.691141,
				 0.516883 1.375672 0.716007,
				 -0.481893 1.375671 0.716007,
				 0.610764 1.375672 0.591678,
				 -0.575774 1.375671 0.591678,
				 0.610764 1.375672 0.083803,
				 -0.575774 1.375671 0.083803,
				 0.588394 1.375672 0.060984,
				 -0.553404 1.375671 0.060984,
				 0.588394 1.375672 0.039102,
				 -0.553404 1.375671 0.039102,
				 0.206094 1.375671 0.716007,
				 -0.171104 1.375671 0.716007,
				 0.206094 1.375671 0.039102,
				 -0.171104 1.375671 0.039102,
				 0.017495 1.375671 0.716007,
				 0.017495 1.375671 0.039102,
				 0.206094 1.375671 0.691141,
				 -0.171104 1.375671 0.691141,
				 0.017495 1.375671 0.691141,
				 0.206094 1.375671 0.060984,
				 -0.171104 1.375671 0.060984,
				 0.017495 1.375671 0.060984,
				 0.206094 1.361783 0.060984,
				 -0.171104 1.361783 0.060984,
				 0.017495 1.361783 0.060984,
				 0.588394 1.361783 0.060984,
				 -0.553404 1.361783 0.060984,
				 0.206094 1.361783 0.691141,
				 -0.171104 1.361783 0.691141,
				 0.017495 1.361783 0.691141,
				 0.516181 1.361783 0.691141,
				 -0.481191 1.361783 0.691141,
				 0.610764 1.361783 0.591678,
				 -0.575774 1.361783 0.591678,
				 0.610764 1.361783 0.083803,
				 -0.575774 1.361783 0.083803,
				 0.512405 1.361783 0.686048,
				 -0.477415 1.361783 0.686048,
				 0.605547 1.361783 0.588100,
				 -0.570556 1.361783 0.588100,
				 0.583517 1.361783 0.065493,
				 -0.548526 1.361783 0.065493,
				 0.605547 1.361783 0.087964,
				 -0.570556 1.361783 0.087964,
				 0.207042 1.361783 0.686048,
				 -0.172052 1.361783 0.686048,
				 0.017495 1.361783 0.686048,
				 0.207042 1.361783 0.065493,
				 -0.172052 1.361783 0.065493,
				 0.017495 1.361783 0.065493,
				 0.207042 1.383927 0.065493,
				 -0.172052 1.383927 0.065493,
				 0.017495 1.383927 0.065493,
				 0.583517 1.383927 0.065493,
				 -0.548526 1.383927 0.065493,
				 0.017495 1.383927 0.686048,
				 0.207042 1.383927 0.686048,
				 -0.172052 1.383927 0.686048,
				 0.512405 1.383927 0.686048,
				 -0.477415 1.383927 0.686048,
				 0.605547 1.383927 0.087964,
				 -0.570556 1.383927 0.087964,
				 0.605547 1.383927 0.588100,
				 -0.570556 1.383927 0.588100,
				 0.596078 1.383927 0.579497,
				 -0.561086 1.383927 0.579497,
				 0.505542 1.383927 0.673800,
				 -0.470552 1.383927 0.673800,
				 0.574665 1.383927 0.076337,
				 -0.539674 1.383927 0.076337,
				 0.596078 1.383927 0.097972,
				 -0.561086 1.383927 0.097972,
				 0.208723 1.383927 0.673800,
				 -0.173733 1.383927 0.673800,
				 0.017495 1.383927 0.673800,
				 0.208723 1.383927 0.076337,
				 -0.173733 1.383927 0.076337,
				 0.017495 1.383927 0.076337,
				 0.208723 1.373933 0.076337,
				 -0.173733 1.373933 0.076337,
				 0.017495 1.373933 0.076337,
				 0.574665 1.373933 0.076337,
				 -0.539674 1.373933 0.076337,
				 0.017495 1.373933 0.673800,
				 0.208723 1.373933 0.673800,
				 -0.173733 1.373933 0.673800,
				 0.505542 1.373933 0.673800,
				 -0.470552 1.373933 0.673800,
				 0.596078 1.373933 0.579497,
				 -0.561086 1.373933 0.579497,
				 0.596078 1.373933 0.097972,
				 -0.561086 1.373933 0.097972,
				 0.017495 1.373933 0.579497,
				 0.017495 1.373933 0.097972,
				 0.208723 1.373933 0.097972,
				 -0.173733 1.373933 0.097972,
				 0.208723 1.373933 0.579497,
				 -0.173733 1.373933 0.579497,
				 0.017495 1.373933 0.302608,
				 0.017495 1.373933 0.432956,
				 0.208723 1.373933 0.344488,
				 -0.173733 1.373933 0.344488,
				 0.208723 1.373933 0.391076,
				 -0.173733 1.373933 0.391076,
				 0.596078 1.373933 0.344488,
				 -0.561086 1.373933 0.344488,
				 0.596078 1.373933 0.391076,
				 -0.561086 1.373933 0.391076,
				 0.111197 1.373933 0.579497,
				 -0.076207 1.373933 0.579497,
				 0.111197 1.373933 0.097972,
				 -0.076207 1.373933 0.097972,
				 0.111197 1.373933 0.673800,
				 -0.076207 1.373933 0.673800,
				 0.111197 1.373933 0.076337,
				 -0.076207 1.373933 0.076337,
				 0.111197 1.373933 0.432956,
				 -0.076207 1.373933 0.432956,
				 0.111197 1.373933 0.302608,
				 -0.076207 1.373933 0.302608,
				 0.017495 1.359335 0.302608,
				 0.111197 1.359335 0.302608,
				 -0.076207 1.359335 0.302608,
				 0.208723 1.359335 0.344488,
				 -0.173733 1.359335 0.344488,
				 0.017495 1.359335 0.432956,
				 0.111197 1.359335 0.432956,
				 -0.076207 1.359335 0.432956,
				 0.208723 1.359335 0.391076,
				 -0.173733 1.359335 0.391076,
				 0.596078 1.359336 0.391076,
				 -0.561086 1.359335 0.391076,
				 0.596078 1.359336 0.344488,
				 -0.561086 1.359335 0.344488,
				 0.198421 1.359335 0.388197,
				 -0.163431 1.359335 0.388197,
				 0.198421 1.359335 0.347367,
				 -0.163431 1.359335 0.347367,
				 0.111333 1.359335 0.424901,
				 -0.076343 1.359335 0.424901,
				 0.017495 1.359335 0.424901,
				 0.111333 1.359335 0.310663,
				 -0.076343 1.359335 0.310663,
				 0.017495 1.359335 0.310663,
				 0.111461 1.366899 0.320758,
				 -0.076471 1.366899 0.320758,
				 0.017495 1.366899 0.320758,
				 0.183156 1.366899 0.350975,
				 -0.148166 1.366899 0.350975,
				 0.111461 1.366899 0.414805,
				 -0.076471 1.366899 0.414805,
				 0.017495 1.366899 0.414805,
				 0.183156 1.366899 0.384589,
				 -0.148166 1.366899 0.384589,
				 0.742337 0.874516 0.000962,
				 -0.707345 0.874516 0.000962,
				 1.018587 0.874516 0.031117,
				 -0.983595 0.874516 0.031117,
				 1.252779 0.874516 0.116988,
				 -1.217789 0.874516 0.116988,
				 1.409264 0.874517 0.245505,
				 -1.374272 0.874516 0.245505,
				 1.464213 0.874517 0.397101,
				 -1.429221 0.874516 0.397101,
				 1.409263 0.874517 0.548696,
				 -1.374271 0.874516 0.548696,
				 1.252779 0.874516 0.677213,
				 -1.217789 0.874516 0.677213,
				 1.018587 0.874516 0.763085,
				 -0.983595 0.874516 0.763085,
				 0.742335 0.874516 0.793239,
				 -0.707344 0.874516 0.793239,
				 0.719626 0.874516 0.001016,
				 -0.684635 0.874516 0.001016,
				 0.206095 0.874516 0.793239,
				 -0.171103 0.874516 0.793239,
				 0.017496 0.874516 0.793239,
				 0.381550 0.874516 0.793239,
				 -0.346558 0.874516 0.793239,
				 0.017496 0.874516 0.001016,
				 1.038866 1.422826 0.494728,
				 -1.003876 1.422826 0.494728,
				 1.008470 1.422826 0.449238,
				 -0.973480 1.422826 0.449238,
				 0.997797 1.422825 0.395579,
				 -0.962807 1.422825 0.395579,
				 1.008470 1.422825 0.341919,
				 -0.973480 1.422825 0.341919,
				 1.038866 1.422825 0.296429,
				 -1.003876 1.422824 0.296429,
				 1.084356 1.422825 0.266033,
				 -1.049366 1.422824 0.266033,
				 1.138016 1.422825 0.255360,
				 -1.103026 1.422824 0.255360,
				 1.191677 1.422825 0.266033,
				 -1.156685 1.422824 0.266033,
				 1.237168 1.422825 0.296429,
				 -1.202176 1.422824 0.296429,
				 1.267564 1.422825 0.341919,
				 -1.232572 1.422824 0.341919,
				 1.278237 1.422825 0.395578,
				 -1.243245 1.422824 0.395578,
				 1.267564 1.422825 0.449238,
				 -1.232572 1.422825 0.449238,
				 1.237168 1.422825 0.494728,
				 -1.202176 1.422825 0.494728,
				 1.191677 1.422826 0.525124,
				 -1.156685 1.422826 0.525124,
				 1.138016 1.422826 0.535797,
				 -1.103026 1.422826 0.535797,
				 1.084357 1.422826 0.525124,
				 -1.049367 1.422826 0.525124,
				 0.953831 1.660267 0.471870,
				 -0.918841 1.660267 0.471870,
				 0.997047 1.660267 0.536547,
				 -0.962057 1.660267 0.536547,
				 0.938655 1.660267 0.395579,
				 -0.903665 1.660266 0.395579,
				 0.953830 1.660267 0.319287,
				 -0.918840 1.660266 0.319287,
				 0.997046 1.660266 0.254610,
				 -0.962056 1.660265 0.254610,
				 1.061724 1.660266 0.211394,
				 -1.026734 1.660265 0.211394,
				 1.138016 1.660265 0.196219,
				 -1.103026 1.660264 0.196219,
				 1.214308 1.660265 0.211394,
				 -1.179318 1.660264 0.211394,
				 1.278986 1.660265 0.254610,
				 -1.243996 1.660264 0.254610,
				 1.322202 1.660266 0.319287,
				 -1.287212 1.660265 0.319287,
				 1.337378 1.660266 0.395578,
				 -1.302388 1.660265 0.395578,
				 1.322202 1.660267 0.471870,
				 -1.287212 1.660266 0.471870,
				 1.278986 1.660267 0.536547,
				 -1.243996 1.660266 0.536547,
				 1.214309 1.660268 0.579763,
				 -1.179319 1.660267 0.579763,
				 1.138016 1.660267 0.594938,
				 -1.103026 1.660267 0.594938,
				 1.061724 1.660267 0.579763,
				 -1.026734 1.660267 0.579763,
				 0.997047 2.013726 0.536547,
				 -0.962057 2.013725 0.536547,
				 0.953831 2.013725 0.471870,
				 -0.918841 2.013724 0.471870,
				 0.938655 2.013725 0.395579,
				 -0.903665 2.013724 0.395579,
				 0.953830 2.013724 0.319287,
				 -0.918840 2.013723 0.319287,
				 0.997046 2.013724 0.254610,
				 -0.962056 2.013723 0.254610,
				 1.061724 2.013723 0.211394,
				 -1.026734 2.013722 0.211394,
				 1.138016 2.013723 0.196219,
				 -1.103026 2.013722 0.196219,
				 1.214308 2.013723 0.211394,
				 -1.179318 2.013722 0.211394,
				 1.278986 2.013723 0.254610,
				 -1.243996 2.013722 0.254610,
				 1.322202 2.013723 0.319287,
				 -1.287212 2.013722 0.319287,
				 1.337378 2.013724 0.395578,
				 -1.302388 2.013723 0.395578,
				 1.322202 2.013724 0.471870,
				 -1.287212 2.013723 0.471870,
				 1.278986 2.013725 0.536547,
				 -1.243996 2.013724 0.536547,
				 1.214309 2.013725 0.579763,
				 -1.179319 2.013724 0.579763,
				 1.138016 2.013726 0.594938,
				 -1.103026 2.013725 0.594938,
				 1.061724 2.013726 0.579763,
				 -1.026734 2.013725 0.579763,
				 1.028823 2.116963 0.504771,
				 -0.993833 2.116962 0.504771,
				 0.995349 2.116963 0.454673,
				 -0.960359 2.116962 0.454673,
				 0.983594 2.116962 0.395579,
				 -0.948604 2.116961 0.395579,
				 0.995349 2.116962 0.336484,
				 -0.960359 2.116961 0.336484,
				 1.028823 2.116960 0.286386,
				 -0.993833 2.116960 0.286386,
				 1.078921 2.116960 0.252912,
				 -1.043931 2.116960 0.252912,
				 1.138016 2.116959 0.241157,
				 -1.103026 2.116959 0.241157,
				 1.197111 2.116959 0.252912,
				 -1.162121 2.116959 0.252912,
				 1.247209 2.116960 0.286386,
				 -1.212219 2.116959 0.286386,
				 1.280684 2.116961 0.336484,
				 -1.245694 2.116960 0.336484,
				 1.292439 2.116961 0.395578,
				 -1.257449 2.116960 0.395578,
				 1.280684 2.116962 0.454673,
				 -1.245694 2.116961 0.454673,
				 1.247210 2.116962 0.504771,
				 -1.212220 2.116961 0.504771,
				 1.197111 2.116963 0.538245,
				 -1.162121 2.116962 0.538245,
				 1.138016 2.116963 0.550000,
				 -1.103026 2.116962 0.550000,
				 1.078922 2.116963 0.538245,
				 -1.043932 2.116962 0.538245,
				 1.010809 2.116963 0.448269,
				 -0.975819 2.116962 0.448269,
				 1.040656 2.116963 0.492938,
				 -1.005666 2.116962 0.492938,
				 1.000328 2.116962 0.395579,
				 -0.965338 2.116961 0.395579,
				 1.010809 2.116962 0.342888,
				 -0.975819 2.116961 0.342888,
				 1.040656 2.116960 0.298219,
				 -1.005666 2.116960 0.298219,
				 1.085325 2.116960 0.268372,
				 -1.050335 2.116960 0.268372,
				 1.138016 2.116960 0.257891,
				 -1.103026 2.116960 0.257891,
				 1.190707 2.116960 0.268372,
				 -1.155717 2.116960 0.268372,
				 1.235377 2.116961 0.298219,
				 -1.200387 2.116960 0.298219,
				 1.265224 2.116961 0.342888,
				 -1.230234 2.116960 0.342888,
				 1.275704 2.116961 0.395578,
				 -1.240714 2.116960 0.395578,
				 1.265224 2.116962 0.448269,
				 -1.230234 2.116961 0.448269,
				 1.235377 2.116962 0.492938,
				 -1.200387 2.116961 0.492938,
				 1.190707 2.116963 0.522785,
				 -1.155717 2.116962 0.522785,
				 1.138016 2.116963 0.533266,
				 -1.103026 2.116962 0.533266,
				 1.085325 2.116963 0.522785,
				 -1.050335 2.116962 0.522785,
				 1.040656 1.987477 0.492938,
				 -1.005666 1.987477 0.492938,
				 1.010809 1.987477 0.448269,
				 -0.975819 1.987477 0.448269,
				 1.000328 1.987476 0.395579,
				 -0.965338 1.987476 0.395579,
				 1.010809 1.987476 0.342888,
				 -0.975819 1.987476 0.342888,
				 1.040656 1.987476 0.298219,
				 -1.005666 1.987475 0.298219,
				 1.085325 1.987476 0.268372,
				 -1.050335 1.987475 0.268372,
				 1.138016 1.987476 0.257891,
				 -1.103026 1.987475 0.257891,
				 1.190707 1.987476 0.268372,
				 -1.155717 1.987475 0.268372,
				 1.235377 1.987476 0.298219,
				 -1.200387 1.987475 0.298219,
				 1.265224 1.987476 0.342888,
				 -1.230234 1.987475 0.342888,
				 1.275704 1.987476 0.395578,
				 -1.240714 1.987475 0.395578,
				 1.265224 1.987477 0.448269,
				 -1.230234 1.987476 0.448269,
				 1.235377 1.987477 0.492938,
				 -1.200387 1.987476 0.492938,
				 1.190707 1.987477 0.522785,
				 -1.155717 1.987477 0.522785,
				 1.138016 1.987477 0.533266,
				 -1.103026 1.987477 0.533266,
				 1.085325 1.987477 0.522785,
				 -1.050335 1.987477 0.522785,
				 1.104189 1.959480 0.429406,
				 -1.069199 1.959480 0.429406,
				 1.093819 1.959480 0.413886,
				 -1.058829 1.959480 0.413886,
				 1.090177 1.959479 0.395579,
				 -1.055187 1.959479 0.395579,
				 1.093819 1.959479 0.377271,
				 -1.058829 1.959479 0.377271,
				 1.104189 1.959479 0.361751,
				 -1.069199 1.959479 0.361751,
				 1.119709 1.959479 0.351381,
				 -1.084719 1.959479 0.351381,
				 1.138016 1.959479 0.347740,
				 -1.103026 1.959479 0.347740,
				 1.156324 1.959479 0.351381,
				 -1.121334 1.959479 0.351381,
				 1.171844 1.959479 0.361751,
				 -1.136854 1.959479 0.361751,
				 1.182214 1.959479 0.377271,
				 -1.147224 1.959479 0.377271,
				 1.185856 1.959479 0.395578,
				 -1.150866 1.959479 0.395578,
				 1.182214 1.959479 0.413886,
				 -1.147224 1.959479 0.413886,
				 1.171844 1.959479 0.429406,
				 -1.136854 1.959479 0.429406,
				 1.156324 1.959480 0.439776,
				 -1.121334 1.959480 0.439776,
				 1.138016 1.959480 0.443418,
				 -1.103026 1.959480 0.443418,
				 1.119709 1.959480 0.439776,
				 -1.084719 1.959480 0.439776,
				 1.138016 2.018982 0.395579,
				 -1.103026 2.018981 0.395579,
				 1.085325 1.955691 0.522785,
				 -1.050335 1.955691 0.522785,
				 1.119709 1.927693 0.439776,
				 -1.084719 1.927693 0.439776,
				 1.138016 1.927693 0.443418,
				 -1.103026 1.927693 0.443418,
				 1.138016 1.955691 0.533266,
				 -1.103026 1.955691 0.533266,
				 1.190707 1.955691 0.522785,
				 -1.155717 1.955690 0.522785,
				 1.156324 1.927693 0.439776,
				 -1.121334 1.927693 0.439776,
				 1.171844 1.927693 0.429406,
				 -1.136854 1.927693 0.429406,
				 1.235377 1.955691 0.492938,
				 -1.200387 1.955690 0.492938,
				 1.265224 1.955691 0.448269,
				 -1.230234 1.955690 0.448269,
				 1.182214 1.927693 0.413886,
				 -1.147224 1.927693 0.413886,
				 1.185856 1.927693 0.395578,
				 -1.150866 1.927693 0.395578,
				 1.275704 1.955690 0.395578,
				 -1.240714 1.955689 0.395578,
				 1.265224 1.955690 0.342888,
				 -1.230234 1.955689 0.342888,
				 1.182214 1.927693 0.377271,
				 -1.147224 1.927693 0.377271,
				 1.171844 1.927693 0.361751,
				 -1.136854 1.927693 0.361751,
				 1.235377 1.955690 0.298219,
				 -1.200387 1.955689 0.298219,
				 1.156324 1.927693 0.351381,
				 -1.121334 1.927693 0.351381,
				 1.190707 1.955690 0.268372,
				 -1.155717 1.955689 0.268372,
				 1.138016 1.927693 0.347740,
				 -1.103026 1.927693 0.347740,
				 1.138016 1.955690 0.257891,
				 -1.103026 1.955689 0.257891,
				 1.119709 1.927693 0.351381,
				 -1.084719 1.927693 0.351381,
				 1.085325 1.955690 0.268372,
				 -1.050335 1.955689 0.268372,
				 1.104189 1.927693 0.361751,
				 -1.069199 1.927693 0.361751,
				 1.040656 1.955690 0.298219,
				 -1.005666 1.955689 0.298219,
				 1.010809 1.955691 0.342888,
				 -0.975819 1.955690 0.342888,
				 1.093819 1.927693 0.377271,
				 -1.058829 1.927693 0.377271,
				 1.090177 1.927693 0.395579,
				 -1.055187 1.927693 0.395579,
				 1.000328 1.955691 0.395579,
				 -0.965338 1.955690 0.395579,
				 1.010809 1.955691 0.448269,
				 -0.975819 1.955690 0.448269,
				 1.093819 1.927693 0.413886,
				 -1.058829 1.927693 0.413886,
				 1.104189 1.927693 0.429406,
				 -1.069199 1.927693 0.429406,
				 1.040656 1.955691 0.492938,
				 -1.005666 1.955691 0.492938,
				 1.036841 1.994223 0.447186,
				 -1.001851 1.994223 0.447186,
				 1.051619 1.994223 0.469302,
				 -1.016629 1.994223 0.469302,
				 1.029982 1.994223 0.360530,
				 -0.994992 1.994223 0.360530,
				 1.024793 1.994223 0.386617,
				 -0.989803 1.994223 0.386617,
				 1.083073 1.980363 0.437847,
				 -1.048083 1.980362 0.437847,
				 1.077939 1.980363 0.430163,
				 -1.042949 1.980362 0.430163,
				 1.069277 1.980363 0.386617,
				 -1.034287 1.980362 0.386617,
				 1.071080 1.980363 0.377553,
				 -1.036090 1.980362 0.377553,
				 1.146978 2.026010 0.508801,
				 -1.111988 2.026010 0.508801,
				 1.146978 2.012149 0.464317,
				 -1.111988 2.012148 0.464317,
				 1.156042 2.012149 0.462514,
				 -1.121052 2.012148 0.462514,
				 1.173065 2.026010 0.503612,
				 -1.138075 2.026010 0.503612,
				 1.224414 2.026010 0.469302,
				 -1.189424 2.026009 0.469302,
				 1.192959 2.012149 0.437847,
				 -1.157969 2.012148 0.437847,
				 1.198094 2.012149 0.430163,
				 -1.163104 2.012148 0.430163,
				 1.239191 2.026010 0.447186,
				 -1.204201 2.026009 0.447186,
				 1.251239 2.026009 0.386617,
				 -1.216249 2.026008 0.386617,
				 1.206756 2.012149 0.386617,
				 -1.171766 2.012148 0.386617,
				 1.204953 2.012149 0.377553,
				 -1.169963 2.012148 0.377553,
				 1.246050 2.026009 0.360530,
				 -1.211060 2.026008 0.360530,
				 1.211740 2.026009 0.309181,
				 -1.176750 2.026008 0.309181,
				 1.180285 2.012148 0.340636,
				 -1.145295 2.012147 0.340636,
				 1.172601 2.012148 0.335502,
				 -1.137611 2.012147 0.335502,
				 1.189625 2.026008 0.294404,
				 -1.154635 2.026008 0.294404,
				 1.129054 2.026008 0.282356,
				 -1.094064 2.026008 0.282356,
				 1.129055 2.012148 0.326840,
				 -1.094065 2.012147 0.326840,
				 1.119991 2.012149 0.328643,
				 -1.085001 2.012148 0.328643,
				 1.102967 2.026008 0.287545,
				 -1.067977 2.026008 0.287545,
				 1.095535 2.118122 0.544321,
				 -1.060545 2.118122 0.544321,
				 1.120342 2.118122 0.549256,
				 -1.085352 2.118122 0.549256,
				 1.213156 2.118123 0.530794,
				 -1.178166 2.118122 0.530794,
				 1.234186 2.118123 0.516742,
				 -1.199196 2.118122 0.516742,
				 1.286760 2.118122 0.438059,
				 -1.251770 2.118121 0.438059,
				 1.291695 2.118122 0.413253,
				 -1.256705 2.118121 0.413253,
				 1.273233 2.118121 0.320440,
				 -1.238243 2.118120 0.320440,
				 1.259181 2.118121 0.299410,
				 -1.224191 2.118120 0.299410,
				 1.180497 2.118120 0.246836,
				 -1.145507 2.118120 0.246836,
				 1.155691 2.118120 0.241901,
				 -1.120701 2.118120 0.241901,
				 1.062877 2.118120 0.260363,
				 -1.027887 2.118120 0.260363,
				 1.041847 2.118121 0.274415,
				 -1.006857 2.118121 0.274415,
				 0.989272 2.118121 0.353098,
				 -0.954282 2.118121 0.353098,
				 0.984338 2.118121 0.377904,
				 -0.949348 2.118121 0.377904,
				 1.002800 2.118122 0.470717,
				 -0.967810 2.118122 0.470717,
				 1.016852 2.118122 0.491747,
				 -0.981862 2.118122 0.491747,
				 0.988576 1.660267 0.542208,
				 -0.953586 1.660267 0.542208,
				 0.945360 1.660267 0.477531,
				 -0.910370 1.660267 0.477531,
				 0.943838 1.660267 0.317299,
				 -0.908848 1.660266 0.317299,
				 0.928663 1.660267 0.393591,
				 -0.893673 1.660266 0.393591,
				 1.056064 1.660266 0.202923,
				 -1.021074 1.660265 0.202923,
				 0.991386 1.660266 0.246139,
				 -0.956396 1.660265 0.246139,
				 1.216296 1.660265 0.201402,
				 -1.181306 1.660264 0.201402,
				 1.140004 1.660265 0.186226,
				 -1.105014 1.660264 0.186226,
				 1.330673 1.660266 0.313626,
				 -1.295683 1.660265 0.313626,
				 1.287457 1.660265 0.248950,
				 -1.252467 1.660264 0.248950,
				 1.332195 1.660267 0.473858,
				 -1.297205 1.660266 0.473858,
				 1.347370 1.660266 0.397566,
				 -1.312380 1.660265 0.397566,
				 1.219969 1.660268 0.588234,
				 -1.184979 1.660267 0.588234,
				 1.284646 1.660267 0.545018,
				 -1.249656 1.660266 0.545018,
				 1.059736 1.660267 0.589755,
				 -1.024746 1.660267 0.589755,
				 1.136029 1.660267 0.604931,
				 -1.101039 1.660267 0.604931,
				 0.988748 2.015766 0.542093,
				 -0.953758 2.015766 0.542093,
				 0.945531 2.015766 0.477416,
				 -0.910541 2.015766 0.477416,
				 0.928866 2.015766 0.393631,
				 -0.893876 2.015766 0.393631,
				 0.944041 2.015765 0.317340,
				 -0.909051 2.015765 0.317340,
				 0.991501 2.015764 0.246311,
				 -0.956511 2.015764 0.246311,
				 1.056179 2.015764 0.203095,
				 -1.021189 2.015764 0.203095,
				 1.139963 2.015764 0.186429,
				 -1.104973 2.015763 0.186429,
				 1.216256 2.015764 0.201604,
				 -1.181266 2.015763 0.201604,
				 1.287285 2.015764 0.249064,
				 -1.252295 2.015763 0.249064,
				 1.330501 2.015765 0.313741,
				 -1.295511 2.015764 0.313741,
				 1.347167 2.015765 0.397526,
				 -1.312177 2.015764 0.397526,
				 1.331992 2.015766 0.473817,
				 -1.297002 2.015765 0.473817,
				 1.284532 2.015767 0.544846,
				 -1.249542 2.015766 0.544846,
				 1.219854 2.015767 0.588062,
				 -1.184864 2.015766 0.588062,
				 1.136069 2.015766 0.604728,
				 -1.101079 2.015766 0.604728,
				 1.059777 2.015766 0.589553,
				 -1.024787 2.015766 0.589553,
				 1.013582 2.119801 0.493932,
				 -0.978592 2.119801 0.493932,
				 0.999530 2.119801 0.472902,
				 -0.964540 2.119801 0.472902,
				 0.980481 2.119801 0.377137,
				 -0.945491 2.119801 0.377137,
				 0.985415 2.119800 0.352331,
				 -0.950425 2.119800 0.352331,
				 1.039662 2.119800 0.271145,
				 -1.004672 2.119800 0.271145,
				 1.060692 2.119799 0.257093,
				 -1.025702 2.119799 0.257093,
				 1.156458 2.119799 0.238044,
				 -1.121468 2.119799 0.238044,
				 1.181264 2.119799 0.242978,
				 -1.146274 2.119799 0.242978,
				 1.262451 2.119800 0.297225,
				 -1.227461 2.119799 0.297225,
				 1.276503 2.119800 0.318255,
				 -1.241513 2.119799 0.318255,
				 1.295552 2.119801 0.414020,
				 -1.260562 2.119800 0.414020,
				 1.290618 2.119801 0.438826,
				 -1.255628 2.119800 0.438826,
				 1.236371 2.119802 0.520013,
				 -1.201381 2.119801 0.520013,
				 1.215341 2.119802 0.534064,
				 -1.180351 2.119801 0.534064,
				 1.119575 2.119801 0.553113,
				 -1.084585 2.119801 0.553113,
				 1.094768 2.119801 0.548179,
				 -1.059778 2.119801 0.548179,
				 0.959509 1.444597 0.039054,
				 -0.924519 1.444597 0.039054,
				 0.959508 1.444597 0.752103,
				 -0.924518 1.444597 0.752103,
				 0.923729 1.444597 0.039054,
				 -0.888737 1.444597 0.039054,
				 0.923729 1.444597 0.752103,
				 -0.888737 1.444597 0.752103,
				 0.813896 1.444597 0.276737,
				 -0.778904 1.444597 0.276737,
				 0.813896 1.444597 0.514420,
				 -0.778904 1.444597 0.514420,
				 0.778115 1.444597 0.276737,
				 -0.743125 1.444597 0.276737,
				 0.778115 1.444597 0.514420,
				 -0.743125 1.444597 0.514420,
				 0.923728 1.879116 0.752103,
				 -0.888738 1.879116 0.752103,
				 0.778115 2.066808 0.514420,
				 -0.743125 2.066808 0.514420,
				 0.778115 2.066808 0.276737,
				 -0.743125 2.066808 0.276737,
				 0.923728 1.879116 0.039054,
				 -0.888738 1.879116 0.039054,
				 0.813895 2.066808 0.514420,
				 -0.778905 2.066808 0.514420,
				 0.959508 1.879116 0.752103,
				 -0.924518 1.879116 0.752103,
				 0.813895 2.066808 0.276737,
				 -0.778905 2.066808 0.276737,
				 0.959509 1.879116 0.039054,
				 -0.924519 1.879116 0.039054,
				 0.728929 1.407956 0.039102,
				 -0.693939 1.407955 0.039102,
				 0.728929 1.407956 0.752103,
				 -0.693939 1.407955 0.752103,
				 0.728929 1.506279 0.752103,
				 -0.693939 1.506279 0.752103,
				 0.728929 1.506279 0.039102,
				 -0.693939 1.506279 0.039102,
				 0.698011 1.424623 0.752103,
				 -0.663021 1.424623 0.752103,
				 0.698011 1.489612 0.752103,
				 -0.663021 1.489611 0.752103,
				 0.698011 1.489612 0.039102,
				 -0.663021 1.489611 0.039102,
				 0.698011 1.424623 0.039102,
				 -0.663021 1.424623 0.039102,
				 0.728929 1.506279 0.314229,
				 -0.693939 1.506279 0.314229,
				 0.728929 1.506279 0.476976,
				 -0.693939 1.506279 0.476976,
				 0.728929 1.407956 0.476976,
				 -0.693939 1.407955 0.476976,
				 0.728929 1.407956 0.314229,
				 -0.693939 1.407955 0.314229,
				 0.698011 1.424623 0.314229,
				 -0.663021 1.424623 0.314229,
				 0.698011 1.424623 0.476976,
				 -0.663021 1.424623 0.476976,
				 0.698011 1.489612 0.476976,
				 -0.663021 1.489611 0.476976,
				 0.698011 1.489612 0.314229,
				 -0.663021 1.489611 0.314229,
				 0.703219 1.435570 0.341644,
				 -0.668229 1.435570 0.341644,
				 0.703219 1.478665 0.341644,
				 -0.668229 1.478664 0.341644,
				 0.703219 1.478665 0.449561,
				 -0.668229 1.478664 0.449561,
				 0.703219 1.435570 0.449561,
				 -0.668229 1.435570 0.449561,
				 0.723721 1.489717 0.449561,
				 -0.688731 1.489717 0.449561,
				 0.723721 1.489717 0.341644,
				 -0.688731 1.489717 0.341644,
				 0.723721 1.424518 0.341644,
				 -0.688731 1.424518 0.341644,
				 0.723721 1.424518 0.449561,
				 -0.688731 1.424518 0.449561,
				 0.643815 0.583577 0.001016,
				 -0.608823 0.583576 0.001016,
				 0.643815 0.874516 0.001016,
				 -0.608823 0.874516 0.001016,
				 0.433949 0.583576 0.001016,
				 -0.398957 0.583576 0.001016,
				 0.433948 0.874516 0.001016,
				 -0.398958 0.874516 0.001016,
				 0.017495 1.528994 0.793239,
				 0.017495 1.528994 0.752103,
				 1.078368 0.643294 0.539583,
				 -1.043376 0.643294 0.539583,
				 1.138017 0.643295 0.551447,
				 -1.103025 0.643294 0.551447,
				 1.197666 0.643294 0.539583,
				 -1.162674 0.643293 0.539583,
				 1.248234 0.643294 0.505794,
				 -1.213242 0.643293 0.505794,
				 1.282023 0.643293 0.455227,
				 -1.247031 0.643292 0.455227,
				 1.293887 0.643293 0.395578,
				 -1.258895 0.643292 0.395578,
				 1.282022 0.643293 0.335930,
				 -1.247030 0.643292 0.335930,
				 1.248234 0.643292 0.285363,
				 -1.213242 0.643291 0.285363,
				 1.197666 0.643292 0.251574,
				 -1.162674 0.643291 0.251574,
				 1.138017 0.643292 0.239710,
				 -1.103025 0.643291 0.239710,
				 1.078368 0.643293 0.251575,
				 -1.043376 0.643292 0.251575,
				 1.027800 0.643293 0.285363,
				 -0.992808 0.643292 0.285363,
				 0.994012 0.643293 0.335930,
				 -0.959020 0.643292 0.335930,
				 0.982147 0.643293 0.395579,
				 -0.947155 0.643293 0.395579,
				 1.027801 0.643294 0.505794,
				 -0.992809 0.643294 0.505794,
				 0.994012 0.643293 0.455227,
				 -0.959020 0.643293 0.455227,
				 0.585748 0.643293 0.455227,
				 -0.550757 0.643293 0.455227,
				 0.619537 0.643294 0.505794,
				 -0.584545 0.643294 0.505794,
				 0.573884 0.643293 0.395579,
				 -0.538892 0.643293 0.395579,
				 0.585748 0.643293 0.335930,
				 -0.550757 0.643292 0.335930,
				 0.619537 0.643293 0.285363,
				 -0.584545 0.643292 0.285363,
				 0.670105 0.643293 0.251575,
				 -0.635113 0.643292 0.251575,
				 0.729754 0.643291 0.239710,
				 -0.694762 0.643291 0.239710,
				 0.789403 0.643291 0.251574,
				 -0.754411 0.643291 0.251574,
				 0.839971 0.643291 0.285363,
				 -0.804980 0.643291 0.285363,
				 0.873758 0.643293 0.335930,
				 -0.838767 0.643292 0.335930,
				 0.885624 0.643293 0.395578,
				 -0.850632 0.643292 0.395578,
				 0.873758 0.643293 0.455227,
				 -0.838767 0.643292 0.455227,
				 0.839971 0.643293 0.505794,
				 -0.804980 0.643293 0.505794,
				 0.789403 0.643293 0.539583,
				 -0.754411 0.643293 0.539583,
				 0.729754 0.643294 0.551447,
				 -0.694762 0.643294 0.551447,
				 0.670105 0.643294 0.539583,
				 -0.635113 0.643294 0.539583,
				 1.078368 -0.012301 0.539583,
				 -1.043376 -0.012301 0.539583,
				 1.027801 -0.012301 0.505794,
				 -0.992809 -0.012301 0.505794,
				 1.138017 -0.012300 0.551447,
				 -1.103025 -0.012301 0.551447,
				 1.197666 -0.012301 0.539583,
				 -1.162674 -0.012302 0.539583,
				 1.248234 -0.012301 0.505794,
				 -1.213242 -0.012302 0.505794,
				 1.282023 -0.012302 0.455227,
				 -1.247031 -0.012303 0.455227,
				 1.293887 -0.012302 0.395578,
				 -1.258895 -0.012303 0.395578,
				 1.282022 -0.012302 0.335930,
				 -1.247030 -0.012303 0.335930,
				 1.248234 -0.012303 0.285363,
				 -1.213242 -0.012304 0.285363,
				 1.197666 -0.012303 0.251574,
				 -1.162674 -0.012304 0.251574,
				 1.138017 -0.012303 0.239710,
				 -1.103025 -0.012304 0.239710,
				 1.078368 -0.012303 0.251575,
				 -1.043376 -0.012303 0.251575,
				 1.027800 -0.012303 0.285363,
				 -0.992808 -0.012303 0.285363,
				 0.994012 -0.012303 0.335930,
				 -0.959020 -0.012303 0.335930,
				 0.982147 -0.012301 0.395579,
				 -0.947155 -0.012302 0.395579,
				 0.994012 -0.012301 0.455227,
				 -0.959020 -0.012302 0.455227,
				 0.585749 -0.012302 0.455227,
				 -0.550757 -0.012302 0.455227,
				 0.619537 -0.012301 0.505794,
				 -0.584545 -0.012301 0.505794,
				 0.573884 -0.012302 0.395579,
				 -0.538892 -0.012302 0.395579,
				 0.585749 -0.012303 0.335930,
				 -0.550757 -0.012303 0.335930,
				 0.619537 -0.012303 0.285363,
				 -0.584545 -0.012303 0.285363,
				 0.670105 -0.012303 0.251575,
				 -0.635113 -0.012303 0.251575,
				 0.729754 -0.012303 0.239710,
				 -0.694762 -0.012304 0.239710,
				 0.789403 -0.012303 0.251574,
				 -0.754411 -0.012304 0.251574,
				 0.839971 -0.012303 0.285363,
				 -0.804979 -0.012304 0.285363,
				 0.873759 -0.012303 0.335930,
				 -0.838767 -0.012303 0.335930,
				 0.885624 -0.012303 0.395578,
				 -0.850632 -0.012303 0.395578,
				 0.873759 -0.012303 0.455227,
				 -0.838767 -0.012303 0.455227,
				 0.839971 -0.012302 0.505794,
				 -0.804979 -0.012302 0.505794,
				 0.789403 -0.012302 0.539583,
				 -0.754411 -0.012302 0.539583,
				 0.729754 -0.012301 0.551447,
				 -0.694762 -0.012301 0.551447,
				 0.670105 -0.012301 0.539583,
				 -0.635113 -0.012301 0.539583,
				 1.078368 0.206231 0.539583,
				 -1.043376 0.206230 0.539583,
				 1.078368 0.424763 0.539583,
				 -1.043376 0.424762 0.539583,
				 1.027801 0.424762 0.505794,
				 -0.992809 0.424762 0.505794,
				 1.027801 0.206231 0.505794,
				 -0.992809 0.206230 0.505794,
				 1.138017 0.424763 0.551447,
				 -1.103025 0.424762 0.551447,
				 1.138017 0.206231 0.551447,
				 -1.103025 0.206230 0.551447,
				 1.197666 0.424763 0.539583,
				 -1.162674 0.424762 0.539583,
				 1.197666 0.206231 0.539583,
				 -1.162674 0.206230 0.539583,
				 1.248234 0.206231 0.505794,
				 -1.213242 0.206230 0.505794,
				 1.248234 0.424762 0.505794,
				 -1.213242 0.424761 0.505794,
				 1.282023 0.424762 0.455227,
				 -1.247031 0.424761 0.455227,
				 1.282023 0.206230 0.455227,
				 -1.247031 0.206229 0.455227,
				 1.293887 0.206229 0.395578,
				 -1.258895 0.206228 0.395578,
				 1.293887 0.424761 0.395578,
				 -1.258895 0.424760 0.395578,
				 1.282022 0.206229 0.335930,
				 -1.247030 0.206228 0.335930,
				 1.282022 0.424761 0.335930,
				 -1.247030 0.424760 0.335930,
				 1.248234 0.424761 0.285363,
				 -1.213242 0.424760 0.285363,
				 1.248234 0.206229 0.285363,
				 -1.213242 0.206228 0.285363,
				 1.197666 0.206229 0.251574,
				 -1.162674 0.206228 0.251574,
				 1.197666 0.424761 0.251574,
				 -1.162674 0.424760 0.251574,
				 1.138017 0.206229 0.239710,
				 -1.103025 0.206228 0.239710,
				 1.138017 0.424761 0.239710,
				 -1.103025 0.424760 0.239710,
				 1.078368 0.206229 0.251575,
				 -1.043376 0.206228 0.251575,
				 1.078368 0.424761 0.251575,
				 -1.043376 0.424760 0.251575,
				 1.027800 0.206228 0.285363,
				 -0.992808 0.206228 0.285363,
				 1.027800 0.424761 0.285363,
				 -0.992808 0.424760 0.285363,
				 0.994012 0.424762 0.335930,
				 -0.959020 0.424761 0.335930,
				 0.994012 0.206230 0.335930,
				 -0.959020 0.206229 0.335930,
				 0.982147 0.424762 0.395579,
				 -0.947155 0.424761 0.395579,
				 0.982147 0.206231 0.395579,
				 -0.947155 0.206230 0.395579,
				 0.994012 0.206231 0.455227,
				 -0.959020 0.206230 0.455227,
				 0.994012 0.424762 0.455227,
				 -0.959020 0.424762 0.455227,
				 0.619537 0.424762 0.505794,
				 -0.584545 0.424762 0.505794,
				 0.619537 0.206231 0.505794,
				 -0.584545 0.206230 0.505794,
				 0.585749 0.424762 0.455227,
				 -0.550757 0.424762 0.455227,
				 0.585749 0.206231 0.455227,
				 -0.550757 0.206230 0.455227,
				 0.573884 0.206230 0.395579,
				 -0.538892 0.206230 0.395579,
				 0.573884 0.424761 0.395579,
				 -0.538892 0.424761 0.395579,
				 0.585749 0.424761 0.335930,
				 -0.550757 0.424761 0.335930,
				 0.585749 0.206229 0.335930,
				 -0.550757 0.206229 0.335930,
				 0.619537 0.206228 0.285363,
				 -0.584545 0.206228 0.285363,
				 0.619537 0.424760 0.285363,
				 -0.584545 0.424760 0.285363,
				 0.670105 0.206228 0.251575,
				 -0.635113 0.206228 0.251575,
				 0.670105 0.424761 0.251575,
				 -0.635113 0.424760 0.251575,
				 0.729754 0.424761 0.239710,
				 -0.694762 0.424760 0.239710,
				 0.729754 0.206228 0.239710,
				 -0.694762 0.206228 0.239710,
				 0.789403 0.206228 0.251574,
				 -0.754411 0.206228 0.251574,
				 0.789403 0.424761 0.251574,
				 -0.754411 0.424760 0.251574,
				 0.839971 0.206228 0.285363,
				 -0.804979 0.206228 0.285363,
				 0.839971 0.424761 0.285363,
				 -0.804979 0.424760 0.285363,
				 0.873759 0.206228 0.335930,
				 -0.838767 0.206228 0.335930,
				 0.873759 0.424761 0.335930,
				 -0.838767 0.424760 0.335930,
				 0.885624 0.206228 0.395578,
				 -0.850632 0.206228 0.395578,
				 0.885624 0.424761 0.395578,
				 -0.850632 0.424760 0.395578,
				 0.873759 0.206229 0.455227,
				 -0.838767 0.206229 0.455227,
				 0.873759 0.424761 0.455227,
				 -0.838767 0.424761 0.455227,
				 0.839971 0.206231 0.505794,
				 -0.804979 0.206230 0.505794,
				 0.839971 0.424761 0.505794,
				 -0.804979 0.424761 0.505794,
				 0.789403 0.206231 0.539583,
				 -0.754411 0.206230 0.539583,
				 0.789403 0.424762 0.539583,
				 -0.754411 0.424762 0.539583,
				 0.729754 0.206231 0.551447,
				 -0.694762 0.206230 0.551447,
				 0.729754 0.424762 0.551447,
				 -0.694762 0.424762 0.551447,
				 0.670105 0.206231 0.539583,
				 -0.635113 0.206230 0.539583,
				 0.670105 0.424762 0.539583,
				 -0.635113 0.424762 0.539583,
				 1.022813 0.228084 0.443297,
				 -0.987821 0.228083 0.443297,
				 1.049844 0.228084 0.483751,
				 -1.014852 0.228083 0.483751,
				 1.049844 0.402910 0.483751,
				 -1.014852 0.402909 0.483751,
				 1.022813 0.402909 0.443297,
				 -0.987821 0.402908 0.443297,
				 1.013321 0.228083 0.395579,
				 -0.978329 0.228083 0.395579,
				 1.013321 0.402909 0.395579,
				 -0.978329 0.402908 0.395579,
				 1.022813 0.228083 0.347860,
				 -0.987821 0.228082 0.347860,
				 1.022813 0.402909 0.347860,
				 -0.987821 0.402908 0.347860,
				 1.049844 0.228083 0.307406,
				 -1.014852 0.228082 0.307406,
				 1.049844 0.402907 0.307406,
				 -1.014852 0.402907 0.307406,
				 1.090298 0.228083 0.280375,
				 -1.055306 0.228082 0.280375,
				 1.090298 0.402908 0.280375,
				 -1.055306 0.402907 0.280375,
				 1.138017 0.228082 0.270883,
				 -1.103025 0.228081 0.270883,
				 1.138017 0.402908 0.270883,
				 -1.103025 0.402907 0.270883,
				 1.185736 0.228082 0.280375,
				 -1.150744 0.228081 0.280375,
				 1.185736 0.402908 0.280375,
				 -1.150744 0.402907 0.280375,
				 1.226191 0.228082 0.307406,
				 -1.191199 0.228081 0.307406,
				 1.226191 0.402908 0.307406,
				 -1.191199 0.402907 0.307406,
				 1.253221 0.228083 0.347860,
				 -1.218229 0.228082 0.347860,
				 1.253221 0.402908 0.347860,
				 -1.218229 0.402907 0.347860,
				 1.262713 0.228083 0.395578,
				 -1.227721 0.228082 0.395578,
				 1.262713 0.402908 0.395578,
				 -1.227721 0.402907 0.395578,
				 1.253222 0.228083 0.443297,
				 -1.218230 0.228082 0.443297,
				 1.253222 0.402909 0.443297,
				 -1.218230 0.402908 0.443297,
				 1.226191 0.228084 0.483751,
				 -1.191199 0.228083 0.483751,
				 1.226191 0.402909 0.483751,
				 -1.191199 0.402908 0.483751,
				 1.185736 0.228084 0.510782,
				 -1.150744 0.228083 0.510782,
				 1.185736 0.402909 0.510782,
				 -1.150744 0.402908 0.510782,
				 1.138017 0.228084 0.520274,
				 -1.103025 0.228083 0.520274,
				 1.138017 0.402910 0.520274,
				 -1.103025 0.402909 0.520274,
				 1.090298 0.228084 0.510782,
				 -1.055306 0.228083 0.510782,
				 1.090298 0.402910 0.510782,
				 -1.055306 0.402909 0.510782,
				 0.641581 0.228083 0.483751,
				 -0.606589 0.228083 0.483751,
				 0.682035 0.228083 0.510782,
				 -0.647043 0.228083 0.510782,
				 0.641581 0.402910 0.483751,
				 -0.606589 0.402909 0.483751,
				 0.682035 0.402910 0.510782,
				 -0.647043 0.402909 0.510782,
				 0.729754 0.228083 0.520274,
				 -0.694762 0.228083 0.520274,
				 0.729754 0.402910 0.520274,
				 -0.694762 0.402909 0.520274,
				 0.777473 0.228083 0.510782,
				 -0.742481 0.228083 0.510782,
				 0.777473 0.402909 0.510782,
				 -0.742481 0.402908 0.510782,
				 0.817927 0.228083 0.483751,
				 -0.782935 0.228083 0.483751,
				 0.817927 0.402909 0.483751,
				 -0.782935 0.402908 0.483751,
				 0.844958 0.228082 0.443297,
				 -0.809966 0.228082 0.443297,
				 0.844958 0.402909 0.443297,
				 -0.809966 0.402908 0.443297,
				 0.854450 0.228082 0.395578,
				 -0.819458 0.228082 0.395578,
				 0.854450 0.402907 0.395578,
				 -0.819458 0.402907 0.395578,
				 0.844958 0.228082 0.347860,
				 -0.809966 0.228082 0.347860,
				 0.844958 0.402907 0.347860,
				 -0.809966 0.402907 0.347860,
				 0.817927 0.228082 0.307406,
				 -0.782935 0.228081 0.307406,
				 0.817927 0.402907 0.307406,
				 -0.782935 0.402907 0.307406,
				 0.777473 0.228082 0.280375,
				 -0.742481 0.228081 0.280375,
				 0.777473 0.402907 0.280375,
				 -0.742481 0.402907 0.280375,
				 0.729754 0.228082 0.270883,
				 -0.694762 0.228081 0.270883,
				 0.729754 0.402907 0.270883,
				 -0.694762 0.402907 0.270883,
				 0.682035 0.228082 0.280375,
				 -0.647043 0.228082 0.280375,
				 0.682035 0.402907 0.280375,
				 -0.647043 0.402907 0.280375,
				 0.641581 0.228082 0.307406,
				 -0.606589 0.228082 0.307406,
				 0.641581 0.402907 0.307406,
				 -0.606589 0.402907 0.307406,
				 0.614550 0.228082 0.347860,
				 -0.579558 0.228082 0.347860,
				 0.614550 0.402908 0.347860,
				 -0.579558 0.402908 0.347860,
				 0.605058 0.228083 0.395579,
				 -0.570066 0.228083 0.395579,
				 0.605058 0.402908 0.395579,
				 -0.570066 0.402908 0.395579,
				 0.614550 0.228083 0.443297,
				 -0.579558 0.228083 0.443297,
				 0.614550 0.402908 0.443297,
				 -0.579558 0.402908 0.443297,
				 0.017495 1.373933 0.673800,
				 0.017496 0.583576 0.001016,
				 0.017496 0.561738 0.001016,
				 0.706198 -1.078313 0.901835,
				 0.706198 -1.078313 0.901835,
				 0.706198 -1.019050 0.901835,
				 0.706198 -0.729144 0.901835,
				 0.706198 -0.729144 0.901835,
				 0.645619 -0.729144 0.979987,
				 0.645619 -0.729144 0.979987,
				 0.645619 -0.729144 0.979987,
				 0.645619 -0.702213 0.979987,
				 0.645619 -0.702213 0.979987,
				 0.645949 -0.701715 0.793239,
				 0.546384 -0.702214 1.049094,
				 0.546384 -0.702214 1.049094,
				 0.530897 -0.702214 1.059879,
				 0.530897 -0.702214 1.059879,
				 0.530897 -0.702214 1.059879,
				 0.530897 -0.238269 1.059879,
				 0.530897 -0.238269 1.059879,
				 0.531562 -0.237705 0.793239,
				 0.512209 -0.238269 1.067542,
				 0.381390 -0.238270 1.121183,
				 0.381390 -0.238270 1.121183,
				 0.381390 -0.238270 1.121183,
				 0.381550 -0.237705 0.793239,
				 0.207287 -0.238272 1.159720,
				 0.207287 -0.238272 1.159720,
				 0.017496 -0.238274 1.172863,
				 0.017496 -0.238274 1.172863,
				 -0.172295 -0.238272 1.159720,
				 -0.172295 -0.238272 1.159720,
				 -0.346398 -0.238270 1.121183,
				 -0.346398 -0.238270 1.121183,
				 -0.477217 -0.238269 1.067542,
				 -0.495905 -0.238269 1.059879,
				 -0.495905 -0.238269 1.059879,
				 -0.496570 -0.237705 0.793239,
				 -0.495905 -0.702214 1.059879,
				 -0.346398 -0.702216 1.121183,
				 -0.346398 -0.729147 1.121183,
				 -0.346398 -0.729147 1.121183,
				 -0.344303 -0.729147 1.114494,
				 -0.344303 -0.729147 1.114494,
				 -0.344303 -1.019050 1.114494,
				 -0.344303 -1.188378 1.114494,
				 -0.344303 -1.188378 1.114494,
				 -0.344303 -1.188378 1.114494,
				 -0.474557 -1.188376 1.061057,
				 -0.474557 -1.188376 1.061057,
				 -0.477217 -1.188376 1.067542,
				 -0.477217 -1.188376 1.067542,
				 -0.346398 -1.188378 1.121183,
				 -0.477217 -1.019050 1.067542,
				 -0.477217 -1.019050 1.067542,
				 -0.477217 -0.897290 1.067542,
				 -0.477217 -0.897290 1.067542,
				 -0.474557 -0.897290 1.061057,
				 -0.474557 -0.897290 1.061057,
				 -0.474557 -1.019050 1.061057,
				 -0.474557 -1.019050 1.061057,
				 -0.346398 -1.188378 1.121183,
				 -0.346398 -1.188378 1.121183,
				 -0.346398 -1.210381 1.121183,
				 -0.346398 -1.210381 1.121183,
				 -0.344307 -1.209985 1.114504,
				 -0.344307 -1.209985 1.114504,
				 -0.171296 -1.402644 1.141367,
				 -0.171296 -1.402644 1.141367,
				 -0.171296 -1.402644 1.141367,
				 -0.171296 -1.402644 1.141367,
				 -0.172297 -1.403055 1.148292,
				 -0.172297 -1.403055 1.148292,
				 -0.172297 -1.403055 1.148292,
				 -0.346398 -1.210381 1.121183,
				 -0.172295 -1.105408 1.159720,
				 0.017496 -1.409854 1.161032,
				 0.017496 -1.409854 1.161032,
				 0.017496 -1.409854 1.161032,
				 0.017496 -1.105409 1.172863,
				 0.017496 -1.105409 1.172863,
				 0.207287 -1.105408 1.159720,
				 0.207287 -1.105408 1.159720,
				 0.207287 -1.105408 1.159720,
				 0.207289 -1.403055 1.148292,
				 0.207289 -1.403055 1.148292,
				 0.206288 -1.402644 1.141367,
				 0.206288 -1.402644 1.141367,
				 0.204510 -1.402168 1.133327,
				 0.204510 -1.402168 1.133327,
				 0.204429 -1.422644 1.132158,
				 0.204429 -1.422644 1.132158,
				 0.204345 -1.619912 1.095392,
				 0.204345 -1.619912 1.095392,
				 0.061304 -1.804254 1.044131,
				 0.061304 -1.804254 1.044131,
				 0.061209 -1.936641 0.966546,
				 0.061209 -1.936641 0.966546,
				 0.203317 -1.996709 0.875963,
				 0.203317 -1.996709 0.875963,
				 0.202893 -2.016930 0.810188,
				 0.202893 -2.016930 0.810188,
				 0.202893 -2.016930 0.810188,
				 0.156391 -2.002213 0.874420,
				 0.156391 -2.002213 0.874420,
				 0.017496 -2.023272 0.875087,
				 0.017496 -2.023272 0.875087,
				 -0.121399 -2.002213 0.874420,
				 -0.121399 -2.002213 0.874420,
				 -0.167901 -2.016930 0.810188,
				 -0.167901 -2.016930 0.810188,
				 -0.167901 -2.016930 0.810188,
				 -0.168325 -1.996709 0.875963,
				 -0.168325 -1.996709 0.875963,
				 -0.168325 -1.996709 0.875963,
				 0.017496 -2.024428 0.879392,
				 0.017496 -2.024428 0.879392,
				 0.017496 -2.024428 0.879392,
				 0.017496 -1.942458 0.968174,
				 0.017496 -1.942458 0.968174,
				 0.017496 -1.942458 0.968174,
				 0.061209 -1.936641 0.966546,
				 0.017496 -1.808817 1.046453,
				 0.017496 -1.808817 1.046453,
				 0.017496 -1.808817 1.046453,
				 0.061304 -1.804254 1.044131,
				 0.017496 -1.812971 1.053534,
				 0.017496 -1.812971 1.053534,
				 0.017496 -1.812971 1.053534,
				 0.062738 -1.808028 1.051323,
				 0.062738 -1.808028 1.051323,
				 0.206172 -1.622184 1.103108,
				 0.206172 -1.622184 1.103108,
				 0.206172 -1.622184 1.103108,
				 0.017496 -1.636756 1.114424,
				 0.017496 -1.636756 1.114424,
				 -0.171180 -1.622184 1.103108,
				 -0.171180 -1.622184 1.103108,
				 -0.169353 -1.619912 1.095392,
				 -0.169353 -1.619912 1.095392,
				 -0.341433 -1.577387 1.062506,
				 -0.341433 -1.577387 1.062506,
				 -0.470849 -1.518106 1.016565,
				 -0.470849 -1.518106 1.016565,
				 -0.470849 -1.518106 1.016565,
				 -0.470056 -1.644957 0.973158,
				 -0.470056 -1.644957 0.973158,
				 -0.468884 -1.741526 0.917338,
				 -0.468884 -1.741526 0.917338,
				 -0.398274 -1.862443 0.861031,
				 -0.398274 -1.862443 0.861031,
				 -0.397871 -1.879528 0.807193,
				 -0.397871 -1.879528 0.807193,
				 -0.338072 -1.933823 0.808362,
				 -0.338072 -1.933823 0.808362,
				 -0.342580 -1.940417 0.810416,
				 -0.342580 -1.940417 0.810416,
				 -0.342580 -1.940417 0.810416,
				 -0.170283 -2.024472 0.812527,
				 -0.170283 -2.024472 0.812527,
				 0.017496 -2.053200 0.813267,
				 0.017496 -2.053200 0.813267,
				 0.017496 -2.053200 0.813267,
				 0.017496 -2.031068 0.877499,
				 0.017496 -2.031068 0.877499,
				 0.158773 -2.009756 0.876759,
				 0.205275 -2.024472 0.812527,
				 0.205275 -2.024472 0.812527,
				 0.158773 -2.009756 0.876759,
				 0.017496 -2.059822 0.815331,
				 0.017496 -2.059822 0.815331,
				 0.017496 -2.059822 0.815331,
				 0.207296 -2.030878 0.814529,
				 0.207296 -2.030878 0.814529,
				 0.207296 -2.030878 0.814529,
				 0.207296 -2.037523 0.793239,
				 0.207296 -2.037523 0.793239,
				 0.207832 -2.039217 0.812298,
				 0.207832 -2.039217 0.812298,
				 0.271109 -2.319345 0.785611,
				 0.271109 -2.319345 0.785611,
				 0.271109 -2.319345 0.785611,
				 0.017496 -2.358464 0.785612,
				 0.017496 -2.358464 0.785612,
				 -0.236117 -2.319345 0.785611,
				 -0.236117 -2.319345 0.785611,
				 -0.375562 -2.011261 0.806154,
				 -0.375562 -2.011261 0.806154,
				 -0.537143 -1.864300 0.806146,
				 -0.537143 -1.864300 0.806146,
				 -0.661128 -1.672776 0.806138,
				 -0.661128 -1.672776 0.806138,
				 -0.739069 -1.449743 0.806132,
				 -0.739069 -1.449743 0.806132,
				 -0.953904 -1.210510 0.785583,
				 -0.953904 -1.210510 0.785583,
				 -0.953904 -1.210510 0.785583,
				 -0.951826 -1.210395 0.766555,
				 -0.951826 -1.210395 0.766555,
				 -0.951826 -1.210395 0.766555,
				 -0.951826 -1.185520 0.766555,
				 -0.951826 -1.019050 0.766552,
				 -0.951826 -1.019050 0.766552,
				 -0.756241 -0.701716 0.787901,
				 -0.756241 -0.701716 0.787901,
				 -0.756241 -0.701716 0.787901,
				 -0.983595 -0.701716 0.763085,
				 -0.983595 -0.701716 0.763085,
				 -0.983595 -0.705619 0.763085,
				 -0.983595 -0.705619 0.763085,
				 -0.951826 -1.019050 0.766552,
				 -0.983595 -0.844555 0.763085,
				 -0.983595 -0.844555 0.763085,
				 -0.983595 -0.844555 0.763085,
				 -0.983595 -1.210397 0.763085,
				 -1.217788 -1.185522 0.677213,
				 -1.217788 -1.185522 0.677213,
				 -1.374271 -1.185522 0.548696,
				 -1.374271 -1.185522 0.548696,
				 -1.374271 -1.210397 0.548696,
				 -1.374271 -1.210397 0.548696,
				 -1.374271 -1.210397 0.548696,
				 -1.429221 -1.210397 0.397101,
				 -1.429221 -1.210397 0.397101,
				 -1.374271 -1.210397 0.245505,
				 -1.374271 -1.210397 0.245505,
				 -1.217788 -1.210397 0.116988,
				 -1.217788 -1.210397 0.116988,
				 -0.983595 -1.210397 0.031117,
				 -0.983595 -1.210397 0.031117,
				 -0.983595 -1.210397 0.031117,
				 -0.951826 -1.210397 0.027649,
				 -0.707345 -1.210397 0.000962,
				 -0.707345 -1.210397 0.000962,
				 -0.682747 -1.432025 0.000962,
				 -0.682747 -1.432025 0.000962,
				 -0.918898 -1.507085 0.027649,
				 -0.949584 -1.516838 0.031117,
				 -0.949584 -1.516838 0.031117,
				 -0.949584 -1.516838 0.031117,
				 -0.942161 -1.566119 0.077483,
				 -0.942161 -1.566119 0.077483,
				 -1.146178 -1.630965 0.152476,
				 -1.146178 -1.630965 0.152476,
				 -1.146178 -1.630965 0.152476,
				 -1.035148 -1.948931 0.152476,
				 -1.035148 -1.948931 0.152476,
				 -1.035148 -1.948931 0.152476,
				 -1.157370 -2.032637 0.264711,
				 -1.157370 -2.032637 0.264711,
				 -1.157370 -2.032637 0.264711,
				 -0.958319 -2.340352 0.264711,
				 -0.958319 -2.340352 0.264711,
				 -0.958319 -2.340352 0.264711,
				 -0.993362 -2.381920 0.397101,
				 -0.993362 -2.381920 0.397101,
				 -0.993362 -2.381920 0.397101,
				 -0.723690 -2.627381 0.397101,
				 -0.723690 -2.627381 0.397101,
				 -0.723690 -2.627381 0.397101,
				 -0.698911 -2.576470 0.529490,
				 -0.698911 -2.576470 0.529490,
				 -0.698911 -2.576470 0.529490,
				 -0.396823 -2.724900 0.529490,
				 -0.396823 -2.724900 0.529490,
				 -0.396823 -2.724900 0.529490,
				 -0.360297 -2.563195 0.641725,
				 -0.360297 -2.563195 0.641725,
				 -0.360297 -2.563195 0.641725,
				 -0.304416 -2.622391 0.677213,
				 -0.304416 -2.622391 0.677213,
				 -0.304416 -2.622391 0.677213,
				 -0.243802 -2.354051 0.763085,
				 -0.243802 -2.354051 0.763085,
				 -0.235580 -2.317650 0.766552,
				 -0.235580 -2.317650 0.766552,
				 -0.236117 -2.319345 0.785611,
				 0.017496 -2.356709 0.766552,
				 0.017496 -2.356709 0.766552,
				 0.017496 -2.356709 0.766552,
				 0.017496 -2.394395 0.763085,
				 0.270572 -2.317650 0.766552,
				 0.017496 -2.358464 0.785612,
				 0.017496 -2.672199 0.677213,
				 0.017496 -2.672199 0.677213,
				 0.017496 -2.672199 0.677213,
				 0.017496 -2.857824 0.548696,
				 0.017496 -2.857824 0.548696,
				 0.017496 -2.857824 0.548696,
				 0.379909 -2.801688 0.548696,
				 0.379909 -2.801688 0.548696,
				 0.431815 -2.724900 0.529490,
				 0.431815 -2.724900 0.529490,
				 0.733903 -2.576470 0.529490,
				 0.733903 -2.576470 0.529490,
				 0.993311 -2.340351 0.529490,
				 0.993311 -2.340351 0.529490,
				 1.192362 -2.032636 0.529490,
				 1.192362 -2.032636 0.529490,
				 1.317490 -1.674293 0.529490,
				 1.317490 -1.674293 0.529490,
				 1.360169 -1.289745 0.529490,
				 1.360169 -1.289745 0.529490,
				 1.360169 -1.289745 0.529490,
				 1.409727 -1.289745 0.397101,
				 1.409727 -1.289745 0.397101,
				 1.360170 -1.289745 0.264711,
				 1.360170 -1.289745 0.264711,
				 1.219041 -1.289745 0.152476,
				 1.219041 -1.289745 0.152476,
				 1.007826 -1.289746 0.077483,
				 1.007826 -1.289746 0.077483,
				 0.977153 -1.566119 0.077483,
				 0.977153 -1.566119 0.077483,
				 0.977153 -1.566119 0.077483,
				 0.984576 -1.516838 0.031117,
				 0.984576 -1.516838 0.031117,
				 0.953890 -1.507085 0.027649,
				 0.717739 -1.432025 0.000962,
				 0.717739 -1.432025 0.000962,
				 0.742337 -1.210397 0.000962,
				 0.742337 -1.210397 0.000962,
				 0.986818 -1.210397 0.027649,
				 1.018587 -1.210397 0.031117,
				 1.018587 -1.210397 0.031117,
				 1.018587 -1.210397 0.031117,
				 1.252780 -1.210396 0.116988,
				 1.252780 -1.210396 0.116988,
				 1.409263 -1.210396 0.245505,
				 1.409263 -1.210396 0.245505,
				 1.464213 -1.210396 0.397101,
				 1.464213 -1.210396 0.397101,
				 1.409263 -1.210396 0.548696,
				 1.409263 -1.210396 0.548696,
				 1.252780 -1.210396 0.677213,
				 1.252780 -1.210396 0.677213,
				 1.018587 -1.210397 0.763085,
				 1.018587 -1.210397 0.763085,
				 0.986818 -1.210395 0.766555,
				 0.986818 -1.210395 0.766555,
				 0.988896 -1.210510 0.785583,
				 0.988896 -1.210510 0.785583,
				 0.744415 -1.210490 0.812293,
				 0.744415 -1.210490 0.812293,
				 0.744415 -1.210490 0.812293,
				 0.719746 -1.432479 0.812270,
				 0.719746 -1.432479 0.812270,
				 0.719746 -1.432479 0.812270,
				 0.774061 -1.449743 0.806132,
				 0.774061 -1.449743 0.806132,
				 0.774061 -1.449743 0.806132,
				 0.988896 -1.210510 0.785583,
				 0.772054 -1.449289 0.787101,
				 0.772054 -1.449289 0.787101,
				 0.772054 -1.449289 0.787101,
				 0.694320 -1.671900 0.787101,
				 0.694320 -1.671900 0.787101,
				 0.570665 -1.863061 0.787101,
				 0.570665 -1.863061 0.787101,
				 0.409514 -2.009743 0.787101,
				 0.409514 -2.009743 0.787101,
				 0.270572 -2.317650 0.766552,
				 0.270572 -2.317650 0.766552,
				 0.278794 -2.354051 0.763085,
				 0.278794 -2.354051 0.763085,
				 0.278794 -2.354051 0.763085,
				 0.340622 -2.321185 0.716718,
				 0.340622 -2.321185 0.716718,
				 0.557731 -2.214509 0.716718,
				 0.557731 -2.214509 0.716718,
				 0.744166 -2.044811 0.716718,
				 0.744166 -2.044811 0.716718,
				 0.887223 -1.823658 0.716718,
				 0.887223 -1.823658 0.716718,
				 0.977153 -1.566119 0.716718,
				 0.977153 -1.566119 0.716718,
				 1.007826 -1.289746 0.716718,
				 1.007826 -1.289746 0.716718,
				 1.018587 -1.210397 0.763085,
				 1.219041 -1.289745 0.641725,
				 1.219041 -1.289745 0.641725,
				 1.181170 -1.630965 0.641725,
				 1.181170 -1.630965 0.641725,
				 1.070140 -1.948931 0.641725,
				 1.070140 -1.948931 0.641725,
				 1.181170 -1.630965 0.641725,
				 0.893518 -2.221974 0.641725,
				 0.893518 -2.221974 0.641725,
				 1.070140 -1.948931 0.641725,
				 0.663338 -2.431488 0.641725,
				 0.663338 -2.431488 0.641725,
				 0.893518 -2.221974 0.641725,
				 0.395289 -2.563195 0.641725,
				 0.395289 -2.563195 0.641725,
				 0.663338 -2.431488 0.641725,
				 0.339408 -2.622391 0.677213,
				 0.339408 -2.622391 0.677213,
				 0.395289 -2.563195 0.641725,
				 0.017496 -2.394395 0.763085,
				 0.519523 -2.235769 0.763085,
				 0.519523 -2.235769 0.763085,
				 0.519523 -2.235769 0.763085,
				 0.726242 -2.047610 0.763085,
				 0.726242 -2.047610 0.763085,
				 0.884863 -1.802395 0.763085,
				 0.884863 -1.802395 0.763085,
				 0.984576 -1.516838 0.763085,
				 0.984576 -1.516838 0.763085,
				 1.018587 -1.210397 0.763085,
				 0.977153 -1.566119 0.716718,
				 0.887223 -1.823658 0.716718,
				 0.744166 -2.044811 0.716718,
				 0.557731 -2.214509 0.716718,
				 0.278794 -2.354051 0.763085,
				 0.726242 -2.047610 0.763085,
				 0.884863 -1.802395 0.763085,
				 0.984576 -1.516838 0.763085,
				 0.986818 -1.210395 0.766555,
				 0.696120 -1.672776 0.806138,
				 0.696120 -1.672776 0.806138,
				 0.696120 -1.672776 0.806138,
				 0.694320 -1.671900 0.787101,
				 0.572135 -1.864300 0.806146,
				 0.572135 -1.864300 0.806146,
				 0.572135 -1.864300 0.806146,
				 0.570665 -1.863061 0.787101,
				 0.410554 -2.011261 0.806154,
				 0.410554 -2.011261 0.806154,
				 0.382438 -1.953497 0.812292,
				 0.382438 -1.953497 0.812292,
				 0.382438 -1.953497 0.812292,
				 0.381398 -1.951978 0.793239,
				 0.532374 -1.817135 0.812284,
				 0.532374 -1.817135 0.812284,
				 0.532374 -1.817135 0.812284,
				 0.530904 -1.815895 0.793239,
				 0.647423 -1.639425 0.812276,
				 0.647423 -1.639425 0.812276,
				 0.717739 -1.432025 0.793239,
				 0.717739 -1.432025 0.793239,
				 0.717739 -1.432025 0.793239,
				 0.717739 -1.426926 0.806539,
				 0.717739 -1.426926 0.806539,
				 0.706200 -1.459210 0.809140,
				 0.706200 -1.459210 0.809140,
				 0.706200 -1.459210 0.809140,
				 0.706200 -1.456390 0.816793,
				 0.706200 -1.456390 0.816793,
				 0.645623 -1.623959 0.837021,
				 0.645623 -1.623959 0.837021,
				 0.546391 -1.772137 0.854907,
				 0.546391 -1.772137 0.854907,
				 0.546391 -1.787282 0.807778,
				 0.546391 -1.787282 0.807778,
				 0.546391 -1.791954 0.793239,
				 0.645623 -1.632816 0.810443,
				 0.645623 -1.632816 0.810443,
				 0.645623 -1.638549 0.793239,
				 0.530903 -1.795263 0.857698,
				 0.530903 -1.795263 0.857698,
				 0.442882 -1.872652 0.867040,
				 0.442882 -1.872652 0.867040,
				 0.438467 -1.867962 0.864275,
				 0.438467 -1.867962 0.864275,
				 0.433266 -1.862443 0.861031,
				 0.433266 -1.862443 0.861031,
				 0.373584 -1.915516 0.866754,
				 0.373584 -1.915516 0.866754,
				 0.374991 -1.844138 0.943204,
				 0.374991 -1.844138 0.943204,
				 0.374991 -1.844138 0.943204,
				 0.375931 -1.728721 1.010437,
				 0.375931 -1.728721 1.010437,
				 0.375931 -1.728721 1.010437,
				 0.376425 -1.577387 1.062506,
				 0.376425 -1.577387 1.062506,
				 0.376425 -1.577387 1.062506,
				 0.376716 -1.400558 1.095383,
				 0.376716 -1.400558 1.095383,
				 0.376716 -1.400558 1.095383,
				 0.376838 -1.209519 1.106646,
				 0.376838 -1.209519 1.106646,
				 0.376838 -1.209519 1.106646,
				 0.379299 -1.209985 1.114504,
				 0.379299 -1.209985 1.114504,
				 0.381390 -1.210381 1.121183,
				 0.506428 -1.209543 1.053447,
				 0.506428 -1.209543 1.053447,
				 0.509553 -1.209994 1.061067,
				 0.509553 -1.209994 1.061067,
				 0.512209 -1.210378 1.067542,
				 0.512209 -1.210378 1.067542,
				 0.512209 -1.210378 1.067542,
				 0.512210 -1.371500 1.057986,
				 0.512210 -1.371500 1.057986,
				 0.512210 -1.371500 1.057986,
				 0.530899 -1.367098 1.050585,
				 0.530899 -1.367098 1.050585,
				 0.530899 -1.367098 1.050585,
				 0.530897 -1.210378 1.059879,
				 0.530897 -1.210378 1.059879,
				 0.530897 -1.210378 1.059879,
				 0.530897 -1.188375 1.059879,
				 0.530897 -1.188375 1.059879,
				 0.546384 -1.188375 1.049094,
				 0.546384 -1.188375 1.049094,
				 0.540376 -1.188375 1.040466,
				 0.540376 -1.188375 1.040466,
				 0.540376 -1.019050 1.040466,
				 0.540376 -0.853804 1.040466,
				 0.540376 -0.853804 1.040466,
				 0.546384 -0.853804 1.049094,
				 0.638376 -0.729144 0.972364,
				 0.638376 -0.729144 0.972364,
				 0.697888 -0.729144 0.895393,
				 0.697888 -0.729144 0.895393,
				 0.697888 -1.019050 0.895393,
				 0.697888 -1.078313 0.895393,
				 0.697888 -1.078313 0.895393,
				 0.638376 -1.188374 0.972364,
				 0.638376 -1.188374 0.972364,
				 0.638376 -1.019050 0.972364,
				 0.645619 -1.188374 0.979987,
				 0.645619 -1.188374 0.979987,
				 0.638376 -1.188374 0.972364,
				 0.530897 -1.019050 1.059879,
				 0.530897 -1.019050 1.059879,
				 0.512209 -1.019050 1.067542,
				 0.512209 -1.019050 1.067542,
				 0.509549 -1.019050 1.061057,
				 0.509549 -1.019050 1.061057,
				 0.509549 -0.897290 1.061057,
				 0.509549 -0.897290 1.061057,
				 0.512209 -0.897290 1.067542,
				 0.512209 -0.897290 1.067542,
				 0.381390 -0.729147 1.121183,
				 0.381390 -0.729147 1.121183,
				 0.207287 -0.729148 1.159720,
				 0.207287 -0.729148 1.159720,
				 0.207287 -0.702217 1.159720,
				 0.017496 -0.729150 1.172863,
				 0.017496 -0.729150 1.172863,
				 0.017496 -0.702219 1.172863,
				 -0.172295 -0.729148 1.159720,
				 -0.172295 -0.729148 1.159720,
				 -0.172295 -0.702217 1.159720,
				 -0.346398 -0.729147 1.121183,
				 0.379295 -0.729147 1.114494,
				 0.379295 -0.729147 1.114494,
				 0.379295 -1.019050 1.114494,
				 0.379295 -1.188378 1.114494,
				 0.379295 -1.188378 1.114494,
				 0.379295 -1.188378 1.114494,
				 0.509549 -1.188376 1.061057,
				 0.381390 -1.188378 1.121183,
				 0.206284 -1.105408 1.152782,
				 0.206284 -1.105408 1.152782,
				 0.017496 -1.105409 1.165870,
				 0.017496 -1.105409 1.165870,
				 -0.171292 -1.105408 1.152782,
				 -0.171292 -1.105408 1.152782,
				 -0.171292 -1.019050 1.152782,
				 -0.171292 -0.729148 1.152782,
				 -0.171292 -0.729148 1.152782,
				 -0.344303 -0.729147 1.114494,
				 0.017496 -0.729150 1.165870,
				 0.017496 -0.729150 1.165870,
				 0.206284 -0.729148 1.152782,
				 0.206284 -0.729148 1.152782,
				 0.206284 -1.019050 1.152782,
				 0.017496 -1.019050 1.165870,
				 0.512209 -1.019050 1.067542,
				 0.379295 -0.729147 1.114494,
				 0.512209 -1.188376 1.067542,
				 0.512209 -1.188376 1.067542,
				 0.381390 -1.188378 1.121183,
				 0.509549 -1.188376 1.061057,
				 0.546384 -1.210378 1.049094,
				 0.546384 -1.210378 1.049094,
				 0.540383 -1.209867 1.040476,
				 0.540383 -1.209867 1.040476,
				 0.638383 -1.209925 0.972372,
				 0.638383 -1.209925 0.972372,
				 0.697893 -1.209994 0.895398,
				 0.697893 -1.209994 0.895398,
				 0.706198 -1.210375 0.901835,
				 0.706198 -1.210375 0.901835,
				 0.706198 -1.210375 0.901835,
				 0.645619 -1.210376 0.979987,
				 0.645619 -1.210376 0.979987,
				 0.645619 -1.210376 0.979987,
				 0.645619 -1.188374 0.979987,
				 0.546384 -1.210378 1.049094,
				 0.638383 -1.209925 0.972372,
				 0.717737 -1.210375 0.886949,
				 0.717737 -1.210375 0.886949,
				 0.742336 -1.210375 0.793264,
				 0.742336 -1.210375 0.793264,
				 0.742336 -1.210375 0.793264,
				 0.742336 -1.210375 0.793264,
				 0.742336 -1.210375 0.793264,
				 0.742336 -1.210375 0.793264,
				 0.717739 -1.424472 0.812941,
				 0.717739 -1.424472 0.812941,
				 0.717739 -1.402329 0.837023,
				 0.717739 -1.402329 0.837023,
				 0.717739 -1.402329 0.837023,
				 0.706200 -1.430946 0.844466,
				 0.706200 -1.430946 0.844466,
				 0.696995 -1.428374 0.840085,
				 0.696995 -1.428374 0.840085,
				 0.637255 -1.577962 0.878052,
				 0.637255 -1.577962 0.878052,
				 0.637255 -1.577962 0.878052,
				 0.645623 -1.581185 0.883542,
				 0.645623 -1.581185 0.883542,
				 0.706200 -1.430946 0.844466,
				 0.539038 -1.710232 0.911613,
				 0.539038 -1.710232 0.911613,
				 0.546390 -1.714037 0.918095,
				 0.546390 -1.714037 0.918095,
				 0.546390 -1.714037 0.918095,
				 0.645623 -1.581185 0.883542,
				 0.530903 -1.734772 0.923488,
				 0.530903 -1.734772 0.923488,
				 0.512215 -1.749503 0.927320,
				 0.512215 -1.749503 0.927320,
				 0.508385 -1.745838 0.922733,
				 0.508385 -1.745838 0.922733,
				 0.503876 -1.741526 0.917338,
				 0.503876 -1.741526 0.917338,
				 0.505048 -1.644957 0.973158,
				 0.508922 -1.647992 0.979776,
				 0.508922 -1.647992 0.979776,
				 0.508922 -1.647992 0.979776,
				 0.512213 -1.650572 0.985402,
				 0.512213 -1.650572 0.985402,
				 0.512213 -1.650572 0.985402,
				 0.530902 -1.638544 0.979983,
				 0.512212 -1.521642 1.029970,
				 0.512212 -1.521642 1.029970,
				 0.509286 -1.520018 1.023811,
				 0.509286 -1.520018 1.023811,
				 0.505841 -1.518106 1.016565,
				 0.505841 -1.518106 1.016565,
				 0.506280 -1.369795 1.044032,
				 0.509487 -1.370717 1.051575,
				 0.509487 -1.370717 1.051575,
				 0.506280 -1.369795 1.044032,
				 0.509286 -1.520018 1.023811,
				 0.505048 -1.644957 0.973158,
				 0.546389 -1.621614 0.972357,
				 0.546389 -1.621614 0.972357,
				 0.546389 -1.621614 0.972357,
				 0.530902 -1.638544 0.979983,
				 0.530902 -1.638544 0.979983,
				 0.530900 -1.513137 1.023334,
				 0.530900 -1.513137 1.023334,
				 0.512212 -1.521642 1.029970,
				 0.546388 -1.501166 1.013993,
				 0.546388 -1.501166 1.013993,
				 0.546388 -1.501166 1.013993,
				 0.530900 -1.513137 1.023334,
				 0.546386 -1.360901 1.040167,
				 0.546386 -1.360901 1.040167,
				 0.540264 -1.359867 1.031681,
				 0.540264 -1.359867 1.031681,
				 0.638277 -1.320287 0.965944,
				 0.638277 -1.320287 0.965944,
				 0.697803 -1.275533 0.891642,
				 0.697803 -1.275533 0.891642,
				 0.697803 -1.275533 0.891642,
				 0.706198 -1.276295 0.897925,
				 0.706198 -1.276295 0.897925,
				 0.706198 -1.276295 0.897925,
				 0.717737 -1.267742 0.883547,
				 0.706199 -1.337722 0.886463,
				 0.706199 -1.337722 0.886463,
				 0.706200 -1.390471 0.868229,
				 0.706200 -1.390471 0.868229,
				 0.697184 -1.388238 0.863302,
				 0.697557 -1.336207 0.880670,
				 0.697557 -1.336207 0.880670,
				 0.637979 -1.422630 0.947159,
				 0.637979 -1.422630 0.947159,
				 0.637979 -1.422630 0.947159,
				 0.539922 -1.499058 1.005974,
				 0.539922 -1.499058 1.005974,
				 0.539348 -1.618373 0.965253,
				 0.539348 -1.618373 0.965253,
				 0.637503 -1.510373 0.917409,
				 0.637503 -1.510373 0.917409,
				 0.637503 -1.510373 0.917409,
				 0.697184 -1.388238 0.863302,
				 0.697184 -1.388238 0.863302,
				 0.697557 -1.336207 0.880670,
				 0.539922 -1.499058 1.005974,
				 0.539348 -1.618373 0.965253,
				 0.717738 -1.367105 0.857703,
				 0.717738 -1.367105 0.857703,
				 0.717738 -1.367105 0.857703,
				 0.706200 -1.390471 0.868229,
				 0.717738 -1.321200 0.873571,
				 0.717738 -1.321200 0.873571,
				 0.717738 -1.321200 0.873571,
				 0.706199 -1.337722 0.886463,
				 0.717737 -1.267742 0.883547,
				 0.717737 -1.267742 0.883547,
				 0.638277 -1.320287 0.965944,
				 0.540264 -1.359867 1.031681,
				 0.546386 -1.360901 1.040167,
				 0.509487 -1.370717 1.051575,
				 0.381390 -1.210381 1.121183,
				 0.506280 -1.369795 1.044032,
				 0.505841 -1.518106 1.016565,
				 0.505048 -1.644957 0.973158,
				 0.503876 -1.741526 0.917338,
				 0.508385 -1.745838 0.922733,
				 0.512215 -1.749503 0.927320,
				 0.530903 -1.734772 0.923488,
				 0.706200 -1.465069 0.793239,
				 0.717739 -1.424472 0.812941,
				 0.742336 -1.210375 0.793264,
				 0.744415 -1.185501 0.812290,
				 0.744415 -1.185501 0.812290,
				 0.744414 -1.019049 0.812267,
				 0.744414 -1.019049 0.812267,
				 0.743723 -0.701715 0.812330,
				 0.743723 -0.701715 0.812330,
				 0.743723 -0.701715 0.812330,
				 0.719626 -0.701715 0.812380,
				 0.719626 -0.701715 0.812380,
				 0.645949 -0.701715 0.812380,
				 0.645949 -0.701715 0.812380,
				 0.645949 -0.701715 0.793239,
				 0.645949 -0.701715 0.793239,
				 0.645949 -0.237705 0.793239,
				 0.645949 -0.237705 0.793239,
				 0.531562 -0.237705 0.793239,
				 0.645949 -0.237705 0.812380,
				 0.645949 -0.237705 0.812380,
				 0.531562 -0.237705 0.812380,
				 0.495559 -0.237705 0.812380,
				 0.381550 -0.237705 0.812380,
				 0.381550 -0.237705 0.812380,
				 0.381550 0.081285 0.812380,
				 0.381550 0.107150 0.812380,
				 0.381550 0.107150 0.812380,
				 0.206095 0.338990 0.812380,
				 0.206095 0.338990 0.812380,
				 0.017496 0.338990 0.812380,
				 -0.171103 0.338990 0.812380,
				 -0.171103 0.338990 0.812380,
				 -0.346558 0.107150 0.812380,
				 -0.346558 0.107150 0.812380,
				 -0.346558 0.081285 0.812380,
				 -0.346558 -0.237705 0.812380,
				 -0.346558 0.107150 0.709302,
				 -0.346558 0.107150 0.709302,
				 -0.171103 0.338990 0.792228,
				 -0.171103 0.338990 0.792228,
				 0.017496 0.338990 0.792228,
				 0.206095 0.338990 0.792228,
				 0.206095 0.338990 0.792228,
				 0.206095 0.338990 0.792228,
				 0.381550 0.107150 0.709302,
				 0.381550 0.107150 0.709302,
				 0.381550 0.081285 0.709302,
				 0.381550 0.081285 0.709302,
				 0.381550 -0.237705 0.709302,
				 0.381550 -0.237705 0.709302,
				 0.206095 -0.237705 0.774885,
				 0.206095 -0.237705 0.774885,
				 0.206095 0.081285 0.774885,
				 0.206095 0.081285 0.774885,
				 0.017496 0.081285 0.774885,
				 -0.171103 0.081285 0.774885,
				 0.017496 -0.237705 0.774885,
				 -0.171103 -0.237705 0.774885,
				 -0.171103 -0.237705 0.774885,
				 -0.171103 0.081285 0.774885,
				 -0.346558 -0.237705 0.709302,
				 0.206095 0.081285 0.774885,
				 -0.346558 0.081285 0.709302,
				 -0.346558 0.081285 0.709302,
				 -0.346558 -0.237705 0.709302,
				 -0.171103 0.081285 0.774885,
				 -0.171103 0.338990 0.792228,
				 0.719626 -0.237705 0.812380,
				 0.719626 -0.237705 0.812380,
				 0.719626 0.081285 0.812380,
				 0.719626 0.081285 0.812380,
				 0.645949 0.081285 0.812380,
				 0.531562 0.081285 0.812380,
				 0.495559 0.081285 0.812380,
				 0.495559 0.081285 0.812380,
				 0.495559 0.081285 0.793239,
				 0.495559 0.081285 0.793239,
				 0.495559 0.107150 0.793239,
				 0.495559 0.561738 0.793239,
				 0.495559 0.561738 0.793239,
				 0.531562 0.561738 0.793239,
				 0.531562 0.561738 0.793239,
				 0.531562 0.107150 0.793239,
				 0.531562 0.107150 0.793239,
				 0.645949 0.107150 0.793239,
				 0.719626 0.107150 0.793239,
				 0.742336 0.107150 0.793239,
				 0.742336 0.107150 0.793239,
				 0.986818 0.107151 0.766552,
				 0.986818 0.107151 0.766552,
				 1.018587 0.107151 0.763085,
				 1.018587 0.107151 0.763085,
				 1.252780 0.107151 0.677213,
				 1.252780 0.107151 0.677213,
				 1.409263 0.107151 0.548696,
				 1.409263 0.107151 0.548696,
				 1.464213 0.107151 0.397101,
				 1.464213 0.107151 0.397101,
				 1.409263 0.107151 0.245505,
				 1.409263 0.107151 0.245505,
				 1.252780 0.107151 0.116988,
				 1.252780 0.107151 0.116988,
				 1.018587 0.107151 0.031117,
				 1.018587 0.107151 0.031117,
				 0.986818 0.107151 0.027649,
				 0.742337 0.107150 0.000962,
				 0.742337 0.107150 0.000962,
				 0.719626 0.107150 0.001016,
				 0.719626 0.107150 0.001016,
				 0.645949 0.107150 0.001016,
				 0.531562 0.107150 0.001016,
				 0.531562 0.107150 0.001016,
				 0.531562 0.107150 0.018535,
				 0.531562 0.107150 0.018535,
				 0.531562 0.561738 0.018535,
				 0.531562 0.561738 0.018535,
				 0.531562 0.561738 0.001016,
				 0.645949 0.561738 0.018535,
				 0.719626 0.561738 0.018535,
				 0.719626 0.561738 0.018535,
				 0.742337 0.561738 0.018485,
				 0.742337 0.561738 0.018485,
				 1.018587 0.561738 0.047222,
				 1.018587 0.561738 0.047222,
				 1.252780 0.561739 0.129058,
				 1.252780 0.561739 0.129058,
				 1.397863 0.561739 0.251535,
				 1.397863 0.561739 0.251535,
				 1.452813 0.561739 0.396006,
				 1.452813 0.561739 0.396006,
				 1.397863 0.561739 0.540477,
				 1.397863 0.561739 0.540477,
				 1.252780 0.561739 0.662954,
				 1.252780 0.561739 0.662954,
				 1.018587 0.561738 0.744790,
				 1.018587 0.561738 0.744790,
				 0.742335 0.561738 0.773527,
				 0.742335 0.561738 0.773527,
				 0.719626 0.561738 0.773527,
				 0.645949 0.561738 0.773527,
				 0.531562 0.561738 0.773527,
				 0.531562 0.561738 0.773527,
				 0.531562 0.107150 0.773527,
				 0.531562 0.107150 0.773527,
				 0.645949 0.107150 0.773527,
				 0.719626 0.107150 0.773527,
				 0.742336 0.107150 0.773527,
				 0.742336 0.107150 0.773527,
				 0.986818 0.107151 0.748095,
				 0.986818 0.107151 0.748095,
				 1.018587 0.107151 0.744790,
				 1.018587 0.107151 0.744790,
				 1.252780 0.107151 0.662954,
				 1.252780 0.107151 0.662954,
				 1.400519 0.107151 0.540477,
				 1.400519 0.107151 0.540477,
				 1.455468 0.107151 0.396006,
				 1.455468 0.107151 0.396006,
				 1.400519 0.107151 0.251535,
				 1.400519 0.107151 0.251535,
				 1.252780 0.107151 0.129058,
				 1.252780 0.107151 0.129058,
				 1.018587 0.107151 0.047222,
				 1.018587 0.107151 0.047222,
				 0.986818 0.107151 0.043917,
				 0.986818 0.107151 0.043917,
				 0.742337 0.107150 0.018485,
				 0.742337 0.107150 0.018485,
				 0.719626 0.107150 0.018535,
				 0.719626 0.107150 0.018535,
				 0.645949 0.107150 0.018535,
				 0.719626 0.001632 0.018535,
				 0.719626 0.001632 0.018535,
				 0.742337 0.001632 0.018485,
				 0.742337 0.001632 0.018485,
				 0.986818 0.001633 0.043917,
				 0.986818 0.001633 0.043917,
				 1.018587 0.001633 0.047222,
				 1.018587 0.001633 0.047222,
				 1.252780 0.001633 0.129058,
				 1.252780 0.001633 0.129058,
				 1.400519 0.001633 0.251535,
				 1.400519 0.001633 0.251535,
				 1.455468 0.001633 0.396006,
				 1.455468 0.001633 0.396006,
				 1.400519 0.001633 0.540477,
				 1.400519 0.001633 0.540477,
				 1.252780 0.001633 0.657882,
				 1.252780 0.001633 0.657882,
				 1.018587 0.001633 0.739719,
				 1.018587 0.001633 0.739719,
				 0.986818 0.001633 0.748095,
				 0.986818 0.001633 0.748095,
				 0.742336 0.001632 0.773527,
				 0.742336 0.001632 0.773527,
				 0.719626 0.001632 0.773527,
				 0.645949 0.001632 0.773527,
				 0.645949 0.001632 0.773527,
				 0.409572 0.007157 0.773527,
				 0.409572 0.007157 0.773527,
				 0.409572 0.661730 0.773527,
				 0.409572 0.661730 0.773527,
				 0.645949 0.667256 0.773527,
				 0.645949 0.667256 0.773527,
				 0.719626 0.667256 0.773527,
				 0.742335 0.667256 0.773527,
				 0.742335 0.667256 0.773527,
				 1.018587 0.667256 0.744790,
				 1.018587 0.667256 0.744790,
				 1.252779 0.667256 0.662954,
				 1.252779 0.667256 0.662954,
				 1.397863 0.667256 0.540477,
				 1.397863 0.667256 0.540477,
				 1.452813 0.667256 0.396006,
				 1.452813 0.667256 0.396006,
				 1.397863 0.667256 0.251535,
				 1.397863 0.667256 0.251535,
				 1.252779 0.667256 0.129058,
				 1.252779 0.667256 0.129058,
				 1.018587 0.667256 0.047222,
				 1.018587 0.667256 0.047222,
				 0.742337 0.667256 0.018485,
				 0.742337 0.667256 0.018485,
				 0.719626 0.667256 0.018535,
				 0.719626 0.667256 0.018535,
				 0.645949 0.667256 0.018535,
				 0.409572 0.661730 0.018535,
				 0.409572 0.661730 0.018535,
				 0.409572 0.007157 0.018535,
				 0.645949 0.667256 0.018535,
				 0.645949 0.001632 0.018535,
				 0.531562 0.561738 0.001016,
				 0.495559 0.561738 0.001016,
				 0.719626 0.081285 0.001016,
				 0.742337 0.081285 0.000962,
				 0.742337 0.081285 0.000962,
				 0.742337 -0.237705 0.000962,
				 0.742337 -0.701715 0.000962,
				 0.742337 -1.019050 0.000962,
				 0.742337 -1.185522 0.000962,
				 1.018587 0.081286 0.031117,
				 1.018587 0.081286 0.031117,
				 1.016392 0.081286 0.037104,
				 1.016392 0.081286 0.037104,
				 1.249614 0.081286 0.122524,
				 1.249614 0.081286 0.122524,
				 1.249614 0.081286 0.122524,
				 1.252780 0.081286 0.116988,
				 1.252780 0.081286 0.116988,
				 1.018587 0.081286 0.031117,
				 1.404057 -0.170716 0.249187,
				 1.404057 -0.170716 0.249187,
				 1.404057 -0.170716 0.249187,
				 1.409263 -0.170716 0.245505,
				 1.409263 -0.170716 0.245505,
				 1.252780 0.081286 0.116988,
				 1.457836 -0.170716 0.397101,
				 1.457836 -0.170716 0.397101,
				 1.404057 -0.170716 0.545014,
				 1.404057 -0.170716 0.545014,
				 1.404057 -0.170716 0.545014,
				 1.409263 -0.170716 0.548696,
				 1.409263 -0.170716 0.548696,
				 1.464213 -0.170716 0.397101,
				 1.464213 -0.170716 0.397101,
				 1.409263 -0.170716 0.245505,
				 1.249614 0.081286 0.671677,
				 1.249614 0.081286 0.671677,
				 1.249614 0.081286 0.671677,
				 1.252780 0.081286 0.677213,
				 1.252780 0.081286 0.677213,
				 1.409263 -0.170716 0.548696,
				 1.170318 0.081286 0.700720,
				 1.170318 0.081286 0.700720,
				 1.173154 0.081286 0.706409,
				 1.173154 0.081286 0.706409,
				 1.173154 0.081286 0.706409,
				 0.986818 0.081286 0.766552,
				 1.018587 -0.237705 0.763085,
				 1.018587 -0.237705 0.763085,
				 1.018587 -0.701715 0.763085,
				 1.018587 -0.701715 0.763085,
				 0.791233 -0.701715 0.787901,
				 0.791233 -0.701715 0.787901,
				 0.793310 -0.701715 0.806930,
				 0.793310 -0.701715 0.806930,
				 0.793310 -0.237705 0.806930,
				 0.793310 -0.237705 0.806930,
				 0.791233 -0.237705 0.787901,
				 0.988895 0.081286 0.785581,
				 0.988895 0.081286 0.785581,
				 0.986818 0.081286 0.766552,
				 0.986818 0.081286 0.766552,
				 0.742336 0.081285 0.793239,
				 0.742336 0.081285 0.793239,
				 0.719626 0.081285 0.793239,
				 0.645949 0.081285 0.793239,
				 0.531562 0.081285 0.793239,
				 0.743376 0.081285 0.812352,
				 0.743376 0.081285 0.812352,
				 0.743376 -0.237705 0.812352,
				 1.018587 -0.705618 0.763085,
				 1.018587 -0.705618 0.763085,
				 0.986818 -1.019050 0.766552,
				 0.986818 -1.019050 0.766552,
				 0.988895 -1.019049 0.785581,
				 0.988895 -1.019049 0.785581,
				 0.988896 -1.185518 0.785583,
				 0.986818 -1.185520 0.766555,
				 1.018587 -0.844554 0.763085,
				 1.018587 -0.844554 0.763085,
				 1.018587 -0.844554 0.763085,
				 1.252780 -1.185521 0.677213,
				 1.252780 -1.185521 0.677213,
				 1.409263 -1.185521 0.548696,
				 1.409263 -1.185521 0.548696,
				 1.464213 -1.185521 0.397101,
				 1.464213 -1.185521 0.397101,
				 1.409263 -1.185521 0.245505,
				 1.409263 -1.185521 0.245505,
				 1.252780 -1.185521 0.116988,
				 1.252780 -1.185521 0.116988,
				 1.018587 -1.185522 0.031117,
				 1.018587 -1.185522 0.031117,
				 1.018587 -1.019050 0.031117,
				 1.018587 -0.701715 0.031117,
				 1.018587 -0.701715 0.031117,
				 1.018587 -0.237705 0.031117,
				 1.016392 -0.701715 0.037104,
				 1.016392 -0.701715 0.037104,
				 1.016392 -1.019050 0.037104,
				 1.016392 -1.185522 0.037104,
				 1.016392 -1.185522 0.037104,
				 1.249614 -1.185521 0.122524,
				 1.249614 -1.185521 0.122524,
				 1.404057 -1.185521 0.249187,
				 1.404057 -1.185521 0.249187,
				 1.457836 -1.185521 0.397101,
				 1.457836 -1.185521 0.397101,
				 1.404057 -1.185521 0.545014,
				 1.404057 -1.185521 0.545014,
				 1.249614 -1.185521 0.671677,
				 1.249614 -1.185521 0.671677,
				 1.249614 -1.185521 0.671677,
				 1.016391 -0.844554 0.757098,
				 1.016391 -0.844554 0.757098,
				 1.016391 -0.705618 0.757098,
				 1.016391 -0.705618 0.757098,
				 1.016391 -0.701715 0.757098,
				 1.016391 -0.237705 0.757098,
				 1.249614 -1.019049 0.671677,
				 1.249614 -1.019049 0.671677,
				 1.249614 -0.701715 0.671677,
				 1.249614 -0.701715 0.671677,
				 1.249614 -0.237705 0.671677,
				 1.249614 -0.237705 0.671677,
				 1.404057 -0.237704 0.545014,
				 1.404057 -0.237704 0.545014,
				 1.404057 -0.701715 0.545014,
				 1.404057 -0.701715 0.545014,
				 1.404057 -1.019049 0.545014,
				 1.457836 -1.019049 0.397101,
				 1.457836 -1.019049 0.397101,
				 1.457836 -0.701715 0.397101,
				 1.457836 -0.701715 0.397101,
				 1.457836 -0.237704 0.397101,
				 1.404057 -0.701715 0.249187,
				 1.404057 -0.701715 0.249187,
				 1.404057 -0.237704 0.249187,
				 1.404057 -1.019049 0.249187,
				 1.404057 -1.019049 0.249187,
				 1.249614 -1.019049 0.122524,
				 1.249614 -0.701715 0.122524,
				 1.249614 -0.237705 0.122524,
				 1.249614 -0.237705 0.122524,
				 1.016392 -0.237705 0.037104,
				 1.016391 -0.237705 0.757098,
				 1.016392 -0.237705 0.037104,
				 1.252780 0.081286 0.677213,
				 1.173154 0.081286 0.706409,
				 0.495559 0.561738 0.812380,
				 0.495559 0.107150 0.812380,
				 0.495559 0.561738 0.812380,
				 0.743376 -0.237705 0.812352,
				 0.793310 -0.701715 0.806930,
				 0.988895 -1.019049 0.785581,
				 0.988896 -1.185518 0.785583,
				 1.252780 -1.185521 0.677213,
				 1.018587 -1.185522 0.031117,
				 1.018587 -1.185522 0.031117,
				 0.645624 -1.638549 0.000962,
				 0.645624 -1.638549 0.000962,
				 0.857351 -1.783553 0.027649,
				 0.857351 -1.783553 0.027649,
				 0.884863 -1.802395 0.031117,
				 0.884863 -1.802395 0.031117,
				 0.884863 -1.802395 0.031117,
				 0.984576 -1.516838 0.031117,
				 0.887223 -1.823658 0.077483,
				 0.726242 -2.047610 0.031117,
				 0.726242 -2.047610 0.031117,
				 0.519524 -2.235769 0.031117,
				 0.519524 -2.235769 0.031117,
				 0.278795 -2.354051 0.031117,
				 0.278795 -2.354051 0.031117,
				 0.017496 -2.394395 0.031117,
				 0.017496 -2.394395 0.031117,
				 -0.243803 -2.354051 0.031117,
				 -0.243803 -2.354051 0.031117,
				 -0.243803 -2.354051 0.031117,
				 -0.243803 -2.354051 0.031117,
				 -0.304416 -2.622391 0.116988,
				 -0.304416 -2.622391 0.116988,
				 -0.304416 -2.622391 0.116988,
				 0.017496 -2.672200 0.116988,
				 0.017496 -2.672200 0.116988,
				 0.017496 -2.672200 0.116988,
				 0.017496 -2.394395 0.031117,
				 0.339408 -2.622391 0.116988,
				 0.339408 -2.622391 0.116988,
				 0.395289 -2.563195 0.152476,
				 0.395289 -2.563195 0.152476,
				 0.663338 -2.431488 0.152476,
				 0.663338 -2.431488 0.152476,
				 0.893518 -2.221974 0.152476,
				 0.893518 -2.221974 0.152476,
				 1.070140 -1.948930 0.152476,
				 1.070140 -1.948930 0.152476,
				 1.181170 -1.630965 0.152476,
				 1.181170 -1.630965 0.152476,
				 1.219041 -1.289745 0.152476,
				 1.317490 -1.674293 0.264711,
				 1.317490 -1.674293 0.264711,
				 1.317490 -1.674293 0.264711,
				 1.192362 -2.032636 0.264711,
				 1.365360 -1.689509 0.397101,
				 1.365360 -1.689509 0.397101,
				 1.365360 -1.689509 0.397101,
				 1.235280 -2.062029 0.397101,
				 1.235280 -2.062029 0.397101,
				 1.235280 -2.062029 0.397101,
				 1.192362 -2.032636 0.529490,
				 1.028354 -2.381919 0.397101,
				 1.028354 -2.381919 0.397101,
				 1.028354 -2.381919 0.397101,
				 0.993311 -2.340351 0.529490,
				 0.758682 -2.627381 0.397101,
				 0.758682 -2.627381 0.397101,
				 0.758682 -2.627381 0.397101,
				 0.733903 -2.576470 0.529490,
				 0.444642 -2.781684 0.397101,
				 0.444642 -2.781684 0.397101,
				 0.444642 -2.781684 0.397101,
				 0.431815 -2.724900 0.529490,
				 0.394131 -2.864650 0.397101,
				 0.394131 -2.864650 0.397101,
				 0.394131 -2.864650 0.397101,
				 0.379909 -2.801688 0.548696,
				 0.017496 -2.923005 0.397101,
				 0.379909 -2.801688 0.245505,
				 0.379909 -2.801688 0.245505,
				 0.431816 -2.724900 0.264711,
				 0.431816 -2.724900 0.264711,
				 0.431816 -2.724900 0.264711,
				 0.733903 -2.576470 0.264711,
				 0.733903 -2.576470 0.264711,
				 0.733903 -2.576470 0.264711,
				 0.993311 -2.340351 0.264711,
				 0.993311 -2.340351 0.264711,
				 0.993311 -2.340351 0.264711,
				 1.192362 -2.032636 0.264711,
				 1.192362 -2.032636 0.264711,
				 1.317490 -1.674293 0.529490,
				 1.409727 -1.289745 0.397101,
				 1.360170 -1.289745 0.264711,
				 0.017496 -2.857824 0.245505,
				 0.017496 -2.857824 0.245505,
				 0.017496 -2.923005 0.397101,
				 0.017496 -2.923005 0.397101,
				 -0.359139 -2.864650 0.397101,
				 -0.359139 -2.864650 0.397101,
				 -0.409650 -2.781684 0.397101,
				 -0.344917 -2.801688 0.548696,
				 -0.344917 -2.801688 0.245505,
				 -0.344917 -2.801688 0.245505,
				 -0.396824 -2.724900 0.264711,
				 -0.396824 -2.724900 0.264711,
				 -0.698911 -2.576470 0.264711,
				 -0.409650 -2.781684 0.397101,
				 -0.359139 -2.864650 0.397101,
				 -0.344917 -2.801688 0.245505,
				 -0.360297 -2.563195 0.152476,
				 -0.360297 -2.563195 0.152476,
				 -0.628346 -2.431488 0.152476,
				 -0.628346 -2.431488 0.152476,
				 -0.858526 -2.221975 0.152476,
				 -0.858526 -2.221975 0.152476,
				 -0.709175 -2.044811 0.077483,
				 -0.709175 -2.044811 0.077483,
				 -0.709175 -2.044811 0.077483,
				 -0.522739 -2.214509 0.077483,
				 -0.691250 -2.047610 0.031117,
				 -0.691250 -2.047610 0.031117,
				 -0.668786 -2.020962 0.027649,
				 -0.668786 -2.020962 0.027649,
				 -0.495912 -1.815896 0.000962,
				 -0.495912 -1.815896 0.000962,
				 -0.346407 -1.951979 0.000962,
				 -0.346407 -1.951979 0.000962,
				 -0.468647 -2.203133 0.027649,
				 -0.484532 -2.235769 0.031117,
				 -0.172304 -2.037524 0.000962,
				 -0.172304 -2.037524 0.000962,
				 -0.235580 -2.317651 0.027649,
				 0.017496 -2.066702 0.000962,
				 0.017496 -2.066702 0.000962,
				 0.017496 -2.356709 0.027649,
				 0.207296 -2.037524 0.000962,
				 0.207296 -2.037524 0.000962,
				 0.270572 -2.317651 0.027649,
				 0.381399 -1.951979 0.000962,
				 0.381399 -1.951979 0.000962,
				 0.503639 -2.203133 0.027649,
				 0.530904 -1.815896 0.000962,
				 -0.610632 -1.638549 0.000962,
				 -0.822359 -1.783554 0.027649,
				 -0.822359 -1.783554 0.027649,
				 -0.849871 -1.802396 0.031117,
				 -0.610632 -1.638549 0.000962,
				 -0.852231 -1.823658 0.077483,
				 -0.305630 -2.321185 0.077483,
				 -0.305630 -2.321185 0.077483,
				 -0.522739 -2.214509 0.077483,
				 0.703778 -2.020962 0.027649,
				 0.703778 -2.020962 0.027649,
				 0.530904 -1.815896 0.000962,
				 1.018587 -1.210397 0.031117,
				 0.887223 -1.823658 0.077483,
				 0.887223 -1.823658 0.077483,
				 0.744167 -2.044811 0.077483,
				 0.744167 -2.044811 0.077483,
				 0.744167 -2.044811 0.077483,
				 0.726242 -2.047610 0.031117,
				 0.557731 -2.214509 0.077483,
				 0.557731 -2.214509 0.077483,
				 0.557731 -2.214509 0.077483,
				 0.519524 -2.235769 0.031117,
				 0.340622 -2.321185 0.077483,
				 0.340622 -2.321185 0.077483,
				 0.278795 -2.354051 0.031117,
				 0.395289 -2.563195 0.152476,
				 0.663338 -2.431488 0.152476,
				 0.893518 -2.221974 0.152476,
				 1.070140 -1.948930 0.152476,
				 1.181170 -1.630965 0.152476,
				 1.252780 -1.210396 0.116988,
				 1.409263 -1.210396 0.245505,
				 1.464213 -1.210396 0.397101,
				 1.409263 -1.210396 0.548696,
				 -0.344917 -2.801688 0.548696,
				 0.339408 -2.622391 0.677213,
				 0.017496 -2.394395 0.763085,
				 -0.344917 -2.801688 0.548696,
				 -0.305630 -2.321185 0.716718,
				 -0.305630 -2.321185 0.716718,
				 -0.243802 -2.354051 0.763085,
				 -0.243802 -2.354051 0.763085,
				 -0.484531 -2.235769 0.763085,
				 -0.484531 -2.235769 0.763085,
				 -0.484531 -2.235769 0.763085,
				 -0.522739 -2.214509 0.716718,
				 -0.522739 -2.214509 0.716718,
				 -0.628346 -2.431488 0.641725,
				 -0.628346 -2.431488 0.641725,
				 -0.858526 -2.221975 0.641725,
				 -0.858526 -2.221975 0.641725,
				 -1.035148 -1.948932 0.641725,
				 -1.035148 -1.948932 0.641725,
				 -1.146178 -1.630965 0.641725,
				 -1.146178 -1.630965 0.641725,
				 -1.184049 -1.289746 0.641725,
				 -1.184049 -1.289746 0.641725,
				 -1.184049 -1.289746 0.641725,
				 -0.972834 -1.289746 0.716718,
				 -0.972834 -1.289746 0.716718,
				 -0.983595 -1.210397 0.763085,
				 -0.983595 -1.210397 0.763085,
				 -1.217788 -1.210397 0.677213,
				 -1.217788 -1.210397 0.677213,
				 -1.217788 -1.185522 0.677213,
				 -0.942161 -1.566119 0.716718,
				 -0.942161 -1.566119 0.716718,
				 -0.942161 -1.566119 0.716718,
				 -0.949584 -1.516838 0.763085,
				 -0.949584 -1.516838 0.763085,
				 -0.737062 -1.449289 0.787101,
				 -0.983595 -1.210397 0.763085,
				 -0.852231 -1.823658 0.716718,
				 -0.852231 -1.823658 0.716718,
				 -0.852231 -1.823658 0.716718,
				 -0.849871 -1.802396 0.763085,
				 -0.849871 -1.802396 0.763085,
				 -0.659328 -1.671900 0.787101,
				 -0.659328 -1.671900 0.787101,
				 -0.661128 -1.672776 0.806138,
				 -0.737062 -1.449289 0.787101,
				 -0.737062 -1.449289 0.787101,
				 -0.739069 -1.449743 0.806132,
				 -0.949584 -1.516838 0.763085,
				 -0.709174 -2.044811 0.716718,
				 -0.709174 -2.044811 0.716718,
				 -0.858526 -2.221975 0.641725,
				 -1.035148 -1.948932 0.641725,
				 -1.146178 -1.630965 0.641725,
				 -1.217788 -1.210397 0.677213,
				 -1.325177 -1.289746 0.529490,
				 -1.325177 -1.289746 0.529490,
				 -1.374735 -1.289746 0.397101,
				 -1.374735 -1.289746 0.397101,
				 -1.325178 -1.289746 0.264711,
				 -1.325178 -1.289746 0.264711,
				 -1.184049 -1.289746 0.152476,
				 -1.282498 -1.674294 0.264711,
				 -1.330368 -1.689510 0.397101,
				 -1.330368 -1.689510 0.397101,
				 -1.330368 -1.689510 0.397101,
				 -1.282498 -1.674294 0.529490,
				 -1.200288 -2.062030 0.397101,
				 -1.282498 -1.674294 0.264711,
				 -1.282498 -1.674294 0.529490,
				 -1.157370 -2.032637 0.529490,
				 -1.157370 -2.032637 0.529490,
				 -1.200288 -2.062030 0.397101,
				 -1.282498 -1.674294 0.529490,
				 -0.958319 -2.340352 0.529490,
				 -0.958319 -2.340352 0.529490,
				 -1.157370 -2.032637 0.529490,
				 -0.691250 -2.047610 0.763085,
				 -0.691250 -2.047610 0.763085,
				 -0.691250 -2.047610 0.763085,
				 -0.709174 -2.044811 0.716718,
				 -0.849871 -1.802396 0.763085,
				 -0.535673 -1.863061 0.787101,
				 -0.535673 -1.863061 0.787101,
				 -0.537143 -1.864300 0.806146,
				 -0.374522 -2.009743 0.787101,
				 -0.374522 -2.009743 0.787101,
				 -0.374522 -2.009743 0.787101,
				 -0.235580 -2.317650 0.766552,
				 -0.375562 -2.011261 0.806154,
				 -0.522739 -2.214509 0.716718,
				 -0.628346 -2.431488 0.641725,
				 -0.409650 -2.781684 0.397101,
				 -0.958319 -2.340352 0.529490,
				 -0.698911 -2.576470 0.264711,
				 -1.200288 -2.062030 0.397101,
				 -0.698911 -2.576470 0.264711,
				 -0.628346 -2.431488 0.152476,
				 -0.858526 -2.221975 0.152476,
				 -1.282498 -1.674294 0.264711,
				 -0.852231 -1.823658 0.077483,
				 -0.852231 -1.823658 0.077483,
				 -0.849871 -1.802396 0.031117,
				 -0.942161 -1.566119 0.077483,
				 -1.184049 -1.289746 0.152476,
				 -1.184049 -1.289746 0.152476,
				 -0.972834 -1.289746 0.077483,
				 -0.849871 -1.802396 0.031117,
				 -0.707345 -1.185522 0.000962,
				 -0.707345 -1.019050 0.000962,
				 -0.707345 -0.701716 0.000962,
				 -0.707345 -0.237705 0.000962,
				 -0.707345 0.081285 0.000962,
				 -0.972834 -1.289746 0.077483,
				 -1.325178 -1.289746 0.264711,
				 -1.374735 -1.289746 0.397101,
				 -1.325177 -1.289746 0.529490,
				 -1.429221 -1.185522 0.397101,
				 -1.429221 -1.185522 0.397101,
				 -1.429221 -1.210397 0.397101,
				 -1.374271 -1.185522 0.245505,
				 -1.374271 -1.185522 0.245505,
				 -1.374271 -1.210397 0.245505,
				 -1.217788 -1.185522 0.116988,
				 -1.217788 -1.185522 0.116988,
				 -1.217788 -1.210397 0.116988,
				 -0.983595 -1.185522 0.031117,
				 -0.983595 -1.185522 0.031117,
				 -0.983595 -1.019050 0.031117,
				 -0.983595 -0.701716 0.031117,
				 -0.983595 -0.701716 0.031117,
				 -0.983595 -0.237705 0.031117,
				 -0.983595 0.081285 0.031117,
				 -0.983595 0.081285 0.031117,
				 -0.983595 0.081285 0.031117,
				 -0.983595 0.107150 0.031117,
				 -0.983595 0.107150 0.031117,
				 -1.217788 0.107150 0.116988,
				 -1.217788 0.107150 0.116988,
				 -1.374271 0.107150 0.245505,
				 -1.374271 0.107150 0.245505,
				 -1.429221 0.107150 0.397101,
				 -1.429221 0.107150 0.397101,
				 -1.374271 0.107150 0.548696,
				 -1.374271 0.107150 0.548696,
				 -1.217788 0.107150 0.677213,
				 -1.217788 0.107150 0.677213,
				 -0.983595 0.107150 0.763085,
				 -0.983595 0.107150 0.763085,
				 -0.951826 0.107150 0.766552,
				 -0.951826 0.107150 0.766552,
				 -0.707344 0.107150 0.793239,
				 -0.707344 0.107150 0.793239,
				 -0.684634 0.107150 0.793239,
				 -0.610957 0.107150 0.793239,
				 -0.496570 0.107150 0.793239,
				 -0.496570 0.107150 0.793239,
				 -0.496570 0.107150 0.773527,
				 -0.496570 0.107150 0.773527,
				 -0.496570 0.561738 0.773527,
				 -0.496570 0.561738 0.773527,
				 -0.496570 0.561738 0.793239,
				 -0.610957 0.561738 0.773527,
				 -0.684635 0.561738 0.773527,
				 -0.707344 0.561738 0.773527,
				 -0.707344 0.561738 0.773527,
				 -0.983595 0.561738 0.744790,
				 -0.983595 0.561738 0.744790,
				 -1.217788 0.561738 0.662954,
				 -1.217788 0.561738 0.662954,
				 -1.362871 0.561738 0.540477,
				 -1.362871 0.561738 0.540477,
				 -1.417821 0.561738 0.396006,
				 -1.417821 0.561738 0.396006,
				 -1.362871 0.561738 0.251535,
				 -1.362871 0.561738 0.251535,
				 -1.217788 0.561738 0.129058,
				 -1.217788 0.561738 0.129058,
				 -0.983595 0.561738 0.047222,
				 -0.983595 0.561738 0.047222,
				 -0.707345 0.561738 0.018485,
				 -0.707345 0.561738 0.018485,
				 -0.684635 0.561738 0.018535,
				 -0.684635 0.561738 0.018535,
				 -0.610957 0.561738 0.018535,
				 -0.496570 0.561738 0.018535,
				 -0.496570 0.561738 0.018535,
				 -0.496570 0.561738 0.001016,
				 -0.496570 0.561738 0.001016,
				 -0.460567 0.561738 0.001016,
				 -0.496570 0.107150 0.001016,
				 -0.496570 0.107150 0.001016,
				 -0.496570 0.107150 0.018535,
				 -0.496570 0.107150 0.018535,
				 -0.610957 0.107150 0.018535,
				 -0.684634 0.107150 0.018535,
				 -0.684634 0.107150 0.018535,
				 -0.707345 0.107150 0.018485,
				 -0.707345 0.107150 0.018485,
				 -0.951826 0.107150 0.043917,
				 -0.951826 0.107150 0.043917,
				 -0.983595 0.107150 0.047222,
				 -0.983595 0.107150 0.047222,
				 -1.217788 0.107150 0.129058,
				 -1.217788 0.107150 0.129058,
				 -1.365527 0.107150 0.251535,
				 -1.365527 0.107150 0.251535,
				 -1.420476 0.107150 0.396006,
				 -1.420476 0.107150 0.396006,
				 -1.365527 0.107150 0.540477,
				 -1.365527 0.107150 0.540477,
				 -1.217788 0.107150 0.662954,
				 -1.217788 0.107150 0.662954,
				 -0.983595 0.107150 0.744790,
				 -0.983595 0.107150 0.744790,
				 -0.951826 0.107150 0.748095,
				 -0.951826 0.107150 0.748095,
				 -0.707344 0.107150 0.773527,
				 -0.707344 0.107150 0.773527,
				 -0.684634 0.107150 0.773527,
				 -0.610957 0.107150 0.773527,
				 -0.707344 0.001632 0.773527,
				 -0.707344 0.001632 0.773527,
				 -0.684634 0.001632 0.773527,
				 -0.610957 0.001632 0.773527,
				 -0.610957 0.001632 0.773527,
				 -0.374580 0.007157 0.773527,
				 -0.374580 0.007157 0.773527,
				 -0.374580 0.661730 0.773527,
				 -0.374580 0.661730 0.773527,
				 -0.610957 0.667255 0.773527,
				 -0.610957 0.667255 0.773527,
				 -0.684635 0.667255 0.773527,
				 -0.707344 0.667255 0.773527,
				 -0.707344 0.667255 0.773527,
				 -0.983595 0.667255 0.744790,
				 -0.983595 0.667255 0.744790,
				 -1.217789 0.667255 0.662954,
				 -1.217789 0.667255 0.662954,
				 -1.362871 0.667255 0.540477,
				 -1.362871 0.667255 0.540477,
				 -1.417821 0.667255 0.396006,
				 -1.417821 0.667255 0.396006,
				 -1.362871 0.667255 0.251535,
				 -1.362871 0.667255 0.251535,
				 -1.217789 0.667255 0.129058,
				 -1.217789 0.667255 0.129058,
				 -0.983595 0.667255 0.047222,
				 -0.983595 0.667255 0.047222,
				 -0.707345 0.667255 0.018485,
				 -0.707345 0.667255 0.018485,
				 -0.684635 0.667255 0.018535,
				 -0.684635 0.667255 0.018535,
				 -0.610957 0.667255 0.018535,
				 -0.374580 0.661730 0.018535,
				 -0.374580 0.661730 0.018535,
				 -0.374580 0.007157 0.018535,
				 -0.610957 0.667255 0.018535,
				 -0.610957 0.001632 0.018535,
				 -0.610957 0.001632 0.018535,
				 -0.374580 0.007157 0.018535,
				 -0.684634 0.001632 0.018535,
				 -0.684634 0.001632 0.018535,
				 -0.707345 0.001632 0.018485,
				 -0.707345 0.001632 0.018485,
				 -0.951826 0.001632 0.043917,
				 -0.951826 0.001632 0.043917,
				 -0.983595 0.001632 0.047222,
				 -0.983595 0.001632 0.047222,
				 -1.217788 0.001632 0.129058,
				 -1.217788 0.001632 0.129058,
				 -1.365527 0.001632 0.251535,
				 -1.365527 0.001632 0.251535,
				 -1.420476 0.001632 0.396006,
				 -1.420476 0.001632 0.396006,
				 -1.365527 0.001632 0.540477,
				 -1.365527 0.001632 0.540477,
				 -1.217788 0.001632 0.657882,
				 -1.217788 0.001632 0.657882,
				 -0.983595 0.001632 0.739719,
				 -0.983595 0.001632 0.739719,
				 -0.951826 0.001632 0.748095,
				 -0.951826 0.001632 0.748095,
				 -0.610957 0.107150 0.001016,
				 -0.684634 0.107150 0.001016,
				 -0.684634 0.107150 0.001016,
				 -0.707345 0.107150 0.000962,
				 -0.707345 0.107150 0.000962,
				 -0.951826 0.107150 0.027649,
				 -0.707345 0.081285 0.000962,
				 -0.684634 0.081285 0.001016,
				 -0.496570 0.561738 0.793239,
				 -0.460567 0.561738 0.793239,
				 -0.460567 0.561738 0.793239,
				 -0.460567 0.107150 0.793239,
				 -0.460567 0.081285 0.793239,
				 -0.460567 0.081285 0.793239,
				 -0.496570 0.081285 0.793239,
				 -0.610957 0.081285 0.793239,
				 -0.684634 0.081285 0.793239,
				 -0.707344 0.081285 0.793239,
				 -0.707344 0.081285 0.793239,
				 -0.951826 0.081285 0.766552,
				 -0.951826 0.081285 0.766552,
				 -0.951826 0.081285 0.766552,
				 -0.951826 0.081285 0.766552,
				 -1.138162 0.081285 0.706409,
				 -0.756241 -0.237705 0.787901,
				 -0.756241 -0.237705 0.787901,
				 -0.758318 -0.237705 0.806930,
				 -0.758318 -0.237705 0.806930,
				 -0.953903 0.081285 0.785581,
				 -0.953903 0.081285 0.785581,
				 -0.708384 0.081285 0.812352,
				 -0.708384 0.081285 0.812352,
				 -0.684634 0.081285 0.812380,
				 -0.684634 0.081285 0.812380,
				 -0.610957 0.081285 0.812380,
				 -0.496570 0.081285 0.812380,
				 -0.460567 0.081285 0.812380,
				 -0.460567 0.081285 0.812380,
				 -0.460567 0.107150 0.812380,
				 -0.460567 0.561738 0.812380,
				 -0.684634 -0.237705 0.812380,
				 -0.684634 -0.237705 0.812380,
				 -0.684634 -0.701716 0.812380,
				 -0.684634 -0.701716 0.812380,
				 -0.610957 -0.701716 0.812380,
				 -0.610957 -0.701716 0.812380,
				 -0.610957 -0.701716 0.793239,
				 -0.610957 -0.701716 0.793239,
				 -0.610957 -0.237705 0.793239,
				 -0.610957 -0.237705 0.793239,
				 -0.496570 -0.237705 0.793239,
				 -0.610957 -0.237705 0.812380,
				 -0.610957 -0.237705 0.812380,
				 -0.496570 -0.237705 0.812380,
				 -0.460567 -0.237705 0.812380,
				 -0.346558 -0.237705 0.812380,
				 -0.708731 -0.701716 0.812330,
				 -0.708731 -0.701716 0.812330,
				 -0.708731 -0.701716 0.812330,
				 -0.709422 -1.019049 0.812267,
				 -0.709422 -1.019049 0.812267,
				 -0.709422 -1.019049 0.812267,
				 -0.707344 -1.019050 0.793239,
				 -0.709423 -1.185501 0.812290,
				 -0.709423 -1.185501 0.812290,
				 -0.709423 -1.210490 0.812293,
				 -0.953904 -1.185518 0.785583,
				 -0.953903 -1.019049 0.785581,
				 -0.953903 -1.019049 0.785581,
				 -0.758318 -0.701716 0.806930,
				 -0.708384 -0.237705 0.812352,
				 -0.708384 -0.237705 0.812352,
				 -0.758318 -0.701716 0.806930,
				 -0.460567 0.561738 0.812380,
				 -1.217788 0.081285 0.677213,
				 -1.217788 0.081285 0.677213,
				 -1.214622 0.081285 0.671677,
				 -1.214622 0.081285 0.671677,
				 -1.214622 -0.237705 0.671677,
				 -1.214622 -0.237705 0.671677,
				 -1.369065 -0.237705 0.545014,
				 -1.369065 -0.237705 0.545014,
				 -1.369065 -0.170717 0.545014,
				 -1.369065 -0.170717 0.545014,
				 -1.369065 -0.170717 0.545014,
				 -1.214622 0.081285 0.671677,
				 -1.374271 -0.170717 0.548696,
				 -1.374271 -0.170717 0.548696,
				 -1.429221 -0.170717 0.397101,
				 -1.429221 -0.170717 0.397101,
				 -1.374271 -0.170717 0.245505,
				 -1.374271 -0.170717 0.245505,
				 -1.217788 0.081285 0.116988,
				 -1.217788 0.081285 0.116988,
				 -1.214622 0.081285 0.122524,
				 -1.214622 0.081285 0.122524,
				 -1.214622 -0.237705 0.122524,
				 -1.214622 -0.237705 0.122524,
				 -1.214622 -0.701716 0.122524,
				 -1.214622 -1.019050 0.122524,
				 -1.214622 -1.185522 0.122524,
				 -1.214622 -1.185522 0.122524,
				 -1.369065 -1.185522 0.249187,
				 -1.369065 -1.185522 0.249187,
				 -1.422844 -1.185522 0.397101,
				 -1.422844 -1.185522 0.397101,
				 -1.369065 -1.185522 0.545014,
				 -1.369065 -1.185522 0.545014,
				 -1.214622 -1.185522 0.671677,
				 -1.214622 -1.185522 0.671677,
				 -1.214622 -1.185522 0.671677,
				 -0.981399 -0.844555 0.757098,
				 -0.981399 -0.844555 0.757098,
				 -0.981399 -0.705619 0.757098,
				 -0.981399 -0.705619 0.757098,
				 -0.981399 -0.701716 0.757098,
				 -0.981399 -0.237705 0.757098,
				 -0.981399 -0.237705 0.757098,
				 -0.983595 -0.237705 0.763085,
				 -1.135326 0.081285 0.700720,
				 -1.214622 -1.019050 0.671677,
				 -1.214622 -1.019050 0.671677,
				 -1.214622 -0.701716 0.671677,
				 -1.214622 -0.701716 0.671677,
				 -1.369065 -0.701716 0.545014,
				 -1.369065 -0.701716 0.545014,
				 -1.369065 -1.019050 0.545014,
				 -1.422844 -1.019050 0.397101,
				 -1.422844 -1.019050 0.397101,
				 -1.422844 -0.701716 0.397101,
				 -1.422844 -0.701716 0.397101,
				 -1.422844 -0.237705 0.397101,
				 -1.422844 -0.170717 0.397101,
				 -1.422844 -0.170717 0.397101,
				 -1.369065 -0.170717 0.249187,
				 -1.369065 -0.170717 0.249187,
				 -1.214622 0.081285 0.122524,
				 -1.369065 -0.237705 0.249187,
				 -1.369065 -0.701716 0.249187,
				 -1.369065 -0.701716 0.249187,
				 -1.369065 -1.019050 0.249187,
				 -1.369065 -1.019050 0.249187,
				 -0.981400 -1.185522 0.037104,
				 -0.981400 -1.185522 0.037104,
				 -0.981400 -1.019050 0.037104,
				 -0.981400 -0.701716 0.037104,
				 -0.981400 -0.701716 0.037104,
				 -0.981400 -0.237705 0.037104,
				 -0.981400 0.081285 0.037104,
				 -0.981400 0.081285 0.037104,
				 -0.981400 -0.237705 0.037104,
				 -1.369065 -0.170717 0.249187,
				 -1.138162 0.081285 0.706409,
				 -1.138162 0.081285 0.706409,
				 -0.983595 -0.237705 0.763085,
				 -1.135326 0.081285 0.700720,
				 -1.374271 -0.170717 0.548696,
				 -1.217788 0.081285 0.677213,
				 -1.374271 -0.170717 0.245505,
				 -1.217788 0.081285 0.116988,
				 -0.758318 -0.701716 0.806930,
				 -0.709423 -1.210490 0.812293,
				 -0.709423 -1.210490 0.812293,
				 -0.707344 -1.210375 0.793264,
				 -0.707344 -1.210375 0.793264,
				 -0.707344 -1.210375 0.793264,
				 -0.682747 -1.402329 0.837023,
				 -0.682747 -1.402329 0.837023,
				 -0.682747 -1.402329 0.837023,
				 -0.682746 -1.367105 0.857703,
				 -0.682746 -1.367105 0.857703,
				 -0.682746 -1.321200 0.873571,
				 -0.682746 -1.321200 0.873571,
				 -0.682745 -1.267742 0.883547,
				 -0.682745 -1.267742 0.883547,
				 -0.682745 -1.210375 0.886949,
				 -0.682745 -1.210375 0.886949,
				 -0.682745 -1.210375 0.886949,
				 -0.707344 -1.210375 0.793264,
				 -0.682745 -1.078313 0.886949,
				 -0.682745 -1.019050 0.886949,
				 -0.682745 -0.729144 0.886949,
				 -0.682745 -0.702212 0.886949,
				 -0.682745 -0.702212 0.886949,
				 -0.684634 -0.701716 0.793239,
				 -0.684634 -0.701716 0.793239,
				 -0.707344 -0.701716 0.793239,
				 -0.707344 -0.701716 0.793239,
				 -0.708731 -0.701716 0.812330,
				 -0.707344 -0.701716 0.793239,
				 -0.671206 -1.210375 0.901835,
				 -0.671206 -1.210375 0.901835,
				 -0.662901 -1.209994 0.895398,
				 -0.662901 -1.209994 0.895398,
				 -0.603391 -1.209925 0.972372,
				 -0.603391 -1.209925 0.972372,
				 -0.603391 -1.209925 0.972372,
				 -0.610627 -1.210376 0.979987,
				 -0.610627 -1.210376 0.979987,
				 -0.610627 -1.210376 0.979987,
				 -0.511392 -1.210378 1.049094,
				 -0.511392 -1.210378 1.049094,
				 -0.511394 -1.360901 1.040167,
				 -0.511394 -1.360901 1.040167,
				 -0.511394 -1.360901 1.040167,
				 -0.505272 -1.359867 1.031681,
				 -0.505272 -1.359867 1.031681,
				 -0.603285 -1.320287 0.965944,
				 -0.603285 -1.320287 0.965944,
				 -0.662811 -1.275533 0.891642,
				 -0.662811 -1.275533 0.891642,
				 -0.662811 -1.275533 0.891642,
				 -0.671206 -1.276295 0.897925,
				 -0.671206 -1.276295 0.897925,
				 -0.671207 -1.337722 0.886463,
				 -0.671207 -1.337722 0.886463,
				 -0.671208 -1.390471 0.868229,
				 -0.671208 -1.390471 0.868229,
				 -0.671208 -1.430946 0.844466,
				 -0.671208 -1.430946 0.844466,
				 -0.671208 -1.430946 0.844466,
				 -0.610631 -1.581185 0.883542,
				 -0.610631 -1.581185 0.883542,
				 -0.610631 -1.581185 0.883542,
				 -0.610631 -1.623959 0.837021,
				 -0.610631 -1.623959 0.837021,
				 -0.610631 -1.623959 0.837021,
				 -0.671208 -1.456390 0.816793,
				 -0.671208 -1.456390 0.816793,
				 -0.671208 -1.459210 0.809140,
				 -0.671208 -1.459210 0.809140,
				 -0.671208 -1.465069 0.793239,
				 -0.682747 -1.426926 0.806539,
				 -0.682747 -1.426926 0.806539,
				 -0.682747 -1.424472 0.812941,
				 -0.682747 -1.432025 0.793239,
				 -0.682747 -1.424472 0.812941,
				 -0.610631 -1.632816 0.810443,
				 -0.610631 -1.632816 0.810443,
				 -0.610631 -1.638549 0.793239,
				 -0.511399 -1.787282 0.807778,
				 -0.511399 -1.787282 0.807778,
				 -0.511399 -1.787282 0.807778,
				 -0.511399 -1.772137 0.854907,
				 -0.495912 -1.811031 0.808436,
				 -0.495912 -1.811031 0.808436,
				 -0.407890 -1.890506 0.810639,
				 -0.407890 -1.890506 0.810639,
				 -0.346406 -1.946021 0.812177,
				 -0.346406 -1.946021 0.812177,
				 -0.346406 -1.946021 0.812177,
				 -0.172304 -2.030878 0.814529,
				 -0.346406 -1.951978 0.793239,
				 -0.407890 -1.896014 0.793239,
				 -0.495912 -1.815895 0.793239,
				 -0.511399 -1.791954 0.793239,
				 -0.511399 -1.772137 0.854907,
				 -0.495911 -1.795263 0.857698,
				 -0.495911 -1.795263 0.857698,
				 -0.407890 -1.872652 0.867040,
				 -0.407890 -1.872652 0.867040,
				 -0.403475 -1.867962 0.864275,
				 -0.403475 -1.867962 0.864275,
				 -0.473393 -1.745838 0.922733,
				 -0.477223 -1.749503 0.927320,
				 -0.477223 -1.749503 0.927320,
				 -0.477221 -1.650572 0.985402,
				 -0.477221 -1.650572 0.985402,
				 -0.477220 -1.521642 1.029970,
				 -0.477220 -1.521642 1.029970,
				 -0.477218 -1.371500 1.057986,
				 -0.477218 -1.371500 1.057986,
				 -0.477217 -1.210378 1.067542,
				 -0.477217 -1.210378 1.067542,
				 -0.474561 -1.209994 1.061067,
				 -0.474561 -1.209994 1.061067,
				 -0.474495 -1.370717 1.051575,
				 -0.474495 -1.370717 1.051575,
				 -0.474294 -1.520018 1.023811,
				 -0.471288 -1.369795 1.044032,
				 -0.471436 -1.209543 1.053447,
				 -0.471436 -1.209543 1.053447,
				 -0.341846 -1.209519 1.106646,
				 -0.341846 -1.209519 1.106646,
				 -0.341846 -1.209519 1.106646,
				 -0.169518 -1.402168 1.133327,
				 -0.169518 -1.402168 1.133327,
				 -0.169437 -1.422644 1.132158,
				 -0.169437 -1.422644 1.132158,
				 -0.341724 -1.400558 1.095383,
				 -0.341724 -1.400558 1.095383,
				 -0.341724 -1.400558 1.095383,
				 -0.471288 -1.369795 1.044032,
				 -0.471288 -1.369795 1.044032,
				 -0.474495 -1.370717 1.051575,
				 -0.474294 -1.520018 1.023811,
				 -0.473930 -1.647992 0.979776,
				 -0.473930 -1.647992 0.979776,
				 -0.474294 -1.520018 1.023811,
				 -0.473393 -1.745838 0.922733,
				 -0.473393 -1.745838 0.922733,
				 -0.473930 -1.647992 0.979776,
				 -0.495911 -1.734772 0.923488,
				 -0.495911 -1.734772 0.923488,
				 -0.495911 -1.734772 0.923488,
				 -0.511398 -1.714037 0.918095,
				 -0.511398 -1.714037 0.918095,
				 -0.504046 -1.710232 0.911613,
				 -0.504046 -1.710232 0.911613,
				 -0.602263 -1.577962 0.878052,
				 -0.602263 -1.577962 0.878052,
				 -0.662003 -1.428374 0.840085,
				 -0.662003 -1.428374 0.840085,
				 -0.662192 -1.388238 0.863302,
				 -0.662192 -1.388238 0.863302,
				 -0.662192 -1.388238 0.863302,
				 -0.662565 -1.336207 0.880670,
				 -0.662565 -1.336207 0.880670,
				 -0.602987 -1.422630 0.947159,
				 -0.602987 -1.422630 0.947159,
				 -0.602987 -1.422630 0.947159,
				 -0.504930 -1.499058 1.005974,
				 -0.504930 -1.499058 1.005974,
				 -0.504930 -1.499058 1.005974,
				 -0.511396 -1.501166 1.013993,
				 -0.511396 -1.501166 1.013993,
				 -0.511396 -1.501166 1.013993,
				 -0.495908 -1.513137 1.023334,
				 -0.495908 -1.513137 1.023334,
				 -0.477220 -1.521642 1.029970,
				 -0.495907 -1.367098 1.050585,
				 -0.495907 -1.367098 1.050585,
				 -0.495907 -1.367098 1.050585,
				 -0.495905 -1.210378 1.059879,
				 -0.495905 -1.210378 1.059879,
				 -0.495905 -1.188375 1.059879,
				 -0.495905 -1.188375 1.059879,
				 -0.511392 -1.188375 1.049094,
				 -0.511392 -1.188375 1.049094,
				 -0.505384 -1.188375 1.040466,
				 -0.505384 -1.188375 1.040466,
				 -0.505384 -1.019050 1.040466,
				 -0.505384 -0.853804 1.040466,
				 -0.505384 -0.853804 1.040466,
				 -0.511392 -0.853804 1.049094,
				 -0.511392 -0.853804 1.049094,
				 -0.511392 -1.019050 1.049094,
				 -0.511392 -1.188375 1.049094,
				 -0.610627 -0.729144 0.979987,
				 -0.610627 -0.729144 0.979987,
				 -0.671206 -0.729144 0.901835,
				 -0.671206 -0.729144 0.901835,
				 -0.671206 -1.019050 0.901835,
				 -0.671206 -1.078313 0.901835,
				 -0.671206 -1.078313 0.901835,
				 -0.610627 -1.188374 0.979987,
				 -0.610627 -1.188374 0.979987,
				 -0.603384 -1.188374 0.972364,
				 -0.603384 -1.188374 0.972364,
				 -0.603384 -1.019050 0.972364,
				 -0.603384 -0.729144 0.972364,
				 -0.603384 -0.729144 0.972364,
				 -0.662896 -0.729144 0.895393,
				 -0.662896 -0.729144 0.895393,
				 -0.662896 -1.019050 0.895393,
				 -0.662896 -1.078313 0.895393,
				 -0.662896 -1.078313 0.895393,
				 -0.603384 -0.729144 0.972364,
				 -0.603384 -1.188374 0.972364,
				 -0.495905 -1.019050 1.059879,
				 -0.495905 -1.019050 1.059879,
				 -0.477217 -1.019050 1.067542,
				 -0.477217 -1.210378 1.067542,
				 -0.477218 -1.371500 1.057986,
				 -0.511397 -1.621614 0.972357,
				 -0.511397 -1.621614 0.972357,
				 -0.504356 -1.618373 0.965253,
				 -0.504356 -1.618373 0.965253,
				 -0.504356 -1.618373 0.965253,
				 -0.602511 -1.510373 0.917409,
				 -0.602511 -1.510373 0.917409,
				 -0.602511 -1.510373 0.917409,
				 -0.495910 -1.638544 0.979983,
				 -0.495910 -1.638544 0.979983,
				 -0.495910 -1.638544 0.979983,
				 -0.511397 -1.621614 0.972357,
				 -0.495908 -1.513137 1.023334,
				 -0.477221 -1.650572 0.985402,
				 -0.477223 -1.749503 0.927320,
				 -0.511398 -1.714037 0.918095,
				 -0.602263 -1.577962 0.878052,
				 -0.662565 -1.336207 0.880670,
				 -0.495905 -1.210378 1.059879,
				 -0.610627 -1.188374 0.979987,
				 -0.671206 -1.210375 0.901835,
				 -0.505391 -1.209867 1.040476,
				 -0.505391 -1.209867 1.040476,
				 -0.511392 -1.210378 1.049094,
				 -0.505272 -1.359867 1.031681,
				 -0.603285 -1.320287 0.965944,
				 -0.671206 -1.276295 0.897925,
				 -0.671207 -1.337722 0.886463,
				 -0.671208 -1.390471 0.868229,
				 -0.682747 -1.424472 0.812941,
				 -0.682747 -1.432025 0.793239,
				 -0.682747 -1.432025 0.793239,
				 -0.684754 -1.432479 0.812270,
				 -0.684754 -1.432479 0.812270,
				 -0.612431 -1.639425 0.812276,
				 -0.612431 -1.639425 0.812276,
				 -0.612431 -1.639425 0.812276,
				 -0.497382 -1.817135 0.812284,
				 -0.497382 -1.817135 0.812284,
				 -0.347446 -1.953497 0.812292,
				 -0.347446 -1.953497 0.812292,
				 -0.172840 -2.039217 0.812298,
				 -0.172840 -2.039217 0.812298,
				 -0.172840 -2.039217 0.812298,
				 0.017496 -2.068455 0.812298,
				 -0.172304 -2.037523 0.793239,
				 -0.172304 -2.037523 0.793239,
				 -0.172304 -2.037523 0.793239,
				 0.017496 -2.066700 0.793239,
				 0.017496 -2.066700 0.793239,
				 0.017496 -2.066700 0.793239,
				 0.207296 -2.037523 0.793239,
				 0.017496 -2.068455 0.812298,
				 -0.172304 -2.030878 0.814529,
				 -0.346406 -1.951978 0.793239,
				 -0.495912 -1.815895 0.793239,
				 -0.610631 -1.638549 0.793239,
				 -0.684754 -1.432479 0.812270,
				 -0.497382 -1.817135 0.812284,
				 -0.347446 -1.953497 0.812292,
				 0.381398 -1.946021 0.812177,
				 0.381398 -1.946021 0.812177,
				 0.381398 -1.946021 0.812177,
				 0.381398 -1.951978 0.793239,
				 0.442882 -1.890506 0.810639,
				 0.442882 -1.890506 0.810639,
				 0.442882 -1.872652 0.867040,
				 0.438283 -1.885462 0.809047,
				 0.438283 -1.885462 0.809047,
				 0.432863 -1.879528 0.807193,
				 0.432863 -1.879528 0.807193,
				 0.373064 -1.933823 0.808362,
				 0.373064 -1.933823 0.808362,
				 0.373584 -1.915516 0.866754,
				 0.433266 -1.862443 0.861031,
				 0.438467 -1.867962 0.864275,
				 0.377572 -1.940417 0.810416,
				 0.377572 -1.940417 0.810416,
				 0.373064 -1.933823 0.808362,
				 0.205275 -2.024472 0.812527,
				 0.205275 -2.024472 0.812527,
				 -0.172304 -2.030878 0.814529,
				 -0.403291 -1.885462 0.809047,
				 -0.403475 -1.867962 0.864275,
				 -0.403291 -1.885462 0.809047,
				 -0.171267 -1.423620 1.140140,
				 -0.171267 -1.423620 1.140140,
				 -0.169437 -1.422644 1.132158,
				 0.017496 -1.431167 1.152778,
				 0.017496 -1.431167 1.152778,
				 0.017496 -1.409440 1.154052,
				 -0.171267 -1.423620 1.140140,
				 0.206259 -1.423620 1.140140,
				 0.206259 -1.423620 1.140140,
				 0.206259 -1.423620 1.140140,
				 0.017496 -1.431167 1.152778,
				 0.206288 -1.402644 1.141367,
				 0.204429 -1.422644 1.132158,
				 0.204345 -1.619912 1.095392,
				 0.061304 -1.804254 1.044131,
				 0.017496 -1.636756 1.114424,
				 -0.027746 -1.808028 1.051323,
				 -0.027746 -1.808028 1.051323,
				 -0.171180 -1.622184 1.103108,
				 -0.026312 -1.804254 1.044131,
				 -0.026312 -1.804254 1.044131,
				 -0.026312 -1.804254 1.044131,
				 -0.340939 -1.728721 1.010437,
				 -0.340939 -1.728721 1.010437,
				 -0.470056 -1.644957 0.973158,
				 -0.339999 -1.844138 0.943204,
				 -0.339999 -1.844138 0.943204,
				 -0.338592 -1.915516 0.866754,
				 -0.338592 -1.915516 0.866754,
				 -0.338072 -1.933823 0.808362,
				 -0.398274 -1.862443 0.861031,
				 -0.468884 -1.741526 0.917338,
				 -0.026217 -1.936641 0.966546,
				 -0.026217 -1.936641 0.966546,
				 -0.339999 -1.844138 0.943204,
				 -0.026217 -1.936641 0.966546,
				 0.203317 -1.996709 0.875963,
				 0.017496 -2.045406 0.810855,
				 0.017496 -2.045406 0.810855,
				 0.017496 -2.023272 0.875087,
				 -0.167901 -2.016930 0.810188,
				 -0.338592 -1.915516 0.866754,
				 -0.170283 -2.024472 0.812527,
				 -0.170283 -2.024472 0.812527,
				 -0.123781 -2.009756 0.876759,
				 -0.123781 -2.009756 0.876759,
				 0.017496 -2.031068 0.877499,
				 0.206284 -1.105408 1.152782,
				 -0.172295 -1.105408 1.159720,
				 -0.172295 -1.105408 1.159720,
				 -0.171292 -1.105408 1.152782,
				 0.207289 -1.403055 1.148292,
				 0.017496 -1.409440 1.154052,
				 0.381390 -0.702216 1.121183,
				 0.381390 -0.729147 1.121183,
				 0.531562 -0.701716 0.793239,
				 0.547004 -0.701716 0.793239,
				 0.638376 -0.729144 0.972364,
				 0.546384 -1.188375 1.049094,
				 0.546384 -1.019050 1.049094,
				 0.546384 -0.853804 1.049094,
				 0.717737 -1.078313 0.886949,
				 0.717737 -1.019050 0.886949,
				 0.717737 -0.729144 0.886949,
				 0.717737 -0.702211 0.886949,
				 0.717737 -0.702211 0.886949,
				 0.719626 -0.701715 0.793239,
				 0.719626 -0.701715 0.793239,
				 0.742336 -0.701715 0.793239,
				 0.742336 -0.701715 0.793239,
				 0.743723 -0.701715 0.812330,
				 0.742336 -0.701715 0.793239,
				 0.717737 -1.210375 0.886949,
				 -0.671208 -1.459210 0.809140,
				 -0.610631 -1.632816 0.810443,
				 0.645623 -1.632816 0.810443,
				 0.645623 -1.623959 0.837021,
				 0.706198 -0.702213 0.901835,
				 0.706198 -0.702213 0.901835,
				 0.645619 -0.702213 0.979987,
				 0.707838 -0.701715 0.793239,
				 0.717737 -0.702211 0.886949,
				 -0.671206 -0.702213 0.901835,
				 -0.671206 -0.702213 0.901835,
				 -0.610627 -0.702213 0.979987,
				 -0.610627 -0.702213 0.979987,
				 -0.610627 -0.702213 0.979987,
				 -0.610627 -0.729144 0.979987,
				 -0.511392 -0.702214 1.049094,
				 -0.511392 -0.702214 1.049094,
				 -0.495905 -0.702214 1.059879,
				 -0.495905 -0.702214 1.059879,
				 -0.496570 -0.701716 0.793239,
				 -0.512012 -0.701716 0.793239,
				 -0.610957 -0.701716 0.793239,
				 -0.672846 -0.701716 0.793239,
				 -0.682745 -0.702212 0.886949,
				 -0.682745 -1.267742 0.883547,
				 -0.707344 -1.210375 0.793264,
				 -0.682746 -1.321200 0.873571,
				 -0.707344 -1.210375 0.793264,
				 -0.682746 -1.367105 0.857703,
				 -0.707344 -1.210375 0.793264,
				 0.530904 -1.815895 0.793239,
				 0.530904 -1.815895 0.793239,
				 0.530904 -1.811031 0.808436,
				 0.530904 -1.811031 0.808436,
				 0.530903 -1.795263 0.857698,
				 0.442882 -1.890506 0.810639,
				 0.442882 -1.896014 0.793239,
				 0.442882 -1.890506 0.810639,
				 -0.407890 -1.872652 0.867040,
				 -0.407890 -1.890506 0.810639,
				 -0.407890 -1.890506 0.810639,
				 -0.403291 -1.885462 0.809047,
				 0.381390 -1.210381 1.121183,
				 0.381390 -1.188378 1.121183,
				 0.377572 -1.940417 0.810416,
				 0.438283 -1.885462 0.809047,
				 0.206288 -1.402644 1.141367,
				 0.017496 -1.409440 1.154052,
				 -0.495911 -1.795263 0.857698,
				 -0.495912 -1.811031 0.808436,
				 0.546391 -1.787282 0.807778,
				 0.530904 -1.811031 0.808436,
				 -0.691250 -2.047610 0.031117,
				 -0.484532 -2.235769 0.031117,
				 0.278795 -2.354051 0.031117,
				 0.339408 -2.622391 0.116988,
				 0.379909 -2.801688 0.245505,
				 0.017496 -2.857824 0.245505,
				 -0.396824 -2.724900 0.264711,
				 -0.360297 -2.563195 0.152476,
				 -0.484532 -2.235769 0.031117,
				 -0.522739 -2.214509 0.077483,
				 1.252780 -1.210396 0.677213,
				 1.219041 -1.289745 0.641725,
				 0.629607 -0.690277 0.952545,
				 0.629607 -0.690277 0.952545,
				 0.629607 -0.690277 0.952545,
				 0.590635 -0.690278 0.979685,
				 0.558748 -0.690278 1.001891,
				 0.546244 -0.690278 1.010599,
				 0.546244 -0.690278 1.010599,
				 0.546370 -0.604598 1.010841,
				 0.546568 -0.469453 1.011221,
				 0.546859 -0.270710 1.011781,
				 0.546859 -0.270710 1.011781,
				 0.546892 -0.248627 1.011843,
				 0.546892 -0.248627 1.011843,
				 0.559396 -0.248627 1.003135,
				 0.591282 -0.248627 0.980929,
				 0.630255 -0.248626 0.953789,
				 0.630255 -0.248626 0.953789,
				 0.630255 -0.248626 0.953789,
				 0.630222 -0.270709 0.953726,
				 0.630222 -0.270709 0.953726,
				 0.622921 -0.270676 0.946042,
				 0.622921 -0.270676 0.946042,
				 0.622629 -0.469419 0.945482,
				 0.622629 -0.469419 0.945482,
				 0.622338 -0.668162 0.944922,
				 0.622338 -0.668162 0.944922,
				 0.622338 -0.668162 0.944922,
				 0.670527 -0.668169 0.883447,
				 0.670527 -0.668169 0.883447,
				 0.670527 -0.668169 0.883447,
				 0.670818 -0.469427 0.884007,
				 0.670818 -0.469427 0.884007,
				 0.622629 -0.469419 0.945482,
				 0.671109 -0.270684 0.884566,
				 0.671109 -0.270684 0.884566,
				 0.671109 -0.270684 0.884566,
				 0.671175 -0.270491 0.844124,
				 0.671175 -0.270491 0.844124,
				 0.671175 -0.270491 0.844124,
				 0.681774 -0.270508 0.844284,
				 0.681774 -0.270508 0.844284,
				 0.681774 -0.270508 0.844284,
				 0.682154 -0.312109 0.814974,
				 0.682154 -0.312109 0.814974,
				 0.682154 -0.312109 0.814974,
				 0.671554 -0.312093 0.814814,
				 0.671554 -0.312093 0.814814,
				 0.671324 -0.469100 0.814372,
				 0.671033 -0.667844 0.813812,
				 0.671033 -0.667844 0.813812,
				 0.681632 -0.667860 0.813972,
				 0.681632 -0.667860 0.813972,
				 0.681632 -0.667860 0.813972,
				 0.681191 -0.667994 0.843165,
				 0.681191 -0.667994 0.843165,
				 0.680530 -0.668194 0.886954,
				 0.670592 -0.667978 0.843005,
				 0.681908 -0.667777 0.795727,
				 0.681908 -0.667777 0.795727,
				 0.681875 -0.689858 0.795664,
				 0.681875 -0.689858 0.795664,
				 0.629885 -0.689858 0.795664,
				 0.629885 -0.689858 0.795664,
				 0.591026 -0.689859 0.795664,
				 0.591026 -0.689859 0.795664,
				 0.591059 -0.667777 0.795727,
				 0.591059 -0.667777 0.795727,
				 0.591350 -0.469033 0.796286,
				 0.591350 -0.469033 0.796286,
				 0.591641 -0.270291 0.796846,
				 0.591641 -0.270291 0.796846,
				 0.591674 -0.248208 0.796908,
				 0.591674 -0.248208 0.796908,
				 0.630533 -0.248208 0.796908,
				 0.630533 -0.248208 0.796908,
				 0.682523 -0.248208 0.796908,
				 0.682523 -0.248208 0.796908,
				 0.682429 -0.312027 0.796728,
				 0.682199 -0.469033 0.796286,
				 0.682247 -0.248292 0.815154,
				 0.630477 -0.248292 0.828284,
				 0.630477 -0.248292 0.828284,
				 0.682247 -0.248292 0.815154,
				 0.682247 -0.248292 0.815154,
				 0.681806 -0.248425 0.844347,
				 0.630388 -0.248425 0.878486,
				 0.630388 -0.248425 0.878486,
				 0.591470 -0.248425 0.892599,
				 0.559628 -0.248425 0.904146,
				 0.547141 -0.248425 0.908674,
				 0.559880 -0.248208 0.796908,
				 0.559880 -0.248208 0.796908,
				 0.559848 -0.270291 0.796846,
				 0.547412 -0.248208 0.796908,
				 0.547412 -0.248208 0.796908,
				 0.547380 -0.270291 0.796846,
				 0.547380 -0.270291 0.796846,
				 0.547088 -0.469033 0.796286,
				 0.547088 -0.469033 0.796286,
				 0.546797 -0.667777 0.795727,
				 0.546797 -0.667777 0.795727,
				 0.546764 -0.689859 0.795664,
				 0.546764 -0.689859 0.795664,
				 0.559232 -0.689859 0.795664,
				 0.546660 -0.689943 0.838651,
				 0.546660 -0.689943 0.838651,
				 0.546494 -0.690077 0.907431,
				 0.546494 -0.690077 0.907431,
				 0.558981 -0.690077 0.902902,
				 0.590823 -0.690077 0.891355,
				 0.629741 -0.690077 0.877242,
				 0.629741 -0.690077 0.877242,
				 0.629741 -0.690077 0.877242,
				 0.681159 -0.690076 0.843103,
				 0.681159 -0.690076 0.843103,
				 0.680498 -0.690277 0.886892,
				 0.680498 -0.690277 0.886892,
				 0.680530 -0.668194 0.886954,
				 0.681600 -0.689943 0.813910,
				 0.629830 -0.689943 0.827040,
				 0.559136 -0.689943 0.836910,
				 0.546693 -0.667861 0.838714,
				 0.546984 -0.469118 0.839273,
				 0.546984 -0.469118 0.839273,
				 0.547275 -0.270375 0.839833,
				 0.547308 -0.248292 0.839895,
				 0.547308 -0.248292 0.839895,
				 0.547141 -0.248425 0.908674,
				 0.559783 -0.248292 0.838154,
				 0.559265 -0.667777 0.795727,
				 0.559232 -0.689859 0.795664,
				 0.681924 -0.469116 0.814532,
				 0.670592 -0.667978 0.843005,
				 0.670592 -0.667978 0.843005,
				 0.670883 -0.469234 0.843565,
				 0.681113 -0.270707 0.888074,
				 0.681113 -0.270707 0.888074,
				 0.681113 -0.270707 0.888074,
				 0.681145 -0.248626 0.888136,
				 0.681145 -0.248626 0.888136,
				 0.681806 -0.248425 0.844347,
				 0.630222 -0.270709 0.953726,
				 0.622921 -0.270676 0.946042,
				 0.680530 -0.668194 0.886954,
				 0.629640 -0.668195 0.952607,
				 0.584609 -0.668162 0.971049,
				 0.584609 -0.668162 0.971049,
				 0.552816 -0.604564 0.993434,
				 0.552816 -0.604564 0.993434,
				 0.558874 -0.604598 1.002133,
				 0.558874 -0.604598 1.002133,
				 0.590667 -0.668195 0.979748,
				 0.590667 -0.668195 0.979748,
				 0.629640 -0.668195 0.952607,
				 0.584609 -0.668162 0.971049,
				 0.559072 -0.469452 1.002513,
				 0.559364 -0.270709 1.003073,
				 0.559364 -0.270709 1.003073,
				 0.591250 -0.270709 0.980867,
				 0.553306 -0.270676 0.994374,
				 0.553306 -0.270676 0.994374,
				 0.585192 -0.270676 0.972168,
				 0.585192 -0.270676 0.972168,
				 0.584901 -0.469419 0.971608,
				 0.584901 -0.469419 0.971608,
				 0.553014 -0.469419 0.993814,
				 0.553014 -0.469419 0.993814,
				 0.584901 -0.469419 0.971608,
				 0.547109 -0.270509 0.908612,
				 0.547141 -0.248425 0.908674,
				 0.629640 -0.668195 0.952607,
				 -0.594615 -0.690277 0.952545,
				 -0.594615 -0.690277 0.952545,
				 -0.594615 -0.690277 0.952545,
				 -0.555643 -0.690278 0.979685,
				 -0.523756 -0.690278 1.001891,
				 -0.511252 -0.690278 1.010599,
				 -0.511252 -0.690278 1.010599,
				 -0.511378 -0.604598 1.010841,
				 -0.511576 -0.469453 1.011221,
				 -0.511867 -0.270710 1.011781,
				 -0.511867 -0.270710 1.011781,
				 -0.511900 -0.248627 1.011843,
				 -0.511900 -0.248627 1.011843,
				 -0.524404 -0.248627 1.003135,
				 -0.556290 -0.248627 0.980929,
				 -0.595263 -0.248626 0.953789,
				 -0.595263 -0.248626 0.953789,
				 -0.595263 -0.248626 0.953789,
				 -0.595230 -0.270709 0.953726,
				 -0.595230 -0.270709 0.953726,
				 -0.587929 -0.270677 0.946042,
				 -0.587929 -0.270677 0.946042,
				 -0.587637 -0.469419 0.945482,
				 -0.587637 -0.469419 0.945482,
				 -0.587346 -0.668162 0.944922,
				 -0.587346 -0.668162 0.944922,
				 -0.587346 -0.668162 0.944922,
				 -0.635535 -0.668170 0.883447,
				 -0.635535 -0.668170 0.883447,
				 -0.635535 -0.668170 0.883447,
				 -0.635826 -0.469427 0.884007,
				 -0.635826 -0.469427 0.884007,
				 -0.587637 -0.469419 0.945482,
				 -0.636117 -0.270684 0.884566,
				 -0.636117 -0.270684 0.884566,
				 -0.636117 -0.270684 0.884566,
				 -0.636183 -0.270492 0.844124,
				 -0.636183 -0.270492 0.844124,
				 -0.636183 -0.270492 0.844124,
				 -0.646782 -0.270508 0.844284,
				 -0.646782 -0.270508 0.844284,
				 -0.646782 -0.270508 0.844284,
				 -0.647162 -0.312110 0.814974,
				 -0.647162 -0.312110 0.814974,
				 -0.647162 -0.312110 0.814974,
				 -0.636562 -0.312094 0.814814,
				 -0.636562 -0.312094 0.814814,
				 -0.636332 -0.469101 0.814372,
				 -0.636041 -0.667844 0.813812,
				 -0.636041 -0.667844 0.813812,
				 -0.646640 -0.667860 0.813972,
				 -0.646640 -0.667860 0.813972,
				 -0.646640 -0.667860 0.813972,
				 -0.646199 -0.667994 0.843165,
				 -0.646199 -0.667994 0.843165,
				 -0.645538 -0.668194 0.886954,
				 -0.635600 -0.667978 0.843005,
				 -0.646916 -0.667777 0.795727,
				 -0.646916 -0.667777 0.795727,
				 -0.646883 -0.689859 0.795664,
				 -0.646883 -0.689859 0.795664,
				 -0.594893 -0.689859 0.795664,
				 -0.594893 -0.689859 0.795664,
				 -0.556034 -0.689859 0.795664,
				 -0.556034 -0.689859 0.795664,
				 -0.556067 -0.667777 0.795727,
				 -0.556067 -0.667777 0.795727,
				 -0.556358 -0.469034 0.796286,
				 -0.556358 -0.469034 0.796286,
				 -0.556649 -0.270291 0.796846,
				 -0.556649 -0.270291 0.796846,
				 -0.556682 -0.248208 0.796908,
				 -0.556682 -0.248208 0.796908,
				 -0.595541 -0.248208 0.796908,
				 -0.595541 -0.248208 0.796908,
				 -0.647531 -0.248208 0.796908,
				 -0.647531 -0.248208 0.796908,
				 -0.647437 -0.312027 0.796728,
				 -0.647207 -0.469034 0.796286,
				 -0.647255 -0.248292 0.815154,
				 -0.595485 -0.248292 0.828284,
				 -0.595485 -0.248292 0.828284,
				 -0.647255 -0.248292 0.815154,
				 -0.647255 -0.248292 0.815154,
				 -0.646814 -0.248425 0.844347,
				 -0.595396 -0.248426 0.878486,
				 -0.595396 -0.248426 0.878486,
				 -0.556478 -0.248426 0.892599,
				 -0.524636 -0.248426 0.904146,
				 -0.512149 -0.248426 0.908674,
				 -0.524888 -0.248208 0.796908,
				 -0.524888 -0.248208 0.796908,
				 -0.524856 -0.270291 0.796846,
				 -0.512420 -0.248208 0.796908,
				 -0.512420 -0.248208 0.796908,
				 -0.512388 -0.270291 0.796846,
				 -0.512388 -0.270291 0.796846,
				 -0.512096 -0.469034 0.796286,
				 -0.512096 -0.469034 0.796286,
				 -0.511805 -0.667777 0.795727,
				 -0.511805 -0.667777 0.795727,
				 -0.511772 -0.689859 0.795664,
				 -0.511772 -0.689859 0.795664,
				 -0.524240 -0.689859 0.795664,
				 -0.511668 -0.689943 0.838651,
				 -0.511668 -0.689943 0.838651,
				 -0.511502 -0.690077 0.907431,
				 -0.511502 -0.690077 0.907431,
				 -0.523989 -0.690077 0.902902,
				 -0.555831 -0.690077 0.891355,
				 -0.594749 -0.690077 0.877242,
				 -0.594749 -0.690077 0.877242,
				 -0.594749 -0.690077 0.877242,
				 -0.646167 -0.690076 0.843103,
				 -0.646167 -0.690076 0.843103,
				 -0.645506 -0.690277 0.886892,
				 -0.645506 -0.690277 0.886892,
				 -0.645538 -0.668194 0.886954,
				 -0.646608 -0.689943 0.813910,
				 -0.594838 -0.689943 0.827040,
				 -0.524144 -0.689943 0.836910,
				 -0.511701 -0.667861 0.838714,
				 -0.511992 -0.469118 0.839273,
				 -0.511992 -0.469118 0.839273,
				 -0.512283 -0.270375 0.839833,
				 -0.512316 -0.248292 0.839895,
				 -0.512316 -0.248292 0.839895,
				 -0.512149 -0.248426 0.908674,
				 -0.524791 -0.248292 0.838154,
				 -0.524273 -0.667777 0.795727,
				 -0.524240 -0.689859 0.795664,
				 -0.646932 -0.469117 0.814532,
				 -0.635600 -0.667978 0.843005,
				 -0.635600 -0.667978 0.843005,
				 -0.635891 -0.469235 0.843565,
				 -0.646121 -0.270708 0.888074,
				 -0.646121 -0.270708 0.888074,
				 -0.646121 -0.270708 0.888074,
				 -0.646153 -0.248626 0.888136,
				 -0.646153 -0.248626 0.888136,
				 -0.646814 -0.248425 0.844347,
				 -0.595230 -0.270709 0.953726,
				 -0.587929 -0.270677 0.946042,
				 -0.645538 -0.668194 0.886954,
				 -0.594648 -0.668195 0.952607,
				 -0.549617 -0.668162 0.971049,
				 -0.549617 -0.668162 0.971049,
				 -0.517824 -0.604564 0.993434,
				 -0.517824 -0.604564 0.993434,
				 -0.523882 -0.604598 1.002133,
				 -0.523882 -0.604598 1.002133,
				 -0.555675 -0.668195 0.979748,
				 -0.555675 -0.668195 0.979748,
				 -0.594648 -0.668195 0.952607,
				 -0.549617 -0.668162 0.971049,
				 -0.524080 -0.469452 1.002513,
				 -0.524372 -0.270709 1.003073,
				 -0.524372 -0.270709 1.003073,
				 -0.556258 -0.270709 0.980867,
				 -0.518314 -0.270676 0.994374,
				 -0.518314 -0.270676 0.994374,
				 -0.550200 -0.270676 0.972168,
				 -0.550200 -0.270676 0.972168,
				 -0.549909 -0.469419 0.971608,
				 -0.549909 -0.469419 0.971608,
				 -0.518022 -0.469419 0.993814,
				 -0.518022 -0.469419 0.993814,
				 -0.549909 -0.469419 0.971608,
				 -0.512117 -0.270509 0.908612,
				 -0.512149 -0.248426 0.908674,
				 -0.594648 -0.668195 0.952607,
				 0.630209 -0.469033 0.796286,
				 0.591350 -0.469033 0.796286,
				 0.629918 -0.667777 0.795727,
				 0.591059 -0.667777 0.795727,
				 -0.595217 -0.469034 0.796286,
				 -0.556358 -0.469034 0.796286,
				 -0.594926 -0.667777 0.795727,
				 -0.556067 -0.667777 0.795727,
				 0.681600 -0.689943 0.813910,
				 0.629830 -0.689943 0.827040,
				 -0.646608 -0.689943 0.813910,
				 -0.594838 -0.689943 0.827040,
				 0.591641 -0.270291 0.796846,
				 -0.556649 -0.270291 0.796846,
				 0.681806 -0.248425 0.844347,
				 0.630388 -0.248425 0.878486,
				 -0.646814 -0.248425 0.844347,
				 -0.595396 -0.248426 0.878486,
				 1.252779 1.528994 0.116988,
				 1.252779 1.528994 0.116988,
				 1.252779 1.741505 0.116988,
				 1.252779 1.741505 0.116988,
				 1.252779 1.741505 0.143478,
				 1.252779 1.741505 0.143478,
				 1.236554 1.457767 0.143478,
				 1.236554 1.457767 0.143478,
				 1.236554 1.457767 0.647679,
				 1.236554 1.457767 0.647679,
				 1.236554 1.457767 0.647679,
				 1.387454 1.510986 0.532015,
				 1.387454 1.510986 0.532015,
				 1.442404 1.510986 0.395579,
				 1.442404 1.510986 0.395579,
				 1.387454 1.510986 0.259143,
				 1.387454 1.510986 0.259143,
				 1.236554 1.457767 0.143478,
				 1.387454 1.741505 0.259143,
				 1.387454 1.741505 0.259143,
				 1.442404 1.741505 0.395579,
				 1.252779 1.741505 0.143478,
				 1.387454 1.741505 0.532015,
				 1.387454 1.741505 0.532015,
				 1.252779 1.741505 0.647679,
				 1.442404 1.741505 0.395579,
				 1.002360 1.457766 0.724964,
				 1.002360 1.457766 0.724964,
				 1.018586 2.156939 0.724964,
				 1.018586 2.156939 0.724964,
				 1.018586 2.156939 0.724964,
				 0.742335 2.156939 0.752103,
				 0.742335 2.156939 0.752103,
				 0.742335 1.528994 0.752103,
				 0.742335 1.528994 0.752103,
				 0.742336 1.528994 0.039054,
				 0.742336 1.528994 0.039054,
				 0.742336 1.528994 0.039054,
				 0.862640 1.529117 0.039054,
				 0.862640 1.529117 0.039054,
				 0.862640 1.529117 0.752103,
				 0.862640 1.529117 0.752103,
				 0.742335 1.528994 0.752103,
				 0.925597 1.457766 0.752103,
				 0.925597 1.457766 0.752103,
				 0.925598 1.457766 0.039054,
				 0.925598 1.457766 0.039054,
				 0.925598 1.457766 0.039054,
				 0.742336 2.156939 0.039054,
				 0.742336 2.156939 0.039054,
				 0.742336 2.156939 0.039054,
				 0.742336 2.156939 0.000962,
				 0.742336 2.156939 0.000962,
				 1.018586 2.156939 0.031117,
				 1.018586 2.156939 0.031117,
				 1.018586 2.156939 0.066193,
				 0.742336 1.528994 0.000962,
				 1.018586 2.156939 0.066193,
				 1.018586 2.156939 0.066193,
				 1.002361 1.457766 0.066193,
				 1.002361 1.457766 0.066193,
				 0.742336 1.528994 0.000962,
				 0.742336 1.528994 0.000962,
				 0.742337 0.874516 0.000962,
				 0.742337 0.874516 0.000962,
				 1.018587 0.874516 0.031117,
				 1.018587 0.874516 0.031117,
				 1.018587 0.583577 0.031117,
				 1.018587 0.583577 0.031117,
				 0.742337 0.583577 0.000962,
				 1.252780 0.583577 0.116988,
				 1.252780 0.583577 0.116988,
				 1.409263 0.782446 0.245505,
				 1.409263 0.782446 0.245505,
				 1.464213 0.782446 0.397101,
				 1.464213 0.782446 0.397101,
				 1.409263 0.782446 0.548696,
				 1.409263 0.782446 0.548696,
				 1.252780 0.583577 0.677213,
				 1.252780 0.583577 0.677213,
				 1.018587 0.583577 0.763085,
				 1.018587 0.583577 0.763085,
				 0.742335 0.583577 0.793239,
				 0.742335 0.583577 0.793239,
				 0.381550 0.583576 0.793239,
				 0.381550 0.583576 0.793239,
				 0.381550 0.583576 0.812380,
				 0.381550 0.583576 0.812380,
				 0.206095 0.789950 0.812380,
				 0.206095 0.789950 0.812380,
				 0.206095 0.789950 0.793239,
				 0.206095 0.789950 0.793239,
				 0.017496 0.789950 0.793239,
				 -0.171103 0.789950 0.793239,
				 -0.171103 0.789950 0.793239,
				 -0.171103 0.789950 0.812380,
				 -0.171103 0.789950 0.812380,
				 -0.346558 0.583576 0.812380,
				 -0.346558 0.583576 0.812380,
				 -0.346558 0.583576 0.793239,
				 -0.346558 0.583576 0.793239,
				 -0.707344 0.583576 0.793239,
				 -0.707344 0.583576 0.793239,
				 -0.707344 0.874516 0.793239,
				 -0.707344 0.874516 0.793239,
				 -0.707344 1.528994 0.793239,
				 -0.983595 0.583576 0.763085,
				 -0.983595 0.583576 0.763085,
				 -1.217788 0.583576 0.677213,
				 -1.217788 0.583576 0.677213,
				 -1.217788 0.583576 0.677213,
				 -1.227291 0.583576 0.693829,
				 -1.227291 0.583576 0.693829,
				 -1.227291 0.561738 0.693829,
				 -1.227291 0.561738 0.693829,
				 -0.987960 0.561738 0.781722,
				 -0.987960 0.561738 0.781722,
				 -0.708384 0.561738 0.812352,
				 -0.708384 0.561738 0.812352,
				 -0.708384 0.583576 0.812352,
				 -0.987960 0.583576 0.781722,
				 -0.987960 0.583576 0.781722,
				 -0.708384 0.583576 0.812352,
				 -1.227291 0.583576 0.693829,
				 -1.389900 0.561738 0.559748,
				 -1.389900 0.561738 0.559748,
				 -1.448363 0.561738 0.397101,
				 -1.448363 0.561738 0.397101,
				 -1.389901 0.561738 0.234453,
				 -1.389901 0.561738 0.234453,
				 -1.227291 0.561738 0.100372,
				 -1.227291 0.561738 0.100372,
				 -0.987960 0.561738 0.012479,
				 -0.987960 0.561738 0.012479,
				 -0.708362 0.561738 -0.018152,
				 -0.708362 0.561738 -0.018152,
				 -0.684611 0.561738 -0.018126,
				 -0.684611 0.561738 -0.018126,
				 -0.610957 0.561738 -0.018126,
				 -0.496570 0.561738 -0.018126,
				 -0.460567 0.561738 -0.018126,
				 -0.346558 0.561738 -0.018126,
				 -0.171103 0.561738 -0.018126,
				 0.017496 0.561738 -0.018126,
				 0.206095 0.561738 -0.018126,
				 0.381550 0.561738 -0.018126,
				 0.495559 0.561738 -0.018126,
				 0.531562 0.561738 -0.018126,
				 0.645949 0.561738 -0.018126,
				 0.719603 0.561738 -0.018126,
				 0.719603 0.561738 -0.018126,
				 0.743354 0.561738 -0.018152,
				 0.743354 0.561738 -0.018152,
				 1.022952 0.561738 0.012479,
				 1.022952 0.561738 0.012479,
				 1.262283 0.561739 0.100372,
				 1.262283 0.561739 0.100372,
				 1.424893 0.561739 0.234453,
				 1.424893 0.561739 0.234453,
				 1.483355 0.561739 0.397101,
				 1.483355 0.561739 0.397101,
				 1.424892 0.561739 0.559748,
				 1.424892 0.561739 0.559748,
				 1.262283 0.561739 0.693829,
				 1.262283 0.561739 0.693829,
				 1.022952 0.561738 0.781722,
				 1.022952 0.561738 0.781722,
				 0.743376 0.561738 0.812352,
				 0.743376 0.561738 0.812352,
				 0.743376 0.583577 0.812352,
				 1.022952 0.583577 0.781722,
				 1.022952 0.583577 0.781722,
				 0.743376 0.583577 0.812352,
				 1.262283 0.583577 0.693829,
				 1.262283 0.583577 0.693829,
				 1.262283 0.583577 0.693829,
				 1.252780 0.583577 0.677213,
				 1.424891 0.782446 0.559748,
				 1.424891 0.782446 0.559748,
				 1.424891 0.782446 0.559748,
				 1.409263 0.782446 0.548696,
				 1.483354 0.782446 0.397101,
				 1.483354 0.782446 0.397101,
				 1.424893 0.782446 0.234453,
				 1.424893 0.782446 0.234453,
				 1.424893 0.782446 0.234453,
				 1.409263 0.782446 0.245505,
				 1.262283 0.583577 0.100372,
				 1.262283 0.583577 0.100372,
				 1.262283 0.583577 0.100372,
				 1.252780 0.583577 0.116988,
				 1.022952 0.583577 0.012479,
				 1.022952 0.583577 0.012479,
				 0.743354 0.583577 -0.018152,
				 0.719603 0.583577 -0.018126,
				 0.719603 0.583577 -0.018126,
				 0.743354 0.583577 -0.018152,
				 0.645949 0.583577 -0.018126,
				 0.531562 0.583577 -0.018126,
				 0.495559 0.583576 -0.018126,
				 0.381550 0.583576 -0.018126,
				 0.206095 0.583576 -0.018126,
				 0.017496 0.583576 -0.018126,
				 -0.171103 0.583576 -0.018126,
				 -0.346558 0.583576 -0.018126,
				 -0.460567 0.583576 -0.018126,
				 -0.496570 0.583576 -0.018126,
				 -0.610957 0.583576 -0.018126,
				 -0.684611 0.583576 -0.018126,
				 -0.708362 0.583576 -0.018152,
				 -0.708362 0.583576 -0.018152,
				 -0.684611 0.583576 -0.018126,
				 -0.987960 0.583576 0.012479,
				 -1.227291 0.583576 0.100372,
				 -1.227291 0.583576 0.100372,
				 -1.227291 0.583576 0.100372,
				 -1.389901 0.782445 0.234453,
				 -1.217788 0.583576 0.116988,
				 -1.217788 0.583576 0.116988,
				 -1.217789 0.874516 0.116988,
				 -1.217789 0.874516 0.116988,
				 -1.374272 0.874516 0.245505,
				 -1.374272 0.874516 0.245505,
				 -1.374271 0.782445 0.245505,
				 -1.374271 0.782445 0.245505,
				 -1.374271 0.782445 0.245505,
				 -1.217788 0.583576 0.116988,
				 -1.389901 0.782445 0.234453,
				 -1.429221 0.782445 0.397101,
				 -1.429221 0.782445 0.397101,
				 -1.374271 0.782445 0.548696,
				 -1.374271 0.782445 0.548696,
				 -1.374271 0.874516 0.548696,
				 -1.374271 0.874516 0.548696,
				 -1.374272 1.528994 0.548696,
				 -1.374272 1.528994 0.548696,
				 -1.374272 1.741504 0.548696,
				 -1.374272 1.741504 0.548696,
				 -1.217789 1.741504 0.677213,
				 -1.217789 1.741504 0.677213,
				 -0.983596 2.156939 0.763085,
				 -0.983596 2.156939 0.763085,
				 -0.707345 2.156939 0.793239,
				 -0.707345 2.156939 0.793239,
				 -0.707344 1.528994 0.793239,
				 -0.707344 1.528994 0.793239,
				 -0.707344 1.528994 0.752103,
				 -0.707344 1.528994 0.752103,
				 -0.707344 1.528994 0.752103,
				 -0.707345 2.156939 0.752103,
				 -0.707345 2.156939 0.752103,
				 -0.983596 2.156939 0.724964,
				 -0.983596 2.156939 0.724964,
				 -1.217789 1.741504 0.647679,
				 -1.217789 1.741504 0.647679,
				 -1.352464 1.741504 0.532015,
				 -1.352464 1.741504 0.532015,
				 -1.407414 1.741504 0.395579,
				 -1.407414 1.741504 0.395579,
				 -1.352464 1.741504 0.259143,
				 -1.352464 1.741504 0.259143,
				 -1.217789 1.741504 0.143478,
				 -1.217789 1.741504 0.143478,
				 -0.983596 2.156939 0.066193,
				 -0.983596 2.156939 0.066193,
				 -0.707346 2.156939 0.039054,
				 -0.707346 2.156939 0.039054,
				 -0.707346 2.156939 0.039054,
				 -0.707346 2.156939 0.000962,
				 -0.707346 2.156939 0.000962,
				 -0.983596 2.156939 0.031117,
				 -0.983596 2.156939 0.031117,
				 -1.217789 1.741504 0.116988,
				 -1.217789 1.741504 0.116988,
				 -1.374272 1.741504 0.245505,
				 -1.374272 1.741504 0.245505,
				 -1.374272 1.528994 0.245505,
				 -1.374272 1.528994 0.245505,
				 -1.217789 1.528994 0.116988,
				 -1.429222 1.741504 0.397101,
				 -1.217789 1.741504 0.143478,
				 -0.983596 2.156939 0.066193,
				 -0.707346 1.528994 0.000962,
				 -0.707346 1.528994 0.000962,
				 -0.684635 1.528994 0.001016,
				 -0.684635 1.528994 0.001016,
				 -0.684635 0.874516 0.001016,
				 -0.684635 0.583576 0.001016,
				 -0.647422 1.528994 0.001016,
				 -0.647422 1.528994 0.001016,
				 -0.647422 1.528994 0.039102,
				 -0.647422 1.528994 0.039102,
				 -0.684635 1.528994 0.039102,
				 -0.684635 1.528994 0.039102,
				 -0.684635 1.528994 0.752103,
				 -0.684635 1.528994 0.752103,
				 -0.684635 1.385240 0.752103,
				 -0.684635 1.385240 0.752103,
				 -0.610958 1.385240 0.752103,
				 -0.684635 1.385240 0.039102,
				 -0.584493 1.409226 0.039102,
				 -0.584493 1.409226 0.039102,
				 0.017495 1.409226 0.039102,
				 0.619484 1.409227 0.039102,
				 0.619484 1.409227 0.039102,
				 0.619484 1.409227 0.001016,
				 0.619484 1.409227 0.001016,
				 0.017495 1.409226 0.001016,
				 -0.584493 1.409226 0.001016,
				 0.682412 1.528994 0.001016,
				 0.682412 1.528994 0.001016,
				 0.682412 1.528994 0.039102,
				 0.719626 1.528994 0.001016,
				 0.719626 1.528994 0.001016,
				 0.719626 0.874516 0.001016,
				 0.719626 0.583577 0.001016,
				 -0.584493 1.409226 0.001016,
				 -0.707346 1.528994 0.039054,
				 -0.707346 1.528994 0.039054,
				 -0.707346 1.528994 0.039054,
				 -0.827650 1.529117 0.039054,
				 -0.827650 1.529117 0.039054,
				 -0.890608 1.457766 0.039054,
				 -0.890608 1.457766 0.039054,
				 -0.967371 1.457766 0.066193,
				 -0.967371 1.457766 0.066193,
				 -1.201564 1.457766 0.143478,
				 -1.201564 1.457766 0.143478,
				 -1.201564 1.457766 0.143478,
				 -1.352464 1.510986 0.259143,
				 -1.352464 1.510986 0.259143,
				 -1.352464 1.510986 0.259143,
				 -1.407414 1.510986 0.395579,
				 -1.407414 1.510986 0.395579,
				 -1.352464 1.510986 0.532015,
				 -1.352464 1.510986 0.532015,
				 -1.352464 1.510986 0.532015,
				 -1.201564 1.457766 0.647679,
				 -1.201564 1.457766 0.647679,
				 -1.201564 1.457766 0.647679,
				 -0.967369 1.457766 0.724964,
				 -0.967369 1.457766 0.724964,
				 -0.890606 1.457766 0.752103,
				 -0.827650 1.529117 0.752103,
				 -0.890608 1.457766 0.039054,
				 -0.890606 1.457766 0.752103,
				 -0.707345 2.156939 0.752103,
				 -0.983596 2.156939 0.724964,
				 -1.217789 1.741504 0.647679,
				 -1.217789 1.528994 0.677213,
				 -1.217789 1.528994 0.677213,
				 -1.217789 1.741504 0.677213,
				 -1.217789 0.874516 0.677213,
				 -1.217789 0.874516 0.677213,
				 -1.429221 0.874516 0.397101,
				 -1.429222 1.528994 0.397101,
				 -1.429222 1.741504 0.397101,
				 -0.983595 0.583576 0.031117,
				 -0.983595 0.583576 0.031117,
				 -0.707345 0.583576 0.000962,
				 -0.707345 0.583576 0.000962,
				 -0.684635 0.583576 0.001016,
				 -0.707345 0.874516 0.000962,
				 -0.707345 0.874516 0.000962,
				 -0.983595 0.874516 0.031117,
				 -0.983595 0.874516 0.031117,
				 -0.983596 1.528994 0.031117,
				 -0.983596 2.156939 0.031117,
				 -0.707346 1.528994 0.000962,
				 -0.987960 0.583576 0.012479,
				 -1.448364 0.782445 0.397101,
				 -1.448364 0.782445 0.397101,
				 -1.389901 0.782445 0.559748,
				 -1.389901 0.782445 0.234453,
				 -1.389901 0.782445 0.559748,
				 -0.983595 0.874516 0.763085,
				 -0.983596 1.528994 0.763085,
				 -0.983596 2.156939 0.763085,
				 0.017496 0.789950 0.812380,
				 0.742335 0.874516 0.793239,
				 1.018587 0.874516 0.763085,
				 1.018586 1.528994 0.763085,
				 1.018586 2.156939 0.763085,
				 1.018586 2.156939 0.763085,
				 1.252779 1.741505 0.677213,
				 1.252779 1.741505 0.677213,
				 1.252779 1.741505 0.677213,
				 1.252779 1.528994 0.677213,
				 1.252779 1.528994 0.677213,
				 1.252779 0.874516 0.677213,
				 1.252779 0.874516 0.677213,
				 1.409263 0.874517 0.548696,
				 1.409263 0.874517 0.548696,
				 1.409262 1.528994 0.548696,
				 1.409262 1.741505 0.548696,
				 1.409262 1.741505 0.548696,
				 1.409262 1.528994 0.548696,
				 1.464212 1.741505 0.397101,
				 1.464212 1.741505 0.397101,
				 1.464212 1.528994 0.397101,
				 1.464213 0.874517 0.397101,
				 1.409262 1.741505 0.245505,
				 1.409262 1.741505 0.245505,
				 1.409262 1.528994 0.245505,
				 1.252779 1.741505 0.116988,
				 1.252779 1.741505 0.647679,
				 1.409264 0.874517 0.245505,
				 1.409264 0.874517 0.245505,
				 1.252779 0.874516 0.116988,
				 1.409262 1.528994 0.245505,
				 1.252779 0.874516 0.116988,
				 1.018586 1.528994 0.031117,
				 1.018586 2.156939 0.031117,
				 0.742337 0.583577 0.000962,
				 0.719626 0.583577 0.001016,
				 0.742335 1.528994 0.793239,
				 0.742335 2.156939 0.793239,
				 0.742335 2.156939 0.793239,
				 1.018586 2.156939 0.763085,
				 0.742335 1.528994 0.793239,
				 1.252779 1.741505 0.647679,
				 -1.217789 1.528994 0.116988,
				 -1.217789 1.741504 0.116988,
				 0.719626 1.528994 0.039102,
				 0.719626 1.528994 0.039102,
				 0.719626 1.528994 0.752103,
				 0.719626 1.385240 0.039102,
				 0.719626 1.385240 0.039102,
				 0.719626 1.385240 0.752103,
				 0.719626 1.385240 0.752103,
				 0.719626 1.528994 0.752103,
				 0.645948 1.385240 0.752103,
				 0.645948 1.385240 0.039102,
				 0.682412 1.528994 0.039102,
				 -0.684635 1.385240 0.039102,
				 -0.610958 1.385240 0.039102,
				 0.206094 1.385240 0.752103,
				 0.017495 1.385240 0.752103,
				 -0.171104 1.385240 0.752103,
				 0.742335 2.156939 0.752103,
				 0.925597 1.457766 0.752103,
				 -0.827650 1.529117 0.752103,
				 -0.890606 1.457766 0.752103,
				 1.387454 1.510986 0.532015,
				 1.387454 1.510986 0.259143,
				 0.206095 -0.237705 0.793239,
				 0.381550 -0.237705 0.793239,
				 0.017496 -0.237705 0.793239,
				 -0.171103 -0.237705 0.793239,
				 -0.346558 -0.237705 0.793239,
				 0.531562 -0.237705 0.793239,
				 0.531562 -0.701716 0.793239,
				 -0.496570 -0.237705 0.793239,
				 -0.496570 -0.701716 0.793239,
				 -0.346398 -0.238270 1.121183,
				 -0.346558 -0.237705 0.793239,
				 0.409572 0.007157 0.018535,
				 0.645949 0.001632 0.018535,
				 0.495559 0.107150 0.001016,
				 0.017496 0.107150 0.001016,
				 -0.460567 0.107150 0.001016,
				 -0.460567 0.081285 0.001016,
				 0.495559 0.081285 0.001016,
				 -0.983595 -1.210397 0.031117,
				 -0.983595 -1.185522 0.031117,
				 -0.983595 -1.185522 0.031117,
				 1.018587 -0.237705 0.763085,
				 0.791233 -0.237705 0.787901,
				 0.791233 -0.237705 0.787901,
				 0.986818 0.081286 0.766552,
				 -0.983595 -0.237705 0.763085,
				 -0.756241 -0.237705 0.787901,
				 -0.535673 -1.863061 0.787101,
				 -0.659328 -1.671900 0.787101,
				 0.986818 -1.019050 0.766552,
				 0.791233 -0.701715 0.787901,
				 -0.953903 -1.019049 0.785581,
				 -0.953904 -1.185518 0.785583,
				 0.409514 -2.009743 0.787101,
				 0.410554 -2.011261 0.806154,
				 0.742336 -1.019050 0.793239,
				 0.742336 -1.019050 0.793239,
				 0.744414 -1.019049 0.812267,
				 -1.374271 0.782445 0.548696,
				 -1.389901 0.782445 0.559748,
				 0.645623 -1.638549 0.793239,
				 0.645623 -1.638549 0.793239,
				 0.647423 -1.639425 0.812276,
				 0.207832 -2.039217 0.812298,
				 0.017496 -2.068455 0.812298,
				 -0.169353 -1.619912 1.095392,
				 -0.026312 -1.804254 1.044131,
				 0.202893 -2.016930 0.810188,
				 0.017496 -2.045406 0.810855,
				 -0.341433 -1.577387 1.062506,
				 -0.340939 -1.728721 1.010437,
				 0.017495 1.385240 0.716007,
				 -0.171104 1.385240 0.716007,
				 -0.481893 1.385240 0.716007,
				 -0.481893 1.385240 0.716007,
				 -0.481191 1.385240 0.691141,
				 -0.481191 1.385240 0.691141,
				 -0.575774 1.385240 0.591678,
				 -0.575774 1.385240 0.591678,
				 -0.575774 1.385240 0.083803,
				 -0.575774 1.385240 0.083803,
				 -0.553404 1.385240 0.060984,
				 -0.553404 1.385240 0.060984,
				 -0.553404 1.385240 0.039102,
				 -0.553404 1.385240 0.039102,
				 -0.553404 1.375671 0.039102,
				 -0.553404 1.375671 0.039102,
				 -0.553404 1.375671 0.060984,
				 -0.553404 1.375671 0.060984,
				 -0.553404 1.361783 0.060984,
				 -0.553404 1.361783 0.060984,
				 -0.575774 1.361783 0.083803,
				 -0.575774 1.361783 0.083803,
				 -0.575774 1.375671 0.083803,
				 -0.575774 1.375671 0.083803,
				 -0.553404 1.375671 0.060984,
				 -0.575774 1.361783 0.591678,
				 -0.575774 1.361783 0.591678,
				 -0.575774 1.375671 0.591678,
				 -0.481191 1.361783 0.691141,
				 -0.481191 1.361783 0.691141,
				 -0.481191 1.375671 0.691141,
				 -0.171104 1.361783 0.691141,
				 0.017495 1.361783 0.691141,
				 0.206094 1.361783 0.691141,
				 0.516181 1.361783 0.691141,
				 0.516181 1.361783 0.691141,
				 0.516181 1.375672 0.691141,
				 0.516181 1.375672 0.691141,
				 0.516181 1.375672 0.691141,
				 0.206094 1.375671 0.691141,
				 0.017495 1.375671 0.691141,
				 -0.171104 1.375671 0.691141,
				 -0.481191 1.375671 0.691141,
				 0.516883 1.375672 0.716007,
				 0.516883 1.375672 0.716007,
				 0.516883 1.385240 0.716007,
				 0.516883 1.385240 0.716007,
				 0.516181 1.385240 0.691141,
				 0.206094 1.385240 0.716007,
				 0.206094 1.375671 0.716007,
				 0.017495 1.375671 0.716007,
				 -0.171104 1.375671 0.716007,
				 -0.481893 1.375671 0.716007,
				 -0.481893 1.375671 0.716007,
				 -0.481191 1.375671 0.691141,
				 0.516181 1.385240 0.691141,
				 0.610764 1.385240 0.591678,
				 0.610764 1.385240 0.591678,
				 0.610764 1.385240 0.083803,
				 0.610764 1.385240 0.083803,
				 0.588394 1.385240 0.060984,
				 0.588394 1.385240 0.060984,
				 0.588394 1.385240 0.039102,
				 0.588394 1.385240 0.039102,
				 0.588394 1.375672 0.039102,
				 0.588394 1.375672 0.039102,
				 0.588394 1.375672 0.060984,
				 0.588394 1.375672 0.060984,
				 0.588394 1.361783 0.060984,
				 0.588394 1.361783 0.060984,
				 0.610764 1.361783 0.083803,
				 0.610764 1.361783 0.083803,
				 0.610764 1.375672 0.083803,
				 0.610764 1.375672 0.083803,
				 0.588394 1.375672 0.060984,
				 0.610764 1.361783 0.591678,
				 0.206094 1.361783 0.060984,
				 0.017495 1.361783 0.060984,
				 -0.171104 1.361783 0.060984,
				 0.206094 1.375671 0.060984,
				 0.017495 1.375671 0.060984,
				 -0.171104 1.375671 0.060984,
				 0.206094 1.375671 0.039102,
				 0.017495 1.375671 0.039102,
				 -0.171104 1.375671 0.039102,
				 0.588394 1.375672 0.060984,
				 0.610764 1.375672 0.591678,
				 0.610764 1.361783 0.591678,
				 -0.553404 1.375671 0.060984,
				 0.512405 1.361783 0.686048,
				 0.512405 1.361783 0.686048,
				 0.207042 1.361783 0.686048,
				 0.017495 1.361783 0.686048,
				 -0.172052 1.361783 0.686048,
				 -0.477415 1.361783 0.686048,
				 -0.477415 1.361783 0.686048,
				 -0.570556 1.361783 0.588100,
				 -0.570556 1.361783 0.588100,
				 -0.570556 1.361783 0.087964,
				 -0.570556 1.361783 0.087964,
				 -0.548526 1.361783 0.065493,
				 -0.548526 1.361783 0.065493,
				 -0.172052 1.361783 0.065493,
				 0.017495 1.361783 0.065493,
				 0.207042 1.361783 0.065493,
				 0.583517 1.361783 0.065493,
				 0.583517 1.361783 0.065493,
				 0.605547 1.361783 0.087964,
				 0.605547 1.361783 0.087964,
				 0.605547 1.361783 0.588100,
				 0.605547 1.361783 0.588100,
				 0.605547 1.383927 0.588100,
				 0.605547 1.383927 0.588100,
				 0.605547 1.383927 0.087964,
				 0.605547 1.383927 0.087964,
				 0.583517 1.383927 0.065493,
				 0.583517 1.383927 0.065493,
				 0.207042 1.383927 0.065493,
				 0.017495 1.383927 0.065493,
				 -0.172052 1.383927 0.065493,
				 -0.548526 1.383927 0.065493,
				 -0.548526 1.383927 0.065493,
				 -0.570556 1.383927 0.087964,
				 -0.570556 1.383927 0.087964,
				 -0.570556 1.383927 0.588100,
				 -0.570556 1.383927 0.588100,
				 -0.477415 1.383927 0.686048,
				 -0.477415 1.383927 0.686048,
				 -0.172052 1.383927 0.686048,
				 0.017495 1.383927 0.686048,
				 0.207042 1.383927 0.686048,
				 0.512405 1.383927 0.686048,
				 0.512405 1.383927 0.686048,
				 0.596078 1.383927 0.579497,
				 0.596078 1.383927 0.579497,
				 0.596078 1.383927 0.097972,
				 0.596078 1.383927 0.097972,
				 0.574665 1.383927 0.076337,
				 0.574665 1.383927 0.076337,
				 0.208723 1.383927 0.076337,
				 0.017495 1.383927 0.076337,
				 -0.173733 1.383927 0.076337,
				 -0.539674 1.383927 0.076337,
				 -0.539674 1.383927 0.076337,
				 -0.561086 1.383927 0.097972,
				 -0.561086 1.383927 0.097972,
				 -0.561086 1.383927 0.579497,
				 -0.561086 1.383927 0.579497,
				 -0.470552 1.383927 0.673800,
				 -0.470552 1.383927 0.673800,
				 -0.173733 1.383927 0.673800,
				 0.017495 1.383927 0.673800,
				 0.208723 1.383927 0.673800,
				 0.505542 1.383927 0.673800,
				 0.505542 1.383927 0.673800,
				 0.505542 1.373933 0.673800,
				 0.505542 1.373933 0.673800,
				 0.208723 1.373933 0.673800,
				 0.596078 1.373933 0.579497,
				 -0.470552 1.373933 0.673800,
				 -0.470552 1.373933 0.673800,
				 -0.173733 1.373933 0.673800,
				 -0.561086 1.373933 0.579497,
				 -0.561086 1.373933 0.579497,
				 -0.561086 1.373933 0.097972,
				 -0.561086 1.373933 0.097972,
				 -0.539674 1.373933 0.076337,
				 -0.539674 1.373933 0.076337,
				 -0.173733 1.373933 0.076337,
				 0.574665 1.373933 0.076337,
				 0.574665 1.373933 0.076337,
				 0.208723 1.373933 0.076337,
				 0.596078 1.373933 0.097972,
				 0.596078 1.373933 0.097972,
				 0.596078 1.373933 0.579497,
				 0.208723 1.373933 0.344488,
				 0.208723 1.373933 0.344488,
				 0.111197 1.373933 0.302608,
				 0.111197 1.373933 0.302608,
				 0.017495 1.373933 0.302608,
				 -0.076207 1.373933 0.302608,
				 -0.076207 1.373933 0.302608,
				 -0.173733 1.373933 0.344488,
				 -0.173733 1.373933 0.344488,
				 -0.561086 1.373933 0.344488,
				 -0.561086 1.373933 0.344488,
				 -0.561086 1.359335 0.344488,
				 -0.561086 1.359335 0.344488,
				 -0.173733 1.359335 0.344488,
				 -0.173733 1.359335 0.344488,
				 -0.076207 1.359335 0.302608,
				 -0.076207 1.359335 0.302608,
				 0.017495 1.359335 0.302608,
				 0.111197 1.359335 0.302608,
				 0.111197 1.359335 0.302608,
				 0.208723 1.359335 0.344488,
				 0.208723 1.359335 0.344488,
				 0.596078 1.359336 0.344488,
				 0.596078 1.359336 0.344488,
				 0.596078 1.373933 0.344488,
				 0.596078 1.359336 0.391076,
				 0.596078 1.359336 0.391076,
				 0.596078 1.373933 0.391076,
				 0.208723 1.359335 0.391076,
				 0.208723 1.359335 0.391076,
				 0.208723 1.373933 0.391076,
				 0.208723 1.373933 0.391076,
				 0.111197 1.373933 0.432956,
				 0.111197 1.373933 0.432956,
				 0.017495 1.373933 0.432956,
				 -0.076207 1.373933 0.432956,
				 -0.076207 1.373933 0.432956,
				 -0.173733 1.373933 0.391076,
				 -0.173733 1.373933 0.391076,
				 -0.561086 1.373933 0.391076,
				 -0.561086 1.373933 0.391076,
				 -0.561086 1.359335 0.391076,
				 -0.173733 1.359335 0.391076,
				 -0.173733 1.359335 0.391076,
				 -0.076207 1.359335 0.432956,
				 -0.076207 1.359335 0.432956,
				 0.017495 1.359335 0.432956,
				 0.111197 1.359335 0.432956,
				 -0.561086 1.359335 0.391076,
				 0.111197 1.359335 0.432956,
				 0.596078 1.373933 0.391076,
				 0.596078 1.373933 0.344488,
				 0.198421 1.359335 0.388197,
				 0.198421 1.359335 0.388197,
				 0.111333 1.359335 0.424901,
				 0.111333 1.359335 0.424901,
				 0.017495 1.359335 0.424901,
				 0.017495 1.359335 0.424901,
				 -0.076343 1.359335 0.424901,
				 -0.076343 1.359335 0.424901,
				 -0.163431 1.359335 0.388197,
				 -0.163431 1.359335 0.388197,
				 -0.163431 1.359335 0.347367,
				 -0.163431 1.359335 0.347367,
				 -0.076343 1.359335 0.310663,
				 -0.076343 1.359335 0.310663,
				 0.017495 1.359335 0.310663,
				 0.111333 1.359335 0.310663,
				 0.111333 1.359335 0.310663,
				 0.198421 1.359335 0.347367,
				 0.198421 1.359335 0.347367,
				 0.183156 1.366899 0.350975,
				 0.183156 1.366899 0.350975,
				 0.111461 1.366899 0.320758,
				 0.111461 1.366899 0.320758,
				 0.017495 1.366899 0.320758,
				 -0.076471 1.366899 0.320758,
				 -0.076471 1.366899 0.320758,
				 -0.148166 1.366899 0.350975,
				 -0.148166 1.366899 0.350975,
				 -0.148166 1.366899 0.384589,
				 -0.148166 1.366899 0.384589,
				 -0.076471 1.366899 0.414805,
				 -0.076471 1.366899 0.414805,
				 0.017495 1.366899 0.414805,
				 0.017495 1.366899 0.414805,
				 0.111461 1.366899 0.414805,
				 0.111461 1.366899 0.414805,
				 0.183156 1.366899 0.384589,
				 0.183156 1.366899 0.384589,
				 0.742335 1.528994 0.793239,
				 0.742335 0.874516 0.793239,
				 1.038866 1.422826 0.494728,
				 0.997047 1.660267 0.536547,
				 0.997047 1.660267 0.536547,
				 0.997047 2.013726 0.536547,
				 0.997047 2.013726 0.536547,
				 1.028823 2.116963 0.504771,
				 1.028823 2.116963 0.504771,
				 0.995349 2.116963 0.454673,
				 0.995349 2.116963 0.454673,
				 0.953831 2.013725 0.471870,
				 0.953831 2.013725 0.471870,
				 0.953831 2.013725 0.471870,
				 0.953831 2.013725 0.471870,
				 0.953831 2.013725 0.471870,
				 0.953831 2.013725 0.471870,
				 0.997047 2.013726 0.536547,
				 1.002800 2.118122 0.470717,
				 1.002800 2.118122 0.470717,
				 0.999530 2.119801 0.472902,
				 0.999530 2.119801 0.472902,
				 0.945531 2.015766 0.477416,
				 0.945531 2.015766 0.477416,
				 0.945531 2.015766 0.477416,
				 0.945360 1.660267 0.477531,
				 0.945360 1.660267 0.477531,
				 0.953831 1.660267 0.471870,
				 0.988576 1.660267 0.542208,
				 0.988576 1.660267 0.542208,
				 0.997047 1.660267 0.536547,
				 0.997047 1.660267 0.536547,
				 0.997047 1.660267 0.536547,
				 0.953831 1.660267 0.471870,
				 0.953831 1.660267 0.471870,
				 0.997047 2.013726 0.536547,
				 0.997047 2.013726 0.536547,
				 1.016852 2.118122 0.491747,
				 1.016852 2.118122 0.491747,
				 1.013582 2.119801 0.493932,
				 0.988748 2.015766 0.542093,
				 0.988748 2.015766 0.542093,
				 1.013582 2.119801 0.493932,
				 0.988748 2.015766 0.542093,
				 0.997047 2.013726 0.536547,
				 0.953831 1.660267 0.471870,
				 0.953831 1.660267 0.471870,
				 1.008470 1.422826 0.449238,
				 0.938655 1.660267 0.395579,
				 0.938655 1.660267 0.395579,
				 0.938655 1.660267 0.395579,
				 0.953830 1.660267 0.319287,
				 0.953830 1.660267 0.319287,
				 0.953830 1.660267 0.319287,
				 0.997046 1.660266 0.254610,
				 0.997046 1.660266 0.254610,
				 0.997046 1.660266 0.254610,
				 1.061724 1.660266 0.211394,
				 1.061724 1.660266 0.211394,
				 1.061724 1.660266 0.211394,
				 1.138016 1.660265 0.196219,
				 1.138016 1.660265 0.196219,
				 1.138016 1.660265 0.196219,
				 1.214308 1.660265 0.211394,
				 1.214308 1.660265 0.211394,
				 1.214308 1.660265 0.211394,
				 1.278986 1.660265 0.254610,
				 1.278986 1.660265 0.254610,
				 1.278986 1.660265 0.254610,
				 1.322202 1.660266 0.319287,
				 1.322202 1.660266 0.319287,
				 1.322202 1.660266 0.319287,
				 1.337378 1.660266 0.395578,
				 1.337378 1.660266 0.395578,
				 1.337378 1.660266 0.395578,
				 1.322202 1.660267 0.471870,
				 1.322202 1.660267 0.471870,
				 1.322202 1.660267 0.471870,
				 1.278986 1.660267 0.536547,
				 1.278986 1.660267 0.536547,
				 1.278986 1.660267 0.536547,
				 1.214309 1.660268 0.579763,
				 1.214309 1.660268 0.579763,
				 1.214309 1.660268 0.579763,
				 1.138016 1.660267 0.594938,
				 1.138016 1.660267 0.594938,
				 1.138016 1.660267 0.594938,
				 1.061724 1.660267 0.579763,
				 1.061724 1.660267 0.579763,
				 1.061724 1.660267 0.579763,
				 1.061724 2.013726 0.579763,
				 1.059736 1.660267 0.589755,
				 1.059736 1.660267 0.589755,
				 1.136029 1.660267 0.604931,
				 1.136029 1.660267 0.604931,
				 1.136069 2.015766 0.604728,
				 1.136069 2.015766 0.604728,
				 1.119575 2.119801 0.553113,
				 1.119575 2.119801 0.553113,
				 1.120342 2.118122 0.549256,
				 1.120342 2.118122 0.549256,
				 1.138016 2.013726 0.594938,
				 1.138016 2.013726 0.594938,
				 1.136069 2.015766 0.604728,
				 1.095535 2.118122 0.544321,
				 1.095535 2.118122 0.544321,
				 1.061724 2.013726 0.579763,
				 1.061724 2.013726 0.579763,
				 1.059777 2.015766 0.589553,
				 1.059777 2.015766 0.589553,
				 1.094768 2.119801 0.548179,
				 1.094768 2.119801 0.548179,
				 1.059777 2.015766 0.589553,
				 1.138016 2.013726 0.594938,
				 1.138016 2.013726 0.594938,
				 1.138016 2.013726 0.594938,
				 1.138016 2.116963 0.550000,
				 1.138016 2.116963 0.550000,
				 1.197111 2.116963 0.538245,
				 1.197111 2.116963 0.538245,
				 1.214309 2.013725 0.579763,
				 1.214309 2.013725 0.579763,
				 1.138016 2.013726 0.594938,
				 1.247210 2.116962 0.504771,
				 1.247210 2.116962 0.504771,
				 1.278986 2.013725 0.536547,
				 1.278986 2.013725 0.536547,
				 1.278986 2.013725 0.536547,
				 1.214309 2.013725 0.579763,
				 1.234186 2.118123 0.516742,
				 1.234186 2.118123 0.516742,
				 1.236371 2.119802 0.520013,
				 1.236371 2.119802 0.520013,
				 1.284532 2.015767 0.544846,
				 1.284532 2.015767 0.544846,
				 1.284532 2.015767 0.544846,
				 1.278986 2.013725 0.536547,
				 1.284646 1.660267 0.545018,
				 1.284646 1.660267 0.545018,
				 1.219969 1.660268 0.588234,
				 1.219969 1.660268 0.588234,
				 1.219854 2.015767 0.588062,
				 1.219854 2.015767 0.588062,
				 1.219854 2.015767 0.588062,
				 1.214309 2.013725 0.579763,
				 1.214309 2.013725 0.579763,
				 1.213156 2.118123 0.530794,
				 1.213156 2.118123 0.530794,
				 1.215341 2.119802 0.534064,
				 1.215341 2.119802 0.534064,
				 1.280684 2.116962 0.454673,
				 1.280684 2.116962 0.454673,
				 1.322202 2.013724 0.471870,
				 1.322202 2.013724 0.471870,
				 1.278986 2.013725 0.536547,
				 1.292439 2.116961 0.395578,
				 1.292439 2.116961 0.395578,
				 1.337378 2.013724 0.395578,
				 1.337378 2.013724 0.395578,
				 1.337378 2.013724 0.395578,
				 1.322202 2.013724 0.471870,
				 1.291695 2.118122 0.413253,
				 1.291695 2.118122 0.413253,
				 1.295552 2.119801 0.414020,
				 1.295552 2.119801 0.414020,
				 1.347167 2.015765 0.397526,
				 1.347167 2.015765 0.397526,
				 1.347167 2.015765 0.397526,
				 1.337378 2.013724 0.395578,
				 1.347370 1.660266 0.397566,
				 1.347370 1.660266 0.397566,
				 1.332195 1.660267 0.473858,
				 1.332195 1.660267 0.473858,
				 1.331992 2.015766 0.473817,
				 1.331992 2.015766 0.473817,
				 1.331992 2.015766 0.473817,
				 1.322202 2.013724 0.471870,
				 1.322202 2.013724 0.471870,
				 1.286760 2.118122 0.438059,
				 1.286760 2.118122 0.438059,
				 1.290618 2.119801 0.438826,
				 1.290618 2.119801 0.438826,
				 1.280684 2.116961 0.336484,
				 1.280684 2.116961 0.336484,
				 1.322202 2.013723 0.319287,
				 1.322202 2.013723 0.319287,
				 1.337378 2.013724 0.395578,
				 1.247209 2.116960 0.286386,
				 1.247209 2.116960 0.286386,
				 1.278986 2.013723 0.254610,
				 1.278986 2.013723 0.254610,
				 1.278986 2.013723 0.254610,
				 1.322202 2.013723 0.319287,
				 1.259181 2.118121 0.299410,
				 1.259181 2.118121 0.299410,
				 1.262451 2.119800 0.297225,
				 1.262451 2.119800 0.297225,
				 1.287285 2.015764 0.249064,
				 1.287285 2.015764 0.249064,
				 1.287285 2.015764 0.249064,
				 1.278986 2.013723 0.254610,
				 1.287457 1.660265 0.248950,
				 1.287457 1.660265 0.248950,
				 1.330673 1.660266 0.313626,
				 1.330673 1.660266 0.313626,
				 1.330501 2.015765 0.313741,
				 1.330501 2.015765 0.313741,
				 1.330501 2.015765 0.313741,
				 1.322202 2.013723 0.319287,
				 1.322202 2.013723 0.319287,
				 1.273233 2.118121 0.320440,
				 1.273233 2.118121 0.320440,
				 1.276503 2.119800 0.318255,
				 1.276503 2.119800 0.318255,
				 1.197111 2.116959 0.252912,
				 1.197111 2.116959 0.252912,
				 1.214308 2.013723 0.211394,
				 1.214308 2.013723 0.211394,
				 1.278986 2.013723 0.254610,
				 1.138016 2.116959 0.241157,
				 1.138016 2.116959 0.241157,
				 1.138016 2.013723 0.196219,
				 1.138016 2.013723 0.196219,
				 1.138016 2.013723 0.196219,
				 1.214308 2.013723 0.211394,
				 1.155691 2.118120 0.241901,
				 1.155691 2.118120 0.241901,
				 1.156458 2.119799 0.238044,
				 1.156458 2.119799 0.238044,
				 1.139963 2.015764 0.186429,
				 1.139963 2.015764 0.186429,
				 1.139963 2.015764 0.186429,
				 1.138016 2.013723 0.196219,
				 1.140004 1.660265 0.186226,
				 1.140004 1.660265 0.186226,
				 1.216296 1.660265 0.201402,
				 1.216296 1.660265 0.201402,
				 1.216256 2.015764 0.201604,
				 1.216256 2.015764 0.201604,
				 1.216256 2.015764 0.201604,
				 1.214308 2.013723 0.211394,
				 1.214308 2.013723 0.211394,
				 1.180497 2.118120 0.246836,
				 1.180497 2.118120 0.246836,
				 1.181264 2.119799 0.242978,
				 1.181264 2.119799 0.242978,
				 1.078921 2.116960 0.252912,
				 1.078921 2.116960 0.252912,
				 1.061724 2.013723 0.211394,
				 1.061724 2.013723 0.211394,
				 1.138016 2.013723 0.196219,
				 1.028823 2.116960 0.286386,
				 1.028823 2.116960 0.286386,
				 0.997046 2.013724 0.254610,
				 0.997046 2.013724 0.254610,
				 0.997046 2.013724 0.254610,
				 1.061724 2.013723 0.211394,
				 1.041847 2.118121 0.274415,
				 1.041847 2.118121 0.274415,
				 1.039662 2.119800 0.271145,
				 1.039662 2.119800 0.271145,
				 0.991501 2.015764 0.246311,
				 0.991501 2.015764 0.246311,
				 0.991501 2.015764 0.246311,
				 0.997046 2.013724 0.254610,
				 0.991386 1.660266 0.246139,
				 0.991386 1.660266 0.246139,
				 1.056064 1.660266 0.202923,
				 1.056064 1.660266 0.202923,
				 1.056179 2.015764 0.203095,
				 1.056179 2.015764 0.203095,
				 1.056179 2.015764 0.203095,
				 1.061724 2.013723 0.211394,
				 1.061724 2.013723 0.211394,
				 1.062877 2.118120 0.260363,
				 1.062877 2.118120 0.260363,
				 1.060692 2.119799 0.257093,
				 1.060692 2.119799 0.257093,
				 0.995349 2.116962 0.336484,
				 0.995349 2.116962 0.336484,
				 0.953830 2.013724 0.319287,
				 0.953830 2.013724 0.319287,
				 0.997046 2.013724 0.254610,
				 0.983594 2.116962 0.395579,
				 1.078922 2.116963 0.538245,
				 1.061724 2.013726 0.579763,
				 1.061724 2.013726 0.579763,
				 1.078922 2.116963 0.538245,
				 1.061724 2.013726 0.579763,
				 1.214309 2.013725 0.579763,
				 1.278986 2.013725 0.536547,
				 1.322202 2.013724 0.471870,
				 1.337378 2.013724 0.395578,
				 1.322202 2.013723 0.319287,
				 1.278986 2.013723 0.254610,
				 1.214308 2.013723 0.211394,
				 1.138016 2.013723 0.196219,
				 1.061724 2.013723 0.211394,
				 0.997046 2.013724 0.254610,
				 0.943838 1.660267 0.317299,
				 0.943838 1.660267 0.317299,
				 0.928663 1.660267 0.393591,
				 0.928663 1.660267 0.393591,
				 0.928866 2.015766 0.393631,
				 0.928866 2.015766 0.393631,
				 0.980481 2.119801 0.377137,
				 0.980481 2.119801 0.377137,
				 0.984338 2.118121 0.377904,
				 0.984338 2.118121 0.377904,
				 0.938655 2.013725 0.395579,
				 0.938655 2.013725 0.395579,
				 0.928866 2.015766 0.393631,
				 0.989272 2.118121 0.353098,
				 0.989272 2.118121 0.353098,
				 0.953830 2.013724 0.319287,
				 0.953830 2.013724 0.319287,
				 0.944041 2.015765 0.317340,
				 0.944041 2.015765 0.317340,
				 0.985415 2.119800 0.352331,
				 0.985415 2.119800 0.352331,
				 0.944041 2.015765 0.317340,
				 0.938655 2.013725 0.395579,
				 0.938655 2.013725 0.395579,
				 0.938655 2.013725 0.395579,
				 0.983594 2.116962 0.395579,
				 0.953830 2.013724 0.319287,
				 0.953830 2.013724 0.319287,
				 0.938655 2.013725 0.395579,
				 -1.003876 1.422826 0.494728,
				 -0.962057 1.660267 0.536547,
				 -0.962057 1.660267 0.536547,
				 -0.962057 2.013725 0.536547,
				 -0.962057 2.013725 0.536547,
				 -0.993833 2.116962 0.504771,
				 -0.993833 2.116962 0.504771,
				 -0.960359 2.116962 0.454673,
				 -0.960359 2.116962 0.454673,
				 -0.918841 2.013724 0.471870,
				 -0.918841 2.013724 0.471870,
				 -0.918841 2.013724 0.471870,
				 -0.918841 2.013724 0.471870,
				 -0.918841 2.013724 0.471870,
				 -0.918841 2.013724 0.471870,
				 -0.962057 2.013725 0.536547,
				 -0.967810 2.118122 0.470717,
				 -0.967810 2.118122 0.470717,
				 -0.964540 2.119801 0.472902,
				 -0.964540 2.119801 0.472902,
				 -0.910541 2.015766 0.477416,
				 -0.910541 2.015766 0.477416,
				 -0.910541 2.015766 0.477416,
				 -0.910370 1.660267 0.477531,
				 -0.910370 1.660267 0.477531,
				 -0.918841 1.660267 0.471870,
				 -0.953586 1.660267 0.542208,
				 -0.953586 1.660267 0.542208,
				 -0.962057 1.660267 0.536547,
				 -0.962057 1.660267 0.536547,
				 -0.962057 1.660267 0.536547,
				 -0.918841 1.660267 0.471870,
				 -0.918841 1.660267 0.471870,
				 -0.962057 2.013725 0.536547,
				 -0.962057 2.013725 0.536547,
				 -0.981862 2.118122 0.491747,
				 -0.981862 2.118122 0.491747,
				 -0.978592 2.119801 0.493932,
				 -0.953758 2.015766 0.542093,
				 -0.953758 2.015766 0.542093,
				 -0.978592 2.119801 0.493932,
				 -0.953758 2.015766 0.542093,
				 -0.962057 2.013725 0.536547,
				 -0.918841 1.660267 0.471870,
				 -0.918841 1.660267 0.471870,
				 -0.973480 1.422826 0.449238,
				 -0.903665 1.660266 0.395579,
				 -0.903665 1.660266 0.395579,
				 -0.903665 1.660266 0.395579,
				 -0.918840 1.660266 0.319287,
				 -0.918840 1.660266 0.319287,
				 -0.918840 1.660266 0.319287,
				 -0.962056 1.660265 0.254610,
				 -0.962056 1.660265 0.254610,
				 -0.962056 1.660265 0.254610,
				 -1.026734 1.660265 0.211394,
				 -1.026734 1.660265 0.211394,
				 -1.026734 1.660265 0.211394,
				 -1.103026 1.660264 0.196219,
				 -1.103026 1.660264 0.196219,
				 -1.103026 1.660264 0.196219,
				 -1.179318 1.660264 0.211394,
				 -1.179318 1.660264 0.211394,
				 -1.179318 1.660264 0.211394,
				 -1.243996 1.660264 0.254610,
				 -1.243996 1.660264 0.254610,
				 -1.243996 1.660264 0.254610,
				 -1.287212 1.660265 0.319287,
				 -1.287212 1.660265 0.319287,
				 -1.287212 1.660265 0.319287,
				 -1.302388 1.660265 0.395578,
				 -1.302388 1.660265 0.395578,
				 -1.302388 1.660265 0.395578,
				 -1.287212 1.660266 0.471870,
				 -1.287212 1.660266 0.471870,
				 -1.287212 1.660266 0.471870,
				 -1.243996 1.660266 0.536547,
				 -1.243996 1.660266 0.536547,
				 -1.243996 1.660266 0.536547,
				 -1.179319 1.660267 0.579763,
				 -1.179319 1.660267 0.579763,
				 -1.179319 1.660267 0.579763,
				 -1.103026 1.660267 0.594938,
				 -1.103026 1.660267 0.594938,
				 -1.103026 1.660267 0.594938,
				 -1.026734 1.660267 0.579763,
				 -1.026734 1.660267 0.579763,
				 -1.026734 1.660267 0.579763,
				 -1.026734 2.013725 0.579763,
				 -1.024746 1.660267 0.589755,
				 -1.024746 1.660267 0.589755,
				 -1.101039 1.660267 0.604931,
				 -1.101039 1.660267 0.604931,
				 -1.101079 2.015766 0.604728,
				 -1.101079 2.015766 0.604728,
				 -1.084585 2.119801 0.553113,
				 -1.084585 2.119801 0.553113,
				 -1.085352 2.118122 0.549256,
				 -1.085352 2.118122 0.549256,
				 -1.103026 2.013725 0.594938,
				 -1.103026 2.013725 0.594938,
				 -1.101079 2.015766 0.604728,
				 -1.060545 2.118122 0.544321,
				 -1.060545 2.118122 0.544321,
				 -1.026734 2.013725 0.579763,
				 -1.026734 2.013725 0.579763,
				 -1.024787 2.015766 0.589553,
				 -1.024787 2.015766 0.589553,
				 -1.059778 2.119801 0.548179,
				 -1.059778 2.119801 0.548179,
				 -1.024787 2.015766 0.589553,
				 -1.103026 2.013725 0.594938,
				 -1.103026 2.013725 0.594938,
				 -1.103026 2.013725 0.594938,
				 -1.103026 2.116962 0.550000,
				 -1.103026 2.116962 0.550000,
				 -1.162121 2.116962 0.538245,
				 -1.162121 2.116962 0.538245,
				 -1.179319 2.013724 0.579763,
				 -1.179319 2.013724 0.579763,
				 -1.103026 2.013725 0.594938,
				 -1.212220 2.116961 0.504771,
				 -1.212220 2.116961 0.504771,
				 -1.243996 2.013724 0.536547,
				 -1.243996 2.013724 0.536547,
				 -1.243996 2.013724 0.536547,
				 -1.179319 2.013724 0.579763,
				 -1.199196 2.118122 0.516742,
				 -1.199196 2.118122 0.516742,
				 -1.201381 2.119801 0.520013,
				 -1.201381 2.119801 0.520013,
				 -1.249542 2.015766 0.544846,
				 -1.249542 2.015766 0.544846,
				 -1.249542 2.015766 0.544846,
				 -1.243996 2.013724 0.536547,
				 -1.249656 1.660266 0.545018,
				 -1.249656 1.660266 0.545018,
				 -1.184979 1.660267 0.588234,
				 -1.184979 1.660267 0.588234,
				 -1.184864 2.015766 0.588062,
				 -1.184864 2.015766 0.588062,
				 -1.184864 2.015766 0.588062,
				 -1.179319 2.013724 0.579763,
				 -1.179319 2.013724 0.579763,
				 -1.178166 2.118122 0.530794,
				 -1.178166 2.118122 0.530794,
				 -1.180351 2.119801 0.534064,
				 -1.180351 2.119801 0.534064,
				 -1.245694 2.116961 0.454673,
				 -1.245694 2.116961 0.454673,
				 -1.287212 2.013723 0.471870,
				 -1.287212 2.013723 0.471870,
				 -1.243996 2.013724 0.536547,
				 -1.257449 2.116960 0.395578,
				 -1.257449 2.116960 0.395578,
				 -1.302388 2.013723 0.395578,
				 -1.302388 2.013723 0.395578,
				 -1.302388 2.013723 0.395578,
				 -1.287212 2.013723 0.471870,
				 -1.256705 2.118121 0.413253,
				 -1.256705 2.118121 0.413253,
				 -1.260562 2.119800 0.414020,
				 -1.260562 2.119800 0.414020,
				 -1.312177 2.015764 0.397526,
				 -1.312177 2.015764 0.397526,
				 -1.312177 2.015764 0.397526,
				 -1.302388 2.013723 0.395578,
				 -1.312380 1.660265 0.397566,
				 -1.312380 1.660265 0.397566,
				 -1.297205 1.660266 0.473858,
				 -1.297205 1.660266 0.473858,
				 -1.297002 2.015765 0.473817,
				 -1.297002 2.015765 0.473817,
				 -1.297002 2.015765 0.473817,
				 -1.287212 2.013723 0.471870,
				 -1.287212 2.013723 0.471870,
				 -1.251770 2.118121 0.438059,
				 -1.251770 2.118121 0.438059,
				 -1.255628 2.119800 0.438826,
				 -1.255628 2.119800 0.438826,
				 -1.245694 2.116960 0.336484,
				 -1.245694 2.116960 0.336484,
				 -1.287212 2.013722 0.319287,
				 -1.287212 2.013722 0.319287,
				 -1.302388 2.013723 0.395578,
				 -1.212219 2.116959 0.286386,
				 -1.212219 2.116959 0.286386,
				 -1.243996 2.013722 0.254610,
				 -1.243996 2.013722 0.254610,
				 -1.243996 2.013722 0.254610,
				 -1.287212 2.013722 0.319287,
				 -1.224191 2.118120 0.299410,
				 -1.224191 2.118120 0.299410,
				 -1.227461 2.119799 0.297225,
				 -1.227461 2.119799 0.297225,
				 -1.252295 2.015763 0.249064,
				 -1.252295 2.015763 0.249064,
				 -1.252295 2.015763 0.249064,
				 -1.243996 2.013722 0.254610,
				 -1.252467 1.660264 0.248950,
				 -1.252467 1.660264 0.248950,
				 -1.295683 1.660265 0.313626,
				 -1.295683 1.660265 0.313626,
				 -1.295511 2.015764 0.313741,
				 -1.295511 2.015764 0.313741,
				 -1.295511 2.015764 0.313741,
				 -1.287212 2.013722 0.319287,
				 -1.287212 2.013722 0.319287,
				 -1.238243 2.118120 0.320440,
				 -1.238243 2.118120 0.320440,
				 -1.241513 2.119799 0.318255,
				 -1.241513 2.119799 0.318255,
				 -1.162121 2.116959 0.252912,
				 -1.162121 2.116959 0.252912,
				 -1.179318 2.013722 0.211394,
				 -1.179318 2.013722 0.211394,
				 -1.243996 2.013722 0.254610,
				 -1.103026 2.116959 0.241157,
				 -1.103026 2.116959 0.241157,
				 -1.103026 2.013722 0.196219,
				 -1.103026 2.013722 0.196219,
				 -1.103026 2.013722 0.196219,
				 -1.179318 2.013722 0.211394,
				 -1.120701 2.118120 0.241901,
				 -1.120701 2.118120 0.241901,
				 -1.121468 2.119799 0.238044,
				 -1.121468 2.119799 0.238044,
				 -1.104973 2.015763 0.186429,
				 -1.104973 2.015763 0.186429,
				 -1.104973 2.015763 0.186429,
				 -1.103026 2.013722 0.196219,
				 -1.105014 1.660264 0.186226,
				 -1.105014 1.660264 0.186226,
				 -1.181306 1.660264 0.201402,
				 -1.181306 1.660264 0.201402,
				 -1.181266 2.015763 0.201604,
				 -1.181266 2.015763 0.201604,
				 -1.181266 2.015763 0.201604,
				 -1.179318 2.013722 0.211394,
				 -1.179318 2.013722 0.211394,
				 -1.145507 2.118120 0.246836,
				 -1.145507 2.118120 0.246836,
				 -1.146274 2.119799 0.242978,
				 -1.146274 2.119799 0.242978,
				 -1.043931 2.116960 0.252912,
				 -1.043931 2.116960 0.252912,
				 -1.026734 2.013722 0.211394,
				 -1.026734 2.013722 0.211394,
				 -1.103026 2.013722 0.196219,
				 -0.993833 2.116960 0.286386,
				 -0.993833 2.116960 0.286386,
				 -0.962056 2.013723 0.254610,
				 -0.962056 2.013723 0.254610,
				 -0.962056 2.013723 0.254610,
				 -1.026734 2.013722 0.211394,
				 -1.006857 2.118121 0.274415,
				 -1.006857 2.118121 0.274415,
				 -1.004672 2.119800 0.271145,
				 -1.004672 2.119800 0.271145,
				 -0.956511 2.015764 0.246311,
				 -0.956511 2.015764 0.246311,
				 -0.956511 2.015764 0.246311,
				 -0.962056 2.013723 0.254610,
				 -0.956396 1.660265 0.246139,
				 -0.956396 1.660265 0.246139,
				 -1.021074 1.660265 0.202923,
				 -1.021074 1.660265 0.202923,
				 -1.021189 2.015764 0.203095,
				 -1.021189 2.015764 0.203095,
				 -1.021189 2.015764 0.203095,
				 -1.026734 2.013722 0.211394,
				 -1.026734 2.013722 0.211394,
				 -1.027887 2.118120 0.260363,
				 -1.027887 2.118120 0.260363,
				 -1.025702 2.119799 0.257093,
				 -1.025702 2.119799 0.257093,
				 -0.960359 2.116961 0.336484,
				 -0.960359 2.116961 0.336484,
				 -0.918840 2.013723 0.319287,
				 -0.918840 2.013723 0.319287,
				 -0.962056 2.013723 0.254610,
				 -0.948604 2.116961 0.395579,
				 -1.043932 2.116962 0.538245,
				 -1.026734 2.013725 0.579763,
				 -1.026734 2.013725 0.579763,
				 -1.043932 2.116962 0.538245,
				 -1.026734 2.013725 0.579763,
				 -1.179319 2.013724 0.579763,
				 -1.243996 2.013724 0.536547,
				 -1.287212 2.013723 0.471870,
				 -1.302388 2.013723 0.395578,
				 -1.287212 2.013722 0.319287,
				 -1.243996 2.013722 0.254610,
				 -1.179318 2.013722 0.211394,
				 -1.103026 2.013722 0.196219,
				 -1.026734 2.013722 0.211394,
				 -0.962056 2.013723 0.254610,
				 -0.908848 1.660266 0.317299,
				 -0.908848 1.660266 0.317299,
				 -0.893673 1.660266 0.393591,
				 -0.893673 1.660266 0.393591,
				 -0.893876 2.015766 0.393631,
				 -0.893876 2.015766 0.393631,
				 -0.945491 2.119801 0.377137,
				 -0.945491 2.119801 0.377137,
				 -0.949348 2.118121 0.377904,
				 -0.949348 2.118121 0.377904,
				 -0.903665 2.013724 0.395579,
				 -0.903665 2.013724 0.395579,
				 -0.893876 2.015766 0.393631,
				 -0.954282 2.118121 0.353098,
				 -0.954282 2.118121 0.353098,
				 -0.918840 2.013723 0.319287,
				 -0.918840 2.013723 0.319287,
				 -0.909051 2.015765 0.317340,
				 -0.909051 2.015765 0.317340,
				 -0.950425 2.119800 0.352331,
				 -0.950425 2.119800 0.352331,
				 -0.909051 2.015765 0.317340,
				 -0.903665 2.013724 0.395579,
				 -0.903665 2.013724 0.395579,
				 -0.903665 2.013724 0.395579,
				 -0.948604 2.116961 0.395579,
				 -0.918840 2.013723 0.319287,
				 -0.918840 2.013723 0.319287,
				 -0.903665 2.013724 0.395579,
				 0.997797 1.422825 0.395579,
				 0.938655 1.660267 0.395579,
				 0.938655 1.660267 0.395579,
				 0.953830 1.660267 0.319287,
				 -0.962807 1.422825 0.395579,
				 -0.903665 1.660266 0.395579,
				 -0.903665 1.660266 0.395579,
				 -0.918840 1.660266 0.319287,
				 1.008470 1.422825 0.341919,
				 0.953830 1.660267 0.319287,
				 -0.973480 1.422825 0.341919,
				 -0.918840 1.660266 0.319287,
				 1.038866 1.422825 0.296429,
				 0.997046 1.660266 0.254610,
				 0.997046 1.660266 0.254610,
				 1.061724 1.660266 0.211394,
				 -1.003876 1.422824 0.296429,
				 -0.962056 1.660265 0.254610,
				 -0.962056 1.660265 0.254610,
				 -1.026734 1.660265 0.211394,
				 1.084356 1.422825 0.266033,
				 1.061724 1.660266 0.211394,
				 -1.049366 1.422824 0.266033,
				 -1.026734 1.660265 0.211394,
				 1.138016 1.422825 0.255360,
				 1.138016 1.660265 0.196219,
				 1.138016 1.660265 0.196219,
				 1.214308 1.660265 0.211394,
				 -1.103026 1.422824 0.255360,
				 -1.103026 1.660264 0.196219,
				 -1.103026 1.660264 0.196219,
				 -1.179318 1.660264 0.211394,
				 1.191677 1.422825 0.266033,
				 1.214308 1.660265 0.211394,
				 -1.156685 1.422824 0.266033,
				 -1.179318 1.660264 0.211394,
				 1.237168 1.422825 0.296429,
				 1.278986 1.660265 0.254610,
				 1.278986 1.660265 0.254610,
				 1.322202 1.660266 0.319287,
				 -1.202176 1.422824 0.296429,
				 -1.243996 1.660264 0.254610,
				 -1.243996 1.660264 0.254610,
				 -1.287212 1.660265 0.319287,
				 1.267564 1.422825 0.341919,
				 1.322202 1.660266 0.319287,
				 -1.232572 1.422824 0.341919,
				 -1.287212 1.660265 0.319287,
				 1.278237 1.422825 0.395578,
				 1.337378 1.660266 0.395578,
				 1.337378 1.660266 0.395578,
				 1.322202 1.660267 0.471870,
				 -1.243245 1.422824 0.395578,
				 -1.302388 1.660265 0.395578,
				 -1.302388 1.660265 0.395578,
				 -1.287212 1.660266 0.471870,
				 1.267564 1.422825 0.449238,
				 1.322202 1.660267 0.471870,
				 -1.232572 1.422825 0.449238,
				 -1.287212 1.660266 0.471870,
				 1.237168 1.422825 0.494728,
				 1.278986 1.660267 0.536547,
				 1.278986 1.660267 0.536547,
				 1.214309 1.660268 0.579763,
				 -1.202176 1.422825 0.494728,
				 -1.243996 1.660266 0.536547,
				 -1.243996 1.660266 0.536547,
				 -1.179319 1.660267 0.579763,
				 1.191677 1.422826 0.525124,
				 1.214309 1.660268 0.579763,
				 -1.156685 1.422826 0.525124,
				 -1.179319 1.660267 0.579763,
				 1.138016 1.422826 0.535797,
				 1.138016 1.660267 0.594938,
				 1.138016 1.660267 0.594938,
				 1.061724 1.660267 0.579763,
				 -1.103026 1.422826 0.535797,
				 -1.103026 1.660267 0.594938,
				 -1.103026 1.660267 0.594938,
				 -1.026734 1.660267 0.579763,
				 1.084357 1.422826 0.525124,
				 1.061724 1.660267 0.579763,
				 -1.049367 1.422826 0.525124,
				 -1.026734 1.660267 0.579763,
				 1.010809 2.116963 0.448269,
				 1.010809 2.116963 0.448269,
				 1.000328 2.116962 0.395579,
				 1.000328 2.116962 0.395579,
				 1.010809 2.116962 0.342888,
				 1.010809 2.116962 0.342888,
				 1.040656 2.116960 0.298219,
				 1.040656 2.116960 0.298219,
				 1.085325 2.116960 0.268372,
				 1.085325 2.116960 0.268372,
				 1.138016 2.116960 0.257891,
				 1.138016 2.116960 0.257891,
				 1.190707 2.116960 0.268372,
				 1.190707 2.116960 0.268372,
				 1.235377 2.116961 0.298219,
				 1.235377 2.116961 0.298219,
				 1.265224 2.116961 0.342888,
				 1.265224 2.116961 0.342888,
				 1.275704 2.116961 0.395578,
				 1.275704 2.116961 0.395578,
				 1.265224 2.116962 0.448269,
				 1.265224 2.116962 0.448269,
				 1.235377 2.116962 0.492938,
				 1.235377 2.116962 0.492938,
				 1.190707 2.116963 0.522785,
				 1.190707 2.116963 0.522785,
				 1.138016 2.116963 0.533266,
				 1.138016 2.116963 0.533266,
				 1.085325 2.116963 0.522785,
				 1.085325 2.116963 0.522785,
				 1.040656 2.116963 0.492938,
				 1.040656 2.116963 0.492938,
				 1.040656 1.987477 0.492938,
				 1.040656 1.987477 0.492938,
				 1.104189 1.959480 0.429406,
				 1.104189 1.959480 0.429406,
				 1.138016 2.018982 0.395579,
				 1.138016 2.018982 0.395579,
				 1.138016 2.018982 0.395579,
				 1.138016 2.018982 0.395579,
				 1.138016 2.018982 0.395579,
				 1.138016 2.018982 0.395579,
				 1.138016 2.018982 0.395579,
				 1.138016 2.018982 0.395579,
				 1.138016 2.018982 0.395579,
				 1.138016 2.018982 0.395579,
				 1.138016 2.018982 0.395579,
				 1.138016 2.018982 0.395579,
				 1.138016 2.018982 0.395579,
				 1.138016 2.018982 0.395579,
				 1.138016 2.018982 0.395579,
				 1.093819 1.959480 0.413886,
				 1.093819 1.959480 0.413886,
				 1.093819 1.959480 0.413886,
				 1.093819 1.927693 0.413886,
				 1.093819 1.927693 0.413886,
				 1.077939 1.980363 0.430163,
				 1.077939 1.980363 0.430163,
				 1.083073 1.980363 0.437847,
				 1.083073 1.980363 0.437847,
				 1.104189 1.927693 0.429406,
				 1.104189 1.927693 0.429406,
				 1.104189 1.927693 0.429406,
				 1.040656 1.955691 0.492938,
				 1.040656 1.955691 0.492938,
				 1.010809 1.955691 0.448269,
				 1.010809 1.955691 0.448269,
				 1.010809 1.987477 0.448269,
				 1.040656 1.987477 0.492938,
				 1.104189 1.959480 0.429406,
				 1.093819 1.927693 0.413886,
				 1.051619 1.994223 0.469302,
				 1.051619 1.994223 0.469302,
				 1.040656 1.955691 0.492938,
				 1.036841 1.994223 0.447186,
				 1.010809 1.955691 0.448269,
				 1.036841 1.994223 0.447186,
				 1.010809 1.987477 0.448269,
				 1.090177 1.959479 0.395579,
				 1.090177 1.959479 0.395579,
				 1.090177 1.959479 0.395579,
				 1.090177 1.927693 0.395579,
				 1.090177 1.927693 0.395579,
				 1.069277 1.980363 0.386617,
				 1.069277 1.980363 0.386617,
				 1.024793 1.994223 0.386617,
				 1.024793 1.994223 0.386617,
				 1.000328 1.955691 0.395579,
				 1.000328 1.955691 0.395579,
				 1.000328 1.955691 0.395579,
				 1.010809 1.955691 0.342888,
				 1.010809 1.955691 0.342888,
				 1.010809 1.955691 0.342888,
				 1.029982 1.994223 0.360530,
				 1.029982 1.994223 0.360530,
				 1.071080 1.980363 0.377553,
				 1.093819 1.927693 0.377271,
				 1.093819 1.927693 0.377271,
				 1.071080 1.980363 0.377553,
				 1.010809 1.987476 0.342888,
				 1.000328 1.987476 0.395579,
				 1.090177 1.927693 0.395579,
				 1.093819 1.959479 0.377271,
				 1.093819 1.959479 0.377271,
				 1.093819 1.959479 0.377271,
				 1.093819 1.959479 0.377271,
				 1.104189 1.959479 0.361751,
				 1.010809 1.987476 0.342888,
				 1.093819 1.927693 0.377271,
				 1.104189 1.959479 0.361751,
				 1.104189 1.959479 0.361751,
				 1.104189 1.927693 0.361751,
				 1.104189 1.927693 0.361751,
				 1.040656 1.955690 0.298219,
				 1.040656 1.955690 0.298219,
				 1.040656 1.987476 0.298219,
				 1.085325 1.955690 0.268372,
				 1.085325 1.955690 0.268372,
				 1.085325 1.987476 0.268372,
				 1.119709 1.927693 0.351381,
				 1.119709 1.959479 0.351381,
				 1.119709 1.959479 0.351381,
				 1.119709 1.959479 0.351381,
				 1.119991 2.012149 0.328643,
				 1.119991 2.012149 0.328643,
				 1.129055 2.012148 0.326840,
				 1.129055 2.012148 0.326840,
				 1.138016 1.959479 0.347740,
				 1.138016 1.959479 0.347740,
				 1.119709 1.959479 0.351381,
				 1.129054 2.026008 0.282356,
				 1.129054 2.026008 0.282356,
				 1.138016 1.987476 0.257891,
				 1.138016 1.987476 0.257891,
				 1.085325 1.987476 0.268372,
				 1.085325 1.987476 0.268372,
				 1.102967 2.026008 0.287545,
				 1.102967 2.026008 0.287545,
				 1.119709 1.927693 0.351381,
				 1.119709 1.959479 0.351381,
				 1.138016 1.959479 0.347740,
				 1.138016 1.959479 0.347740,
				 1.138016 1.927693 0.347740,
				 1.138016 1.927693 0.347740,
				 1.138016 1.955690 0.257891,
				 1.138016 1.955690 0.257891,
				 1.138016 1.987476 0.257891,
				 1.190707 1.955690 0.268372,
				 1.190707 1.955690 0.268372,
				 1.190707 1.987476 0.268372,
				 1.156324 1.927693 0.351381,
				 1.156324 1.959479 0.351381,
				 1.156324 1.959479 0.351381,
				 1.156324 1.959479 0.351381,
				 1.172601 2.012148 0.335502,
				 1.172601 2.012148 0.335502,
				 1.180285 2.012148 0.340636,
				 1.180285 2.012148 0.340636,
				 1.171844 1.959479 0.361751,
				 1.171844 1.959479 0.361751,
				 1.156324 1.959479 0.351381,
				 1.211740 2.026009 0.309181,
				 1.211740 2.026009 0.309181,
				 1.235377 1.987476 0.298219,
				 1.235377 1.987476 0.298219,
				 1.190707 1.987476 0.268372,
				 1.190707 1.987476 0.268372,
				 1.189625 2.026008 0.294404,
				 1.189625 2.026008 0.294404,
				 1.156324 1.927693 0.351381,
				 1.156324 1.959479 0.351381,
				 1.171844 1.959479 0.361751,
				 1.171844 1.959479 0.361751,
				 1.171844 1.927693 0.361751,
				 1.171844 1.927693 0.361751,
				 1.235377 1.955690 0.298219,
				 1.235377 1.955690 0.298219,
				 1.235377 1.987476 0.298219,
				 1.265224 1.955690 0.342888,
				 1.265224 1.955690 0.342888,
				 1.265224 1.987476 0.342888,
				 1.182214 1.927693 0.377271,
				 1.182214 1.959479 0.377271,
				 1.182214 1.959479 0.377271,
				 1.182214 1.959479 0.377271,
				 1.204953 2.012149 0.377553,
				 1.204953 2.012149 0.377553,
				 1.206756 2.012149 0.386617,
				 1.206756 2.012149 0.386617,
				 1.185856 1.959479 0.395578,
				 1.185856 1.959479 0.395578,
				 1.182214 1.959479 0.377271,
				 1.251239 2.026009 0.386617,
				 1.251239 2.026009 0.386617,
				 1.275704 1.987476 0.395578,
				 1.275704 1.987476 0.395578,
				 1.265224 1.987476 0.342888,
				 1.265224 1.987476 0.342888,
				 1.246050 2.026009 0.360530,
				 1.246050 2.026009 0.360530,
				 1.182214 1.927693 0.377271,
				 1.182214 1.959479 0.377271,
				 1.185856 1.959479 0.395578,
				 1.185856 1.959479 0.395578,
				 1.185856 1.927693 0.395578,
				 1.185856 1.927693 0.395578,
				 1.275704 1.955690 0.395578,
				 1.275704 1.955690 0.395578,
				 1.275704 1.987476 0.395578,
				 1.275704 1.987476 0.395578,
				 1.265224 1.987477 0.448269,
				 1.265224 1.987477 0.448269,
				 1.265224 1.987477 0.448269,
				 1.239191 2.026010 0.447186,
				 1.239191 2.026010 0.447186,
				 1.224414 2.026010 0.469302,
				 1.224414 2.026010 0.469302,
				 1.235377 1.987477 0.492938,
				 1.235377 1.987477 0.492938,
				 1.265224 1.987477 0.448269,
				 1.192959 2.012149 0.437847,
				 1.192959 2.012149 0.437847,
				 1.171844 1.959479 0.429406,
				 1.171844 1.959479 0.429406,
				 1.182214 1.959479 0.413886,
				 1.182214 1.959479 0.413886,
				 1.198094 2.012149 0.430163,
				 1.198094 2.012149 0.430163,
				 1.265224 1.955691 0.448269,
				 1.265224 1.955691 0.448269,
				 1.182214 1.927693 0.413886,
				 1.182214 1.959479 0.413886,
				 1.182214 1.959479 0.413886,
				 1.182214 1.927693 0.413886,
				 1.182214 1.959479 0.413886,
				 1.171844 1.959479 0.429406,
				 1.171844 1.959479 0.429406,
				 1.171844 1.927693 0.429406,
				 1.171844 1.927693 0.429406,
				 1.235377 1.955691 0.492938,
				 1.235377 1.955691 0.492938,
				 1.235377 1.987477 0.492938,
				 1.190707 1.955691 0.522785,
				 1.190707 1.955691 0.522785,
				 1.190707 1.987477 0.522785,
				 1.156324 1.927693 0.439776,
				 1.156324 1.959480 0.439776,
				 1.156324 1.959480 0.439776,
				 1.156324 1.959480 0.439776,
				 1.156042 2.012149 0.462514,
				 1.156042 2.012149 0.462514,
				 1.146978 2.012149 0.464317,
				 1.146978 2.012149 0.464317,
				 1.138016 1.959480 0.443418,
				 1.138016 1.959480 0.443418,
				 1.156324 1.959480 0.439776,
				 1.146978 2.026010 0.508801,
				 1.146978 2.026010 0.508801,
				 1.138016 1.987477 0.533266,
				 1.138016 1.987477 0.533266,
				 1.190707 1.987477 0.522785,
				 1.190707 1.987477 0.522785,
				 1.173065 2.026010 0.503612,
				 1.173065 2.026010 0.503612,
				 1.156324 1.927693 0.439776,
				 1.156324 1.959480 0.439776,
				 1.138016 1.959480 0.443418,
				 1.138016 1.959480 0.443418,
				 1.138016 1.927693 0.443418,
				 1.138016 1.927693 0.443418,
				 1.138016 1.955691 0.533266,
				 1.138016 1.955691 0.533266,
				 1.138016 1.987477 0.533266,
				 1.085325 1.955691 0.522785,
				 1.085325 1.955691 0.522785,
				 1.085325 1.987477 0.522785,
				 1.119709 1.927693 0.439776,
				 1.119709 1.959480 0.439776,
				 1.119709 1.959480 0.439776,
				 1.119709 1.959480 0.439776,
				 1.085325 1.987477 0.522785,
				 1.119709 1.927693 0.439776,
				 1.119709 1.959480 0.439776,
				 1.085325 1.987477 0.522785,
				 1.190707 1.987477 0.522785,
				 1.265224 1.987477 0.448269,
				 1.265224 1.987476 0.342888,
				 1.190707 1.987476 0.268372,
				 1.085325 1.987476 0.268372,
				 1.010809 1.987476 0.342888,
				 1.040656 1.987476 0.298219,
				 1.040656 1.987476 0.298219,
				 1.104189 1.959479 0.361751,
				 -0.975819 2.116962 0.448269,
				 -0.975819 2.116962 0.448269,
				 -0.965338 2.116961 0.395579,
				 -0.965338 2.116961 0.395579,
				 -0.975819 2.116961 0.342888,
				 -0.975819 2.116961 0.342888,
				 -1.005666 2.116960 0.298219,
				 -1.005666 2.116960 0.298219,
				 -1.050335 2.116960 0.268372,
				 -1.050335 2.116960 0.268372,
				 -1.103026 2.116960 0.257891,
				 -1.103026 2.116960 0.257891,
				 -1.155717 2.116960 0.268372,
				 -1.155717 2.116960 0.268372,
				 -1.200387 2.116960 0.298219,
				 -1.200387 2.116960 0.298219,
				 -1.230234 2.116960 0.342888,
				 -1.230234 2.116960 0.342888,
				 -1.240714 2.116960 0.395578,
				 -1.240714 2.116960 0.395578,
				 -1.230234 2.116961 0.448269,
				 -1.230234 2.116961 0.448269,
				 -1.200387 2.116961 0.492938,
				 -1.200387 2.116961 0.492938,
				 -1.155717 2.116962 0.522785,
				 -1.155717 2.116962 0.522785,
				 -1.103026 2.116962 0.533266,
				 -1.103026 2.116962 0.533266,
				 -1.050335 2.116962 0.522785,
				 -1.050335 2.116962 0.522785,
				 -1.005666 2.116962 0.492938,
				 -1.005666 2.116962 0.492938,
				 -1.005666 1.987477 0.492938,
				 -1.005666 1.987477 0.492938,
				 -1.069199 1.959480 0.429406,
				 -1.069199 1.959480 0.429406,
				 -1.103026 2.018981 0.395579,
				 -1.103026 2.018981 0.395579,
				 -1.103026 2.018981 0.395579,
				 -1.103026 2.018981 0.395579,
				 -1.103026 2.018981 0.395579,
				 -1.103026 2.018981 0.395579,
				 -1.103026 2.018981 0.395579,
				 -1.103026 2.018981 0.395579,
				 -1.103026 2.018981 0.395579,
				 -1.103026 2.018981 0.395579,
				 -1.103026 2.018981 0.395579,
				 -1.103026 2.018981 0.395579,
				 -1.103026 2.018981 0.395579,
				 -1.103026 2.018981 0.395579,
				 -1.103026 2.018981 0.395579,
				 -1.058829 1.959480 0.413886,
				 -1.058829 1.959480 0.413886,
				 -1.058829 1.959480 0.413886,
				 -1.058829 1.927693 0.413886,
				 -1.058829 1.927693 0.413886,
				 -1.042949 1.980362 0.430163,
				 -1.042949 1.980362 0.430163,
				 -1.048083 1.980362 0.437847,
				 -1.048083 1.980362 0.437847,
				 -1.069199 1.927693 0.429406,
				 -1.069199 1.927693 0.429406,
				 -1.069199 1.927693 0.429406,
				 -1.005666 1.955691 0.492938,
				 -1.005666 1.955691 0.492938,
				 -0.975819 1.955690 0.448269,
				 -0.975819 1.955690 0.448269,
				 -0.975819 1.987477 0.448269,
				 -1.005666 1.987477 0.492938,
				 -1.069199 1.959480 0.429406,
				 -1.058829 1.927693 0.413886,
				 -1.016629 1.994223 0.469302,
				 -1.016629 1.994223 0.469302,
				 -1.005666 1.955691 0.492938,
				 -1.001851 1.994223 0.447186,
				 -0.975819 1.955690 0.448269,
				 -1.001851 1.994223 0.447186,
				 -0.975819 1.987477 0.448269,
				 -1.055187 1.959479 0.395579,
				 -1.055187 1.959479 0.395579,
				 -1.055187 1.959479 0.395579,
				 -1.055187 1.927693 0.395579,
				 -1.055187 1.927693 0.395579,
				 -1.034287 1.980362 0.386617,
				 -1.034287 1.980362 0.386617,
				 -0.989803 1.994223 0.386617,
				 -0.989803 1.994223 0.386617,
				 -0.965338 1.955690 0.395579,
				 -0.965338 1.955690 0.395579,
				 -0.965338 1.955690 0.395579,
				 -0.975819 1.955690 0.342888,
				 -0.975819 1.955690 0.342888,
				 -0.975819 1.955690 0.342888,
				 -0.994992 1.994223 0.360530,
				 -0.994992 1.994223 0.360530,
				 -1.036090 1.980362 0.377553,
				 -1.058829 1.927693 0.377271,
				 -1.058829 1.927693 0.377271,
				 -1.036090 1.980362 0.377553,
				 -0.975819 1.987476 0.342888,
				 -0.965338 1.987476 0.395579,
				 -1.055187 1.927693 0.395579,
				 -1.058829 1.959479 0.377271,
				 -1.058829 1.959479 0.377271,
				 -1.058829 1.959479 0.377271,
				 -1.058829 1.959479 0.377271,
				 -1.069199 1.959479 0.361751,
				 -0.975819 1.987476 0.342888,
				 -1.058829 1.927693 0.377271,
				 -1.069199 1.959479 0.361751,
				 -1.069199 1.959479 0.361751,
				 -1.069199 1.927693 0.361751,
				 -1.069199 1.927693 0.361751,
				 -1.005666 1.955689 0.298219,
				 -1.005666 1.955689 0.298219,
				 -1.005666 1.987475 0.298219,
				 -1.050335 1.955689 0.268372,
				 -1.050335 1.955689 0.268372,
				 -1.050335 1.987475 0.268372,
				 -1.084719 1.927693 0.351381,
				 -1.084719 1.959479 0.351381,
				 -1.084719 1.959479 0.351381,
				 -1.084719 1.959479 0.351381,
				 -1.085001 2.012148 0.328643,
				 -1.085001 2.012148 0.328643,
				 -1.094065 2.012147 0.326840,
				 -1.094065 2.012147 0.326840,
				 -1.103026 1.959479 0.347740,
				 -1.103026 1.959479 0.347740,
				 -1.084719 1.959479 0.351381,
				 -1.094064 2.026008 0.282356,
				 -1.094064 2.026008 0.282356,
				 -1.103026 1.987475 0.257891,
				 -1.103026 1.987475 0.257891,
				 -1.050335 1.987475 0.268372,
				 -1.050335 1.987475 0.268372,
				 -1.067977 2.026008 0.287545,
				 -1.067977 2.026008 0.287545,
				 -1.084719 1.927693 0.351381,
				 -1.084719 1.959479 0.351381,
				 -1.103026 1.959479 0.347740,
				 -1.103026 1.959479 0.347740,
				 -1.103026 1.927693 0.347740,
				 -1.103026 1.927693 0.347740,
				 -1.103026 1.955689 0.257891,
				 -1.103026 1.955689 0.257891,
				 -1.103026 1.987475 0.257891,
				 -1.155717 1.955689 0.268372,
				 -1.155717 1.955689 0.268372,
				 -1.155717 1.987475 0.268372,
				 -1.121334 1.927693 0.351381,
				 -1.121334 1.959479 0.351381,
				 -1.121334 1.959479 0.351381,
				 -1.121334 1.959479 0.351381,
				 -1.137611 2.012147 0.335502,
				 -1.137611 2.012147 0.335502,
				 -1.145295 2.012147 0.340636,
				 -1.145295 2.012147 0.340636,
				 -1.136854 1.959479 0.361751,
				 -1.136854 1.959479 0.361751,
				 -1.121334 1.959479 0.351381,
				 -1.176750 2.026008 0.309181,
				 -1.176750 2.026008 0.309181,
				 -1.200387 1.987475 0.298219,
				 -1.200387 1.987475 0.298219,
				 -1.155717 1.987475 0.268372,
				 -1.155717 1.987475 0.268372,
				 -1.154635 2.026008 0.294404,
				 -1.154635 2.026008 0.294404,
				 -1.121334 1.927693 0.351381,
				 -1.121334 1.959479 0.351381,
				 -1.136854 1.959479 0.361751,
				 -1.136854 1.959479 0.361751,
				 -1.136854 1.927693 0.361751,
				 -1.136854 1.927693 0.361751,
				 -1.200387 1.955689 0.298219,
				 -1.200387 1.955689 0.298219,
				 -1.200387 1.987475 0.298219,
				 -1.230234 1.955689 0.342888,
				 -1.230234 1.955689 0.342888,
				 -1.230234 1.987475 0.342888,
				 -1.147224 1.927693 0.377271,
				 -1.147224 1.959479 0.377271,
				 -1.147224 1.959479 0.377271,
				 -1.147224 1.959479 0.377271,
				 -1.169963 2.012148 0.377553,
				 -1.169963 2.012148 0.377553,
				 -1.171766 2.012148 0.386617,
				 -1.171766 2.012148 0.386617,
				 -1.150866 1.959479 0.395578,
				 -1.150866 1.959479 0.395578,
				 -1.147224 1.959479 0.377271,
				 -1.216249 2.026008 0.386617,
				 -1.216249 2.026008 0.386617,
				 -1.240714 1.987475 0.395578,
				 -1.240714 1.987475 0.395578,
				 -1.230234 1.987475 0.342888,
				 -1.230234 1.987475 0.342888,
				 -1.211060 2.026008 0.360530,
				 -1.211060 2.026008 0.360530,
				 -1.147224 1.927693 0.377271,
				 -1.147224 1.959479 0.377271,
				 -1.150866 1.959479 0.395578,
				 -1.150866 1.959479 0.395578,
				 -1.150866 1.927693 0.395578,
				 -1.150866 1.927693 0.395578,
				 -1.240714 1.955689 0.395578,
				 -1.240714 1.955689 0.395578,
				 -1.240714 1.987475 0.395578,
				 -1.240714 1.987475 0.395578,
				 -1.230234 1.987476 0.448269,
				 -1.230234 1.987476 0.448269,
				 -1.230234 1.987476 0.448269,
				 -1.204201 2.026009 0.447186,
				 -1.204201 2.026009 0.447186,
				 -1.189424 2.026009 0.469302,
				 -1.189424 2.026009 0.469302,
				 -1.200387 1.987476 0.492938,
				 -1.200387 1.987476 0.492938,
				 -1.230234 1.987476 0.448269,
				 -1.157969 2.012148 0.437847,
				 -1.157969 2.012148 0.437847,
				 -1.136854 1.959479 0.429406,
				 -1.136854 1.959479 0.429406,
				 -1.147224 1.959479 0.413886,
				 -1.147224 1.959479 0.413886,
				 -1.163104 2.012148 0.430163,
				 -1.163104 2.012148 0.430163,
				 -1.230234 1.955690 0.448269,
				 -1.230234 1.955690 0.448269,
				 -1.147224 1.927693 0.413886,
				 -1.147224 1.959479 0.413886,
				 -1.147224 1.959479 0.413886,
				 -1.147224 1.927693 0.413886,
				 -1.147224 1.959479 0.413886,
				 -1.136854 1.959479 0.429406,
				 -1.136854 1.959479 0.429406,
				 -1.136854 1.927693 0.429406,
				 -1.136854 1.927693 0.429406,
				 -1.200387 1.955690 0.492938,
				 -1.200387 1.955690 0.492938,
				 -1.200387 1.987476 0.492938,
				 -1.155717 1.955690 0.522785,
				 -1.155717 1.955690 0.522785,
				 -1.155717 1.987477 0.522785,
				 -1.121334 1.927693 0.439776,
				 -1.121334 1.959480 0.439776,
				 -1.121334 1.959480 0.439776,
				 -1.121334 1.959480 0.439776,
				 -1.121052 2.012148 0.462514,
				 -1.121052 2.012148 0.462514,
				 -1.111988 2.012148 0.464317,
				 -1.111988 2.012148 0.464317,
				 -1.103026 1.959480 0.443418,
				 -1.103026 1.959480 0.443418,
				 -1.121334 1.959480 0.439776,
				 -1.111988 2.026010 0.508801,
				 -1.111988 2.026010 0.508801,
				 -1.103026 1.987477 0.533266,
				 -1.103026 1.987477 0.533266,
				 -1.155717 1.987477 0.522785,
				 -1.155717 1.987477 0.522785,
				 -1.138075 2.026010 0.503612,
				 -1.138075 2.026010 0.503612,
				 -1.121334 1.927693 0.439776,
				 -1.121334 1.959480 0.439776,
				 -1.103026 1.959480 0.443418,
				 -1.103026 1.959480 0.443418,
				 -1.103026 1.927693 0.443418,
				 -1.103026 1.927693 0.443418,
				 -1.103026 1.955691 0.533266,
				 -1.103026 1.955691 0.533266,
				 -1.103026 1.987477 0.533266,
				 -1.050335 1.955691 0.522785,
				 -1.050335 1.955691 0.522785,
				 -1.050335 1.987477 0.522785,
				 -1.084719 1.927693 0.439776,
				 -1.084719 1.959480 0.439776,
				 -1.084719 1.959480 0.439776,
				 -1.084719 1.959480 0.439776,
				 -1.050335 1.987477 0.522785,
				 -1.084719 1.927693 0.439776,
				 -1.084719 1.959480 0.439776,
				 -1.050335 1.987477 0.522785,
				 -1.155717 1.987477 0.522785,
				 -1.230234 1.987476 0.448269,
				 -1.230234 1.987475 0.342888,
				 -1.155717 1.987475 0.268372,
				 -1.050335 1.987475 0.268372,
				 -0.975819 1.987476 0.342888,
				 -1.005666 1.987475 0.298219,
				 -1.005666 1.987475 0.298219,
				 -1.069199 1.959479 0.361751,
				 1.010809 1.987477 0.448269,
				 1.000328 1.987476 0.395579,
				 1.000328 1.987476 0.395579,
				 1.090177 1.959479 0.395579,
				 -0.975819 1.987477 0.448269,
				 -0.965338 1.987476 0.395579,
				 -0.965338 1.987476 0.395579,
				 -1.055187 1.959479 0.395579,
				 1.104189 1.959480 0.429406,
				 1.093819 1.959480 0.413886,
				 -1.069199 1.959480 0.429406,
				 -1.058829 1.959480 0.413886,
				 1.138016 1.987476 0.257891,
				 1.138016 1.959479 0.347740,
				 -1.103026 1.987475 0.257891,
				 -1.103026 1.959479 0.347740,
				 1.235377 1.987476 0.298219,
				 1.171844 1.959479 0.361751,
				 -1.200387 1.987475 0.298219,
				 -1.136854 1.959479 0.361751,
				 1.275704 1.987476 0.395578,
				 1.185856 1.959479 0.395578,
				 -1.240714 1.987475 0.395578,
				 -1.150866 1.959479 0.395578,
				 1.235377 1.987477 0.492938,
				 1.171844 1.959479 0.429406,
				 -1.200387 1.987476 0.492938,
				 -1.136854 1.959479 0.429406,
				 1.138016 1.987477 0.533266,
				 1.138016 1.959480 0.443418,
				 -1.103026 1.987477 0.533266,
				 -1.103026 1.959480 0.443418,
				 0.959509 1.444597 0.039054,
				 0.959509 1.444597 0.039054,
				 0.813896 1.444597 0.276737,
				 0.813896 1.444597 0.276737,
				 0.813896 1.444597 0.514420,
				 0.813896 1.444597 0.514420,
				 0.959508 1.444597 0.752103,
				 0.959508 1.444597 0.752103,
				 0.923729 1.444597 0.752103,
				 0.923729 1.444597 0.752103,
				 0.778115 1.444597 0.514420,
				 0.778115 1.444597 0.514420,
				 0.778115 1.444597 0.276737,
				 0.778115 1.444597 0.276737,
				 0.923729 1.444597 0.039054,
				 0.923729 1.444597 0.039054,
				 0.923728 1.879116 0.039054,
				 0.923728 1.879116 0.039054,
				 0.778115 2.066808 0.276737,
				 0.778115 2.066808 0.276737,
				 0.778115 2.066808 0.276737,
				 0.778115 2.066808 0.514420,
				 0.778115 2.066808 0.514420,
				 0.778115 2.066808 0.514420,
				 0.923728 1.879116 0.752103,
				 0.923728 1.879116 0.752103,
				 0.959508 1.879116 0.752103,
				 0.959508 1.879116 0.752103,
				 0.813895 2.066808 0.514420,
				 0.813895 2.066808 0.514420,
				 0.813895 2.066808 0.514420,
				 0.813895 2.066808 0.276737,
				 0.813895 2.066808 0.276737,
				 0.813895 2.066808 0.276737,
				 0.959509 1.879116 0.039054,
				 0.959509 1.879116 0.039054,
				 -0.924519 1.444597 0.039054,
				 -0.924519 1.444597 0.039054,
				 -0.778904 1.444597 0.276737,
				 -0.778904 1.444597 0.276737,
				 -0.778904 1.444597 0.514420,
				 -0.778904 1.444597 0.514420,
				 -0.924518 1.444597 0.752103,
				 -0.924518 1.444597 0.752103,
				 -0.888737 1.444597 0.752103,
				 -0.888737 1.444597 0.752103,
				 -0.743125 1.444597 0.514420,
				 -0.743125 1.444597 0.514420,
				 -0.743125 1.444597 0.276737,
				 -0.743125 1.444597 0.276737,
				 -0.888737 1.444597 0.039054,
				 -0.888737 1.444597 0.039054,
				 -0.888738 1.879116 0.039054,
				 -0.888738 1.879116 0.039054,
				 -0.743125 2.066808 0.276737,
				 -0.743125 2.066808 0.276737,
				 -0.743125 2.066808 0.276737,
				 -0.743125 2.066808 0.514420,
				 -0.743125 2.066808 0.514420,
				 -0.743125 2.066808 0.514420,
				 -0.888738 1.879116 0.752103,
				 -0.888738 1.879116 0.752103,
				 -0.924518 1.879116 0.752103,
				 -0.924518 1.879116 0.752103,
				 -0.778905 2.066808 0.514420,
				 -0.778905 2.066808 0.514420,
				 -0.778905 2.066808 0.514420,
				 -0.778905 2.066808 0.276737,
				 -0.778905 2.066808 0.276737,
				 -0.778905 2.066808 0.276737,
				 -0.924519 1.879116 0.039054,
				 -0.924519 1.879116 0.039054,
				 0.728929 1.407956 0.039102,
				 0.728929 1.407956 0.039102,
				 0.698011 1.424623 0.039102,
				 0.698011 1.424623 0.039102,
				 0.698011 1.489612 0.039102,
				 0.698011 1.489612 0.039102,
				 0.728929 1.506279 0.039102,
				 0.728929 1.506279 0.039102,
				 0.728929 1.506279 0.314229,
				 0.728929 1.506279 0.314229,
				 0.723721 1.489717 0.341644,
				 0.723721 1.489717 0.341644,
				 0.723721 1.489717 0.449561,
				 0.723721 1.489717 0.449561,
				 0.723721 1.489717 0.449561,
				 0.723721 1.424518 0.449561,
				 0.723721 1.424518 0.449561,
				 0.723721 1.424518 0.449561,
				 0.723721 1.424518 0.341644,
				 0.723721 1.424518 0.341644,
				 0.723721 1.424518 0.341644,
				 0.723721 1.489717 0.341644,
				 0.728929 1.407956 0.314229,
				 0.728929 1.407956 0.314229,
				 0.728929 1.506279 0.314229,
				 0.703219 1.435570 0.341644,
				 0.703219 1.435570 0.341644,
				 0.703219 1.435570 0.341644,
				 0.698011 1.424623 0.314229,
				 0.698011 1.424623 0.314229,
				 0.728929 1.407956 0.314229,
				 0.703219 1.478665 0.341644,
				 0.703219 1.478665 0.341644,
				 0.703219 1.478665 0.449561,
				 0.703219 1.435570 0.449561,
				 0.728929 1.407956 0.476976,
				 0.728929 1.407956 0.476976,
				 0.728929 1.407956 0.476976,
				 0.698011 1.424623 0.476976,
				 0.698011 1.424623 0.476976,
				 0.698011 1.489612 0.476976,
				 0.698011 1.489612 0.476976,
				 0.698011 1.489612 0.476976,
				 0.703219 1.478665 0.449561,
				 0.728929 1.506279 0.476976,
				 0.698011 1.489612 0.752103,
				 0.698011 1.489612 0.752103,
				 0.728929 1.506279 0.752103,
				 0.728929 1.506279 0.752103,
				 0.728929 1.407956 0.752103,
				 0.728929 1.506279 0.476976,
				 0.698011 1.424623 0.752103,
				 0.728929 1.407956 0.752103,
				 0.698011 1.424623 0.752103,
				 0.728929 1.506279 0.476976,
				 0.698011 1.489612 0.314229,
				 0.698011 1.489612 0.314229,
				 0.698011 1.489612 0.314229,
				 0.698011 1.424623 0.314229,
				 0.703219 1.478665 0.341644,
				 -0.693939 1.407955 0.039102,
				 -0.693939 1.407955 0.039102,
				 -0.663021 1.424623 0.039102,
				 -0.663021 1.424623 0.039102,
				 -0.663021 1.489611 0.039102,
				 -0.663021 1.489611 0.039102,
				 -0.693939 1.506279 0.039102,
				 -0.693939 1.506279 0.039102,
				 -0.693939 1.506279 0.314229,
				 -0.693939 1.506279 0.314229,
				 -0.688731 1.489717 0.341644,
				 -0.688731 1.489717 0.341644,
				 -0.688731 1.489717 0.449561,
				 -0.688731 1.489717 0.449561,
				 -0.688731 1.489717 0.449561,
				 -0.688731 1.424518 0.449561,
				 -0.688731 1.424518 0.449561,
				 -0.688731 1.424518 0.449561,
				 -0.688731 1.424518 0.341644,
				 -0.688731 1.424518 0.341644,
				 -0.688731 1.424518 0.341644,
				 -0.688731 1.489717 0.341644,
				 -0.693939 1.407955 0.314229,
				 -0.693939 1.407955 0.314229,
				 -0.693939 1.506279 0.314229,
				 -0.668229 1.435570 0.341644,
				 -0.668229 1.435570 0.341644,
				 -0.668229 1.435570 0.341644,
				 -0.663021 1.424623 0.314229,
				 -0.663021 1.424623 0.314229,
				 -0.693939 1.407955 0.314229,
				 -0.668229 1.478664 0.341644,
				 -0.668229 1.478664 0.341644,
				 -0.668229 1.478664 0.449561,
				 -0.668229 1.435570 0.449561,
				 -0.693939 1.407955 0.476976,
				 -0.693939 1.407955 0.476976,
				 -0.693939 1.407955 0.476976,
				 -0.663021 1.424623 0.476976,
				 -0.663021 1.424623 0.476976,
				 -0.663021 1.489611 0.476976,
				 -0.663021 1.489611 0.476976,
				 -0.663021 1.489611 0.476976,
				 -0.668229 1.478664 0.449561,
				 -0.693939 1.506279 0.476976,
				 -0.663021 1.489611 0.752103,
				 -0.663021 1.489611 0.752103,
				 -0.693939 1.506279 0.752103,
				 -0.693939 1.506279 0.752103,
				 -0.693939 1.407955 0.752103,
				 -0.693939 1.506279 0.476976,
				 -0.663021 1.424623 0.752103,
				 -0.693939 1.407955 0.752103,
				 -0.663021 1.424623 0.752103,
				 -0.693939 1.506279 0.476976,
				 -0.663021 1.489611 0.314229,
				 -0.663021 1.489611 0.314229,
				 -0.663021 1.489611 0.314229,
				 -0.663021 1.424623 0.314229,
				 -0.668229 1.478664 0.341644,
				 0.698011 1.424623 0.476976,
				 0.703219 1.435570 0.449561,
				 -0.663021 1.424623 0.476976,
				 -0.668229 1.435570 0.449561,
				 0.703219 1.478665 0.449561,
				 0.703219 1.435570 0.449561,
				 -0.668229 1.478664 0.449561,
				 -0.668229 1.435570 0.449561,
				 1.078368 -0.012301 0.539583,
				 1.078368 0.206231 0.539583,
				 1.078368 0.206231 0.539583,
				 1.090298 0.228084 0.510782,
				 1.090298 0.228084 0.510782,
				 1.090298 0.402910 0.510782,
				 1.090298 0.402910 0.510782,
				 1.090298 0.402910 0.510782,
				 1.049844 0.402910 0.483751,
				 1.049844 0.402910 0.483751,
				 1.049844 0.402910 0.483751,
				 1.049844 0.228084 0.483751,
				 1.049844 0.228084 0.483751,
				 1.049844 0.228084 0.483751,
				 1.090298 0.228084 0.510782,
				 1.027801 0.206231 0.505794,
				 1.027801 0.206231 0.505794,
				 1.027801 0.206231 0.505794,
				 0.994012 0.206231 0.455227,
				 0.994012 0.206231 0.455227,
				 0.994012 0.206231 0.455227,
				 1.022813 0.228084 0.443297,
				 1.022813 0.228084 0.443297,
				 1.022813 0.402909 0.443297,
				 1.022813 0.402909 0.443297,
				 1.022813 0.402909 0.443297,
				 0.994012 0.424762 0.455227,
				 0.994012 0.424762 0.455227,
				 0.994012 0.424762 0.455227,
				 1.027801 0.424762 0.505794,
				 1.027801 0.424762 0.505794,
				 1.027801 0.424762 0.505794,
				 1.078368 0.424763 0.539583,
				 1.027801 0.643294 0.505794,
				 0.994012 0.643293 0.455227,
				 0.982147 0.424762 0.395579,
				 0.982147 0.424762 0.395579,
				 0.994012 0.424762 0.335930,
				 0.994012 0.424762 0.335930,
				 1.027800 0.424761 0.285363,
				 1.027800 0.424761 0.285363,
				 1.078368 0.424761 0.251575,
				 1.078368 0.424761 0.251575,
				 1.138017 0.424761 0.239710,
				 1.138017 0.424761 0.239710,
				 1.197666 0.424761 0.251574,
				 1.197666 0.424761 0.251574,
				 1.248234 0.424761 0.285363,
				 1.248234 0.424761 0.285363,
				 1.282022 0.424761 0.335930,
				 1.282022 0.424761 0.335930,
				 1.293887 0.424761 0.395578,
				 1.293887 0.424761 0.395578,
				 1.282023 0.424762 0.455227,
				 1.282023 0.424762 0.455227,
				 1.248234 0.424762 0.505794,
				 1.248234 0.424762 0.505794,
				 1.197666 0.424763 0.539583,
				 1.197666 0.424763 0.539583,
				 1.138017 0.424763 0.551447,
				 1.138017 0.424763 0.551447,
				 1.078368 0.424763 0.539583,
				 1.138017 0.402910 0.520274,
				 1.185736 0.402909 0.510782,
				 1.185736 0.402909 0.510782,
				 1.185736 0.228084 0.510782,
				 1.185736 0.228084 0.510782,
				 1.185736 0.228084 0.510782,
				 1.226191 0.228084 0.483751,
				 1.226191 0.228084 0.483751,
				 1.226191 0.228084 0.483751,
				 1.248234 0.206231 0.505794,
				 1.248234 0.206231 0.505794,
				 1.248234 0.206231 0.505794,
				 1.282023 0.206230 0.455227,
				 1.282023 0.206230 0.455227,
				 1.293887 0.206229 0.395578,
				 1.293887 0.206229 0.395578,
				 1.282022 0.206229 0.335930,
				 1.282022 0.206229 0.335930,
				 1.248234 0.206229 0.285363,
				 1.248234 0.206229 0.285363,
				 1.197666 0.206229 0.251574,
				 1.197666 0.206229 0.251574,
				 1.138017 0.206229 0.239710,
				 1.138017 0.206229 0.239710,
				 1.078368 0.206229 0.251575,
				 1.078368 0.206229 0.251575,
				 1.027800 0.206228 0.285363,
				 1.027800 0.206228 0.285363,
				 0.994012 0.206230 0.335930,
				 0.994012 0.206230 0.335930,
				 0.982147 0.206231 0.395579,
				 0.982147 0.206231 0.395579,
				 0.982147 -0.012301 0.395579,
				 0.994012 -0.012303 0.335930,
				 1.027800 -0.012303 0.285363,
				 1.078368 -0.012303 0.251575,
				 1.138017 -0.012303 0.239710,
				 1.197666 -0.012303 0.251574,
				 1.248234 -0.012303 0.285363,
				 1.282022 -0.012302 0.335930,
				 1.293887 -0.012302 0.395578,
				 1.282023 -0.012302 0.455227,
				 1.248234 -0.012301 0.505794,
				 1.197666 0.206231 0.539583,
				 1.253222 0.228083 0.443297,
				 1.253222 0.228083 0.443297,
				 1.253222 0.228083 0.443297,
				 1.282023 0.206230 0.455227,
				 1.262713 0.228083 0.395578,
				 1.262713 0.228083 0.395578,
				 1.262713 0.228083 0.395578,
				 1.293887 0.206229 0.395578,
				 1.253221 0.228083 0.347860,
				 1.253221 0.228083 0.347860,
				 1.253221 0.228083 0.347860,
				 1.282022 0.206229 0.335930,
				 1.226191 0.228082 0.307406,
				 1.226191 0.228082 0.307406,
				 1.226191 0.228082 0.307406,
				 1.248234 0.206229 0.285363,
				 1.185736 0.228082 0.280375,
				 1.185736 0.228082 0.280375,
				 1.185736 0.228082 0.280375,
				 1.197666 0.206229 0.251574,
				 1.138017 0.228082 0.270883,
				 1.138017 0.228082 0.270883,
				 1.138017 0.228082 0.270883,
				 1.138017 0.206229 0.239710,
				 1.090298 0.228083 0.280375,
				 1.090298 0.228083 0.280375,
				 1.090298 0.228083 0.280375,
				 1.078368 0.206229 0.251575,
				 1.049844 0.228083 0.307406,
				 1.049844 0.228083 0.307406,
				 1.049844 0.228083 0.307406,
				 1.027800 0.206228 0.285363,
				 1.022813 0.228083 0.347860,
				 1.022813 0.228083 0.347860,
				 1.022813 0.228083 0.347860,
				 0.994012 0.206230 0.335930,
				 1.013321 0.228083 0.395579,
				 1.013321 0.228083 0.395579,
				 1.013321 0.402909 0.395579,
				 1.013321 0.402909 0.395579,
				 1.022813 0.402909 0.347860,
				 1.022813 0.402909 0.347860,
				 1.022813 0.402909 0.347860,
				 1.049844 0.402907 0.307406,
				 1.049844 0.402907 0.307406,
				 1.049844 0.402907 0.307406,
				 1.090298 0.402908 0.280375,
				 1.090298 0.402908 0.280375,
				 1.090298 0.402908 0.280375,
				 1.138017 0.402908 0.270883,
				 1.138017 0.402908 0.270883,
				 1.138017 0.402908 0.270883,
				 1.185736 0.402908 0.280375,
				 1.185736 0.402908 0.280375,
				 1.185736 0.402908 0.280375,
				 1.226191 0.402908 0.307406,
				 1.226191 0.402908 0.307406,
				 1.226191 0.402908 0.307406,
				 1.253221 0.402908 0.347860,
				 1.253221 0.402908 0.347860,
				 1.253221 0.402908 0.347860,
				 1.262713 0.402908 0.395578,
				 1.262713 0.402908 0.395578,
				 1.262713 0.402908 0.395578,
				 1.253222 0.402909 0.443297,
				 1.253222 0.402909 0.443297,
				 1.253222 0.402909 0.443297,
				 1.226191 0.402909 0.483751,
				 1.226191 0.402909 0.483751,
				 1.226191 0.402909 0.483751,
				 1.185736 0.402909 0.510782,
				 1.197666 0.206231 0.539583,
				 1.197666 0.206231 0.539583,
				 1.197666 -0.012301 0.539583,
				 1.138017 0.206231 0.551447,
				 1.138017 0.206231 0.551447,
				 1.138017 0.228084 0.520274,
				 1.138017 0.228084 0.520274,
				 1.138017 0.228084 0.520274,
				 1.138017 0.402910 0.520274,
				 1.138017 0.402910 0.520274,
				 1.013321 0.402909 0.395579,
				 0.982147 0.206231 0.395579,
				 1.013321 0.228083 0.395579,
				 0.994012 -0.012301 0.455227,
				 1.027801 -0.012301 0.505794,
				 1.078368 0.206231 0.539583,
				 1.022813 0.228084 0.443297,
				 -1.043376 -0.012301 0.539583,
				 -1.043376 0.206230 0.539583,
				 -1.043376 0.206230 0.539583,
				 -1.055306 0.228083 0.510782,
				 -1.055306 0.228083 0.510782,
				 -1.055306 0.402909 0.510782,
				 -1.055306 0.402909 0.510782,
				 -1.055306 0.402909 0.510782,
				 -1.014852 0.402909 0.483751,
				 -1.014852 0.402909 0.483751,
				 -1.014852 0.402909 0.483751,
				 -1.014852 0.228083 0.483751,
				 -1.014852 0.228083 0.483751,
				 -1.014852 0.228083 0.483751,
				 -1.055306 0.228083 0.510782,
				 -0.992809 0.206230 0.505794,
				 -0.992809 0.206230 0.505794,
				 -0.992809 0.206230 0.505794,
				 -0.959020 0.206230 0.455227,
				 -0.959020 0.206230 0.455227,
				 -0.959020 0.206230 0.455227,
				 -0.987821 0.228083 0.443297,
				 -0.987821 0.228083 0.443297,
				 -0.987821 0.402908 0.443297,
				 -0.987821 0.402908 0.443297,
				 -0.987821 0.402908 0.443297,
				 -0.959020 0.424762 0.455227,
				 -0.959020 0.424762 0.455227,
				 -0.959020 0.424762 0.455227,
				 -0.992809 0.424762 0.505794,
				 -0.992809 0.424762 0.505794,
				 -0.992809 0.424762 0.505794,
				 -1.043376 0.424762 0.539583,
				 -0.992809 0.643294 0.505794,
				 -0.959020 0.643293 0.455227,
				 -0.947155 0.424761 0.395579,
				 -0.947155 0.424761 0.395579,
				 -0.959020 0.424761 0.335930,
				 -0.959020 0.424761 0.335930,
				 -0.992808 0.424760 0.285363,
				 -0.992808 0.424760 0.285363,
				 -1.043376 0.424760 0.251575,
				 -1.043376 0.424760 0.251575,
				 -1.103025 0.424760 0.239710,
				 -1.103025 0.424760 0.239710,
				 -1.162674 0.424760 0.251574,
				 -1.162674 0.424760 0.251574,
				 -1.213242 0.424760 0.285363,
				 -1.213242 0.424760 0.285363,
				 -1.247030 0.424760 0.335930,
				 -1.247030 0.424760 0.335930,
				 -1.258895 0.424760 0.395578,
				 -1.258895 0.424760 0.395578,
				 -1.247031 0.424761 0.455227,
				 -1.247031 0.424761 0.455227,
				 -1.213242 0.424761 0.505794,
				 -1.213242 0.424761 0.505794,
				 -1.162674 0.424762 0.539583,
				 -1.162674 0.424762 0.539583,
				 -1.103025 0.424762 0.551447,
				 -1.103025 0.424762 0.551447,
				 -1.043376 0.424762 0.539583,
				 -1.103025 0.402909 0.520274,
				 -1.150744 0.402908 0.510782,
				 -1.150744 0.402908 0.510782,
				 -1.150744 0.228083 0.510782,
				 -1.150744 0.228083 0.510782,
				 -1.150744 0.228083 0.510782,
				 -1.191199 0.228083 0.483751,
				 -1.191199 0.228083 0.483751,
				 -1.191199 0.228083 0.483751,
				 -1.213242 0.206230 0.505794,
				 -1.213242 0.206230 0.505794,
				 -1.213242 0.206230 0.505794,
				 -1.247031 0.206229 0.455227,
				 -1.247031 0.206229 0.455227,
				 -1.258895 0.206228 0.395578,
				 -1.258895 0.206228 0.395578,
				 -1.247030 0.206228 0.335930,
				 -1.247030 0.206228 0.335930,
				 -1.213242 0.206228 0.285363,
				 -1.213242 0.206228 0.285363,
				 -1.162674 0.206228 0.251574,
				 -1.162674 0.206228 0.251574,
				 -1.103025 0.206228 0.239710,
				 -1.103025 0.206228 0.239710,
				 -1.043376 0.206228 0.251575,
				 -1.043376 0.206228 0.251575,
				 -0.992808 0.206228 0.285363,
				 -0.992808 0.206228 0.285363,
				 -0.959020 0.206229 0.335930,
				 -0.959020 0.206229 0.335930,
				 -0.947155 0.206230 0.395579,
				 -0.947155 0.206230 0.395579,
				 -0.947155 -0.012302 0.395579,
				 -0.959020 -0.012303 0.335930,
				 -0.992808 -0.012303 0.285363,
				 -1.043376 -0.012303 0.251575,
				 -1.103025 -0.012304 0.239710,
				 -1.162674 -0.012304 0.251574,
				 -1.213242 -0.012304 0.285363,
				 -1.247030 -0.012303 0.335930,
				 -1.258895 -0.012303 0.395578,
				 -1.247031 -0.012303 0.455227,
				 -1.213242 -0.012302 0.505794,
				 -1.162674 0.206230 0.539583,
				 -1.218230 0.228082 0.443297,
				 -1.218230 0.228082 0.443297,
				 -1.218230 0.228082 0.443297,
				 -1.247031 0.206229 0.455227,
				 -1.227721 0.228082 0.395578,
				 -1.227721 0.228082 0.395578,
				 -1.227721 0.228082 0.395578,
				 -1.258895 0.206228 0.395578,
				 -1.218229 0.228082 0.347860,
				 -1.218229 0.228082 0.347860,
				 -1.218229 0.228082 0.347860,
				 -1.247030 0.206228 0.335930,
				 -1.191199 0.228081 0.307406,
				 -1.191199 0.228081 0.307406,
				 -1.191199 0.228081 0.307406,
				 -1.213242 0.206228 0.285363,
				 -1.150744 0.228081 0.280375,
				 -1.150744 0.228081 0.280375,
				 -1.150744 0.228081 0.280375,
				 -1.162674 0.206228 0.251574,
				 -1.103025 0.228081 0.270883,
				 -1.103025 0.228081 0.270883,
				 -1.103025 0.228081 0.270883,
				 -1.103025 0.206228 0.239710,
				 -1.055306 0.228082 0.280375,
				 -1.055306 0.228082 0.280375,
				 -1.055306 0.228082 0.280375,
				 -1.043376 0.206228 0.251575,
				 -1.014852 0.228082 0.307406,
				 -1.014852 0.228082 0.307406,
				 -1.014852 0.228082 0.307406,
				 -0.992808 0.206228 0.285363,
				 -0.987821 0.228082 0.347860,
				 -0.987821 0.228082 0.347860,
				 -0.987821 0.228082 0.347860,
				 -0.959020 0.206229 0.335930,
				 -0.978329 0.228083 0.395579,
				 -0.978329 0.228083 0.395579,
				 -0.978329 0.402908 0.395579,
				 -0.978329 0.402908 0.395579,
				 -0.987821 0.402908 0.347860,
				 -0.987821 0.402908 0.347860,
				 -0.987821 0.402908 0.347860,
				 -1.014852 0.402907 0.307406,
				 -1.014852 0.402907 0.307406,
				 -1.014852 0.402907 0.307406,
				 -1.055306 0.402907 0.280375,
				 -1.055306 0.402907 0.280375,
				 -1.055306 0.402907 0.280375,
				 -1.103025 0.402907 0.270883,
				 -1.103025 0.402907 0.270883,
				 -1.103025 0.402907 0.270883,
				 -1.150744 0.402907 0.280375,
				 -1.150744 0.402907 0.280375,
				 -1.150744 0.402907 0.280375,
				 -1.191199 0.402907 0.307406,
				 -1.191199 0.402907 0.307406,
				 -1.191199 0.402907 0.307406,
				 -1.218229 0.402907 0.347860,
				 -1.218229 0.402907 0.347860,
				 -1.218229 0.402907 0.347860,
				 -1.227721 0.402907 0.395578,
				 -1.227721 0.402907 0.395578,
				 -1.227721 0.402907 0.395578,
				 -1.218230 0.402908 0.443297,
				 -1.218230 0.402908 0.443297,
				 -1.218230 0.402908 0.443297,
				 -1.191199 0.402908 0.483751,
				 -1.191199 0.402908 0.483751,
				 -1.191199 0.402908 0.483751,
				 -1.150744 0.402908 0.510782,
				 -1.162674 0.206230 0.539583,
				 -1.162674 0.206230 0.539583,
				 -1.162674 -0.012302 0.539583,
				 -1.103025 0.206230 0.551447,
				 -1.103025 0.206230 0.551447,
				 -1.103025 0.228083 0.520274,
				 -1.103025 0.228083 0.520274,
				 -1.103025 0.228083 0.520274,
				 -1.103025 0.402909 0.520274,
				 -1.103025 0.402909 0.520274,
				 -0.978329 0.402908 0.395579,
				 -0.947155 0.206230 0.395579,
				 -0.978329 0.228083 0.395579,
				 -0.959020 -0.012302 0.455227,
				 -0.992809 -0.012301 0.505794,
				 -1.043376 0.206230 0.539583,
				 -0.987821 0.228083 0.443297,
				 1.078368 0.643294 0.539583,
				 1.078368 0.424763 0.539583,
				 -1.043376 0.643294 0.539583,
				 -1.043376 0.424762 0.539583,
				 1.138017 0.643295 0.551447,
				 1.138017 0.424763 0.551447,
				 -1.103025 0.643294 0.551447,
				 -1.103025 0.424762 0.551447,
				 1.138017 -0.012300 0.551447,
				 1.138017 0.206231 0.551447,
				 -1.103025 -0.012301 0.551447,
				 -1.103025 0.206230 0.551447,
				 1.197666 0.643294 0.539583,
				 1.197666 0.424763 0.539583,
				 -1.162674 0.643293 0.539583,
				 -1.162674 0.424762 0.539583,
				 1.248234 0.643294 0.505794,
				 1.248234 0.424762 0.505794,
				 -1.213242 0.643293 0.505794,
				 -1.213242 0.424761 0.505794,
				 1.282023 0.643293 0.455227,
				 1.282023 0.424762 0.455227,
				 -1.247031 0.643292 0.455227,
				 -1.247031 0.424761 0.455227,
				 1.293887 0.643293 0.395578,
				 1.293887 0.424761 0.395578,
				 -1.258895 0.643292 0.395578,
				 -1.258895 0.424760 0.395578,
				 1.282022 0.643293 0.335930,
				 1.282022 0.424761 0.335930,
				 -1.247030 0.643292 0.335930,
				 -1.247030 0.424760 0.335930,
				 1.248234 0.643292 0.285363,
				 1.248234 0.424761 0.285363,
				 -1.213242 0.643291 0.285363,
				 -1.213242 0.424760 0.285363,
				 1.197666 0.643292 0.251574,
				 1.197666 0.424761 0.251574,
				 -1.162674 0.643291 0.251574,
				 -1.162674 0.424760 0.251574,
				 1.138017 0.643292 0.239710,
				 1.138017 0.424761 0.239710,
				 -1.103025 0.643291 0.239710,
				 -1.103025 0.424760 0.239710,
				 1.078368 0.643293 0.251575,
				 1.078368 0.424761 0.251575,
				 -1.043376 0.643292 0.251575,
				 -1.043376 0.424760 0.251575,
				 1.027800 0.643293 0.285363,
				 1.027800 0.424761 0.285363,
				 -0.992808 0.643292 0.285363,
				 -0.992808 0.424760 0.285363,
				 0.994012 0.643293 0.335930,
				 0.994012 0.424762 0.335930,
				 -0.959020 0.643292 0.335930,
				 -0.959020 0.424761 0.335930,
				 0.982147 0.643293 0.395579,
				 0.982147 0.424762 0.395579,
				 -0.947155 0.643293 0.395579,
				 -0.947155 0.424761 0.395579,
				 0.619537 0.643294 0.505794,
				 0.619537 0.424762 0.505794,
				 0.619537 0.424762 0.505794,
				 0.641581 0.402910 0.483751,
				 0.641581 0.402910 0.483751,
				 0.641581 0.228083 0.483751,
				 0.641581 0.228083 0.483751,
				 0.641581 0.228083 0.483751,
				 0.614550 0.228083 0.443297,
				 0.614550 0.228083 0.443297,
				 0.614550 0.228083 0.443297,
				 0.614550 0.402908 0.443297,
				 0.614550 0.402908 0.443297,
				 0.614550 0.402908 0.443297,
				 0.641581 0.402910 0.483751,
				 0.585749 0.424762 0.455227,
				 0.585749 0.424762 0.455227,
				 0.585749 0.424762 0.455227,
				 0.573884 0.424761 0.395579,
				 0.573884 0.424761 0.395579,
				 0.585749 0.424761 0.335930,
				 0.585749 0.424761 0.335930,
				 0.619537 0.424760 0.285363,
				 0.619537 0.424760 0.285363,
				 0.670105 0.424761 0.251575,
				 0.670105 0.424761 0.251575,
				 0.729754 0.424761 0.239710,
				 0.729754 0.424761 0.239710,
				 0.789403 0.424761 0.251574,
				 0.789403 0.424761 0.251574,
				 0.839971 0.424761 0.285363,
				 0.839971 0.424761 0.285363,
				 0.873759 0.424761 0.335930,
				 0.873759 0.424761 0.335930,
				 0.885624 0.424761 0.395578,
				 0.885624 0.424761 0.395578,
				 0.873759 0.424761 0.455227,
				 0.873759 0.424761 0.455227,
				 0.839971 0.424761 0.505794,
				 0.839971 0.424761 0.505794,
				 0.789403 0.424762 0.539583,
				 0.789403 0.424762 0.539583,
				 0.729754 0.424762 0.551447,
				 0.729754 0.424762 0.551447,
				 0.670105 0.424762 0.539583,
				 0.670105 0.424762 0.539583,
				 0.670105 0.643294 0.539583,
				 0.729754 0.643294 0.551447,
				 0.789403 0.643293 0.539583,
				 0.839971 0.643293 0.505794,
				 0.873758 0.643293 0.455227,
				 0.885624 0.643293 0.395578,
				 0.873758 0.643293 0.335930,
				 0.839971 0.643291 0.285363,
				 0.789403 0.643291 0.251574,
				 0.729754 0.643291 0.239710,
				 0.670105 0.643293 0.251575,
				 0.619537 0.643293 0.285363,
				 0.585748 0.643293 0.335930,
				 0.573884 0.643293 0.395579,
				 0.585748 0.643293 0.455227,
				 0.619537 0.424762 0.505794,
				 0.605058 0.402908 0.395579,
				 0.605058 0.402908 0.395579,
				 0.605058 0.402908 0.395579,
				 0.573884 0.424761 0.395579,
				 0.614550 0.402908 0.347860,
				 0.614550 0.402908 0.347860,
				 0.614550 0.402908 0.347860,
				 0.585749 0.424761 0.335930,
				 0.641581 0.402907 0.307406,
				 0.641581 0.402907 0.307406,
				 0.641581 0.402907 0.307406,
				 0.619537 0.424760 0.285363,
				 0.682035 0.402907 0.280375,
				 0.682035 0.402907 0.280375,
				 0.682035 0.402907 0.280375,
				 0.670105 0.424761 0.251575,
				 0.729754 0.402907 0.270883,
				 0.729754 0.402907 0.270883,
				 0.729754 0.402907 0.270883,
				 0.729754 0.424761 0.239710,
				 0.777473 0.402907 0.280375,
				 0.777473 0.402907 0.280375,
				 0.777473 0.402907 0.280375,
				 0.789403 0.424761 0.251574,
				 0.817927 0.402907 0.307406,
				 0.817927 0.402907 0.307406,
				 0.817927 0.402907 0.307406,
				 0.839971 0.424761 0.285363,
				 0.844958 0.402907 0.347860,
				 0.844958 0.402907 0.347860,
				 0.844958 0.402907 0.347860,
				 0.873759 0.424761 0.335930,
				 0.854450 0.402907 0.395578,
				 0.854450 0.402907 0.395578,
				 0.854450 0.402907 0.395578,
				 0.885624 0.424761 0.395578,
				 0.844958 0.402909 0.443297,
				 0.844958 0.402909 0.443297,
				 0.844958 0.402909 0.443297,
				 0.873759 0.424761 0.455227,
				 0.817927 0.402909 0.483751,
				 0.817927 0.402909 0.483751,
				 0.817927 0.402909 0.483751,
				 0.839971 0.424761 0.505794,
				 0.777473 0.402909 0.510782,
				 0.777473 0.402909 0.510782,
				 0.777473 0.402909 0.510782,
				 0.789403 0.424762 0.539583,
				 0.729754 0.402910 0.520274,
				 0.729754 0.402910 0.520274,
				 0.729754 0.402910 0.520274,
				 0.729754 0.424762 0.551447,
				 0.682035 0.402910 0.510782,
				 0.682035 0.402910 0.510782,
				 0.682035 0.228083 0.510782,
				 0.682035 0.228083 0.510782,
				 0.682035 0.228083 0.510782,
				 0.670105 0.206231 0.539583,
				 0.670105 0.206231 0.539583,
				 0.670105 0.206231 0.539583,
				 0.619537 0.206231 0.505794,
				 0.619537 0.206231 0.505794,
				 0.619537 0.206231 0.505794,
				 0.585749 0.206231 0.455227,
				 0.619537 -0.012301 0.505794,
				 0.670105 -0.012301 0.539583,
				 0.729754 0.206231 0.551447,
				 0.729754 0.206231 0.551447,
				 0.789403 0.206231 0.539583,
				 0.789403 0.206231 0.539583,
				 0.839971 0.206231 0.505794,
				 0.839971 0.206231 0.505794,
				 0.873759 0.206229 0.455227,
				 0.873759 0.206229 0.455227,
				 0.885624 0.206228 0.395578,
				 0.885624 0.206228 0.395578,
				 0.873759 0.206228 0.335930,
				 0.873759 0.206228 0.335930,
				 0.839971 0.206228 0.285363,
				 0.839971 0.206228 0.285363,
				 0.789403 0.206228 0.251574,
				 0.789403 0.206228 0.251574,
				 0.729754 0.206228 0.239710,
				 0.729754 0.206228 0.239710,
				 0.670105 0.206228 0.251575,
				 0.670105 0.206228 0.251575,
				 0.619537 0.206228 0.285363,
				 0.619537 0.206228 0.285363,
				 0.585749 0.206229 0.335930,
				 0.585749 0.206229 0.335930,
				 0.573884 0.206230 0.395579,
				 0.573884 0.206230 0.395579,
				 0.585749 0.206231 0.455227,
				 0.605058 0.228083 0.395579,
				 0.614550 0.228082 0.347860,
				 0.614550 0.228082 0.347860,
				 0.605058 0.228083 0.395579,
				 0.641581 0.228082 0.307406,
				 0.641581 0.228082 0.307406,
				 0.614550 0.228082 0.347860,
				 0.682035 0.228082 0.280375,
				 0.682035 0.228082 0.280375,
				 0.641581 0.228082 0.307406,
				 0.729754 0.228082 0.270883,
				 0.729754 0.228082 0.270883,
				 0.682035 0.228082 0.280375,
				 0.777473 0.228082 0.280375,
				 0.777473 0.228082 0.280375,
				 0.729754 0.228082 0.270883,
				 0.817927 0.228082 0.307406,
				 0.817927 0.228082 0.307406,
				 0.777473 0.228082 0.280375,
				 0.844958 0.228082 0.347860,
				 0.844958 0.228082 0.347860,
				 0.817927 0.228082 0.307406,
				 0.854450 0.228082 0.395578,
				 0.854450 0.228082 0.395578,
				 0.844958 0.228082 0.347860,
				 0.844958 0.228082 0.443297,
				 0.844958 0.228082 0.443297,
				 0.854450 0.228082 0.395578,
				 0.817927 0.228083 0.483751,
				 0.817927 0.228083 0.483751,
				 0.844958 0.228082 0.443297,
				 0.777473 0.228083 0.510782,
				 0.777473 0.228083 0.510782,
				 0.817927 0.228083 0.483751,
				 0.729754 0.228083 0.520274,
				 0.729754 0.228083 0.520274,
				 0.777473 0.228083 0.510782,
				 0.729754 0.228083 0.520274,
				 0.605058 0.228083 0.395579,
				 0.670105 0.424762 0.539583,
				 0.682035 0.402910 0.510782,
				 -0.584545 0.643294 0.505794,
				 -0.584545 0.424762 0.505794,
				 -0.584545 0.424762 0.505794,
				 -0.606589 0.402909 0.483751,
				 -0.606589 0.402909 0.483751,
				 -0.606589 0.228083 0.483751,
				 -0.606589 0.228083 0.483751,
				 -0.606589 0.228083 0.483751,
				 -0.579558 0.228083 0.443297,
				 -0.579558 0.228083 0.443297,
				 -0.579558 0.228083 0.443297,
				 -0.579558 0.402908 0.443297,
				 -0.579558 0.402908 0.443297,
				 -0.579558 0.402908 0.443297,
				 -0.606589 0.402909 0.483751,
				 -0.550757 0.424762 0.455227,
				 -0.550757 0.424762 0.455227,
				 -0.550757 0.424762 0.455227,
				 -0.538892 0.424761 0.395579,
				 -0.538892 0.424761 0.395579,
				 -0.550757 0.424761 0.335930,
				 -0.550757 0.424761 0.335930,
				 -0.584545 0.424760 0.285363,
				 -0.584545 0.424760 0.285363,
				 -0.635113 0.424760 0.251575,
				 -0.635113 0.424760 0.251575,
				 -0.694762 0.424760 0.239710,
				 -0.694762 0.424760 0.239710,
				 -0.754411 0.424760 0.251574,
				 -0.754411 0.424760 0.251574,
				 -0.804979 0.424760 0.285363,
				 -0.804979 0.424760 0.285363,
				 -0.838767 0.424760 0.335930,
				 -0.838767 0.424760 0.335930,
				 -0.850632 0.424760 0.395578,
				 -0.850632 0.424760 0.395578,
				 -0.838767 0.424761 0.455227,
				 -0.838767 0.424761 0.455227,
				 -0.804979 0.424761 0.505794,
				 -0.804979 0.424761 0.505794,
				 -0.754411 0.424762 0.539583,
				 -0.754411 0.424762 0.539583,
				 -0.694762 0.424762 0.551447,
				 -0.694762 0.424762 0.551447,
				 -0.635113 0.424762 0.539583,
				 -0.635113 0.424762 0.539583,
				 -0.635113 0.643294 0.539583,
				 -0.694762 0.643294 0.551447,
				 -0.754411 0.643293 0.539583,
				 -0.804980 0.643293 0.505794,
				 -0.838767 0.643292 0.455227,
				 -0.850632 0.643292 0.395578,
				 -0.838767 0.643292 0.335930,
				 -0.804980 0.643291 0.285363,
				 -0.754411 0.643291 0.251574,
				 -0.694762 0.643291 0.239710,
				 -0.635113 0.643292 0.251575,
				 -0.584545 0.643292 0.285363,
				 -0.550757 0.643292 0.335930,
				 -0.538892 0.643293 0.395579,
				 -0.550757 0.643293 0.455227,
				 -0.584545 0.424762 0.505794,
				 -0.570066 0.402908 0.395579,
				 -0.570066 0.402908 0.395579,
				 -0.570066 0.402908 0.395579,
				 -0.538892 0.424761 0.395579,
				 -0.579558 0.402908 0.347860,
				 -0.579558 0.402908 0.347860,
				 -0.579558 0.402908 0.347860,
				 -0.550757 0.424761 0.335930,
				 -0.606589 0.402907 0.307406,
				 -0.606589 0.402907 0.307406,
				 -0.606589 0.402907 0.307406,
				 -0.584545 0.424760 0.285363,
				 -0.647043 0.402907 0.280375,
				 -0.647043 0.402907 0.280375,
				 -0.647043 0.402907 0.280375,
				 -0.635113 0.424760 0.251575,
				 -0.694762 0.402907 0.270883,
				 -0.694762 0.402907 0.270883,
				 -0.694762 0.402907 0.270883,
				 -0.694762 0.424760 0.239710,
				 -0.742481 0.402907 0.280375,
				 -0.742481 0.402907 0.280375,
				 -0.742481 0.402907 0.280375,
				 -0.754411 0.424760 0.251574,
				 -0.782935 0.402907 0.307406,
				 -0.782935 0.402907 0.307406,
				 -0.782935 0.402907 0.307406,
				 -0.804979 0.424760 0.285363,
				 -0.809966 0.402907 0.347860,
				 -0.809966 0.402907 0.347860,
				 -0.809966 0.402907 0.347860,
				 -0.838767 0.424760 0.335930,
				 -0.819458 0.402907 0.395578,
				 -0.819458 0.402907 0.395578,
				 -0.819458 0.402907 0.395578,
				 -0.850632 0.424760 0.395578,
				 -0.809966 0.402908 0.443297,
				 -0.809966 0.402908 0.443297,
				 -0.809966 0.402908 0.443297,
				 -0.838767 0.424761 0.455227,
				 -0.782935 0.402908 0.483751,
				 -0.782935 0.402908 0.483751,
				 -0.782935 0.402908 0.483751,
				 -0.804979 0.424761 0.505794,
				 -0.742481 0.402908 0.510782,
				 -0.742481 0.402908 0.510782,
				 -0.742481 0.402908 0.510782,
				 -0.754411 0.424762 0.539583,
				 -0.694762 0.402909 0.520274,
				 -0.694762 0.402909 0.520274,
				 -0.694762 0.402909 0.520274,
				 -0.694762 0.424762 0.551447,
				 -0.647043 0.402909 0.510782,
				 -0.647043 0.402909 0.510782,
				 -0.647043 0.228083 0.510782,
				 -0.647043 0.228083 0.510782,
				 -0.647043 0.228083 0.510782,
				 -0.635113 0.206230 0.539583,
				 -0.635113 0.206230 0.539583,
				 -0.635113 0.206230 0.539583,
				 -0.584545 0.206230 0.505794,
				 -0.584545 0.206230 0.505794,
				 -0.584545 0.206230 0.505794,
				 -0.550757 0.206230 0.455227,
				 -0.584545 -0.012301 0.505794,
				 -0.635113 -0.012301 0.539583,
				 -0.694762 0.206230 0.551447,
				 -0.694762 0.206230 0.551447,
				 -0.754411 0.206230 0.539583,
				 -0.754411 0.206230 0.539583,
				 -0.804979 0.206230 0.505794,
				 -0.804979 0.206230 0.505794,
				 -0.838767 0.206229 0.455227,
				 -0.838767 0.206229 0.455227,
				 -0.850632 0.206228 0.395578,
				 -0.850632 0.206228 0.395578,
				 -0.838767 0.206228 0.335930,
				 -0.838767 0.206228 0.335930,
				 -0.804979 0.206228 0.285363,
				 -0.804979 0.206228 0.285363,
				 -0.754411 0.206228 0.251574,
				 -0.754411 0.206228 0.251574,
				 -0.694762 0.206228 0.239710,
				 -0.694762 0.206228 0.239710,
				 -0.635113 0.206228 0.251575,
				 -0.635113 0.206228 0.251575,
				 -0.584545 0.206228 0.285363,
				 -0.584545 0.206228 0.285363,
				 -0.550757 0.206229 0.335930,
				 -0.550757 0.206229 0.335930,
				 -0.538892 0.206230 0.395579,
				 -0.538892 0.206230 0.395579,
				 -0.550757 0.206230 0.455227,
				 -0.570066 0.228083 0.395579,
				 -0.579558 0.228082 0.347860,
				 -0.579558 0.228082 0.347860,
				 -0.570066 0.228083 0.395579,
				 -0.606589 0.228082 0.307406,
				 -0.606589 0.228082 0.307406,
				 -0.579558 0.228082 0.347860,
				 -0.647043 0.228082 0.280375,
				 -0.647043 0.228082 0.280375,
				 -0.606589 0.228082 0.307406,
				 -0.694762 0.228081 0.270883,
				 -0.694762 0.228081 0.270883,
				 -0.647043 0.228082 0.280375,
				 -0.742481 0.228081 0.280375,
				 -0.742481 0.228081 0.280375,
				 -0.694762 0.228081 0.270883,
				 -0.782935 0.228081 0.307406,
				 -0.782935 0.228081 0.307406,
				 -0.742481 0.228081 0.280375,
				 -0.809966 0.228082 0.347860,
				 -0.809966 0.228082 0.347860,
				 -0.782935 0.228081 0.307406,
				 -0.819458 0.228082 0.395578,
				 -0.819458 0.228082 0.395578,
				 -0.809966 0.228082 0.347860,
				 -0.809966 0.228082 0.443297,
				 -0.809966 0.228082 0.443297,
				 -0.819458 0.228082 0.395578,
				 -0.782935 0.228083 0.483751,
				 -0.782935 0.228083 0.483751,
				 -0.809966 0.228082 0.443297,
				 -0.742481 0.228083 0.510782,
				 -0.742481 0.228083 0.510782,
				 -0.782935 0.228083 0.483751,
				 -0.694762 0.228083 0.520274,
				 -0.694762 0.228083 0.520274,
				 -0.742481 0.228083 0.510782,
				 -0.694762 0.228083 0.520274,
				 -0.570066 0.228083 0.395579,
				 -0.635113 0.424762 0.539583,
				 -0.647043 0.402909 0.510782,
				 0.585749 -0.012302 0.455227,
				 0.585749 0.206231 0.455227,
				 -0.550757 -0.012302 0.455227,
				 -0.550757 0.206230 0.455227,
				 0.573884 -0.012302 0.395579,
				 0.573884 0.206230 0.395579,
				 -0.538892 -0.012302 0.395579,
				 -0.538892 0.206230 0.395579,
				 0.585749 -0.012303 0.335930,
				 0.585749 0.206229 0.335930,
				 -0.550757 -0.012303 0.335930,
				 -0.550757 0.206229 0.335930,
				 0.619537 -0.012303 0.285363,
				 0.619537 0.206228 0.285363,
				 -0.584545 -0.012303 0.285363,
				 -0.584545 0.206228 0.285363,
				 0.670105 -0.012303 0.251575,
				 0.670105 0.206228 0.251575,
				 -0.635113 -0.012303 0.251575,
				 -0.635113 0.206228 0.251575,
				 0.729754 -0.012303 0.239710,
				 0.729754 0.206228 0.239710,
				 -0.694762 -0.012304 0.239710,
				 -0.694762 0.206228 0.239710,
				 0.789403 -0.012303 0.251574,
				 0.789403 0.206228 0.251574,
				 -0.754411 -0.012304 0.251574,
				 -0.754411 0.206228 0.251574,
				 0.839971 -0.012303 0.285363,
				 0.839971 0.206228 0.285363,
				 -0.804979 -0.012304 0.285363,
				 -0.804979 0.206228 0.285363,
				 0.873759 -0.012303 0.335930,
				 0.873759 0.206228 0.335930,
				 -0.838767 -0.012303 0.335930,
				 -0.838767 0.206228 0.335930,
				 0.885624 -0.012303 0.395578,
				 0.885624 0.206228 0.395578,
				 -0.850632 -0.012303 0.395578,
				 -0.850632 0.206228 0.395578,
				 0.873759 -0.012303 0.455227,
				 0.873759 0.206229 0.455227,
				 -0.838767 -0.012303 0.455227,
				 -0.838767 0.206229 0.455227,
				 0.839971 -0.012302 0.505794,
				 0.839971 0.206231 0.505794,
				 -0.804979 -0.012302 0.505794,
				 -0.804979 0.206230 0.505794,
				 0.789403 -0.012302 0.539583,
				 0.789403 0.206231 0.539583,
				 -0.754411 -0.012302 0.539583,
				 -0.754411 0.206230 0.539583,
				 0.729754 -0.012301 0.551447,
				 0.729754 0.206231 0.551447,
				 -0.694762 -0.012301 0.551447,
				 -0.694762 0.206230 0.551447,
				 0.742336 -1.210375 0.793264,
				 -0.610631 -1.638549 0.793239,
				 -0.495912 -1.815895 0.793239,
				 -0.707344 -1.210375 0.793264,
				 0.381550 -0.237705 0.793239,
				 -0.346558 -0.237705 0.793239,
				 -0.610957 -0.701716 0.793239,
				 0.645949 -0.701715 0.793239,
				 0.381398 -1.951978 0.793239,
				 -0.346406 -1.951978 0.793239,
				 -1.138162 0.081285 0.706409,
				 -0.707344 -1.019050 0.793239,
				 0.645948 1.385240 0.752103,
				 -0.610958 1.385240 0.752103,
				 0.645948 1.385240 0.039102,
				 -0.610958 1.385240 0.039102 ]
	    }
	   IndexedFaceSet {
		coordIndex	[
				 0, 6, 90, -1,
				 0, 90, 32, -1,
				 4351, 7, 1, -1,
				 4351, 1, 33, -1,
				 0, 8, 94, -1,
				 0, 94, 36, -1,
				 95, 9, 1, -1,
				 95, 1, 37, -1,
				 8, 0, 32, -1,
				 8, 32, 88, -1,
				 33, 1, 9, -1,
				 33, 9, 4329, -1,
				 187, 2, 62, -1,
				 187, 62, 96, -1,
				 63, 3, 188, -1,
				 63, 188, 97, -1,
				 3089, 60, 3093, -1,
				 3089, 3093, 3091, -1,
				 4490, 4353, 93, -1,
				 4490, 93, 4488, -1,
				 60, 3178, 3179, -1,
				 60, 3179, 3093, -1,
				 4545, 4350, 4353, -1,
				 4545, 4353, 4490, -1,
				 4672, 4, 393, -1,
				 4672, 393, 4673, -1,
				 394, 5, 4331, -1,
				 394, 4331, 4332, -1,
				 4683, 8321, 4, -1,
				 4683, 4, 4672, -1,
				 5, 4330, 4328, -1,
				 5, 4328, 4331, -1,
				 16, 10, 22, -1,
				 16, 22, 70, -1,
				 23, 11, 17, -1,
				 23, 17, 71, -1,
				 66, 20, 3032, -1,
				 66, 3032, 3044, -1,
				 4684, 21, 8322, -1,
				 4684, 8322, 4685, -1,
				 3033, 14, 68, -1,
				 3033, 68, 3035, -1,
				 69, 15, 4382, -1,
				 69, 4382, 4380, -1,
				 3308, 3028, 3030, -1,
				 3308, 3030, 3031, -1,
				 4385, 65, 4383, -1,
				 4385, 4383, 4381, -1,
				 183, 12, 50, -1,
				 183, 50, 72, -1,
				 51, 13, 184, -1,
				 51, 184, 73, -1,
				 4715, 48, 4734, -1,
				 4715, 4734, 4735, -1,
				 4393, 49, 8323, -1,
				 4393, 8323, 4397, -1,
				 3041, 4686, 4687, -1,
				 3041, 4687, 3039, -1,
				 4377, 4390, 4394, -1,
				 4377, 4394, 4395, -1,
				 3042, 3045, 3043, -1,
				 3042, 3043, 3040, -1,
				 4389, 4391, 4407, -1,
				 4389, 4407, 4392, -1,
				 3029, 3189, 3309, -1,
				 4386, 4317, 4384, -1,
				 3027, 3189, 3029, -1,
				 4384, 4317, 4387, -1,
				 34, 18, 40, -1,
				 34, 40, 98, -1,
				 41, 19, 35, -1,
				 41, 35, 99, -1,
				 118, 46, 18, -1,
				 118, 18, 34, -1,
				 19, 47, 119, -1,
				 19, 119, 35, -1,
				 18, 36, 94, -1,
				 18, 94, 40, -1,
				 95, 37, 19, -1,
				 95, 19, 41, -1,
				 3034, 24, 3203, -1,
				 3034, 3203, 3037, -1,
				 77, 4372, 4379, -1,
				 77, 4379, 4378, -1,
				 3191, 74, 24, -1,
				 3191, 24, 3034, -1,
				 4372, 4320, 4388, -1,
				 4372, 4388, 4379, -1,
				 3194, 78, 26, -1,
				 3194, 26, 3196, -1,
				 27, 4322, 4319, -1,
				 27, 4319, 25, -1,
				 3288, 80, 28, -1,
				 3288, 28, 3289, -1,
				 29, 4324, 4321, -1,
				 29, 4321, 4554, -1,
				 3292, 82, 3262, -1,
				 3292, 3262, 3293, -1,
				 4365, 4326, 4323, -1,
				 4365, 4323, 4553, -1,
				 3263, 3183, 3174, -1,
				 3263, 3174, 3261, -1,
				 4343, 4327, 4325, -1,
				 4343, 4325, 31, -1,
				 42, 38, 165, -1,
				 42, 165, 116, -1,
				 166, 39, 43, -1,
				 166, 43, 117, -1,
				 96, 62, 38, -1,
				 96, 38, 42, -1,
				 39, 63, 97, -1,
				 39, 97, 43, -1,
				 38, 2597, 2599, -1,
				 38, 2599, 165, -1,
				 4697, 4698, 39, -1,
				 4697, 39, 166, -1,
				 4674, 44, 133, -1,
				 4674, 133, 4676, -1,
				 134, 45, 4333, -1,
				 134, 4333, 4335, -1,
				 4673, 393, 44, -1,
				 4673, 44, 4674, -1,
				 45, 394, 4332, -1,
				 45, 4332, 4333, -1,
				 3038, 52, 129, -1,
				 3038, 129, 3047, -1,
				 130, 53, 4408, -1,
				 130, 4408, 4410, -1,
				 3036, 76, 52, -1,
				 3036, 52, 3038, -1,
				 53, 4375, 4376, -1,
				 53, 4376, 4408, -1,
				 3208, 54, 127, -1,
				 3208, 127, 3212, -1,
				 128, 55, 4458, -1,
				 128, 4458, 4456, -1,
				 3241, 56, 125, -1,
				 3241, 125, 3243, -1,
				 126, 4478, 4537, -1,
				 126, 4537, 4536, -1,
				 3249, 58, 3086, -1,
				 3249, 3086, 3250, -1,
				 85, 4356, 4477, -1,
				 85, 4477, 4480, -1,
				 3298, 3166, 3087, -1,
				 3298, 3087, 3085, -1,
				 4544, 4352, 4354, -1,
				 4544, 4354, 4484, -1,
				 3188, 3192, 3190, -1,
				 4555, 4318, 4316, -1,
				 3187, 3286, 3193, -1,
				 75, 79, 8324, -1,
				 3186, 3290, 3287, -1,
				 4712, 81, 4713, -1,
				 3185, 3294, 3291, -1,
				 4710, 83, 4711, -1,
				 3184, 3182, 3295, -1,
				 4708, 89, 4709, -1,
				 8325, 107, 101, -1,
				 8325, 101, 103, -1,
				 102, 108, 8326, -1,
				 102, 8326, 104, -1,
				 101, 107, 411, -1,
				 101, 411, 100, -1,
				 411, 108, 102, -1,
				 411, 102, 100, -1,
				 397, 109, 105, -1,
				 397, 105, 2605, -1,
				 106, 110, 398, -1,
				 106, 398, 4702, -1,
				 2617, 111, 112, -1,
				 2617, 112, 2615, -1,
				 113, 3130, 2616, -1,
				 113, 2616, 2619, -1,
				 114, 2611, 2614, -1,
				 114, 2614, 3127, -1,
				 2618, 2621, 115, -1,
				 2618, 115, 3133, -1,
				 4682, 4678, 4675, -1,
				 4334, 4337, 4341, -1,
				 2613, 2612, 141, -1,
				 2613, 141, 143, -1,
				 142, 5562, 5563, -1,
				 142, 5563, 144, -1,
				 143, 141, 2607, -1,
				 143, 2607, 2608, -1,
				 2624, 142, 144, -1,
				 2624, 144, 2625, -1,
				 2604, 2606, 2609, -1,
				 2604, 2609, 145, -1,
				 2622, 2623, 2626, -1,
				 2622, 2626, 146, -1,
				 145, 2609, 2610, -1,
				 145, 2610, 4664, -1,
				 2620, 2622, 146, -1,
				 2620, 146, 2627, -1,
				 84, 92, 149, -1,
				 84, 149, 151, -1,
				 150, 4486, 4483, -1,
				 150, 4483, 152, -1,
				 3245, 3084, 3083, -1,
				 3245, 3083, 153, -1,
				 4525, 4482, 4479, -1,
				 4525, 4479, 4481, -1,
				 3242, 3244, 3246, -1,
				 3242, 3246, 3225, -1,
				 154, 4538, 4535, -1,
				 154, 4535, 156, -1,
				 3211, 3226, 3224, -1,
				 3211, 3224, 3214, -1,
				 4539, 4534, 4455, -1,
				 4539, 4455, 158, -1,
				 3046, 3307, 157, -1,
				 3046, 157, 3049, -1,
				 4540, 4454, 4409, -1,
				 4540, 4409, 4412, -1,
				 2598, 2600, 163, -1,
				 2598, 163, 2602, -1,
				 164, 8327, 4696, -1,
				 164, 4696, 4700, -1,
				 2601, 4667, 4666, -1,
				 2601, 4666, 2603, -1,
				 4703, 4704, 4699, -1,
				 4703, 4699, 4701, -1,
				 169, 167, 112, -1,
				 169, 112, 111, -1,
				 113, 168, 3129, -1,
				 113, 3129, 3130, -1,
				 3126, 170, 114, -1,
				 3126, 114, 3127, -1,
				 115, 171, 3132, -1,
				 115, 3132, 3133, -1,
				 147, 3114, 172, -1,
				 147, 172, 174, -1,
				 173, 4522, 148, -1,
				 173, 148, 175, -1,
				 174, 172, 2604, -1,
				 174, 2604, 145, -1,
				 2626, 173, 175, -1,
				 2626, 175, 146, -1,
				 4665, 174, 145, -1,
				 4665, 145, 4664, -1,
				 146, 175, 2629, -1,
				 146, 2629, 2627, -1,
				 4692, 131, 4691, -1,
				 4692, 4691, 4688, -1,
				 4706, 132, 4707, -1,
				 4706, 4707, 4693, -1,
				 4689, 176, 8328, -1,
				 4689, 8328, 4690, -1,
				 4705, 177, 4694, -1,
				 4705, 4694, 4695, -1,
				 4576, 135, 179, -1,
				 4576, 179, 178, -1,
				 180, 136, 358, -1,
				 180, 358, 2758, -1,
				 2764, 8329, 181, -1,
				 2764, 181, 2762, -1,
				 4402, 8330, 4572, -1,
				 4402, 4572, 4579, -1,
				 161, 4714, 4717, -1,
				 161, 4717, 185, -1,
				 4396, 4406, 162, -1,
				 4396, 162, 4399, -1,
				 4719, 4716, 4718, -1,
				 4719, 4718, 159, -1,
				 4732, 4733, 186, -1,
				 4732, 186, 160, -1,
				 4589, 4720, 4721, -1,
				 4589, 4721, 4588, -1,
				 4398, 4405, 4404, -1,
				 4398, 4404, 4400, -1,
				 120, 121, 192, -1,
				 120, 192, 191, -1,
				 193, 2661, 2666, -1,
				 193, 2666, 2668, -1,
				 2673, 123, 189, -1,
				 2673, 189, 2671, -1,
				 190, 2662, 2660, -1,
				 190, 2660, 2663, -1,
				 3079, 3088, 3090, -1,
				 3079, 3090, 194, -1,
				 4487, 4485, 4524, -1,
				 4487, 4524, 195, -1,
				 194, 3090, 3113, -1,
				 194, 3113, 3116, -1,
				 4521, 4487, 195, -1,
				 4521, 195, 4523, -1,
				 4726, 3079, 194, -1,
				 4726, 194, 4727, -1,
				 195, 4524, 2652, -1,
				 195, 2652, 2650, -1,
				 3162, 198, 196, -1,
				 3162, 196, 3163, -1,
				 197, 199, 2639, -1,
				 197, 2639, 2640, -1,
				 3142, 3139, 200, -1,
				 3142, 200, 2670, -1,
				 201, 2634, 2649, -1,
				 201, 2649, 4660, -1,
				 2669, 4658, 202, -1,
				 2669, 202, 2667, -1,
				 202, 4661, 4659, -1,
				 202, 4659, 2667, -1,
				 3115, 3118, 3164, -1,
				 3115, 3164, 3161, -1,
				 2637, 204, 2642, -1,
				 2637, 2642, 2638, -1,
				 4591, 207, 205, -1,
				 4591, 205, 4587, -1,
				 2745, 208, 4724, -1,
				 2745, 4724, 182, -1,
				 4586, 4603, 209, -1,
				 4586, 209, 2761, -1,
				 2747, 2744, 4401, -1,
				 2747, 4401, 4403, -1,
				 2760, 4606, 2750, -1,
				 2760, 2750, 2759, -1,
				 2748, 2746, 4607, -1,
				 2748, 4607, 2757, -1,
				 4592, 212, 4594, -1,
				 4592, 4594, 4590, -1,
				 4725, 213, 4722, -1,
				 4725, 4722, 4723, -1,
				 3124, 214, 216, -1,
				 3124, 216, 3122, -1,
				 217, 2631, 2628, -1,
				 217, 2628, 2644, -1,
				 3125, 218, 3136, -1,
				 3125, 3136, 3123, -1,
				 215, 219, 3131, -1,
				 215, 3131, 3134, -1,
				 3128, 220, 218, -1,
				 3128, 218, 3125, -1,
				 219, 220, 3128, -1,
				 219, 3128, 3131, -1,
				 3121, 3120, 203, -1,
				 3121, 203, 3159, -1,
				 2648, 2646, 2643, -1,
				 2648, 2643, 2641, -1,
				 3306, 221, 3051, -1,
				 3306, 3051, 3048, -1,
				 4414, 222, 4417, -1,
				 4414, 4417, 4411, -1,
				 155, 223, 3216, -1,
				 155, 3216, 3213, -1,
				 4452, 224, 4419, -1,
				 4452, 4419, 4416, -1,
				 3228, 225, 3222, -1,
				 3228, 3222, 3223, -1,
				 4449, 226, 4421, -1,
				 4449, 4421, 4418, -1,
				 3082, 227, 3230, -1,
				 3082, 3230, 3227, -1,
				 4447, 228, 4423, -1,
				 4447, 4423, 4420, -1,
				 3080, 229, 3299, -1,
				 3080, 3299, 3081, -1,
				 4446, 230, 4425, -1,
				 4446, 4425, 4422, -1,
				 3300, 3072, 3077, -1,
				 3300, 3077, 3078, -1,
				 4427, 2653, 2651, -1,
				 4427, 2651, 4424, -1,
				 2672, 2675, 3071, -1,
				 2672, 3071, 3073, -1,
				 232, 234, 122, -1,
				 232, 122, 124, -1,
				 2665, 235, 233, -1,
				 2665, 233, 4662, -1,
				 2658, 4663, 2664, -1,
				 2658, 2664, 2659, -1,
				 3140, 3141, 3117, -1,
				 3140, 3117, 236, -1,
				 2647, 2636, 2635, -1,
				 2647, 2635, 237, -1,
				 3144, 3138, 3137, -1,
				 3144, 3137, 238, -1,
				 2632, 2633, 3148, -1,
				 2632, 3148, 239, -1,
				 3146, 3143, 3157, -1,
				 3146, 3157, 240, -1,
				 3149, 3147, 3145, -1,
				 3149, 3145, 3158, -1,
				 236, 3117, 3119, -1,
				 236, 3119, 3160, -1,
				 2645, 2647, 237, -1,
				 2645, 237, 2630, -1,
				 238, 3137, 3135, -1,
				 238, 3135, 3156, -1,
				 3152, 2632, 239, -1,
				 3152, 239, 3151, -1,
				 240, 3157, 3155, -1,
				 240, 3155, 3154, -1,
				 3150, 3149, 3158, -1,
				 3150, 3158, 3153, -1,
				 241, 244, 246, -1,
				 241, 246, 243, -1,
				 4626, 245, 242, -1,
				 4626, 242, 2715, -1,
				 2721, 247, 249, -1,
				 2721, 249, 2723, -1,
				 4615, 248, 2725, -1,
				 4615, 2725, 2722, -1,
				 4620, 4730, 4731, -1,
				 4620, 4731, 4621, -1,
				 4616, 2657, 4617, -1,
				 4616, 4617, 4614, -1,
				 3180, 250, 252, -1,
				 3180, 252, 3177, -1,
				 253, 251, 61, -1,
				 253, 61, 91, -1,
				 3210, 256, 254, -1,
				 3210, 254, 3209, -1,
				 255, 257, 4374, -1,
				 255, 4374, 4541, -1,
				 3252, 258, 3168, -1,
				 3252, 3168, 3165, -1,
				 4548, 259, 59, -1,
				 4548, 59, 4549, -1,
				 3248, 260, 3254, -1,
				 3248, 3254, 3251, -1,
				 4358, 4475, 57, -1,
				 4358, 57, 4355, -1,
				 3240, 262, 3275, -1,
				 3240, 3275, 3247, -1,
				 4474, 263, 4527, -1,
				 4474, 4527, 4476, -1,
				 3207, 3206, 3285, -1,
				 3207, 3285, 3239, -1,
				 4528, 4460, 4457, -1,
				 4528, 4457, 4526, -1,
				 4670, 266, 264, -1,
				 4670, 264, 4671, -1,
				 265, 267, 4498, -1,
				 265, 4498, 4497, -1,
				 3099, 3098, 268, -1,
				 3099, 268, 2596, -1,
				 269, 4495, 4496, -1,
				 269, 4496, 4501, -1,
				 3176, 3181, 270, -1,
				 3176, 270, 3175, -1,
				 271, 4348, 4349, -1,
				 271, 4349, 4546, -1,
				 3204, 272, 3201, -1,
				 3204, 3201, 3202, -1,
				 4542, 273, 4371, -1,
				 4542, 4371, 4373, -1,
				 2595, 4668, 274, -1,
				 2595, 274, 2594, -1,
				 275, 4513, 4500, -1,
				 275, 4500, 4503, -1,
				 3173, 3172, 3259, -1,
				 3173, 3259, 30, -1,
				 4363, 4345, 4342, -1,
				 4363, 4342, 4552, -1,
				 3260, 3258, 278, -1,
				 3260, 278, 3265, -1,
				 279, 4362, 4364, -1,
				 279, 4364, 4367, -1,
				 3264, 3270, 280, -1,
				 3264, 280, 3267, -1,
				 4467, 4543, 4366, -1,
				 4467, 4366, 4369, -1,
				 3266, 3268, 3198, -1,
				 3266, 3198, 3195, -1,
				 4464, 281, 4368, -1,
				 4464, 4368, 4370, -1,
				 2593, 3103, 282, -1,
				 2593, 282, 2592, -1,
				 283, 4515, 4502, -1,
				 283, 4502, 4504, -1,
				 4669, 284, 266, -1,
				 4669, 266, 4670, -1,
				 267, 285, 4499, -1,
				 267, 4499, 4498, -1,
				 286, 2591, 2592, -1,
				 286, 2592, 282, -1,
				 4504, 4506, 287, -1,
				 4504, 287, 283, -1,
				 3111, 288, 3095, -1,
				 3111, 3095, 3092, -1,
				 4492, 289, 4508, -1,
				 4492, 4508, 4489, -1,
				 2590, 3106, 3112, -1,
				 2590, 3112, 3110, -1,
				 4510, 4518, 4505, -1,
				 4510, 4505, 4507, -1,
				 290, 3170, 3167, -1,
				 290, 3167, 3297, -1,
				 4547, 4347, 291, -1,
				 4547, 291, 4550, -1,
				 3273, 3256, 3253, -1,
				 3273, 3253, 3284, -1,
				 4357, 4360, 4472, -1,
				 4357, 4472, 261, -1,
				 294, 3272, 3274, -1,
				 294, 3274, 3277, -1,
				 4473, 4471, 295, -1,
				 4473, 295, 4530, -1,
				 3200, 3278, 3276, -1,
				 3200, 3276, 3205, -1,
				 4529, 4531, 4462, -1,
				 4529, 4462, 4459, -1,
				 3096, 296, 3101, -1,
				 3096, 3101, 3097, -1,
				 4519, 297, 4493, -1,
				 4519, 4493, 4494, -1,
				 276, 3171, 3169, -1,
				 276, 3169, 3296, -1,
				 4346, 4344, 277, -1,
				 4346, 277, 4551, -1,
				 3283, 3257, 3255, -1,
				 3283, 3255, 292, -1,
				 4359, 4361, 4469, -1,
				 4359, 4469, 293, -1,
				 3282, 3269, 3271, -1,
				 3282, 3271, 3280, -1,
				 4470, 4468, 4466, -1,
				 4470, 4466, 4532, -1,
				 3197, 3281, 3279, -1,
				 3197, 3279, 3199, -1,
				 4533, 4465, 4463, -1,
				 4533, 4463, 4461, -1,
				 3100, 3109, 3104, -1,
				 3100, 3104, 3102, -1,
				 4516, 4511, 4512, -1,
				 4516, 4512, 4514, -1,
				 3094, 3108, 296, -1,
				 3094, 296, 3096, -1,
				 297, 4520, 4491, -1,
				 297, 4491, 4493, -1,
				 3104, 3109, 3107, -1,
				 3104, 3107, 3105, -1,
				 4509, 4511, 4516, -1,
				 4509, 4516, 4517, -1,
				 340, 342, 361, -1,
				 340, 361, 354, -1,
				 3725, 343, 341, -1,
				 3725, 341, 3726, -1,
				 344, 355, 3724, -1,
				 344, 3724, 3728, -1,
				 3723, 3785, 345, -1,
				 3723, 345, 3722, -1,
				 3765, 360, 4741, -1,
				 3765, 4741, 4740, -1,
				 3784, 3787, 347, -1,
				 3784, 347, 3793, -1,
				 3764, 3766, 359, -1,
				 3764, 359, 3767, -1,
				 2875, 349, 3789, -1,
				 2875, 3789, 3786, -1,
				 350, 356, 2876, -1,
				 350, 2876, 2878, -1,
				 2874, 2873, 2859, -1,
				 2874, 2859, 3868, -1,
				 3869, 2953, 357, -1,
				 3869, 357, 2872, -1,
				 3870, 2861, 2858, -1,
				 3870, 2858, 2871, -1,
				 5559, 3323, 412, -1,
				 5559, 412, 5558, -1,
				 413, 4199, 5561, -1,
				 413, 5561, 5560, -1,
				 2952, 2984, 416, -1,
				 2952, 416, 2955, -1,
				 417, 351, 353, -1,
				 417, 353, 419, -1,
				 2989, 352, 418, -1,
				 2989, 418, 420, -1,
				 3873, 3875, 337, -1,
				 3873, 337, 421, -1,
				 2877, 2880, 2985, -1,
				 2877, 2985, 2983, -1,
				 2856, 423, 3871, -1,
				 2856, 3871, 2857, -1,
				 348, 346, 424, -1,
				 348, 424, 422, -1,
				 3790, 3788, 3791, -1,
				 3790, 3791, 2852, -1,
				 3769, 426, 3760, -1,
				 3769, 3760, 3763, -1,
				 425, 3795, 3792, -1,
				 425, 3792, 3798, -1,
				 3727, 3730, 3770, -1,
				 3727, 3770, 3768, -1,
				 427, 429, 3721, -1,
				 427, 3721, 3799, -1,
				 4739, 4738, 430, -1,
				 4739, 430, 428, -1,
				 431, 3719, 3720, -1,
				 431, 3720, 3801, -1,
				 3858, 332, 432, -1,
				 3858, 432, 3857, -1,
				 433, 333, 3718, -1,
				 433, 3718, 3840, -1,
				 2991, 2988, 3000, -1,
				 2991, 3000, 434, -1,
				 3880, 3878, 331, -1,
				 3880, 331, 435, -1,
				 3855, 326, 436, -1,
				 3855, 436, 3854, -1,
				 437, 327, 4744, -1,
				 437, 4744, 4745, -1,
				 2993, 2990, 2999, -1,
				 2993, 2999, 438, -1,
				 3949, 3948, 325, -1,
				 3949, 325, 439, -1,
				 3851, 3705, 440, -1,
				 3851, 440, 3850, -1,
				 441, 323, 3811, -1,
				 441, 3811, 3807, -1,
				 2995, 2992, 2998, -1,
				 2995, 2998, 442, -1,
				 3908, 3910, 319, -1,
				 3908, 319, 443, -1,
				 3704, 3706, 444, -1,
				 3704, 444, 3707, -1,
				 445, 2827, 3971, -1,
				 445, 3971, 3970, -1,
				 2996, 2994, 2997, -1,
				 2996, 2997, 446, -1,
				 3901, 3903, 313, -1,
				 3901, 313, 447, -1,
				 2904, 300, 448, -1,
				 2904, 448, 2902, -1,
				 449, 2818, 2826, -1,
				 449, 2826, 2829, -1,
				 310, 2966, 2965, -1,
				 310, 2965, 450, -1,
				 3893, 3895, 311, -1,
				 3893, 311, 451, -1,
				 4746, 4747, 2891, -1,
				 4746, 2891, 308, -1,
				 453, 3890, 3923, -1,
				 453, 3923, 2809, -1,
				 306, 3867, 2890, -1,
				 306, 2890, 2893, -1,
				 3985, 2808, 2811, -1,
				 3985, 2811, 455, -1,
				 3866, 2892, 2895, -1,
				 3866, 2895, 304, -1,
				 457, 3984, 2810, -1,
				 457, 2810, 2813, -1,
				 3865, 2894, 2897, -1,
				 3865, 2897, 302, -1,
				 459, 3983, 2812, -1,
				 459, 2812, 2815, -1,
				 2913, 3864, 2896, -1,
				 2913, 2896, 2898, -1,
				 3974, 2814, 2816, -1,
				 3974, 2816, 3982, -1,
				 460, 2957, 2954, -1,
				 460, 2954, 2981, -1,
				 3872, 3959, 461, -1,
				 3872, 461, 2855, -1,
				 2982, 2980, 2879, -1,
				 2982, 2879, 2882, -1,
				 2853, 2854, 3960, -1,
				 2853, 3960, 463, -1,
				 464, 462, 3762, -1,
				 464, 3762, 3761, -1,
				 2851, 2850, 465, -1,
				 2851, 465, 3961, -1,
				 3756, 3759, 3772, -1,
				 3756, 3772, 466, -1,
				 3794, 3797, 2846, -1,
				 3794, 2846, 3796, -1,
				 3773, 3771, 3729, -1,
				 3773, 3729, 3732, -1,
				 4743, 4742, 467, -1,
				 4743, 467, 469, -1,
				 3853, 468, 3859, -1,
				 3853, 3859, 3856, -1,
				 3800, 3803, 3841, -1,
				 3800, 3841, 3839, -1,
				 470, 2959, 2956, -1,
				 470, 2956, 2978, -1,
				 3879, 3919, 471, -1,
				 3879, 471, 3882, -1,
				 2979, 2977, 2881, -1,
				 2979, 2881, 2884, -1,
				 2849, 3881, 3884, -1,
				 2849, 3884, 473, -1,
				 474, 472, 3758, -1,
				 474, 3758, 3757, -1,
				 2848, 3962, 475, -1,
				 2848, 475, 2847, -1,
				 3752, 3755, 3775, -1,
				 3752, 3775, 476, -1,
				 3963, 2845, 2844, -1,
				 3963, 2844, 477, -1,
				 3776, 3774, 3731, -1,
				 3776, 3731, 3734, -1,
				 3966, 3965, 2840, -1,
				 3966, 2840, 479, -1,
				 3849, 478, 3860, -1,
				 3849, 3860, 3852, -1,
				 3802, 3805, 3808, -1,
				 3802, 3808, 3809, -1,
				 480, 2961, 2958, -1,
				 480, 2958, 2975, -1,
				 3918, 3907, 481, -1,
				 3918, 481, 3920, -1,
				 2976, 2974, 2883, -1,
				 2976, 2883, 2886, -1,
				 3944, 3883, 3886, -1,
				 3944, 3886, 483, -1,
				 484, 482, 3754, -1,
				 484, 3754, 3753, -1,
				 3943, 3945, 485, -1,
				 3943, 485, 2843, -1,
				 3748, 3751, 3778, -1,
				 3748, 3778, 486, -1,
				 2841, 2842, 3964, -1,
				 2841, 3964, 487, -1,
				 3779, 3777, 3733, -1,
				 3779, 3733, 3736, -1,
				 3967, 2839, 2838, -1,
				 3967, 2838, 489, -1,
				 3847, 488, 3861, -1,
				 3847, 3861, 3848, -1,
				 3804, 2834, 3838, -1,
				 3804, 3838, 3806, -1,
				 490, 2963, 2960, -1,
				 490, 2960, 2972, -1,
				 3906, 3900, 491, -1,
				 3906, 491, 3921, -1,
				 2973, 2971, 2885, -1,
				 2973, 2885, 2888, -1,
				 3940, 3885, 3888, -1,
				 3940, 3888, 493, -1,
				 494, 492, 3750, -1,
				 494, 3750, 3749, -1,
				 3939, 3942, 495, -1,
				 3939, 495, 3941, -1,
				 3746, 3747, 3780, -1,
				 3746, 3780, 496, -1,
				 2837, 3936, 3933, -1,
				 2837, 3933, 497, -1,
				 3742, 3743, 3735, -1,
				 3742, 3735, 3738, -1,
				 2835, 2836, 3968, -1,
				 2835, 3968, 499, -1,
				 2901, 498, 3862, -1,
				 2901, 3862, 3846, -1,
				 2833, 2832, 3972, -1,
				 2833, 3972, 3969, -1,
				 2968, 2964, 2962, -1,
				 2968, 2962, 2970, -1,
				 3899, 3892, 3891, -1,
				 3899, 3891, 3922, -1,
				 2967, 2969, 2887, -1,
				 2967, 2887, 2889, -1,
				 3938, 3887, 3889, -1,
				 3938, 3889, 3925, -1,
				 454, 452, 3781, -1,
				 454, 3781, 3745, -1,
				 3935, 3924, 3927, -1,
				 3935, 3927, 3934, -1,
				 3782, 3744, 3741, -1,
				 3782, 3741, 456, -1,
				 3937, 3932, 3926, -1,
				 3937, 3926, 3929, -1,
				 3783, 3740, 3737, -1,
				 3783, 3737, 3739, -1,
				 2831, 3931, 3928, -1,
				 2831, 3928, 3930, -1,
				 2899, 458, 3863, -1,
				 2899, 3863, 2900, -1,
				 2830, 3973, 3975, -1,
				 2830, 3975, 2828, -1,
				 500, 508, 532, -1,
				 500, 532, 540, -1,
				 533, 509, 501, -1,
				 533, 501, 541, -1,
				 540, 532, 524, -1,
				 540, 524, 530, -1,
				 525, 533, 541, -1,
				 525, 541, 531, -1,
				 4750, 4864, 542, -1,
				 4750, 542, 538, -1,
				 543, 5035, 4921, -1,
				 543, 4921, 539, -1,
				 530, 524, 544, -1,
				 530, 544, 552, -1,
				 545, 525, 531, -1,
				 545, 531, 553, -1,
				 552, 544, 512, -1,
				 552, 512, 520, -1,
				 513, 545, 553, -1,
				 513, 553, 521, -1,
				 550, 554, 522, -1,
				 550, 522, 518, -1,
				 523, 555, 551, -1,
				 523, 551, 519, -1,
				 568, 558, 504, -1,
				 568, 504, 534, -1,
				 505, 559, 569, -1,
				 505, 569, 535, -1,
				 564, 568, 534, -1,
				 564, 534, 526, -1,
				 535, 569, 565, -1,
				 535, 565, 527, -1,
				 536, 502, 556, -1,
				 536, 556, 570, -1,
				 557, 503, 537, -1,
				 557, 537, 571, -1,
				 528, 536, 570, -1,
				 528, 570, 566, -1,
				 571, 537, 529, -1,
				 571, 529, 567, -1,
				 572, 564, 526, -1,
				 572, 526, 546, -1,
				 527, 565, 573, -1,
				 527, 573, 547, -1,
				 560, 572, 546, -1,
				 560, 546, 514, -1,
				 547, 573, 561, -1,
				 547, 561, 515, -1,
				 548, 528, 566, -1,
				 548, 566, 574, -1,
				 567, 529, 549, -1,
				 567, 549, 575, -1,
				 516, 548, 574, -1,
				 516, 574, 562, -1,
				 575, 549, 517, -1,
				 575, 517, 563, -1,
				 576, 580, 4810, -1,
				 576, 4810, 4808, -1,
				 4981, 581, 577, -1,
				 4981, 577, 4979, -1,
				 586, 584, 4824, -1,
				 586, 4824, 4822, -1,
				 4995, 585, 587, -1,
				 4995, 587, 4993, -1,
				 4848, 4850, 578, -1,
				 4848, 578, 4869, -1,
				 579, 5021, 5019, -1,
				 579, 5019, 5040, -1,
				 4846, 4847, 592, -1,
				 4846, 592, 588, -1,
				 593, 5018, 5017, -1,
				 593, 5017, 589, -1,
				 594, 4866, 4807, -1,
				 594, 4807, 4806, -1,
				 4978, 5037, 595, -1,
				 4978, 595, 4977, -1,
				 590, 4799, 4805, -1,
				 590, 4805, 4826, -1,
				 4976, 4970, 591, -1,
				 4976, 591, 4997, -1,
				 4844, 4845, 4871, -1,
				 4844, 4871, 596, -1,
				 5042, 5016, 5015, -1,
				 5042, 5015, 597, -1,
				 4842, 4843, 4872, -1,
				 4842, 4872, 582, -1,
				 5043, 5014, 5013, -1,
				 5043, 5013, 583, -1,
				 4792, 590, 4826, -1,
				 4792, 4826, 4825, -1,
				 4997, 591, 4963, -1,
				 4997, 4963, 4996, -1,
				 4827, 4792, 4825, -1,
				 4827, 4825, 4823, -1,
				 4996, 4963, 4998, -1,
				 4996, 4998, 4994, -1,
				 4849, 4851, 600, -1,
				 4849, 600, 4853, -1,
				 601, 5022, 5020, -1,
				 601, 5020, 5024, -1,
				 4838, 4841, 4874, -1,
				 4838, 4874, 602, -1,
				 5045, 5012, 5009, -1,
				 5045, 5009, 603, -1,
				 532, 508, 606, -1,
				 532, 606, 614, -1,
				 607, 509, 533, -1,
				 607, 533, 615, -1,
				 4814, 4812, 4878, -1,
				 4814, 4878, 4877, -1,
				 5049, 4983, 4985, -1,
				 5049, 4985, 5048, -1,
				 5090, 5092, 5093, -1,
				 5090, 5093, 5091, -1,
				 5097, 5096, 5094, -1,
				 5097, 5094, 5095, -1,
				 4816, 4813, 568, -1,
				 4816, 568, 564, -1,
				 569, 4984, 4987, -1,
				 569, 4987, 565, -1,
				 570, 556, 604, -1,
				 570, 604, 616, -1,
				 605, 557, 571, -1,
				 605, 571, 617, -1,
				 616, 604, 4749, -1,
				 616, 4749, 4918, -1,
				 4920, 605, 617, -1,
				 4920, 617, 5089, -1,
				 544, 524, 612, -1,
				 544, 612, 618, -1,
				 613, 525, 545, -1,
				 613, 545, 619, -1,
				 4818, 4815, 564, -1,
				 4818, 564, 572, -1,
				 565, 4986, 4989, -1,
				 565, 4989, 573, -1,
				 512, 544, 5102, -1,
				 512, 5102, 608, -1,
				 5103, 545, 513, -1,
				 5103, 513, 609, -1,
				 4820, 4817, 4840, -1,
				 4820, 4840, 4839, -1,
				 5011, 4988, 4991, -1,
				 5011, 4991, 5010, -1,
				 562, 574, 620, -1,
				 562, 620, 610, -1,
				 621, 575, 563, -1,
				 621, 563, 611, -1,
				 610, 620, 4767, -1,
				 610, 4767, 4765, -1,
				 4938, 621, 611, -1,
				 4938, 611, 4936, -1,
				 600, 4851, 4811, -1,
				 600, 4811, 622, -1,
				 4982, 5022, 601, -1,
				 4982, 601, 623, -1,
				 622, 4811, 4809, -1,
				 622, 4809, 4867, -1,
				 4980, 4982, 623, -1,
				 4980, 623, 5038, -1,
				 4828, 4821, 4819, -1,
				 4828, 4819, 624, -1,
				 4990, 4992, 4999, -1,
				 4990, 4999, 625, -1,
				 624, 4819, 4838, -1,
				 624, 4838, 602, -1,
				 5009, 4990, 625, -1,
				 5009, 625, 603, -1,
				 510, 4748, 4860, -1,
				 510, 4860, 626, -1,
				 5031, 4919, 511, -1,
				 5031, 511, 627, -1,
				 4862, 4859, 5099, -1,
				 4862, 5099, 5098, -1,
				 5101, 5030, 5033, -1,
				 5101, 5033, 5100, -1,
				 4764, 4887, 634, -1,
				 4764, 634, 636, -1,
				 635, 5058, 4935, -1,
				 635, 4935, 637, -1,
				 5105, 5104, 4831, -1,
				 5105, 4831, 4829, -1,
				 5002, 5106, 5107, -1,
				 5002, 5107, 5000, -1,
				 4869, 578, 628, -1,
				 4869, 628, 640, -1,
				 629, 579, 5040, -1,
				 629, 5040, 641, -1,
				 640, 628, 4754, -1,
				 640, 4754, 4755, -1,
				 4925, 629, 641, -1,
				 4925, 641, 4926, -1,
				 4870, 4869, 640, -1,
				 4870, 640, 638, -1,
				 641, 5040, 5041, -1,
				 641, 5041, 639, -1,
				 638, 640, 4755, -1,
				 638, 4755, 4756, -1,
				 4926, 641, 639, -1,
				 4926, 639, 4927, -1,
				 4865, 4863, 4861, -1,
				 4865, 4861, 642, -1,
				 5032, 5034, 5036, -1,
				 5032, 5036, 643, -1,
				 642, 4861, 4866, -1,
				 642, 4866, 594, -1,
				 5037, 5032, 643, -1,
				 5037, 643, 595, -1,
				 4872, 4870, 638, -1,
				 4872, 638, 644, -1,
				 639, 5041, 5043, -1,
				 639, 5043, 645, -1,
				 644, 638, 4756, -1,
				 644, 4756, 4758, -1,
				 4927, 639, 645, -1,
				 4927, 645, 4929, -1,
				 582, 4872, 644, -1,
				 582, 644, 632, -1,
				 645, 5043, 583, -1,
				 645, 583, 633, -1,
				 4917, 4916, 4757, -1,
				 4917, 4757, 4760, -1,
				 4928, 5087, 5088, -1,
				 4928, 5088, 4931, -1,
				 4886, 4885, 4789, -1,
				 4886, 4789, 4888, -1,
				 4960, 5056, 5057, -1,
				 4960, 5057, 5059, -1,
				 4832, 4788, 4790, -1,
				 4832, 4790, 4830, -1,
				 4961, 4959, 5003, -1,
				 4961, 5003, 5001, -1,
				 4852, 4868, 4856, -1,
				 4852, 4856, 4855, -1,
				 5027, 5039, 5023, -1,
				 5027, 5023, 5026, -1,
				 4854, 648, 4752, -1,
				 4854, 4752, 4753, -1,
				 4923, 649, 5025, -1,
				 4923, 5025, 4924, -1,
				 4876, 4873, 4875, -1,
				 4876, 4875, 650, -1,
				 5046, 5044, 5047, -1,
				 5046, 5047, 651, -1,
				 4836, 4837, 4759, -1,
				 4836, 4759, 4761, -1,
				 4930, 5008, 5007, -1,
				 4930, 5007, 4932, -1,
				 4751, 4752, 648, -1,
				 4751, 648, 652, -1,
				 649, 4923, 4922, -1,
				 649, 4922, 653, -1,
				 4857, 4856, 4868, -1,
				 4857, 4868, 622, -1,
				 5039, 5027, 5028, -1,
				 5039, 5028, 623, -1,
				 506, 4751, 652, -1,
				 506, 652, 630, -1,
				 653, 4922, 507, -1,
				 653, 507, 631, -1,
				 4858, 4857, 622, -1,
				 4858, 622, 4867, -1,
				 623, 5028, 5029, -1,
				 623, 5029, 5038, -1,
				 4762, 4763, 4834, -1,
				 4762, 4834, 654, -1,
				 5005, 4934, 4933, -1,
				 5005, 4933, 655, -1,
				 4835, 4833, 4828, -1,
				 4835, 4828, 624, -1,
				 4999, 5004, 5006, -1,
				 4999, 5006, 625, -1,
				 4761, 4762, 654, -1,
				 4761, 654, 4836, -1,
				 655, 4933, 4932, -1,
				 655, 4932, 5007, -1,
				 650, 4835, 624, -1,
				 650, 624, 4876, -1,
				 625, 5006, 651, -1,
				 625, 651, 5047, -1,
				 646, 656, 658, -1,
				 646, 658, 598, -1,
				 659, 657, 647, -1,
				 659, 647, 599, -1,
				 4883, 660, 4786, -1,
				 4883, 4786, 4787, -1,
				 4957, 661, 5054, -1,
				 4957, 5054, 4958, -1,
				 4800, 664, 662, -1,
				 4800, 662, 4802, -1,
				 663, 665, 4971, -1,
				 663, 4971, 4973, -1,
				 4801, 4804, 4777, -1,
				 4801, 4777, 4803, -1,
				 4948, 4975, 4972, -1,
				 4948, 4972, 4974, -1,
				 4906, 668, 4769, -1,
				 4906, 4769, 4766, -1,
				 4940, 669, 5077, -1,
				 4940, 5077, 4937, -1,
				 4905, 672, 668, -1,
				 4905, 668, 4906, -1,
				 669, 673, 5076, -1,
				 669, 5076, 5077, -1,
				 4901, 4774, 676, -1,
				 4901, 676, 4900, -1,
				 677, 4945, 5072, -1,
				 677, 5072, 5071, -1,
				 4899, 4902, 678, -1,
				 4899, 678, 4898, -1,
				 679, 5073, 5070, -1,
				 679, 5070, 5069, -1,
				 4791, 4794, 680, -1,
				 4791, 680, 4879, -1,
				 681, 4965, 4962, -1,
				 681, 4962, 5050, -1,
				 4879, 680, 4797, -1,
				 4879, 4797, 4798, -1,
				 4968, 681, 5050, -1,
				 4968, 5050, 4969, -1,
				 4903, 682, 4908, -1,
				 4903, 4908, 4904, -1,
				 5079, 683, 5074, -1,
				 5079, 5074, 5075, -1,
				 4897, 4896, 682, -1,
				 4897, 682, 4903, -1,
				 683, 5067, 5068, -1,
				 683, 5068, 5074, -1,
				 4889, 670, 4782, -1,
				 4889, 4782, 4884, -1,
				 4953, 671, 5060, -1,
				 4953, 5060, 5055, -1,
				 4891, 4775, 4773, -1,
				 4891, 4773, 4892, -1,
				 4944, 4946, 5062, -1,
				 4944, 5062, 5063, -1,
				 4785, 684, 4795, -1,
				 4785, 4795, 4793, -1,
				 4966, 685, 4956, -1,
				 4966, 4956, 4964, -1,
				 4783, 4779, 4882, -1,
				 4783, 4882, 4784, -1,
				 5053, 4950, 4954, -1,
				 5053, 4954, 4955, -1,
				 684, 4881, 4796, -1,
				 684, 4796, 4795, -1,
				 4967, 5052, 685, -1,
				 4967, 685, 4966, -1,
				 4779, 4776, 4880, -1,
				 4779, 4880, 4882, -1,
				 5051, 4947, 4950, -1,
				 5051, 4950, 5053, -1,
				 4910, 690, 4771, -1,
				 4910, 4771, 4768, -1,
				 4942, 691, 5081, -1,
				 4942, 5081, 4939, -1,
				 4907, 4914, 4912, -1,
				 4907, 4912, 4909, -1,
				 5083, 5085, 5078, -1,
				 5083, 5078, 5080, -1,
				 4915, 4894, 4772, -1,
				 4915, 4772, 4770, -1,
				 4943, 5065, 5086, -1,
				 4943, 5086, 4941, -1,
				 4913, 4895, 4893, -1,
				 4913, 4893, 4911, -1,
				 5064, 5066, 5084, -1,
				 5064, 5084, 5082, -1,
				 4780, 4778, 4781, -1,
				 4780, 4781, 4890, -1,
				 4952, 4949, 4951, -1,
				 4952, 4951, 5061, -1,
				 674, 666, 686, -1,
				 674, 686, 688, -1,
				 687, 667, 675, -1,
				 687, 675, 689, -1,
				 749, 747, 765, -1,
				 749, 765, 763, -1,
				 766, 748, 750, -1,
				 766, 750, 764, -1,
				 5489, 745, 767, -1,
				 5489, 767, 5491, -1,
				 5459, 5457, 5484, -1,
				 5459, 5484, 5485, -1,
				 5496, 743, 769, -1,
				 5496, 769, 5494, -1,
				 770, 744, 746, -1,
				 770, 746, 768, -1,
				 5504, 5507, 771, -1,
				 5504, 771, 5503, -1,
				 772, 742, 5343, -1,
				 772, 5343, 5345, -1,
				 741, 5517, 773, -1,
				 741, 773, 5506, -1,
				 774, 740, 5463, -1,
				 774, 5463, 5464, -1,
				 5511, 737, 775, -1,
				 5511, 775, 5510, -1,
				 776, 738, 5385, -1,
				 776, 5385, 5383, -1,
				 5109, 735, 777, -1,
				 5109, 777, 5111, -1,
				 778, 736, 5529, -1,
				 778, 5529, 5530, -1,
				 5519, 733, 761, -1,
				 5519, 761, 5520, -1,
				 762, 734, 5474, -1,
				 762, 5474, 5475, -1,
				 5162, 5160, 5158, -1,
				 5162, 5158, 779, -1,
				 782, 5377, 5379, -1,
				 782, 5379, 780, -1,
				 5110, 5161, 5163, -1,
				 5110, 5163, 5113, -1,
				 5389, 5378, 5381, -1,
				 5389, 5381, 784, -1,
				 5509, 5512, 783, -1,
				 5509, 783, 785, -1,
				 5388, 5380, 5382, -1,
				 5388, 5382, 786, -1,
				 5505, 5509, 785, -1,
				 5505, 785, 787, -1,
				 786, 5382, 5387, -1,
				 786, 5387, 788, -1,
				 5502, 5505, 787, -1,
				 5502, 787, 789, -1,
				 788, 5387, 5344, -1,
				 788, 5344, 790, -1,
				 5493, 5502, 789, -1,
				 5493, 789, 791, -1,
				 790, 5344, 5347, -1,
				 790, 5347, 792, -1,
				 5490, 5492, 5513, -1,
				 5490, 5513, 5138, -1,
				 5456, 5346, 5349, -1,
				 5456, 5349, 794, -1,
				 5525, 5526, 5137, -1,
				 5525, 5137, 5140, -1,
				 5455, 5348, 5351, -1,
				 5455, 5351, 796, -1,
				 5159, 5164, 5145, -1,
				 5159, 5145, 5157, -1,
				 798, 5391, 5376, -1,
				 798, 5376, 5375, -1,
				 5527, 5524, 5139, -1,
				 5527, 5139, 5142, -1,
				 5454, 5350, 5353, -1,
				 5454, 5353, 800, -1,
				 758, 760, 803, -1,
				 758, 803, 801, -1,
				 803, 760, 759, -1,
				 803, 759, 802, -1,
				 5170, 755, 5532, -1,
				 5170, 5532, 5143, -1,
				 808, 5393, 5390, -1,
				 808, 5390, 5425, -1,
				 755, 753, 809, -1,
				 755, 809, 5532, -1,
				 810, 754, 5393, -1,
				 810, 5393, 808, -1,
				 751, 5523, 5141, -1,
				 751, 5141, 5533, -1,
				 5354, 5352, 752, -1,
				 5354, 752, 812, -1,
				 813, 811, 817, -1,
				 813, 817, 819, -1,
				 818, 5403, 814, -1,
				 818, 814, 820, -1,
				 5531, 5541, 825, -1,
				 5531, 825, 5535, -1,
				 826, 5399, 5401, -1,
				 826, 5401, 824, -1,
				 806, 804, 827, -1,
				 806, 827, 829, -1,
				 828, 805, 806, -1,
				 828, 806, 829, -1,
				 5412, 5410, 832, -1,
				 5412, 832, 830, -1,
				 832, 5410, 5409, -1,
				 832, 5409, 831, -1,
				 799, 795, 833, -1,
				 799, 833, 815, -1,
				 834, 5358, 5356, -1,
				 834, 5356, 816, -1,
				 781, 5144, 5147, -1,
				 781, 5147, 5155, -1,
				 822, 5427, 5374, -1,
				 822, 5374, 836, -1,
				 5547, 793, 837, -1,
				 5547, 837, 5548, -1,
				 5449, 5360, 5357, -1,
				 5449, 5357, 5453, -1,
				 5136, 5528, 5118, -1,
				 5136, 5118, 5135, -1,
				 5447, 5362, 5359, -1,
				 5447, 5359, 838, -1,
				 5132, 5131, 5120, -1,
				 5132, 5120, 5117, -1,
				 5444, 5364, 5361, -1,
				 5444, 5361, 840, -1,
				 5130, 5133, 5122, -1,
				 5130, 5122, 5119, -1,
				 5441, 5366, 5363, -1,
				 5441, 5363, 842, -1,
				 5128, 5127, 5124, -1,
				 5128, 5124, 5121, -1,
				 5439, 5368, 5365, -1,
				 5439, 5365, 844, -1,
				 5126, 5129, 5125, -1,
				 5126, 5125, 5123, -1,
				 5436, 5370, 5367, -1,
				 5436, 5367, 846, -1,
				 5112, 5166, 849, -1,
				 5112, 849, 5115, -1,
				 5433, 5372, 5369, -1,
				 5433, 5369, 848, -1,
				 5165, 5156, 5154, -1,
				 5165, 5154, 5167, -1,
				 5452, 5373, 5371, -1,
				 5452, 5371, 850, -1,
				 5536, 5534, 5540, -1,
				 5536, 5540, 5539, -1,
				 5543, 5542, 5405, -1,
				 5543, 5405, 5406, -1,
				 5146, 5148, 5152, -1,
				 5146, 5152, 835, -1,
				 5550, 5549, 5429, -1,
				 5550, 5429, 5431, -1,
				 845, 841, 843, -1,
				 5440, 5442, 5438, -1,
				 847, 839, 5551, -1,
				 847, 5551, 5552, -1,
				 5443, 5445, 5435, -1,
				 5443, 5435, 5437, -1,
				 5168, 5134, 5116, -1,
				 5168, 5116, 5114, -1,
				 5446, 5448, 5432, -1,
				 5446, 5432, 5434, -1,
				 5168, 5153, 5151, -1,
				 5168, 5151, 5134, -1,
				 5450, 5430, 5432, -1,
				 5450, 5432, 5448, -1,
				 797, 5150, 5149, -1,
				 797, 5149, 821, -1,
				 5451, 5355, 5426, -1,
				 5451, 5426, 5428, -1,
				 807, 823, 5537, -1,
				 807, 5537, 5538, -1,
				 5404, 5407, 5400, -1,
				 5404, 5400, 5402, -1,
				 5141, 5143, 5532, -1,
				 5141, 5532, 5533, -1,
				 808, 5425, 5354, -1,
				 808, 5354, 812, -1,
				 729, 731, 857, -1,
				 729, 857, 853, -1,
				 858, 732, 730, -1,
				 858, 730, 854, -1,
				 731, 727, 859, -1,
				 731, 859, 857, -1,
				 860, 728, 732, -1,
				 860, 732, 858, -1,
				 727, 725, 861, -1,
				 727, 861, 859, -1,
				 862, 726, 728, -1,
				 862, 728, 860, -1,
				 725, 723, 863, -1,
				 725, 863, 861, -1,
				 864, 724, 726, -1,
				 864, 726, 862, -1,
				 723, 721, 865, -1,
				 723, 865, 863, -1,
				 866, 722, 724, -1,
				 866, 724, 864, -1,
				 721, 719, 867, -1,
				 721, 867, 865, -1,
				 868, 720, 722, -1,
				 868, 722, 866, -1,
				 719, 717, 869, -1,
				 719, 869, 867, -1,
				 870, 718, 720, -1,
				 870, 720, 868, -1,
				 717, 715, 851, -1,
				 717, 851, 869, -1,
				 852, 716, 718, -1,
				 852, 718, 870, -1,
				 715, 713, 871, -1,
				 715, 871, 851, -1,
				 872, 714, 716, -1,
				 872, 716, 852, -1,
				 709, 3390, 881, -1,
				 709, 881, 873, -1,
				 882, 4160, 710, -1,
				 882, 710, 874, -1,
				 713, 709, 873, -1,
				 713, 873, 871, -1,
				 874, 710, 714, -1,
				 874, 714, 872, -1,
				 707, 703, 875, -1,
				 707, 875, 877, -1,
				 876, 704, 708, -1,
				 876, 708, 878, -1,
				 3540, 707, 877, -1,
				 3540, 877, 855, -1,
				 878, 708, 706, -1,
				 878, 706, 856, -1,
				 703, 729, 853, -1,
				 703, 853, 875, -1,
				 854, 730, 704, -1,
				 854, 704, 876, -1,
				 3389, 3392, 879, -1,
				 3389, 879, 3450, -1,
				 880, 402, 4030, -1,
				 880, 4030, 4029, -1,
				 694, 3425, 3424, -1,
				 694, 3424, 883, -1,
				 4055, 4057, 695, -1,
				 4055, 695, 884, -1,
				 369, 696, 887, -1,
				 369, 887, 891, -1,
				 888, 697, 370, -1,
				 888, 370, 892, -1,
				 692, 3420, 3422, -1,
				 692, 3422, 889, -1,
				 4062, 4060, 693, -1,
				 4062, 693, 890, -1,
				 696, 692, 889, -1,
				 696, 889, 887, -1,
				 890, 693, 697, -1,
				 890, 697, 888, -1,
				 403, 395, 893, -1,
				 403, 893, 895, -1,
				 894, 396, 404, -1,
				 894, 404, 896, -1,
				 3391, 403, 895, -1,
				 3391, 895, 3452, -1,
				 896, 404, 4025, -1,
				 896, 4025, 4027, -1,
				 395, 383, 885, -1,
				 395, 885, 893, -1,
				 886, 384, 396, -1,
				 886, 396, 894, -1,
				 381, 379, 899, -1,
				 381, 899, 897, -1,
				 900, 380, 382, -1,
				 900, 382, 898, -1,
				 379, 377, 901, -1,
				 379, 901, 899, -1,
				 902, 378, 380, -1,
				 902, 380, 900, -1,
				 377, 375, 903, -1,
				 377, 903, 901, -1,
				 904, 376, 378, -1,
				 904, 378, 902, -1,
				 375, 373, 905, -1,
				 375, 905, 903, -1,
				 906, 374, 376, -1,
				 906, 376, 904, -1,
				 373, 371, 907, -1,
				 373, 907, 905, -1,
				 908, 372, 374, -1,
				 908, 374, 906, -1,
				 371, 367, 909, -1,
				 371, 909, 907, -1,
				 910, 368, 372, -1,
				 910, 372, 908, -1,
				 3448, 3449, 913, -1,
				 3448, 913, 911, -1,
				 914, 4028, 4031, -1,
				 914, 4031, 912, -1,
				 3428, 3430, 3531, -1,
				 3428, 3531, 917, -1,
				 4119, 4050, 4052, -1,
				 4119, 4052, 918, -1,
				 3421, 3423, 919, -1,
				 3421, 919, 921, -1,
				 920, 4054, 4061, -1,
				 920, 4061, 922, -1,
				 3476, 3478, 923, -1,
				 3476, 923, 925, -1,
				 4131, 4065, 4067, -1,
				 4131, 4067, 926, -1,
				 3470, 3472, 3487, -1,
				 3470, 3487, 929, -1,
				 4137, 4071, 4073, -1,
				 4137, 4073, 930, -1,
				 3468, 3469, 3489, -1,
				 3468, 3489, 931, -1,
				 4139, 4072, 4075, -1,
				 4139, 4075, 932, -1,
				 3466, 3467, 3491, -1,
				 3466, 3491, 933, -1,
				 4141, 4074, 4077, -1,
				 4141, 4077, 934, -1,
				 3464, 3465, 3493, -1,
				 3464, 3493, 935, -1,
				 4143, 4076, 4079, -1,
				 4143, 4079, 936, -1,
				 3462, 3463, 3495, -1,
				 3462, 3495, 937, -1,
				 4145, 4078, 4081, -1,
				 4145, 4081, 938, -1,
				 3460, 3461, 3497, -1,
				 3460, 3497, 939, -1,
				 4147, 4080, 4083, -1,
				 4147, 4083, 940, -1,
				 3454, 3456, 3503, -1,
				 3454, 3503, 943, -1,
				 942, 4087, 4088, -1,
				 942, 4088, 944, -1,
				 3451, 3453, 947, -1,
				 3451, 947, 945, -1,
				 948, 4089, 4026, -1,
				 948, 4026, 946, -1,
				 3453, 3454, 943, -1,
				 3453, 943, 947, -1,
				 944, 4088, 4089, -1,
				 944, 4089, 948, -1,
				 3477, 3479, 949, -1,
				 3477, 949, 3481, -1,
				 950, 4063, 4064, -1,
				 950, 4064, 924, -1,
				 3479, 3421, 921, -1,
				 3479, 921, 949, -1,
				 922, 4061, 4063, -1,
				 922, 4063, 950, -1,
				 3449, 3451, 945, -1,
				 3449, 945, 913, -1,
				 946, 4026, 4028, -1,
				 946, 4028, 914, -1,
				 3423, 3426, 951, -1,
				 3423, 951, 919, -1,
				 952, 4053, 4054, -1,
				 952, 4054, 920, -1,
				 3426, 3427, 3533, -1,
				 3426, 3533, 951, -1,
				 4121, 4051, 4053, -1,
				 4121, 4053, 952, -1,
				 3447, 3448, 911, -1,
				 3447, 911, 953, -1,
				 912, 4031, 4032, -1,
				 912, 4032, 954, -1,
				 3446, 3447, 953, -1,
				 3446, 953, 955, -1,
				 954, 4032, 4034, -1,
				 954, 4034, 956, -1,
				 3444, 3445, 3515, -1,
				 3444, 3515, 957, -1,
				 4103, 4033, 4036, -1,
				 4103, 4036, 958, -1,
				 3442, 3443, 3517, -1,
				 3442, 3517, 959, -1,
				 4105, 4035, 4038, -1,
				 4105, 4038, 960, -1,
				 3440, 3441, 3519, -1,
				 3440, 3519, 961, -1,
				 4107, 4037, 4040, -1,
				 4107, 4040, 962, -1,
				 3438, 3439, 3521, -1,
				 3438, 3521, 963, -1,
				 4109, 4039, 4042, -1,
				 4109, 4042, 964, -1,
				 3436, 3437, 3523, -1,
				 3436, 3523, 965, -1,
				 4111, 4041, 4044, -1,
				 4111, 4044, 966, -1,
				 3434, 3435, 3525, -1,
				 3434, 3525, 967, -1,
				 4113, 4043, 4046, -1,
				 4113, 4046, 968, -1,
				 3432, 3433, 3527, -1,
				 3432, 3527, 969, -1,
				 4115, 4045, 4048, -1,
				 4115, 4048, 970, -1,
				 3429, 3431, 3529, -1,
				 3429, 3529, 915, -1,
				 4117, 4047, 4049, -1,
				 4117, 4049, 916, -1,
				 3486, 3498, 3496, -1,
				 3486, 3496, 3488, -1,
				 4146, 4148, 4136, -1,
				 4146, 4136, 4138, -1,
				 3488, 3496, 3494, -1,
				 3488, 3494, 3490, -1,
				 4144, 4146, 4138, -1,
				 4144, 4138, 4140, -1,
				 3490, 3494, 3492, -1,
				 4142, 4144, 4140, -1,
				 3508, 3506, 5565, -1,
				 3508, 5565, 5564, -1,
				 4128, 4094, 4096, -1,
				 4128, 4096, 4129, -1,
				 3504, 3480, 3539, -1,
				 3504, 3539, 3505, -1,
				 4127, 4130, 4092, -1,
				 4127, 4092, 4093, -1,
				 3502, 3482, 3480, -1,
				 3502, 3480, 3504, -1,
				 4130, 4132, 4090, -1,
				 4130, 4090, 4092, -1,
				 3507, 3537, 3536, -1,
				 3507, 3536, 3510, -1,
				 4124, 4125, 4095, -1,
				 4124, 4095, 4098, -1,
				 3535, 3538, 3512, -1,
				 3535, 3512, 3509, -1,
				 4100, 4126, 4123, -1,
				 4100, 4123, 4097, -1,
				 3532, 3513, 3511, -1,
				 3532, 3511, 3534, -1,
				 4099, 4101, 4120, -1,
				 4099, 4120, 4122, -1,
				 3530, 3514, 3513, -1,
				 3530, 3513, 3532, -1,
				 4101, 4102, 4118, -1,
				 4101, 4118, 4120, -1,
				 3514, 3530, 3528, -1,
				 3514, 3528, 3516, -1,
				 4116, 4118, 4102, -1,
				 4116, 4102, 4104, -1,
				 3516, 3528, 3526, -1,
				 3516, 3526, 3518, -1,
				 4114, 4116, 4104, -1,
				 4114, 4104, 4106, -1,
				 3518, 3526, 3524, -1,
				 3518, 3524, 3520, -1,
				 4112, 4114, 4106, -1,
				 4112, 4106, 4108, -1,
				 3520, 3524, 3522, -1,
				 4110, 4112, 4108, -1,
				 971, 3412, 3410, -1,
				 971, 3410, 3557, -1,
				 4007, 4005, 972, -1,
				 4007, 972, 976, -1,
				 975, 3409, 3408, -1,
				 975, 3408, 3563, -1,
				 4009, 4006, 4311, -1,
				 4009, 4311, 978, -1,
				 977, 3407, 3406, -1,
				 977, 3406, 3573, -1,
				 4011, 4008, 4310, -1,
				 4011, 4310, 4241, -1,
				 979, 3405, 3404, -1,
				 979, 3404, 3571, -1,
				 4013, 4010, 980, -1,
				 4013, 980, 4239, -1,
				 981, 3403, 3402, -1,
				 981, 3402, 3579, -1,
				 4015, 4012, 982, -1,
				 4015, 982, 984, -1,
				 983, 3401, 3400, -1,
				 983, 3400, 985, -1,
				 4017, 4014, 4227, -1,
				 4017, 4227, 8331, -1,
				 3603, 3396, 3394, -1,
				 3603, 3394, 989, -1,
				 4022, 4021, 988, -1,
				 4022, 988, 990, -1,
				 989, 3394, 3393, -1,
				 989, 3393, 991, -1,
				 4023, 4022, 990, -1,
				 4023, 990, 992, -1,
				 991, 3393, 401, -1,
				 991, 401, 999, -1,
				 4024, 4023, 992, -1,
				 4024, 992, 1000, -1,
				 993, 3419, 3418, -1,
				 993, 3418, 995, -1,
				 4152, 4059, 994, -1,
				 4152, 994, 996, -1,
				 995, 3418, 3417, -1,
				 995, 3417, 997, -1,
				 4154, 4152, 996, -1,
				 4154, 996, 998, -1,
				 3542, 3416, 3415, -1,
				 3542, 3415, 973, -1,
				 4156, 4153, 4159, -1,
				 4156, 4159, 974, -1,
				 3419, 1037, 1041, -1,
				 3419, 1041, 705, -1,
				 4058, 1038, 4059, -1,
				 4058, 4059, 4056, -1,
				 1035, 401, 711, -1,
				 1035, 711, 1039, -1,
				 712, 4024, 1036, -1,
				 712, 1036, 1040, -1,
				 401, 1035, 1045, -1,
				 401, 1045, 999, -1,
				 1046, 1036, 4024, -1,
				 1046, 4024, 1000, -1,
				 1037, 3419, 993, -1,
				 1037, 993, 1047, -1,
				 994, 4059, 1038, -1,
				 994, 1038, 1048, -1,
				 2912, 1065, 3630, -1,
				 2912, 3630, 2915, -1,
				 1052, 1066, 301, -1,
				 1052, 301, 303, -1,
				 2914, 1051, 3628, -1,
				 2914, 3628, 2917, -1,
				 1062, 3993, 3994, -1,
				 1062, 3994, 305, -1,
				 2916, 1061, 3626, -1,
				 2916, 3626, 2919, -1,
				 1060, 3990, 3991, -1,
				 1060, 3991, 307, -1,
				 2918, 1059, 3624, -1,
				 2918, 3624, 2921, -1,
				 1054, 3987, 3988, -1,
				 1054, 3988, 309, -1,
				 2920, 1053, 1057, -1,
				 2920, 1057, 2923, -1,
				 1058, 2806, 2807, -1,
				 1058, 2807, 3897, -1,
				 2922, 3696, 3620, -1,
				 2922, 3620, 2925, -1,
				 1056, 3898, 3896, -1,
				 1056, 3896, 3894, -1,
				 2903, 1071, 1069, -1,
				 2903, 1069, 3845, -1,
				 1070, 1072, 317, -1,
				 1070, 317, 2817, -1,
				 1071, 314, 298, -1,
				 1071, 298, 1069, -1,
				 299, 315, 1072, -1,
				 299, 1072, 1070, -1,
				 2942, 318, 312, -1,
				 2942, 312, 1101, -1,
				 3905, 3902, 3904, -1,
				 3905, 3904, 2787, -1,
				 322, 1073, 2905, -1,
				 322, 2905, 316, -1,
				 2824, 1074, 3976, -1,
				 2824, 3976, 2825, -1,
				 1073, 320, 2907, -1,
				 1073, 2907, 2905, -1,
				 2823, 321, 1074, -1,
				 2823, 1074, 2824, -1,
				 2944, 324, 3004, -1,
				 2944, 3004, 2941, -1,
				 3917, 3909, 3912, -1,
				 3917, 3912, 1114, -1,
				 3709, 1075, 3702, -1,
				 3709, 3702, 3703, -1,
				 3835, 3813, 3810, -1,
				 3835, 3810, 3836, -1,
				 3843, 328, 3700, -1,
				 3843, 3700, 3701, -1,
				 3837, 3815, 3812, -1,
				 3837, 3812, 3834, -1,
				 2946, 330, 3003, -1,
				 2946, 3003, 2943, -1,
				 3950, 3947, 1110, -1,
				 3950, 1110, 1112, -1,
				 3711, 1077, 3842, -1,
				 3711, 3842, 3708, -1,
				 1076, 1078, 4737, -1,
				 1076, 4737, 4736, -1,
				 1077, 334, 3844, -1,
				 1077, 3844, 3842, -1,
				 329, 335, 1078, -1,
				 329, 1078, 1076, -1,
				 2948, 336, 3002, -1,
				 2948, 3002, 2945, -1,
				 3946, 3877, 1108, -1,
				 3946, 1108, 3952, -1,
				 3713, 1079, 3831, -1,
				 3713, 3831, 3710, -1,
				 3818, 1080, 3717, -1,
				 3818, 3717, 3819, -1,
				 1079, 338, 3830, -1,
				 1079, 3830, 3831, -1,
				 3817, 339, 1080, -1,
				 3817, 1080, 3818, -1,
				 2950, 3001, 2987, -1,
				 2950, 2987, 2947, -1,
				 3876, 3874, 1106, -1,
				 3876, 1106, 3956, -1,
				 3715, 1081, 3828, -1,
				 3715, 3828, 3712, -1,
				 3822, 3825, 3714, -1,
				 3822, 3714, 3716, -1,
				 1081, 362, 3827, -1,
				 1081, 3827, 3828, -1,
				 3821, 3824, 3825, -1,
				 3821, 3825, 3822, -1,
				 1082, 2986, 2951, -1,
				 1082, 2951, 2949, -1,
				 2860, 2868, 2867, -1,
				 2860, 2867, 2863, -1,
				 391, 1095, 1087, -1,
				 391, 1087, 385, -1,
				 1088, 1096, 392, -1,
				 1088, 392, 386, -1,
				 1095, 363, 387, -1,
				 1095, 387, 1087, -1,
				 388, 364, 1096, -1,
				 388, 1096, 1088, -1,
				 1093, 365, 389, -1,
				 1093, 389, 1103, -1,
				 390, 366, 1094, -1,
				 390, 1094, 1104, -1,
				 385, 1087, 1089, -1,
				 385, 1089, 405, -1,
				 1090, 1088, 386, -1,
				 1090, 386, 406, -1,
				 1087, 387, 407, -1,
				 1087, 407, 1089, -1,
				 408, 388, 1088, -1,
				 408, 1088, 1090, -1,
				 3592, 3590, 409, -1,
				 3592, 409, 1091, -1,
				 410, 2795, 2793, -1,
				 410, 2793, 1092, -1,
				 383, 1085, 1097, -1,
				 383, 1097, 885, -1,
				 1098, 1086, 384, -1,
				 1098, 384, 886, -1,
				 1085, 381, 897, -1,
				 1085, 897, 1097, -1,
				 898, 382, 1086, -1,
				 898, 1086, 1098, -1,
				 367, 1083, 1099, -1,
				 367, 1099, 909, -1,
				 1100, 1084, 368, -1,
				 1100, 368, 910, -1,
				 1083, 369, 891, -1,
				 1083, 891, 1099, -1,
				 892, 370, 1084, -1,
				 892, 1084, 1100, -1,
				 3471, 3474, 3485, -1,
				 3471, 3485, 927, -1,
				 4135, 4069, 4070, -1,
				 4135, 4070, 928, -1,
				 3473, 3475, 3483, -1,
				 3473, 3483, 1115, -1,
				 4133, 4066, 4068, -1,
				 4133, 4068, 1116, -1,
				 3455, 3458, 3501, -1,
				 3455, 3501, 941, -1,
				 1118, 4085, 4086, -1,
				 1118, 4086, 4091, -1,
				 3457, 3459, 3499, -1,
				 3457, 3499, 1117, -1,
				 4149, 4082, 4084, -1,
				 4149, 4084, 4151, -1,
				 3486, 3484, 3500, -1,
				 3486, 3500, 3498, -1,
				 4150, 4134, 4136, -1,
				 4150, 4136, 4148, -1,
				 3484, 3482, 3502, -1,
				 3484, 3502, 3500, -1,
				 4090, 4132, 4134, -1,
				 4090, 4134, 4150, -1,
				 3544, 1119, 1089, -1,
				 3544, 1089, 407, -1,
				 1090, 1120, 4158, -1,
				 1090, 4158, 408, -1,
				 1119, 3550, 405, -1,
				 1119, 405, 1089, -1,
				 406, 4003, 1120, -1,
				 406, 1120, 1090, -1,
				 3414, 3413, 1119, -1,
				 3414, 1119, 3544, -1,
				 1120, 4157, 4155, -1,
				 1120, 4155, 4158, -1,
				 3413, 3411, 3550, -1,
				 3413, 3550, 1119, -1,
				 4003, 4004, 4157, -1,
				 4003, 4157, 1120, -1,
				 3585, 1121, 5576, -1,
				 3585, 5576, 5574, -1,
				 5579, 4174, 986, -1,
				 5579, 986, 5578, -1,
				 3399, 3398, 3586, -1,
				 3399, 3586, 3584, -1,
				 4173, 4019, 4016, -1,
				 4173, 4016, 4175, -1,
				 3397, 3395, 987, -1,
				 3397, 987, 3601, -1,
				 4170, 4020, 4018, -1,
				 4170, 4018, 1122, -1,
				 3698, 1123, 1095, -1,
				 3698, 1095, 391, -1,
				 1096, 1124, 5573, -1,
				 1096, 5573, 392, -1,
				 1123, 1063, 363, -1,
				 1123, 363, 1095, -1,
				 364, 1064, 1124, -1,
				 364, 1124, 1096, -1,
				 2911, 2910, 1123, -1,
				 2911, 1123, 3697, -1,
				 1124, 2819, 5571, -1,
				 1124, 5571, 5572, -1,
				 2910, 2909, 1063, -1,
				 2910, 1063, 1123, -1,
				 1064, 2821, 2819, -1,
				 1064, 2819, 1124, -1,
				 1055, 1125, 2927, -1,
				 1055, 2927, 2924, -1,
				 2786, 1126, 2801, -1,
				 2786, 2801, 2802, -1,
				 3611, 3613, 1125, -1,
				 3611, 1125, 1055, -1,
				 1126, 2798, 2797, -1,
				 1126, 2797, 2801, -1,
				 3619, 3622, 3652, -1,
				 3619, 3652, 1129, -1,
				 4262, 2804, 2800, -1,
				 4262, 2800, 1130, -1,
				 3621, 3623, 1131, -1,
				 3621, 1131, 1127, -1,
				 1132, 2805, 2803, -1,
				 1132, 2803, 1128, -1,
				 3623, 3625, 1133, -1,
				 3623, 1133, 1131, -1,
				 1134, 3986, 2805, -1,
				 1134, 2805, 1132, -1,
				 3625, 3627, 1135, -1,
				 3625, 1135, 1133, -1,
				 1136, 3989, 3986, -1,
				 1136, 3986, 1134, -1,
				 3627, 3629, 1137, -1,
				 3627, 1137, 1135, -1,
				 1138, 3992, 3989, -1,
				 1138, 3989, 1136, -1,
				 3629, 3632, 3641, -1,
				 3629, 3641, 1137, -1,
				 1140, 3996, 3992, -1,
				 1140, 3992, 1138, -1,
				 3631, 3633, 1141, -1,
				 3631, 1141, 1139, -1,
				 1142, 3997, 3995, -1,
				 1142, 3995, 4295, -1,
				 3610, 3618, 3654, -1,
				 3610, 3654, 1143, -1,
				 4264, 2799, 2796, -1,
				 4264, 2796, 1144, -1,
				 3687, 3688, 1147, -1,
				 3687, 1147, 1145, -1,
				 1148, 4305, 4226, -1,
				 1148, 4226, 4229, -1,
				 3580, 3578, 3577, -1,
				 3580, 3577, 1149, -1,
				 1146, 4309, 4308, -1,
				 1146, 4308, 1150, -1,
				 3572, 3570, 3569, -1,
				 3572, 3569, 1151, -1,
				 4235, 4238, 4240, -1,
				 4235, 4240, 4285, -1,
				 3574, 3572, 1151, -1,
				 3574, 1151, 1153, -1,
				 4285, 4240, 4243, -1,
				 4285, 4243, 1154, -1,
				 3564, 3562, 3561, -1,
				 3564, 3561, 1155, -1,
				 4303, 4242, 4245, -1,
				 4303, 4245, 1156, -1,
				 3558, 3556, 3555, -1,
				 3558, 3555, 1157, -1,
				 4247, 4244, 4002, -1,
				 4247, 4002, 1158, -1,
				 3583, 3588, 1159, -1,
				 3583, 1159, 3582, -1,
				 1160, 4306, 4304, -1,
				 1160, 4304, 4307, -1,
				 3636, 3549, 3552, -1,
				 3636, 3552, 1161, -1,
				 4301, 4001, 4000, -1,
				 4301, 4000, 1162, -1,
				 3633, 3635, 1163, -1,
				 3633, 1163, 1141, -1,
				 1164, 3999, 3997, -1,
				 1164, 3997, 1142, -1,
				 3587, 3589, 1165, -1,
				 3587, 1165, 3685, -1,
				 1166, 2794, 4270, -1,
				 1166, 4270, 4269, -1,
				 3634, 3636, 1161, -1,
				 3634, 1161, 3638, -1,
				 1162, 4000, 3998, -1,
				 1162, 3998, 4298, -1,
				 3589, 3610, 1143, -1,
				 3589, 1143, 1165, -1,
				 1144, 2796, 2794, -1,
				 1144, 2794, 1166, -1,
				 3651, 1167, 3656, -1,
				 3651, 3656, 3653, -1,
				 4266, 1168, 4261, -1,
				 4266, 4261, 4263, -1,
				 3649, 1169, 3659, -1,
				 3649, 3659, 3650, -1,
				 4272, 1170, 4259, -1,
				 4272, 4259, 4260, -1,
				 3647, 1171, 3669, -1,
				 3647, 3669, 3648, -1,
				 4278, 1172, 4257, -1,
				 4278, 4257, 4258, -1,
				 3645, 1173, 3671, -1,
				 3645, 3671, 3646, -1,
				 4280, 1174, 4255, -1,
				 4280, 4255, 4256, -1,
				 3643, 1175, 3678, -1,
				 3643, 3678, 3644, -1,
				 4292, 1176, 4253, -1,
				 4292, 4253, 4254, -1,
				 3640, 3639, 3680, -1,
				 3640, 3680, 3642, -1,
				 4251, 4296, 4294, -1,
				 4251, 4294, 4252, -1,
				 1177, 3576, 3581, -1,
				 1177, 3581, 3658, -1,
				 4271, 4228, 4231, -1,
				 4271, 4231, 4268, -1,
				 1179, 3568, 3575, -1,
				 1179, 3575, 3664, -1,
				 4237, 4236, 1180, -1,
				 4237, 1180, 1178, -1,
				 1181, 3566, 3567, -1,
				 1181, 3567, 3665, -1,
				 4234, 1152, 1182, -1,
				 4234, 1182, 4232, -1,
				 1183, 3560, 3565, -1,
				 1183, 3565, 3674, -1,
				 4284, 4287, 1184, -1,
				 4284, 1184, 4283, -1,
				 1185, 3554, 3559, -1,
				 1185, 3559, 3677, -1,
				 4286, 4288, 1186, -1,
				 4286, 1186, 4289, -1,
				 3686, 3551, 3553, -1,
				 3686, 3553, 3683, -1,
				 4246, 4300, 4302, -1,
				 4246, 4302, 4249, -1,
				 1187, 1177, 3658, -1,
				 1187, 3658, 3657, -1,
				 4268, 4231, 1188, -1,
				 4268, 1188, 4267, -1,
				 3662, 1189, 3666, -1,
				 3662, 3666, 3663, -1,
				 4233, 1190, 4275, -1,
				 4233, 4275, 4230, -1,
				 1191, 1181, 3665, -1,
				 1191, 3665, 3667, -1,
				 4232, 1182, 1192, -1,
				 4232, 1192, 4276, -1,
				 3673, 1193, 1183, -1,
				 3673, 1183, 3674, -1,
				 1184, 1194, 4282, -1,
				 1184, 4282, 4283, -1,
				 3675, 1195, 1185, -1,
				 3675, 1185, 3677, -1,
				 1186, 1196, 4290, -1,
				 1186, 4290, 4289, -1,
				 3637, 3684, 3682, -1,
				 3637, 3682, 3681, -1,
				 4248, 4299, 4297, -1,
				 4248, 4297, 4250, -1,
				 3660, 1187, 3657, -1,
				 3660, 3657, 3655, -1,
				 4267, 1188, 4273, -1,
				 4267, 4273, 4265, -1,
				 3659, 1169, 3668, -1,
				 3659, 3668, 3661, -1,
				 4277, 1170, 4272, -1,
				 4277, 4272, 4274, -1,
				 1171, 1191, 3667, -1,
				 1171, 3667, 3669, -1,
				 4276, 1192, 1172, -1,
				 4276, 1172, 4278, -1,
				 3670, 3679, 3676, -1,
				 3670, 3676, 3672, -1,
				 4291, 4293, 4279, -1,
				 4291, 4279, 4281, -1,
				 3678, 1175, 1195, -1,
				 3678, 1195, 3675, -1,
				 1196, 1176, 4292, -1,
				 1196, 4292, 4290, -1,
				 3639, 3637, 3681, -1,
				 3639, 3681, 3680, -1,
				 4250, 4297, 4296, -1,
				 4250, 4296, 4251, -1,
				 3617, 3612, 3615, -1,
				 3617, 3615, 1199, -1,
				 1198, 2790, 2788, -1,
				 1198, 2788, 1200, -1,
				 2926, 3617, 1199, -1,
				 2926, 1199, 2929, -1,
				 1200, 2788, 1102, -1,
				 1200, 1102, 1202, -1,
				 5575, 5577, 1205, -1,
				 5575, 1205, 1203, -1,
				 1206, 4172, 4177, -1,
				 1206, 4177, 1204, -1,
				 3591, 3597, 3596, -1,
				 3591, 3596, 3594, -1,
				 4179, 4176, 2792, -1,
				 4179, 2792, 1208, -1,
				 5582, 5583, 1207, -1,
				 5582, 1207, 1197, -1,
				 4312, 2791, 2789, -1,
				 4312, 2789, 4220, -1,
				 2866, 2869, 1210, -1,
				 2866, 1210, 1209, -1,
				 2864, 2862, 2865, -1,
				 2864, 2865, 2870, -1,
				 1105, 1107, 1212, -1,
				 1105, 1212, 2768, -1,
				 1213, 3955, 3957, -1,
				 1213, 3957, 1211, -1,
				 5586, 1109, 1214, -1,
				 5586, 1214, 5587, -1,
				 3953, 3951, 3954, -1,
				 3953, 3954, 3958, -1,
				 3013, 1111, 1216, -1,
				 3013, 1216, 3012, -1,
				 1217, 5581, 5580, -1,
				 1217, 5580, 1215, -1,
				 3009, 1113, 2938, -1,
				 3009, 2938, 3008, -1,
				 1219, 3915, 3911, -1,
				 1219, 3911, 3913, -1,
				 2940, 3005, 2939, -1,
				 2940, 2939, 2937, -1,
				 2784, 2785, 3914, -1,
				 2784, 3914, 3916, -1,
				 3600, 3602, 1220, -1,
				 3600, 1220, 3599, -1,
				 1221, 4169, 4171, -1,
				 1221, 4171, 4181, -1,
				 5589, 1067, 1224, -1,
				 5589, 1224, 1222, -1,
				 1225, 1068, 8332, -1,
				 1225, 8332, 1223, -1,
				 1067, 86, 2932, -1,
				 1067, 2932, 1224, -1,
				 1227, 87, 1068, -1,
				 1227, 1068, 1225, -1,
				 3385, 3386, 1228, -1,
				 3385, 1228, 1230, -1,
				 1229, 4163, 4165, -1,
				 1229, 4165, 4189, -1,
				 3386, 3388, 1232, -1,
				 3386, 1232, 1228, -1,
				 1233, 4162, 4163, -1,
				 1233, 4163, 1229, -1,
				 1049, 1033, 1234, -1,
				 1049, 1234, 1236, -1,
				 1235, 1034, 1050, -1,
				 1235, 1050, 1237, -1,
				 1028, 1049, 1236, -1,
				 1028, 1236, 1238, -1,
				 1237, 1050, 1029, -1,
				 1237, 1029, 1239, -1,
				 3606, 3384, 3383, -1,
				 3606, 3383, 1242, -1,
				 1231, 4164, 4166, -1,
				 1231, 4166, 1243, -1,
				 414, 1043, 1246, -1,
				 414, 1246, 1244, -1,
				 1247, 1044, 415, -1,
				 1247, 415, 1245, -1,
				 1043, 3326, 1248, -1,
				 1043, 1248, 1246, -1,
				 1249, 4202, 1044, -1,
				 1249, 1044, 1247, -1,
				 3540, 3541, 1252, -1,
				 3540, 1252, 1250, -1,
				 1253, 1042, 706, -1,
				 1253, 706, 1251, -1,
				 3541, 701, 1254, -1,
				 3541, 1254, 1252, -1,
				 1255, 702, 1042, -1,
				 1255, 1042, 1253, -1,
				 3387, 3390, 1256, -1,
				 3387, 1256, 3689, -1,
				 1257, 4160, 4161, -1,
				 1257, 4161, 4225, -1,
				 1032, 1030, 1258, -1,
				 1032, 1258, 1260, -1,
				 1259, 1031, 1032, -1,
				 1259, 1032, 1260, -1,
				 1030, 1028, 1238, -1,
				 1030, 1238, 1258, -1,
				 1239, 1029, 1031, -1,
				 1239, 1031, 1259, -1,
				 1026, 1023, 1261, -1,
				 1026, 1261, 1240, -1,
				 1262, 1024, 1027, -1,
				 1262, 1027, 1241, -1,
				 5199, 1025, 1263, -1,
				 5199, 1263, 5197, -1,
				 1263, 1025, 5202, -1,
				 1263, 5202, 5204, -1,
				 1021, 1001, 1264, -1,
				 1021, 1264, 1266, -1,
				 1265, 1002, 1022, -1,
				 1265, 1022, 1267, -1,
				 1033, 1019, 1268, -1,
				 1033, 1268, 1234, -1,
				 1269, 1020, 1034, -1,
				 1269, 1034, 1235, -1,
				 1019, 1021, 1266, -1,
				 1019, 1266, 1268, -1,
				 1267, 1022, 1020, -1,
				 1267, 1020, 1269, -1,
				 1015, 1017, 1270, -1,
				 1015, 1270, 1272, -1,
				 1271, 5210, 1016, -1,
				 1271, 1016, 1273, -1,
				 1013, 1015, 1272, -1,
				 1013, 1272, 1274, -1,
				 1273, 1016, 1014, -1,
				 1273, 1014, 1275, -1,
				 1011, 5284, 5283, -1,
				 1011, 5283, 1276, -1,
				 5220, 5218, 1012, -1,
				 5220, 1012, 1277, -1,
				 1009, 5288, 5287, -1,
				 1009, 5287, 1278, -1,
				 5592, 5591, 1010, -1,
				 5592, 1010, 1279, -1,
				 1007, 1009, 1278, -1,
				 1007, 1278, 1280, -1,
				 1279, 1010, 5333, -1,
				 1279, 5333, 1281, -1,
				 1005, 5294, 5293, -1,
				 1005, 5293, 1282, -1,
				 5335, 5332, 5334, -1,
				 5335, 5334, 1283, -1,
				 1003, 5298, 5297, -1,
				 1003, 5297, 1284, -1,
				 5322, 5326, 1004, -1,
				 5322, 1004, 1285, -1,
				 1001, 1003, 1284, -1,
				 1001, 1284, 1264, -1,
				 1285, 1004, 1002, -1,
				 1285, 1002, 1265, -1,
				 3605, 3606, 1242, -1,
				 3605, 1242, 1286, -1,
				 1243, 4166, 4167, -1,
				 1243, 4167, 1287, -1,
				 3604, 3605, 1286, -1,
				 3604, 1286, 1288, -1,
				 1287, 4167, 4168, -1,
				 1287, 4168, 1289, -1,
				 3602, 3604, 1288, -1,
				 3602, 1288, 1220, -1,
				 1289, 4168, 4169, -1,
				 1289, 4169, 1221, -1,
				 64, 5594, 1292, -1,
				 64, 1292, 2935, -1,
				 4562, 67, 4557, -1,
				 4562, 4557, 1291, -1,
				 5593, 139, 1294, -1,
				 5593, 1294, 5595, -1,
				 4564, 140, 4582, -1,
				 4564, 4582, 4561, -1,
				 3023, 137, 3018, -1,
				 3023, 3018, 3022, -1,
				 4566, 138, 4581, -1,
				 4566, 4581, 4563, -1,
				 4577, 4575, 1300, -1,
				 4577, 1300, 1298, -1,
				 4578, 4574, 4573, -1,
				 4578, 4573, 4569, -1,
				 399, 4677, 1301, -1,
				 399, 1301, 1303, -1,
				 1302, 4336, 400, -1,
				 1302, 400, 1304, -1,
				 3326, 3325, 1305, -1,
				 3326, 1305, 1248, -1,
				 1306, 4201, 4202, -1,
				 1306, 4202, 1249, -1,
				 4680, 5588, 5590, -1,
				 4680, 5590, 1307, -1,
				 4213, 4214, 4339, -1,
				 4213, 4339, 1308, -1,
				 729, 703, 1309, -1,
				 729, 1309, 1311, -1,
				 1310, 704, 730, -1,
				 1310, 730, 1312, -1,
				 731, 729, 1311, -1,
				 731, 1311, 1313, -1,
				 1312, 730, 732, -1,
				 1312, 732, 1314, -1,
				 727, 731, 1313, -1,
				 727, 1313, 1315, -1,
				 1314, 732, 728, -1,
				 1314, 728, 1316, -1,
				 725, 727, 1315, -1,
				 725, 1315, 1317, -1,
				 1316, 728, 726, -1,
				 1316, 726, 1318, -1,
				 723, 725, 1317, -1,
				 723, 1317, 1319, -1,
				 1318, 726, 724, -1,
				 1318, 724, 1320, -1,
				 721, 723, 1319, -1,
				 721, 1319, 1321, -1,
				 1320, 724, 722, -1,
				 1320, 722, 1322, -1,
				 719, 721, 1321, -1,
				 719, 1321, 1323, -1,
				 1322, 722, 720, -1,
				 1322, 720, 1324, -1,
				 717, 719, 1323, -1,
				 717, 1323, 1325, -1,
				 1324, 720, 718, -1,
				 1324, 718, 1326, -1,
				 715, 717, 1325, -1,
				 715, 1325, 1327, -1,
				 1326, 718, 716, -1,
				 1326, 716, 1328, -1,
				 713, 715, 1327, -1,
				 713, 1327, 1329, -1,
				 1328, 716, 714, -1,
				 1328, 714, 1330, -1,
				 3390, 709, 1331, -1,
				 3390, 1331, 1256, -1,
				 1332, 710, 4160, -1,
				 1332, 4160, 1257, -1,
				 709, 713, 1329, -1,
				 709, 1329, 1331, -1,
				 1330, 714, 710, -1,
				 1330, 710, 1332, -1,
				 703, 707, 1333, -1,
				 703, 1333, 1309, -1,
				 1334, 708, 704, -1,
				 1334, 704, 1310, -1,
				 707, 3540, 1250, -1,
				 707, 1250, 1333, -1,
				 1251, 706, 708, -1,
				 1251, 708, 1334, -1,
				 701, 698, 1335, -1,
				 701, 1335, 1254, -1,
				 1336, 699, 702, -1,
				 1336, 702, 1255, -1,
				 698, 700, 1337, -1,
				 698, 1337, 1335, -1,
				 1337, 700, 699, -1,
				 1337, 699, 1336, -1,
				 3324, 3322, 3321, -1,
				 3324, 3321, 3327, -1,
				 4197, 4198, 4200, -1,
				 4197, 4200, 4203, -1,
				 3019, 2763, 2766, -1,
				 3019, 2766, 3017, -1,
				 4567, 4571, 4580, -1,
				 4567, 4580, 4565, -1,
				 4677, 4679, 4681, -1,
				 4677, 4681, 1301, -1,
				 4340, 4338, 4336, -1,
				 4340, 4336, 1302, -1,
				 3310, 3026, 2933, -1,
				 3310, 2933, 2931, -1,
				 4558, 4556, 4315, -1,
				 4558, 4315, 4314, -1,
				 3614, 3314, 3312, -1,
				 3614, 3312, 3616, -1,
				 4216, 4212, 5584, -1,
				 4216, 5584, 5585, -1,
				 3695, 3311, 2930, -1,
				 3695, 2930, 2928, -1,
				 4217, 4215, 4218, -1,
				 4217, 4218, 2783, -1,
				 3598, 3608, 1338, -1,
				 3598, 1338, 3595, -1,
				 1339, 4183, 4180, -1,
				 1339, 4180, 4178, -1,
				 3317, 3593, 3595, -1,
				 3317, 3595, 1338, -1,
				 4178, 4224, 4210, -1,
				 4178, 4210, 1339, -1,
				 3313, 3694, 3693, -1,
				 3313, 3693, 3315, -1,
				 4221, 4219, 4211, -1,
				 4221, 4211, 4209, -1,
				 5597, 2771, 2769, -1,
				 5597, 2769, 5596, -1,
				 2773, 2770, 4570, -1,
				 2773, 4570, 4568, -1,
				 2765, 2767, 3015, -1,
				 2765, 3015, 1296, -1,
				 2775, 2772, 1299, -1,
				 2775, 1299, 1297, -1,
				 3016, 3014, 3011, -1,
				 3016, 3011, 3020, -1,
				 2777, 2774, 4585, -1,
				 2777, 4585, 1295, -1,
				 3021, 3010, 3007, -1,
				 3021, 3007, 3024, -1,
				 2779, 2776, 4584, -1,
				 2779, 4584, 1293, -1,
				 3025, 3006, 2936, -1,
				 3025, 2936, 2934, -1,
				 2781, 2778, 4560, -1,
				 2781, 4560, 4583, -1,
				 1290, 1218, 1201, -1,
				 1290, 1201, 1226, -1,
				 2782, 2780, 4559, -1,
				 2782, 4559, 4313, -1,
				 5307, 5306, 5255, -1,
				 5307, 5255, 5254, -1,
				 5247, 5314, 5313, -1,
				 5247, 5313, 5248, -1,
				 5308, 5307, 5254, -1,
				 5308, 5254, 5253, -1,
				 5248, 5313, 5312, -1,
				 5248, 5312, 5249, -1,
				 3690, 1342, 1344, -1,
				 3690, 1344, 3382, -1,
				 1345, 1343, 4190, -1,
				 1345, 4190, 4188, -1,
				 3382, 1344, 3332, -1,
				 3382, 3332, 3330, -1,
				 4207, 1345, 4188, -1,
				 4207, 4188, 4206, -1,
				 3381, 3382, 3330, -1,
				 3381, 3330, 3329, -1,
				 4206, 4188, 4187, -1,
				 4206, 4187, 4205, -1,
				 1342, 3690, 3691, -1,
				 1342, 3691, 1340, -1,
				 4191, 4190, 1343, -1,
				 4191, 1343, 1341, -1,
				 5251, 5310, 5309, -1,
				 5251, 5309, 5252, -1,
				 5311, 5310, 5251, -1,
				 5311, 5251, 5250, -1,
				 5252, 5309, 5308, -1,
				 5252, 5308, 5253, -1,
				 5312, 5311, 5250, -1,
				 5312, 5250, 5249, -1,
				 1340, 5194, 5196, -1,
				 1340, 5196, 1346, -1,
				 5203, 5205, 1341, -1,
				 5203, 1341, 1347, -1,
				 1346, 5196, 5486, -1,
				 1346, 5486, 1348, -1,
				 5486, 5203, 1347, -1,
				 5486, 1347, 1348, -1,
				 5258, 5303, 5304, -1,
				 5258, 5304, 5260, -1,
				 5318, 5319, 5245, -1,
				 5318, 5245, 5243, -1,
				 5255, 5306, 5305, -1,
				 5255, 5305, 5256, -1,
				 5315, 5314, 5247, -1,
				 5315, 5247, 5246, -1,
				 5256, 5305, 5302, -1,
				 5256, 5302, 5257, -1,
				 5316, 5315, 5246, -1,
				 5316, 5246, 5244, -1,
				 5274, 5279, 5280, -1,
				 5274, 5280, 5276, -1,
				 5230, 5229, 5224, -1,
				 5230, 5224, 5226, -1,
				 5272, 5281, 5278, -1,
				 5272, 5278, 5273, -1,
				 5228, 5231, 5222, -1,
				 5228, 5222, 5223, -1,
				 5270, 5285, 5282, -1,
				 5270, 5282, 5271, -1,
				 5219, 5482, 5233, -1,
				 5219, 5233, 5221, -1,
				 5268, 5289, 5286, -1,
				 5268, 5286, 5269, -1,
				 5480, 5479, 5235, -1,
				 5480, 5235, 5232, -1,
				 5266, 5291, 5290, -1,
				 5266, 5290, 5267, -1,
				 5478, 5481, 5237, -1,
				 5478, 5237, 5234, -1,
				 5264, 5295, 5292, -1,
				 5264, 5292, 5265, -1,
				 5324, 5323, 5239, -1,
				 5324, 5239, 5236, -1,
				 5262, 5299, 5296, -1,
				 5262, 5296, 5263, -1,
				 5321, 5477, 5241, -1,
				 5321, 5241, 5238, -1,
				 5259, 5301, 5300, -1,
				 5259, 5300, 5261, -1,
				 5320, 5317, 5242, -1,
				 5320, 5242, 5240, -1,
				 3328, 3380, 3381, -1,
				 3328, 3381, 3329, -1,
				 4187, 4186, 4204, -1,
				 4187, 4204, 4205, -1,
				 1352, 3379, 3380, -1,
				 1352, 3380, 3328, -1,
				 4186, 4185, 1353, -1,
				 4186, 1353, 4204, -1,
				 3609, 3607, 3378, -1,
				 3609, 3378, 3377, -1,
				 4184, 4182, 4223, -1,
				 4184, 4223, 4193, -1,
				 1351, 1349, 1346, -1,
				 1351, 1346, 1348, -1,
				 1347, 1350, 1351, -1,
				 1347, 1351, 1348, -1,
				 1349, 1342, 1340, -1,
				 1349, 1340, 1346, -1,
				 1341, 1343, 1350, -1,
				 1341, 1350, 1347, -1,
				 3320, 3319, 1352, -1,
				 3320, 1352, 3328, -1,
				 1353, 4195, 4196, -1,
				 1353, 4196, 4204, -1,
				 3318, 3316, 3692, -1,
				 3318, 3692, 3376, -1,
				 4222, 4208, 4194, -1,
				 4222, 4194, 4192, -1,
				 3335, 3337, 3352, -1,
				 3335, 3352, 1354, -1,
				 1357, 3340, 3342, -1,
				 1357, 3342, 1355, -1,
				 3336, 3338, 1358, -1,
				 3336, 1358, 1356, -1,
				 1358, 3338, 3339, -1,
				 1358, 3339, 3375, -1,
				 3331, 3333, 1361, -1,
				 3331, 1361, 1359, -1,
				 1362, 3343, 3344, -1,
				 1362, 3344, 1360, -1,
				 3333, 3334, 3354, -1,
				 3333, 3354, 1361, -1,
				 3346, 3341, 3343, -1,
				 3346, 3343, 1362, -1,
				 3358, 3356, 1366, -1,
				 3358, 1366, 1363, -1,
				 1367, 3372, 3373, -1,
				 1367, 3373, 1364, -1,
				 3355, 3353, 3351, -1,
				 3355, 3351, 3370, -1,
				 3348, 3345, 3371, -1,
				 3348, 3371, 3374, -1,
				 3360, 3362, 1368, -1,
				 3360, 1368, 1365, -1,
				 1368, 3368, 3367, -1,
				 1368, 3367, 1365, -1,
				 3361, 3350, 3349, -1,
				 3361, 3349, 3363, -1,
				 3349, 3347, 3364, -1,
				 3349, 3364, 3363, -1,
				 4622, 4619, 1371, -1,
				 4622, 1371, 1369, -1,
				 1372, 4612, 2656, -1,
				 1372, 2656, 4438, -1,
				 4618, 2720, 1373, -1,
				 4618, 1373, 4623, -1,
				 2727, 2724, 4611, -1,
				 2727, 4611, 4613, -1,
				 2719, 2718, 1375, -1,
				 2719, 1375, 4624, -1,
				 1376, 4628, 4629, -1,
				 1376, 4629, 1374, -1,
				 2717, 2716, 1377, -1,
				 2717, 1377, 4625, -1,
				 2711, 2714, 4627, -1,
				 2711, 4627, 4630, -1,
				 231, 2674, 2677, -1,
				 231, 2677, 3070, -1,
				 1370, 2655, 2654, -1,
				 1370, 2654, 4436, -1,
				 3077, 3072, 3069, -1,
				 3077, 3069, 1380, -1,
				 1379, 2653, 4427, -1,
				 1379, 4427, 1381, -1,
				 3235, 3076, 3075, -1,
				 3235, 3075, 1382, -1,
				 4433, 4426, 4429, -1,
				 4433, 4429, 1383, -1,
				 3229, 3234, 3236, -1,
				 3229, 3236, 3232, -1,
				 4431, 4428, 4430, -1,
				 4431, 4430, 2732, -1,
				 3221, 3237, 1384, -1,
				 3221, 1384, 1386, -1,
				 2731, 4450, 4448, -1,
				 2731, 4448, 2734, -1,
				 3215, 3220, 3238, -1,
				 3215, 3238, 3218, -1,
				 2733, 4453, 4451, -1,
				 2733, 4451, 2736, -1,
				 3050, 3305, 1388, -1,
				 3050, 1388, 3053, -1,
				 2735, 4415, 4413, -1,
				 2735, 4413, 2738, -1,
				 4593, 4601, 1390, -1,
				 4593, 1390, 4596, -1,
				 2737, 4609, 4610, -1,
				 2737, 4610, 2740, -1,
				 4605, 4602, 4604, -1,
				 4605, 4604, 2690, -1,
				 2742, 206, 210, -1,
				 2742, 210, 2699, -1,
				 4728, 4729, 1392, -1,
				 4728, 1392, 1397, -1,
				 2739, 4608, 2743, -1,
				 2739, 2743, 2741, -1,
				 3067, 1378, 2676, -1,
				 3067, 2676, 2679, -1,
				 4437, 4435, 1400, -1,
				 4437, 1400, 4440, -1,
				 3064, 1399, 2678, -1,
				 3064, 2678, 2681, -1,
				 4439, 4441, 2729, -1,
				 4439, 2729, 2726, -1,
				 3061, 1401, 2680, -1,
				 3061, 2680, 2683, -1,
				 5598, 1402, 1404, -1,
				 5598, 1404, 5599, -1,
				 1405, 2713, 2712, -1,
				 1405, 2712, 1407, -1,
				 2710, 4632, 1406, -1,
				 2710, 1406, 2707, -1,
				 3058, 1403, 2682, -1,
				 3058, 2682, 2685, -1,
				 4631, 4634, 1409, -1,
				 4631, 1409, 4644, -1,
				 1410, 2709, 2708, -1,
				 1410, 2708, 1412, -1,
				 2706, 4646, 1411, -1,
				 2706, 1411, 2705, -1,
				 3055, 1408, 2684, -1,
				 3055, 2684, 2687, -1,
				 4643, 4645, 1414, -1,
				 4643, 1414, 2701, -1,
				 3301, 3074, 3068, -1,
				 3301, 3068, 3066, -1,
				 4434, 4432, 4445, -1,
				 4434, 4445, 4443, -1,
				 3231, 3233, 3065, -1,
				 3231, 3065, 3063, -1,
				 4442, 4444, 2730, -1,
				 4442, 2730, 2728, -1,
				 3303, 3302, 3062, -1,
				 3303, 3062, 3060, -1,
				 5602, 1385, 1387, -1,
				 5602, 1387, 5603, -1,
				 3217, 3219, 3059, -1,
				 3217, 3059, 3057, -1,
				 4633, 4635, 1389, -1,
				 4633, 1389, 4637, -1,
				 3052, 3304, 3056, -1,
				 3052, 3056, 3054, -1,
				 4636, 4642, 1391, -1,
				 4636, 1391, 4639, -1,
				 1396, 1394, 4647, -1,
				 1396, 4647, 2704, -1,
				 2702, 1395, 4649, -1,
				 2702, 4649, 2703, -1,
				 2688, 4598, 1413, -1,
				 2688, 1413, 2686, -1,
				 4652, 1398, 2698, -1,
				 4652, 2698, 2700, -1,
				 4597, 4595, 4600, -1,
				 4597, 4600, 4599, -1,
				 4641, 1393, 4640, -1,
				 4641, 4640, 4638, -1,
				 5553, 5554, 3357, -1,
				 5553, 3357, 3359, -1,
				 3369, 5557, 5556, -1,
				 3369, 5556, 3366, -1,
				 5553, 3359, 3365, -1,
				 5553, 3365, 5555, -1,
				 3365, 3366, 5556, -1,
				 3365, 5556, 5555, -1,
				 3546, 3547, 1415, -1,
				 3546, 1415, 1416, -1,
				 1415, 3978, 3979, -1,
				 1415, 3979, 1416, -1,
				 3545, 3546, 1416, -1,
				 3545, 1416, 1417, -1,
				 1416, 3979, 3980, -1,
				 1416, 3980, 1417, -1,
				 3548, 2908, 1418, -1,
				 3548, 1418, 1419, -1,
				 1418, 2820, 3977, -1,
				 1418, 3977, 1419, -1,
				 3547, 3548, 1419, -1,
				 3547, 1419, 1415, -1,
				 1419, 3977, 3978, -1,
				 1419, 3978, 1415, -1,
				 3543, 3545, 1417, -1,
				 3543, 1417, 1420, -1,
				 1417, 3980, 3981, -1,
				 1417, 3981, 1420, -1,
				 5566, 5570, 1420, -1,
				 5566, 1420, 1421, -1,
				 1420, 5569, 5568, -1,
				 1420, 5568, 1421, -1,
				 2908, 2906, 1418, -1,
				 1418, 2822, 2820, -1,
				 2906, 3699, 1418, -1,
				 1418, 3833, 2822, -1,
				 3699, 3832, 1418, -1,
				 1418, 3814, 3833, -1,
				 3832, 3829, 1418, -1,
				 1418, 3816, 3814, -1,
				 3829, 3826, 1418, -1,
				 1418, 3820, 3816, -1,
				 3826, 3823, 1418, -1,
				 1418, 3823, 3820, -1,
				 5600, 5601, 1424, -1,
				 5600, 1424, 1422, -1,
				 4650, 4648, 4651, -1,
				 4650, 4651, 1423, -1,
				 2755, 2689, 2692, -1,
				 2755, 2692, 1425, -1,
				 2696, 2697, 4654, -1,
				 2696, 4654, 1426, -1,
				 2749, 2754, 2756, -1,
				 2749, 2756, 2752, -1,
				 4656, 4653, 211, -1,
				 4656, 211, 1427, -1,
				 2751, 2753, 2691, -1,
				 2751, 2691, 2694, -1,
				 2695, 4655, 4657, -1,
				 2695, 4657, 2693, -1,
				 5412, 830, 825, -1,
				 5412, 825, 5541, -1,
				 826, 831, 5409, -1,
				 826, 5409, 5399, -1,
				 804, 813, 819, -1,
				 804, 819, 827, -1,
				 820, 814, 805, -1,
				 820, 805, 828, -1,
				 5544, 1433, 1432, -1,
				 5544, 1432, 5545, -1,
				 1432, 1434, 5546, -1,
				 1432, 5546, 5545, -1,
				 1435, 1443, 1437, -1,
				 1435, 1437, 8333, -1,
				 1438, 1444, 1436, -1,
				 1438, 1436, 8334, -1,
				 1443, 1433, 5544, -1,
				 1443, 5544, 1437, -1,
				 5546, 1434, 1444, -1,
				 5546, 1444, 1438, -1,
				 1447, 1441, 1430, -1,
				 1447, 1430, 1445, -1,
				 1431, 1442, 1448, -1,
				 1431, 1448, 1446, -1,
				 1439, 1451, 1449, -1,
				 1439, 1449, 8335, -1,
				 1450, 1452, 1440, -1,
				 1450, 1440, 8336, -1,
				 1451, 1447, 1445, -1,
				 1451, 1445, 1449, -1,
				 1446, 1448, 1452, -1,
				 1446, 1452, 1450, -1,
				 1441, 1455, 1453, -1,
				 1441, 1453, 1430, -1,
				 1454, 1456, 1442, -1,
				 1454, 1442, 1431, -1,
				 1455, 1443, 1435, -1,
				 1455, 1435, 1453, -1,
				 1436, 1444, 1456, -1,
				 1436, 1456, 1454, -1,
				 5650, 5651, 5642, -1,
				 5650, 5642, 1459, -1,
				 1458, 5609, 5607, -1,
				 1458, 5607, 5657, -1,
				 5659, 5661, 5690, -1,
				 5659, 5690, 5640, -1,
				 5631, 5611, 5608, -1,
				 5631, 5608, 5634, -1,
				 5663, 5665, 1465, -1,
				 5663, 1465, 5677, -1,
				 1466, 5615, 5613, -1,
				 1466, 5613, 5627, -1,
				 5664, 5667, 1467, -1,
				 5664, 1467, 5689, -1,
				 1468, 5617, 5614, -1,
				 1468, 5614, 5692, -1,
				 5660, 5662, 1463, -1,
				 5660, 1463, 1461, -1,
				 1464, 5612, 5610, -1,
				 1464, 5610, 1462, -1,
				 5652, 5649, 5648, -1,
				 5652, 5648, 1469, -1,
				 1460, 5606, 5605, -1,
				 1460, 5605, 1470, -1,
				 5666, 1428, 1471, -1,
				 5666, 1471, 5669, -1,
				 1472, 1429, 5616, -1,
				 1472, 5616, 5619, -1,
				 5604, 5652, 1469, -1,
				 5604, 1469, 1473, -1,
				 1470, 5605, 5604, -1,
				 1470, 5604, 1473, -1,
				 1428, 832, 1474, -1,
				 1428, 1474, 1471, -1,
				 1474, 832, 1429, -1,
				 1474, 1429, 1472, -1,
				 1475, 5653, 5647, -1,
				 1475, 5647, 5641, -1,
				 5656, 5655, 1476, -1,
				 5656, 1476, 5658, -1,
				 5653, 1475, 1477, -1,
				 5653, 1477, 5654, -1,
				 1477, 1476, 5655, -1,
				 1477, 5655, 5654, -1,
				 5686, 1478, 5671, -1,
				 5686, 5671, 5668, -1,
				 5621, 1479, 5688, -1,
				 5621, 5688, 5618, -1,
				 1478, 5686, 5687, -1,
				 1478, 5687, 1480, -1,
				 5687, 5688, 1479, -1,
				 5687, 1479, 1480, -1,
				 5683, 5684, 1483, -1,
				 5683, 1483, 1481, -1,
				 1483, 5684, 5685, -1,
				 1483, 5685, 1482, -1,
				 5670, 5683, 1481, -1,
				 5670, 1481, 5673, -1,
				 1482, 5685, 5620, -1,
				 1482, 5620, 5623, -1,
				 5644, 5643, 1486, -1,
				 5644, 1486, 1488, -1,
				 1487, 5645, 5644, -1,
				 1487, 5644, 1488, -1,
				 5643, 1457, 1489, -1,
				 5643, 1489, 1486, -1,
				 1490, 5646, 5645, -1,
				 1490, 5645, 1487, -1,
				 1461, 1463, 1493, -1,
				 1461, 1493, 1491, -1,
				 1494, 1464, 1462, -1,
				 1494, 1462, 1492, -1,
				 5676, 5678, 1484, -1,
				 5676, 1484, 5675, -1,
				 1485, 5628, 5626, -1,
				 1485, 5626, 5625, -1,
				 5640, 5690, 5691, -1,
				 5640, 5691, 5639, -1,
				 5630, 5631, 5634, -1,
				 5630, 5634, 5633, -1,
				 5638, 5679, 1497, -1,
				 5638, 1497, 1495, -1,
				 1498, 5629, 5632, -1,
				 1498, 5632, 1496, -1,
				 5674, 5672, 1499, -1,
				 5674, 1499, 1501, -1,
				 1500, 5622, 5624, -1,
				 1500, 5624, 1502, -1,
				 5679, 5674, 1501, -1,
				 5679, 1501, 1497, -1,
				 1502, 5624, 5629, -1,
				 1502, 5629, 1498, -1,
				 5637, 5638, 1495, -1,
				 5637, 1495, 1503, -1,
				 1496, 5632, 5635, -1,
				 1496, 5635, 1504, -1,
				 5636, 5637, 1503, -1,
				 5636, 1503, 1505, -1,
				 1504, 5635, 5636, -1,
				 1504, 5636, 1505, -1,
				 5672, 5680, 1506, -1,
				 5672, 1506, 1499, -1,
				 1507, 5682, 5622, -1,
				 1507, 5622, 1500, -1,
				 5680, 5681, 1508, -1,
				 5680, 1508, 1506, -1,
				 1508, 5681, 5682, -1,
				 1508, 5682, 1507, -1,
				 5708, 5707, 1511, -1,
				 5708, 1511, 1509, -1,
				 1511, 5707, 5706, -1,
				 1511, 5706, 1510, -1,
				 5710, 5708, 1509, -1,
				 5710, 1509, 5720, -1,
				 1510, 5706, 5705, -1,
				 1510, 5705, 1513, -1,
				 5696, 5695, 1515, -1,
				 5696, 1515, 1514, -1,
				 1516, 5697, 5696, -1,
				 1516, 5696, 1514, -1,
				 5695, 5694, 1517, -1,
				 5695, 1517, 1515, -1,
				 5731, 5699, 5697, -1,
				 5731, 5697, 1516, -1,
				 5714, 5712, 1519, -1,
				 5714, 1519, 1521, -1,
				 5727, 5703, 5701, -1,
				 5727, 5701, 1522, -1,
				 5711, 5709, 1512, -1,
				 5711, 1512, 5718, -1,
				 5725, 5704, 5702, -1,
				 5725, 5702, 1520, -1,
				 5693, 5713, 5716, -1,
				 5693, 5716, 5736, -1,
				 5729, 5700, 5698, -1,
				 5729, 5698, 1518, -1,
				 5735, 5715, 1523, -1,
				 5735, 1523, 1525, -1,
				 1524, 5728, 5730, -1,
				 1524, 5730, 1526, -1,
				 5717, 5719, 1527, -1,
				 5717, 1527, 1529, -1,
				 1528, 5724, 5726, -1,
				 1528, 5726, 1530, -1,
				 5715, 5717, 1529, -1,
				 5715, 1529, 1523, -1,
				 1530, 5726, 5728, -1,
				 1530, 5728, 1524, -1,
				 5734, 5735, 1525, -1,
				 5734, 1525, 1531, -1,
				 1526, 5730, 5732, -1,
				 1526, 5732, 1532, -1,
				 5733, 5734, 1531, -1,
				 5733, 1531, 1533, -1,
				 1532, 5732, 5733, -1,
				 1532, 5733, 1533, -1,
				 5719, 5721, 1534, -1,
				 5719, 1534, 1527, -1,
				 1535, 5723, 5724, -1,
				 1535, 5724, 1528, -1,
				 5721, 5722, 1536, -1,
				 5721, 1536, 1534, -1,
				 1536, 5722, 5723, -1,
				 1536, 5723, 1535, -1,
				 5743, 5744, 1539, -1,
				 5743, 1539, 1537, -1,
				 1539, 5744, 5745, -1,
				 1539, 5745, 1538, -1,
				 5742, 5743, 1537, -1,
				 5742, 1537, 1540, -1,
				 1538, 5745, 5747, -1,
				 1538, 5747, 5771, -1,
				 5755, 5756, 1543, -1,
				 5755, 1543, 1542, -1,
				 1544, 5754, 5755, -1,
				 1544, 5755, 1542, -1,
				 5756, 5758, 1545, -1,
				 5756, 1545, 1543, -1,
				 1546, 5753, 5754, -1,
				 1546, 5754, 1544, -1,
				 5738, 5740, 1549, -1,
				 5738, 1549, 1547, -1,
				 1550, 5749, 5751, -1,
				 1550, 5751, 1548, -1,
				 5739, 5741, 5774, -1,
				 5739, 5774, 5777, -1,
				 1541, 5746, 5748, -1,
				 1541, 5748, 5769, -1,
				 5757, 5737, 5778, -1,
				 5757, 5778, 5760, -1,
				 5767, 5750, 5752, -1,
				 5767, 5752, 5764, -1,
				 1555, 5761, 5759, -1,
				 1555, 5759, 5762, -1,
				 5763, 5765, 1556, -1,
				 5763, 1556, 5766, -1,
				 5775, 1553, 5776, -1,
				 5775, 5776, 5773, -1,
				 5768, 1554, 5772, -1,
				 5768, 5772, 5770, -1,
				 1553, 1559, 1563, -1,
				 1553, 1563, 5776, -1,
				 1564, 1560, 1554, -1,
				 1564, 1554, 5768, -1,
				 1561, 1555, 5762, -1,
				 1561, 5762, 1565, -1,
				 5766, 1556, 1562, -1,
				 5766, 1562, 1566, -1,
				 1555, 1567, 1571, -1,
				 1555, 1571, 5761, -1,
				 1572, 1568, 1556, -1,
				 1572, 1556, 5765, -1,
				 5775, 1573, 1569, -1,
				 5775, 1569, 1553, -1,
				 1570, 1574, 5772, -1,
				 1570, 5772, 1554, -1,
				 1573, 1539, 1552, -1,
				 1573, 1552, 1569, -1,
				 1552, 1539, 1574, -1,
				 1552, 1574, 1570, -1,
				 1561, 1575, 1567, -1,
				 1561, 1567, 1555, -1,
				 1568, 1576, 1562, -1,
				 1568, 1562, 1556, -1,
				 1575, 1558, 1551, -1,
				 1575, 1551, 1567, -1,
				 1551, 1558, 1576, -1,
				 1551, 1576, 1568, -1,
				 1553, 1569, 1577, -1,
				 1553, 1577, 1559, -1,
				 1578, 1570, 1554, -1,
				 1578, 1554, 1560, -1,
				 1569, 1552, 1557, -1,
				 1569, 1557, 1577, -1,
				 1557, 1552, 1570, -1,
				 1557, 1570, 1578, -1,
				 5782, 5783, 1579, -1,
				 5782, 1579, 1580, -1,
				 1579, 5783, 5785, -1,
				 1579, 5785, 5795, -1,
				 5780, 5781, 5798, -1,
				 5780, 5798, 1582, -1,
				 1581, 5784, 5787, -1,
				 1581, 5787, 5793, -1,
				 5813, 5812, 1585, -1,
				 5813, 1585, 1584, -1,
				 5824, 5815, 5813, -1,
				 5824, 5813, 1584, -1,
				 5811, 5810, 1587, -1,
				 5811, 1587, 5828, -1,
				 1588, 5817, 5814, -1,
				 1588, 5814, 1586, -1,
				 5809, 5829, 1589, -1,
				 5809, 1589, 5808, -1,
				 1590, 5819, 5816, -1,
				 1590, 5816, 5822, -1,
				 5830, 5779, 5800, -1,
				 5830, 5800, 1591, -1,
				 1583, 5786, 5789, -1,
				 1583, 5789, 1592, -1,
				 5806, 5803, 5802, -1,
				 5806, 5802, 5805, -1,
				 5791, 5788, 5818, -1,
				 5791, 5818, 5820, -1,
				 5799, 5807, 5804, -1,
				 5799, 5804, 5801, -1,
				 5827, 5821, 5792, -1,
				 5827, 5792, 5790, -1,
				 5807, 5799, 1595, -1,
				 5807, 1595, 1593, -1,
				 1596, 5792, 5821, -1,
				 1596, 5821, 1594, -1,
				 5826, 5807, 1593, -1,
				 5826, 1593, 1597, -1,
				 1594, 5821, 5823, -1,
				 1594, 5823, 1598, -1,
				 5825, 5826, 1597, -1,
				 5825, 1597, 1599, -1,
				 1598, 5823, 5825, -1,
				 1598, 5825, 1599, -1,
				 5799, 5797, 1600, -1,
				 5799, 1600, 1595, -1,
				 1601, 5794, 5792, -1,
				 1601, 5792, 1596, -1,
				 5797, 5796, 1602, -1,
				 5797, 1602, 1600, -1,
				 1602, 5796, 5794, -1,
				 1602, 5794, 1601, -1,
				 5847, 5845, 1605, -1,
				 5847, 1605, 5853, -1,
				 1605, 5845, 5844, -1,
				 1605, 5844, 1604, -1,
				 5849, 5846, 1603, -1,
				 5849, 1603, 1606, -1,
				 5856, 5843, 5842, -1,
				 5856, 5842, 1607, -1,
				 5836, 5834, 1608, -1,
				 5836, 1608, 5864, -1,
				 5862, 5838, 5835, -1,
				 5862, 5835, 1610, -1,
				 5833, 5832, 1611, -1,
				 5833, 1611, 5866, -1,
				 5860, 5840, 5837, -1,
				 5860, 5837, 1609, -1,
				 5831, 5848, 5851, -1,
				 5831, 5851, 5868, -1,
				 5858, 5841, 5839, -1,
				 5858, 5839, 1612, -1,
				 5852, 5854, 5863, -1,
				 5852, 5863, 5865, -1,
				 5863, 5854, 5855, -1,
				 5863, 5855, 5861, -1,
				 5850, 5852, 5865, -1,
				 5850, 5865, 5867, -1,
				 5861, 5855, 5857, -1,
				 5861, 5857, 5859, -1,
				 5177, 1613, 1615, -1,
				 5177, 1615, 5176, -1,
				 1616, 1614, 5468, -1,
				 1616, 5468, 5466, -1,
				 5172, 733, 5519, -1,
				 5172, 5519, 5174, -1,
				 5474, 734, 5471, -1,
				 5474, 5471, 5473, -1,
				 5175, 5173, 1617, -1,
				 5175, 1617, 5179, -1,
				 5328, 5472, 5465, -1,
				 5328, 5465, 5325, -1,
				 5173, 735, 5109, -1,
				 5173, 5109, 1617, -1,
				 5529, 736, 5472, -1,
				 5529, 5472, 5328, -1,
				 5178, 5518, 1619, -1,
				 5178, 1619, 5181, -1,
				 1620, 1618, 1006, -1,
				 1620, 1006, 1008, -1,
				 5516, 5108, 739, -1,
				 5516, 739, 5515, -1,
				 5384, 5386, 5327, -1,
				 5384, 5327, 5330, -1,
				 5180, 5514, 1621, -1,
				 5180, 1621, 5183, -1,
				 1622, 5329, 5331, -1,
				 1622, 5331, 5337, -1,
				 5514, 5517, 741, -1,
				 5514, 741, 1621, -1,
				 5463, 740, 5329, -1,
				 5463, 5329, 1622, -1,
				 5182, 5508, 5500, -1,
				 5182, 5500, 5185, -1,
				 1624, 5462, 5336, -1,
				 1624, 5336, 5339, -1,
				 5508, 5507, 5504, -1,
				 5508, 5504, 5500, -1,
				 5343, 742, 5462, -1,
				 5343, 5462, 1624, -1,
				 5184, 1623, 5498, -1,
				 5184, 5498, 5187, -1,
				 1626, 5341, 5338, -1,
				 1626, 5338, 5217, -1,
				 5499, 5501, 5495, -1,
				 5499, 5495, 5497, -1,
				 5458, 5342, 5340, -1,
				 5458, 5340, 5461, -1,
				 5186, 1625, 1627, -1,
				 5186, 1627, 5189, -1,
				 1628, 5460, 5216, -1,
				 1628, 5216, 5215, -1,
				 1625, 745, 5489, -1,
				 1625, 5489, 1627, -1,
				 5484, 5457, 5460, -1,
				 5484, 5460, 1628, -1,
				 5188, 5488, 1629, -1,
				 5188, 1629, 5191, -1,
				 5212, 5483, 5214, -1,
				 5212, 5214, 5209, -1,
				 5488, 747, 749, -1,
				 5488, 749, 1629, -1,
				 750, 748, 5483, -1,
				 750, 5483, 5212, -1,
				 5522, 1631, 5171, -1,
				 5522, 5171, 5521, -1,
				 5470, 1632, 5469, -1,
				 5470, 5469, 5467, -1,
				 1631, 5421, 5169, -1,
				 1631, 5169, 5171, -1,
				 5476, 756, 1632, -1,
				 5476, 1632, 5470, -1,
				 5198, 1633, 1635, -1,
				 5198, 1635, 5200, -1,
				 1635, 1634, 5201, -1,
				 1635, 5201, 5200, -1,
				 5192, 1636, 1633, -1,
				 5192, 1633, 5198, -1,
				 1634, 1637, 5208, -1,
				 1634, 5208, 5201, -1,
				 5870, 5869, 757, -1,
				 5870, 757, 1635, -1,
				 757, 5213, 5211, -1,
				 757, 5211, 1635, -1,
				 5190, 5487, 1636, -1,
				 5190, 1636, 5192, -1,
				 1637, 1630, 1018, -1,
				 1637, 1018, 5208, -1,
				 1017, 5193, 5195, -1,
				 1017, 5195, 1270, -1,
				 5206, 5207, 5210, -1,
				 5206, 5210, 1271, -1,
				 5194, 1340, 5275, -1,
				 5194, 5275, 5277, -1,
				 5225, 1341, 5205, -1,
				 5225, 5205, 5227, -1,
				 1641, 1639, 1673, -1,
				 1641, 1673, 1671, -1,
				 1674, 1640, 1642, -1,
				 1674, 1642, 1672, -1,
				 1643, 5916, 5915, -1,
				 1643, 5915, 1675, -1,
				 6241, 6242, 1644, -1,
				 6241, 1644, 1676, -1,
				 1645, 6523, 6525, -1,
				 1645, 6525, 1677, -1,
				 6529, 6527, 1646, -1,
				 6529, 1646, 1678, -1,
				 1647, 6531, 6532, -1,
				 1647, 6532, 1679, -1,
				 6534, 6533, 1648, -1,
				 6534, 1648, 1680, -1,
				 1649, 6535, 6537, -1,
				 1649, 6537, 1681, -1,
				 6541, 6539, 1650, -1,
				 6541, 1650, 1682, -1,
				 1651, 6543, 6544, -1,
				 1651, 6544, 1683, -1,
				 6546, 6545, 1652, -1,
				 6546, 1652, 1684, -1,
				 1653, 6547, 6549, -1,
				 1653, 6549, 1685, -1,
				 6553, 6551, 1654, -1,
				 6553, 1654, 1686, -1,
				 1655, 6555, 6556, -1,
				 1655, 6556, 1687, -1,
				 6558, 6557, 1656, -1,
				 6558, 1656, 1688, -1,
				 1657, 6559, 6561, -1,
				 1657, 6561, 1689, -1,
				 6565, 6563, 1658, -1,
				 6565, 1658, 1690, -1,
				 1659, 6567, 6568, -1,
				 1659, 6568, 1691, -1,
				 6570, 6569, 1660, -1,
				 6570, 1660, 1692, -1,
				 1661, 6571, 6573, -1,
				 1661, 6573, 1693, -1,
				 6577, 6575, 1662, -1,
				 6577, 1662, 1694, -1,
				 1663, 6579, 6580, -1,
				 1663, 6580, 1695, -1,
				 6582, 6581, 1664, -1,
				 6582, 1664, 1696, -1,
				 1665, 6583, 6585, -1,
				 1665, 6585, 1697, -1,
				 6589, 6587, 1666, -1,
				 6589, 1666, 1698, -1,
				 1667, 6591, 6592, -1,
				 1667, 6592, 1699, -1,
				 6594, 6593, 1668, -1,
				 6594, 1668, 1700, -1,
				 1669, 6595, 6597, -1,
				 1669, 6597, 1701, -1,
				 6601, 6599, 1670, -1,
				 6601, 1670, 1702, -1,
				 5871, 6603, 6604, -1,
				 5871, 6604, 5873, -1,
				 6606, 6605, 6197, -1,
				 6606, 6197, 6199, -1,
				 5902, 5901, 1703, -1,
				 5902, 1703, 5885, -1,
				 1704, 6227, 6228, -1,
				 1704, 6228, 6211, -1,
				 5919, 5914, 5882, -1,
				 5919, 5882, 1707, -1,
				 6208, 6240, 6245, -1,
				 6208, 6245, 1708, -1,
				 5922, 5918, 6192, -1,
				 5922, 6192, 1709, -1,
				 6518, 6244, 6248, -1,
				 6518, 6248, 1710, -1,
				 5925, 5921, 6150, -1,
				 5925, 6150, 1711, -1,
				 6476, 6247, 6251, -1,
				 6476, 6251, 1712, -1,
				 5928, 5924, 6124, -1,
				 5928, 6124, 1713, -1,
				 6450, 6250, 6254, -1,
				 6450, 6254, 1714, -1,
				 5931, 5927, 6118, -1,
				 5931, 6118, 1715, -1,
				 6444, 6253, 6257, -1,
				 6444, 6257, 1716, -1,
				 5934, 5930, 6092, -1,
				 5934, 6092, 1717, -1,
				 6418, 6256, 6260, -1,
				 6418, 6260, 1718, -1,
				 5937, 5933, 6086, -1,
				 5937, 6086, 1719, -1,
				 6412, 6259, 6263, -1,
				 6412, 6263, 1720, -1,
				 5940, 5936, 6060, -1,
				 5940, 6060, 1721, -1,
				 6386, 6262, 6266, -1,
				 6386, 6266, 1722, -1,
				 5943, 5939, 6054, -1,
				 5943, 6054, 1723, -1,
				 6380, 6265, 6269, -1,
				 6380, 6269, 1724, -1,
				 5946, 5942, 6028, -1,
				 5946, 6028, 1725, -1,
				 6354, 6268, 6272, -1,
				 6354, 6272, 1726, -1,
				 5949, 5945, 6022, -1,
				 5949, 6022, 1727, -1,
				 6348, 6271, 6275, -1,
				 6348, 6275, 1728, -1,
				 5952, 5948, 5996, -1,
				 5952, 5996, 1729, -1,
				 6322, 6274, 6278, -1,
				 6322, 6278, 1730, -1,
				 5955, 5951, 5990, -1,
				 5955, 5990, 1731, -1,
				 6316, 6277, 6281, -1,
				 6316, 6281, 1732, -1,
				 5958, 5954, 5984, -1,
				 5958, 5984, 1733, -1,
				 6310, 6280, 6284, -1,
				 6310, 6284, 1734, -1,
				 5872, 5957, 5959, -1,
				 5872, 5959, 5875, -1,
				 6285, 6283, 6198, -1,
				 6285, 6198, 6201, -1,
				 5884, 5886, 1735, -1,
				 5884, 1735, 1737, -1,
				 1736, 6212, 6210, -1,
				 1736, 6210, 1738, -1,
				 6196, 5880, 5879, -1,
				 6196, 5879, 1739, -1,
				 6205, 6206, 6522, -1,
				 6205, 6522, 1740, -1,
				 6194, 6191, 6193, -1,
				 6194, 6193, 1741, -1,
				 6519, 6517, 6520, -1,
				 6519, 6520, 1742, -1,
				 6151, 6149, 6148, -1,
				 6151, 6148, 1743, -1,
				 6474, 6475, 6477, -1,
				 6474, 6477, 1744, -1,
				 6125, 6123, 6121, -1,
				 6125, 6121, 1745, -1,
				 6447, 6449, 6451, -1,
				 6447, 6451, 1746, -1,
				 6119, 6117, 6116, -1,
				 6119, 6116, 1747, -1,
				 6442, 6443, 6445, -1,
				 6442, 6445, 1748, -1,
				 6093, 6091, 6089, -1,
				 6093, 6089, 1749, -1,
				 6415, 6417, 6419, -1,
				 6415, 6419, 1750, -1,
				 6087, 6085, 6084, -1,
				 6087, 6084, 1751, -1,
				 6410, 6411, 6413, -1,
				 6410, 6413, 1752, -1,
				 6061, 6059, 6057, -1,
				 6061, 6057, 1753, -1,
				 6383, 6385, 6387, -1,
				 6383, 6387, 1754, -1,
				 6055, 6053, 6052, -1,
				 6055, 6052, 1755, -1,
				 6378, 6379, 6381, -1,
				 6378, 6381, 1756, -1,
				 6029, 6027, 6025, -1,
				 6029, 6025, 1757, -1,
				 6351, 6353, 6355, -1,
				 6351, 6355, 1758, -1,
				 6023, 6021, 6020, -1,
				 6023, 6020, 1759, -1,
				 6346, 6347, 6349, -1,
				 6346, 6349, 1760, -1,
				 5997, 5995, 5993, -1,
				 5997, 5993, 1761, -1,
				 6319, 6321, 6323, -1,
				 6319, 6323, 1762, -1,
				 5991, 5989, 5988, -1,
				 5991, 5988, 1763, -1,
				 6314, 6315, 6317, -1,
				 6314, 6317, 1764, -1,
				 6155, 5983, 5986, -1,
				 6155, 5986, 1765, -1,
				 6312, 6309, 6481, -1,
				 6312, 6481, 1766, -1,
				 5874, 6154, 6156, -1,
				 5874, 6156, 5877, -1,
				 6482, 6480, 6200, -1,
				 6482, 6200, 6203, -1,
				 5878, 5876, 1769, -1,
				 5878, 1769, 1767, -1,
				 1770, 6202, 6204, -1,
				 1770, 6204, 1768, -1,
				 6152, 5878, 1767, -1,
				 6152, 1767, 1771, -1,
				 1768, 6204, 6478, -1,
				 1768, 6478, 1772, -1,
				 6147, 6152, 1771, -1,
				 6147, 1771, 1773, -1,
				 1772, 6478, 6473, -1,
				 1772, 6473, 1774, -1,
				 6120, 6147, 1773, -1,
				 6120, 1773, 1775, -1,
				 1774, 6473, 6446, -1,
				 1774, 6446, 1776, -1,
				 6115, 6120, 1775, -1,
				 6115, 1775, 1777, -1,
				 1776, 6446, 6441, -1,
				 1776, 6441, 1778, -1,
				 6088, 6115, 1777, -1,
				 6088, 1777, 1779, -1,
				 1778, 6441, 6414, -1,
				 1778, 6414, 1780, -1,
				 6083, 6088, 1779, -1,
				 6083, 1779, 1781, -1,
				 1780, 6414, 6409, -1,
				 1780, 6409, 1782, -1,
				 6056, 6083, 1781, -1,
				 6056, 1781, 1783, -1,
				 1782, 6409, 6382, -1,
				 1782, 6382, 1784, -1,
				 6051, 6056, 1783, -1,
				 6051, 1783, 1785, -1,
				 1784, 6382, 6377, -1,
				 1784, 6377, 1786, -1,
				 6024, 6051, 1785, -1,
				 6024, 1785, 1787, -1,
				 1786, 6377, 6350, -1,
				 1786, 6350, 1788, -1,
				 6019, 6024, 1787, -1,
				 6019, 1787, 1789, -1,
				 1788, 6350, 6345, -1,
				 1788, 6345, 1790, -1,
				 5992, 6019, 1789, -1,
				 5992, 1789, 1791, -1,
				 1790, 6345, 6318, -1,
				 1790, 6318, 1792, -1,
				 5987, 5992, 1791, -1,
				 5987, 1791, 1793, -1,
				 1792, 6318, 6313, -1,
				 1792, 6313, 1794, -1,
				 5985, 5987, 1793, -1,
				 5985, 1793, 1795, -1,
				 1794, 6313, 6311, -1,
				 1794, 6311, 1796, -1,
				 6153, 5985, 1795, -1,
				 6153, 1795, 1797, -1,
				 1796, 6311, 6479, -1,
				 1796, 6479, 1798, -1,
				 5876, 6153, 1797, -1,
				 5876, 1797, 1769, -1,
				 1798, 6479, 6202, -1,
				 1798, 6202, 1770, -1,
				 6607, 6638, 6675, -1,
				 6607, 6675, 6674, -1,
				 6968, 6931, 6900, -1,
				 6968, 6900, 6967, -1,
				 6610, 6608, 1801, -1,
				 6610, 1801, 1803, -1,
				 1802, 6901, 6903, -1,
				 1802, 6903, 1804, -1,
				 6612, 6609, 6707, -1,
				 6612, 6707, 6706, -1,
				 7000, 6902, 6905, -1,
				 7000, 6905, 6999, -1,
				 6614, 6611, 1805, -1,
				 6614, 1805, 1807, -1,
				 1806, 6904, 6907, -1,
				 1806, 6907, 1808, -1,
				 6616, 6613, 6722, -1,
				 6616, 6722, 6725, -1,
				 7015, 6906, 6909, -1,
				 7015, 6909, 7018, -1,
				 6618, 6615, 6895, -1,
				 6618, 6895, 6740, -1,
				 7188, 6908, 6911, -1,
				 7188, 6911, 7033, -1,
				 6620, 6617, 6753, -1,
				 6620, 6753, 6756, -1,
				 7046, 6910, 6913, -1,
				 7046, 6913, 7049, -1,
				 6622, 6619, 6894, -1,
				 6622, 6894, 6771, -1,
				 7187, 6912, 6915, -1,
				 7187, 6915, 7064, -1,
				 6624, 6621, 6784, -1,
				 6624, 6784, 6787, -1,
				 7077, 6914, 6917, -1,
				 7077, 6917, 7080, -1,
				 6626, 6623, 6893, -1,
				 6626, 6893, 6802, -1,
				 7186, 6916, 6919, -1,
				 7186, 6919, 7095, -1,
				 6628, 6625, 6816, -1,
				 6628, 6816, 1821, -1,
				 7109, 6918, 6921, -1,
				 7109, 6921, 1822, -1,
				 6630, 6627, 6892, -1,
				 6630, 6892, 6825, -1,
				 7185, 6920, 6923, -1,
				 7185, 6923, 7118, -1,
				 6632, 6629, 6848, -1,
				 6632, 6848, 6851, -1,
				 7141, 6922, 6925, -1,
				 7141, 6925, 7144, -1,
				 6634, 6631, 6891, -1,
				 6634, 6891, 6866, -1,
				 7184, 6924, 6927, -1,
				 7184, 6927, 7159, -1,
				 6636, 6633, 6879, -1,
				 6636, 6879, 6882, -1,
				 7172, 6926, 6929, -1,
				 7172, 6929, 7175, -1,
				 6637, 6635, 1829, -1,
				 6637, 1829, 6640, -1,
				 1830, 6928, 6930, -1,
				 1830, 6930, 6933, -1,
				 7195, 7193, 6660, -1,
				 7195, 6660, 1835, -1,
				 6953, 7197, 7199, -1,
				 6953, 7199, 1836, -1,
				 6898, 6896, 6712, -1,
				 6898, 6712, 1839, -1,
				 7005, 7189, 7191, -1,
				 7005, 7191, 1840, -1,
				 6639, 6890, 6886, -1,
				 6639, 6886, 6642, -1,
				 7179, 7183, 6932, -1,
				 7179, 6932, 6935, -1,
				 1833, 1831, 1863, -1,
				 1864, 1832, 1834, -1,
				 6685, 6658, 6657, -1,
				 6950, 6951, 6978, -1,
				 1837, 6687, 6656, -1,
				 6949, 6980, 1838, -1,
				 6713, 6711, 6655, -1,
				 6948, 7004, 7006, -1,
				 1841, 6717, 6654, -1,
				 6947, 7010, 1842, -1,
				 6735, 6746, 6653, -1,
				 6946, 7039, 7028, -1,
				 1845, 6748, 6652, -1,
				 6945, 7041, 1846, -1,
				 6766, 6777, 6651, -1,
				 6944, 7070, 7059, -1,
				 1849, 6779, 6650, -1,
				 6943, 7072, 1850, -1,
				 6797, 6808, 6649, -1,
				 6942, 7101, 7090, -1,
				 1853, 6810, 6648, -1,
				 6941, 7103, 1854, -1,
				 6830, 6841, 6647, -1,
				 6940, 7134, 7123, -1,
				 1857, 6843, 6646, -1,
				 6939, 7136, 1858, -1,
				 6861, 6872, 6645, -1,
				 6938, 7165, 7154, -1,
				 1861, 6874, 6644, -1,
				 6937, 7167, 1862, -1,
				 6641, 6889, 6643, -1,
				 6936, 7182, 6934, -1,
				 6885, 6887, 1865, -1,
				 6885, 1865, 1867, -1,
				 1866, 7180, 7178, -1,
				 1866, 7178, 1868, -1,
				 6873, 6884, 6888, -1,
				 6873, 6888, 6876, -1,
				 7181, 7177, 7166, -1,
				 7181, 7166, 7169, -1,
				 1827, 1859, 1869, -1,
				 1827, 1869, 1871, -1,
				 1870, 1860, 1828, -1,
				 1870, 1828, 1872, -1,
				 6855, 1825, 1873, -1,
				 6855, 1873, 1875, -1,
				 1874, 1826, 7148, -1,
				 1874, 7148, 1876, -1,
				 6842, 6853, 6871, -1,
				 6842, 6871, 6845, -1,
				 7164, 7146, 7135, -1,
				 7164, 7135, 7138, -1,
				 1823, 1855, 1877, -1,
				 1823, 1877, 1879, -1,
				 1878, 1856, 1824, -1,
				 1878, 1824, 1880, -1,
				 6839, 6819, 1881, -1,
				 6839, 1881, 1883, -1,
				 1882, 7112, 7132, -1,
				 1882, 7132, 1884, -1,
				 6809, 6838, 6840, -1,
				 6809, 6840, 6812, -1,
				 7133, 7131, 7102, -1,
				 7133, 7102, 7105, -1,
				 1819, 1851, 1885, -1,
				 1819, 1885, 1887, -1,
				 1886, 1852, 1820, -1,
				 1886, 1820, 1888, -1,
				 6791, 1817, 1889, -1,
				 6791, 1889, 1891, -1,
				 1890, 1818, 7084, -1,
				 1890, 7084, 1892, -1,
				 6778, 6789, 6807, -1,
				 6778, 6807, 6781, -1,
				 7100, 7082, 7071, -1,
				 7100, 7071, 7074, -1,
				 1815, 1847, 1893, -1,
				 1815, 1893, 1895, -1,
				 1894, 1848, 1816, -1,
				 1894, 1816, 1896, -1,
				 6760, 1813, 1899, -1,
				 6760, 1899, 1897, -1,
				 1900, 1814, 7053, -1,
				 1900, 7053, 1898, -1,
				 6747, 6758, 6776, -1,
				 6747, 6776, 6750, -1,
				 7069, 7051, 7040, -1,
				 7069, 7040, 7043, -1,
				 1811, 1843, 1901, -1,
				 1811, 1901, 1903, -1,
				 1902, 1844, 1812, -1,
				 1902, 1812, 1904, -1,
				 6729, 1809, 1907, -1,
				 6729, 1907, 1905, -1,
				 1908, 1810, 7022, -1,
				 1908, 7022, 1906, -1,
				 6716, 6727, 6745, -1,
				 6716, 6745, 6719, -1,
				 7038, 7020, 7009, -1,
				 7038, 7009, 7012, -1,
				 6897, 6899, 1909, -1,
				 6897, 1909, 1911, -1,
				 1910, 7192, 7190, -1,
				 1910, 7190, 1912, -1,
				 6710, 6714, 6699, -1,
				 6710, 6699, 1915, -1,
				 6992, 7007, 7003, -1,
				 6992, 7003, 1916, -1,
				 6686, 6709, 6715, -1,
				 6686, 6715, 6689, -1,
				 7008, 7002, 6979, -1,
				 7008, 6979, 6982, -1,
				 7194, 7196, 1917, -1,
				 7194, 1917, 6696, -1,
				 1918, 7200, 7198, -1,
				 1918, 7198, 6989, -1,
				 6659, 6684, 6673, -1,
				 6659, 6673, 6662, -1,
				 6966, 6977, 6952, -1,
				 6966, 6952, 6955, -1,
				 7201, 7202, 1923, -1,
				 7201, 1923, 6669, -1,
				 1924, 7204, 7203, -1,
				 1924, 7203, 6962, -1,
				 1799, 6676, 6668, -1,
				 1799, 6668, 6671, -1,
				 6961, 6969, 1800, -1,
				 6961, 1800, 6964, -1,
				 6882, 6879, 6878, -1,
				 6882, 6878, 6881, -1,
				 7171, 7172, 7175, -1,
				 7171, 7175, 7174, -1,
				 6851, 6848, 6847, -1,
				 6851, 6847, 6850, -1,
				 7140, 7141, 7144, -1,
				 7140, 7144, 7143, -1,
				 6817, 6815, 6814, -1,
				 6817, 6814, 6835, -1,
				 7107, 7108, 7110, -1,
				 7107, 7110, 7128, -1,
				 6787, 6784, 6783, -1,
				 6787, 6783, 6786, -1,
				 7076, 7077, 7080, -1,
				 7076, 7080, 7079, -1,
				 6756, 6753, 6752, -1,
				 6756, 6752, 6755, -1,
				 7045, 7046, 7049, -1,
				 7045, 7049, 7048, -1,
				 6725, 6722, 6721, -1,
				 6725, 6721, 6724, -1,
				 7014, 7015, 7018, -1,
				 7014, 7018, 7017, -1,
				 6706, 6707, 6695, -1,
				 6706, 6695, 6697, -1,
				 6988, 7000, 6999, -1,
				 6988, 6999, 6990, -1,
				 6674, 6675, 6670, -1,
				 6674, 6670, 6672, -1,
				 6963, 6968, 6967, -1,
				 6963, 6967, 6965, -1,
				 6880, 6877, 6875, -1,
				 6880, 6875, 6883, -1,
				 7168, 7170, 7173, -1,
				 7168, 7173, 7176, -1,
				 6849, 6846, 6844, -1,
				 6849, 6844, 6852, -1,
				 7137, 7139, 7142, -1,
				 7137, 7142, 7145, -1,
				 6836, 6813, 6811, -1,
				 6836, 6811, 6837, -1,
				 7104, 7106, 7129, -1,
				 7104, 7129, 7130, -1,
				 6785, 6782, 6780, -1,
				 6785, 6780, 6788, -1,
				 7073, 7075, 7078, -1,
				 7073, 7078, 7081, -1,
				 6754, 6751, 6749, -1,
				 6754, 6749, 6757, -1,
				 7042, 7044, 7047, -1,
				 7042, 7047, 7050, -1,
				 6723, 6720, 6718, -1,
				 6723, 6718, 6726, -1,
				 7011, 7013, 7016, -1,
				 7011, 7016, 7019, -1,
				 1921, 1927, 1931, -1,
				 1921, 1931, 1929, -1,
				 1932, 1928, 1922, -1,
				 1932, 1922, 1930, -1,
				 1913, 1919, 1935, -1,
				 1913, 1935, 1933, -1,
				 1936, 1920, 1914, -1,
				 1936, 1914, 1934, -1,
				 6680, 1925, 1937, -1,
				 6680, 1937, 6679, -1,
				 1938, 1926, 6973, -1,
				 1938, 6973, 6972, -1,
				 6667, 6677, 1939, -1,
				 6667, 1939, 6666, -1,
				 1940, 6970, 6960, -1,
				 1940, 6960, 6959, -1,
				 6661, 6682, 6683, -1,
				 6661, 6683, 6664, -1,
				 6976, 6975, 6954, -1,
				 6976, 6954, 6957, -1,
				 6694, 6708, 1941, -1,
				 6694, 1941, 6693, -1,
				 1942, 7001, 6987, -1,
				 1942, 6987, 6986, -1,
				 6688, 6704, 1943, -1,
				 6688, 1943, 6691, -1,
				 1944, 6997, 6981, -1,
				 1944, 6981, 6984, -1,
				 6703, 6698, 6701, -1,
				 6703, 6701, 6705, -1,
				 6994, 6991, 6996, -1,
				 6994, 6996, 6998, -1,
				 7222, 7221, 1945, -1,
				 7222, 1945, 1947, -1,
				 1946, 7223, 7224, -1,
				 1946, 7224, 1948, -1,
				 6862, 6860, 6859, -1,
				 6862, 6859, 1949, -1,
				 7152, 7153, 7155, -1,
				 7152, 7155, 1950, -1,
				 6868, 6854, 6857, -1,
				 6868, 6857, 1951, -1,
				 7150, 7147, 7161, -1,
				 7150, 7161, 1952, -1,
				 7218, 7217, 1953, -1,
				 7218, 1953, 1955, -1,
				 1954, 7219, 7220, -1,
				 1954, 7220, 1956, -1,
				 6832, 6829, 6828, -1,
				 6832, 6828, 1957, -1,
				 7121, 7122, 7125, -1,
				 7121, 7125, 1958, -1,
				 6818, 6831, 6833, -1,
				 6818, 6833, 6821, -1,
				 7126, 7124, 7111, -1,
				 7126, 7111, 7114, -1,
				 7214, 7213, 1961, -1,
				 7214, 1961, 1963, -1,
				 1962, 7215, 7216, -1,
				 1962, 7216, 1964, -1,
				 6798, 6796, 6795, -1,
				 6798, 6795, 1965, -1,
				 7088, 7089, 7091, -1,
				 7088, 7091, 1966, -1,
				 6804, 6790, 6793, -1,
				 6804, 6793, 1967, -1,
				 7086, 7083, 7097, -1,
				 7086, 7097, 1968, -1,
				 7210, 7209, 1969, -1,
				 7210, 1969, 1971, -1,
				 1970, 7211, 7212, -1,
				 1970, 7212, 1972, -1,
				 6767, 6765, 6764, -1,
				 6767, 6764, 1973, -1,
				 7057, 7058, 7060, -1,
				 7057, 7060, 1974, -1,
				 6773, 6759, 6762, -1,
				 6773, 6762, 1975, -1,
				 7055, 7052, 7066, -1,
				 7055, 7066, 1976, -1,
				 7206, 7205, 1977, -1,
				 7206, 1977, 1979, -1,
				 1978, 7207, 7208, -1,
				 1978, 7208, 1980, -1,
				 6736, 6734, 6733, -1,
				 6736, 6733, 1981, -1,
				 7026, 7027, 7029, -1,
				 7026, 7029, 1982, -1,
				 6742, 6728, 6731, -1,
				 6742, 6731, 1983, -1,
				 7024, 7021, 7035, -1,
				 7024, 7035, 1984, -1,
				 6865, 6867, 6869, -1,
				 6865, 6869, 6864, -1,
				 7162, 7160, 7158, -1,
				 7162, 7158, 7157, -1,
				 6824, 6826, 1959, -1,
				 6824, 1959, 6823, -1,
				 1960, 7119, 7117, -1,
				 1960, 7117, 7116, -1,
				 6801, 6803, 6805, -1,
				 6801, 6805, 6800, -1,
				 7098, 7096, 7094, -1,
				 7098, 7094, 7093, -1,
				 6770, 6772, 6774, -1,
				 6770, 6774, 6769, -1,
				 7067, 7065, 7063, -1,
				 7067, 7063, 7062, -1,
				 6739, 6741, 6743, -1,
				 6739, 6743, 6738, -1,
				 7036, 7034, 7032, -1,
				 7036, 7032, 7031, -1,
				 6681, 6678, 6665, -1,
				 6681, 6665, 6663, -1,
				 6958, 6971, 6974, -1,
				 6958, 6974, 6956, -1,
				 6700, 6692, 6690, -1,
				 6700, 6690, 6702, -1,
				 6983, 6985, 6993, -1,
				 6983, 6993, 6995, -1,
				 6863, 6870, 6856, -1,
				 6863, 6856, 6858, -1,
				 7149, 7163, 7156, -1,
				 7149, 7156, 7151, -1,
				 6822, 6820, 6834, -1,
				 6822, 6834, 6827, -1,
				 7127, 7113, 7115, -1,
				 7127, 7115, 7120, -1,
				 6799, 6806, 6792, -1,
				 6799, 6792, 6794, -1,
				 7085, 7099, 7092, -1,
				 7085, 7092, 7087, -1,
				 6768, 6775, 6761, -1,
				 6768, 6761, 6763, -1,
				 7054, 7068, 7061, -1,
				 7054, 7061, 7056, -1,
				 6737, 6744, 6730, -1,
				 6737, 6730, 6732, -1,
				 7023, 7037, 7030, -1,
				 7023, 7030, 7025, -1,
				 6157, 5982, 1987, -1,
				 6157, 1987, 1985, -1,
				 1988, 6308, 6483, -1,
				 1988, 6483, 1986, -1,
				 6014, 5994, 5999, -1,
				 6014, 5999, 1989, -1,
				 6325, 6320, 6340, -1,
				 6325, 6340, 1990, -1,
				 6046, 6026, 6031, -1,
				 6046, 6031, 1993, -1,
				 6357, 6352, 6372, -1,
				 6357, 6372, 1994, -1,
				 6078, 6058, 6063, -1,
				 6078, 6063, 1997, -1,
				 6389, 6384, 6404, -1,
				 6389, 6404, 1998, -1,
				 6110, 6090, 6095, -1,
				 6110, 6095, 2001, -1,
				 6421, 6416, 6436, -1,
				 6421, 6436, 2002, -1,
				 6142, 6122, 6127, -1,
				 6142, 6127, 2005, -1,
				 6453, 6448, 6468, -1,
				 6453, 6468, 2006, -1,
				 6195, 6190, 2011, -1,
				 6195, 2011, 2009, -1,
				 2012, 6516, 6521, -1,
				 2012, 6521, 2010, -1,
				 5883, 5913, 2015, -1,
				 5883, 2015, 5888, -1,
				 2016, 6239, 6209, -1,
				 2016, 6209, 6214, -1,
				 5900, 5903, 2019, -1,
				 5900, 2019, 2017, -1,
				 2020, 6229, 6226, -1,
				 2020, 6226, 2018, -1,
				 6524, 6526, 2021, -1,
				 6524, 2021, 2023, -1,
				 2022, 6530, 6528, -1,
				 2022, 6528, 2024, -1,
				 6536, 6538, 2025, -1,
				 6536, 2025, 6135, -1,
				 2026, 6542, 6540, -1,
				 2026, 6540, 6461, -1,
				 6548, 6550, 2029, -1,
				 6548, 2029, 6103, -1,
				 2030, 6554, 6552, -1,
				 2030, 6552, 6429, -1,
				 6560, 6562, 2033, -1,
				 6560, 2033, 6071, -1,
				 2034, 6566, 6564, -1,
				 2034, 6564, 6397, -1,
				 6572, 6574, 2037, -1,
				 6572, 2037, 6039, -1,
				 2038, 6578, 6576, -1,
				 2038, 6576, 6365, -1,
				 6584, 6586, 2041, -1,
				 6584, 2041, 6007, -1,
				 2042, 6590, 6588, -1,
				 2042, 6588, 6333, -1,
				 6596, 6598, 2045, -1,
				 6596, 2045, 2047, -1,
				 2046, 6602, 6600, -1,
				 2046, 6600, 2048, -1,
				 5905, 5899, 5898, -1,
				 5905, 5898, 2049, -1,
				 6224, 6225, 6231, -1,
				 6224, 6231, 2050, -1,
				 5896, 5881, 5893, -1,
				 5896, 5893, 5895, -1,
				 6219, 6207, 6222, -1,
				 6219, 6222, 6221, -1,
				 6179, 5917, 6171, -1,
				 6179, 6171, 2053, -1,
				 6497, 6243, 6505, -1,
				 6497, 6505, 2054, -1,
				 5920, 6184, 2055, -1,
				 5920, 2055, 6169, -1,
				 2056, 6510, 6246, -1,
				 2056, 6246, 6495, -1,
				 6167, 5923, 2027, -1,
				 6167, 2027, 2057, -1,
				 2028, 6249, 6493, -1,
				 2028, 6493, 2058, -1,
				 5926, 6166, 2059, -1,
				 5926, 2059, 6137, -1,
				 2060, 6492, 6252, -1,
				 2060, 6252, 6463, -1,
				 6165, 5929, 2031, -1,
				 6165, 2031, 2061, -1,
				 2032, 6255, 6491, -1,
				 2032, 6491, 2062, -1,
				 5932, 6164, 2063, -1,
				 5932, 2063, 6105, -1,
				 2064, 6490, 6258, -1,
				 2064, 6258, 6431, -1,
				 6163, 5935, 2035, -1,
				 6163, 2035, 2065, -1,
				 2036, 6261, 6489, -1,
				 2036, 6489, 2066, -1,
				 5938, 6162, 2067, -1,
				 5938, 2067, 6073, -1,
				 2068, 6488, 6264, -1,
				 2068, 6264, 6399, -1,
				 6161, 5941, 2039, -1,
				 6161, 2039, 2069, -1,
				 2040, 6267, 6487, -1,
				 2040, 6487, 2070, -1,
				 5944, 6160, 2071, -1,
				 5944, 2071, 6041, -1,
				 2072, 6486, 6270, -1,
				 2072, 6270, 6367, -1,
				 6159, 5947, 2043, -1,
				 6159, 2043, 2073, -1,
				 2044, 6273, 6485, -1,
				 2044, 6485, 2074, -1,
				 5950, 6158, 2075, -1,
				 5950, 2075, 6009, -1,
				 2076, 6484, 6276, -1,
				 2076, 6276, 6335, -1,
				 5971, 5953, 5963, -1,
				 5971, 5963, 2077, -1,
				 6289, 6279, 6297, -1,
				 6289, 6297, 2078, -1,
				 5956, 5976, 2079, -1,
				 5956, 2079, 5961, -1,
				 2080, 6302, 6282, -1,
				 2080, 6282, 6287, -1,
				 5907, 5904, 5910, -1,
				 5907, 5910, 2081, -1,
				 6236, 6230, 6233, -1,
				 6236, 6233, 2082, -1,
				 5887, 5906, 5908, -1,
				 5887, 5908, 5890, -1,
				 6234, 6232, 6213, -1,
				 6234, 6213, 6216, -1,
				 1705, 2013, 2083, -1,
				 1705, 2083, 2051, -1,
				 2084, 2014, 1706, -1,
				 2084, 1706, 2052, -1,
				 6177, 6178, 6180, -1,
				 6177, 6180, 2085, -1,
				 6506, 6504, 6503, -1,
				 6506, 6503, 2086, -1,
				 6182, 6176, 6175, -1,
				 6182, 6175, 2087, -1,
				 6501, 6502, 6508, -1,
				 6501, 6508, 2088, -1,
				 6183, 6181, 6188, -1,
				 6183, 6188, 6186, -1,
				 6514, 6507, 6509, -1,
				 6514, 6509, 6512, -1,
				 2007, 6133, 6132, -1,
				 2007, 6132, 2089, -1,
				 6458, 6459, 2008, -1,
				 6458, 2008, 2090, -1,
				 6144, 6126, 6129, -1,
				 6144, 6129, 2091, -1,
				 6455, 6452, 6470, -1,
				 6455, 6470, 2092, -1,
				 6141, 6143, 6145, -1,
				 6141, 6145, 6140, -1,
				 6471, 6469, 6467, -1,
				 6471, 6467, 6466, -1,
				 2003, 6101, 6100, -1,
				 2003, 6100, 2093, -1,
				 6426, 6427, 2004, -1,
				 6426, 2004, 2094, -1,
				 6112, 6094, 6097, -1,
				 6112, 6097, 2095, -1,
				 6423, 6420, 6438, -1,
				 6423, 6438, 2096, -1,
				 6109, 6111, 6113, -1,
				 6109, 6113, 6108, -1,
				 6439, 6437, 6435, -1,
				 6439, 6435, 6434, -1,
				 1999, 6069, 6068, -1,
				 1999, 6068, 2097, -1,
				 6394, 6395, 2000, -1,
				 6394, 2000, 2098, -1,
				 6080, 6062, 6065, -1,
				 6080, 6065, 2099, -1,
				 6391, 6388, 6406, -1,
				 6391, 6406, 2100, -1,
				 6077, 6079, 6081, -1,
				 6077, 6081, 6076, -1,
				 6407, 6405, 6403, -1,
				 6407, 6403, 6402, -1,
				 1995, 6037, 6036, -1,
				 1995, 6036, 2101, -1,
				 6362, 6363, 1996, -1,
				 6362, 1996, 2102, -1,
				 6048, 6030, 6033, -1,
				 6048, 6033, 2103, -1,
				 6359, 6356, 6374, -1,
				 6359, 6374, 2104, -1,
				 6045, 6047, 6049, -1,
				 6045, 6049, 6044, -1,
				 6375, 6373, 6371, -1,
				 6375, 6371, 6370, -1,
				 1991, 6005, 6004, -1,
				 1991, 6004, 2105, -1,
				 6330, 6331, 1992, -1,
				 6330, 1992, 2106, -1,
				 6016, 5998, 6001, -1,
				 6016, 6001, 2107, -1,
				 6327, 6324, 6342, -1,
				 6327, 6342, 2108, -1,
				 6013, 6015, 6017, -1,
				 6013, 6017, 6012, -1,
				 6343, 6341, 6339, -1,
				 6343, 6339, 6338, -1,
				 5969, 5970, 5972, -1,
				 5969, 5972, 2109, -1,
				 6298, 6296, 6295, -1,
				 6298, 6295, 2110, -1,
				 5974, 5968, 5967, -1,
				 5974, 5967, 2111, -1,
				 6293, 6294, 6300, -1,
				 6293, 6300, 2112, -1,
				 5975, 5973, 5980, -1,
				 5975, 5980, 5978, -1,
				 6306, 6299, 6301, -1,
				 6306, 6301, 6304, -1,
				 5892, 5912, 5897, -1,
				 5892, 5897, 5894, -1,
				 6223, 6238, 6218, -1,
				 6223, 6218, 6220, -1,
				 6189, 6173, 6170, -1,
				 6189, 6170, 6168, -1,
				 6496, 6499, 6515, -1,
				 6496, 6515, 6494, -1,
				 6138, 6131, 6134, -1,
				 6138, 6134, 6136, -1,
				 6460, 6457, 6464, -1,
				 6460, 6464, 6462, -1,
				 6106, 6099, 6102, -1,
				 6106, 6102, 6104, -1,
				 6428, 6425, 6432, -1,
				 6428, 6432, 6430, -1,
				 6074, 6067, 6070, -1,
				 6074, 6070, 6072, -1,
				 6396, 6393, 6400, -1,
				 6396, 6400, 6398, -1,
				 6042, 6035, 6038, -1,
				 6042, 6038, 6040, -1,
				 6364, 6361, 6368, -1,
				 6364, 6368, 6366, -1,
				 6010, 6003, 6006, -1,
				 6010, 6006, 6008, -1,
				 6332, 6329, 6336, -1,
				 6332, 6336, 6334, -1,
				 5981, 5965, 5962, -1,
				 5981, 5962, 5960, -1,
				 6288, 6291, 6307, -1,
				 6288, 6307, 6286, -1,
				 5889, 5911, 5909, -1,
				 5889, 5909, 5891, -1,
				 6235, 6237, 6215, -1,
				 6235, 6215, 6217, -1,
				 6187, 6174, 6172, -1,
				 6187, 6172, 6185, -1,
				 6498, 6500, 6513, -1,
				 6498, 6513, 6511, -1,
				 6146, 6128, 6130, -1,
				 6146, 6130, 6139, -1,
				 6456, 6454, 6472, -1,
				 6456, 6472, 6465, -1,
				 6114, 6096, 6098, -1,
				 6114, 6098, 6107, -1,
				 6424, 6422, 6440, -1,
				 6424, 6440, 6433, -1,
				 6082, 6064, 6066, -1,
				 6082, 6066, 6075, -1,
				 6392, 6390, 6408, -1,
				 6392, 6408, 6401, -1,
				 6050, 6032, 6034, -1,
				 6050, 6034, 6043, -1,
				 6360, 6358, 6376, -1,
				 6360, 6376, 6369, -1,
				 6018, 6000, 6002, -1,
				 6018, 6002, 6011, -1,
				 6328, 6326, 6344, -1,
				 6328, 6344, 6337, -1,
				 5979, 5966, 5964, -1,
				 5979, 5964, 5977, -1,
				 6290, 6292, 6305, -1,
				 6290, 6305, 6303, -1,
				 2117, 2125, 2121, -1,
				 2117, 2121, 2113, -1,
				 2122, 2126, 2118, -1,
				 2122, 2118, 2114, -1,
				 2125, 2127, 2123, -1,
				 2125, 2123, 2121, -1,
				 2124, 2128, 2126, -1,
				 2124, 2126, 2122, -1,
				 2127, 2119, 2115, -1,
				 2127, 2115, 2123, -1,
				 2116, 2120, 2128, -1,
				 2116, 2128, 2124, -1,
				 7234, 7236, 7248, -1,
				 7234, 7248, 2129, -1,
				 7284, 7272, 7270, -1,
				 7284, 7270, 2130, -1,
				 7235, 7238, 7245, -1,
				 7235, 7245, 2131, -1,
				 7281, 7274, 7271, -1,
				 7281, 7271, 2132, -1,
				 7237, 7240, 2135, -1,
				 7237, 2135, 2133, -1,
				 2136, 7276, 7273, -1,
				 2136, 7273, 2134, -1,
				 7230, 7232, 7252, -1,
				 7230, 7252, 2137, -1,
				 7288, 7268, 7266, -1,
				 7288, 7266, 2138, -1,
				 7228, 7229, 7255, -1,
				 7228, 7255, 2141, -1,
				 7291, 7265, 7264, -1,
				 7291, 7264, 2142, -1,
				 7226, 7227, 7258, -1,
				 7226, 7258, 2143, -1,
				 7294, 7263, 7262, -1,
				 7294, 7262, 2144, -1,
				 7231, 7233, 7250, -1,
				 7231, 7250, 2139, -1,
				 7286, 7269, 7267, -1,
				 7286, 7267, 2140, -1,
				 7239, 7225, 7260, -1,
				 7239, 7260, 7242, -1,
				 7296, 7261, 7275, -1,
				 7296, 7275, 7278, -1,
				 7253, 7251, 7249, -1,
				 7253, 7249, 7247, -1,
				 7285, 7287, 7289, -1,
				 7285, 7289, 7283, -1,
				 7256, 7254, 7246, -1,
				 7256, 7246, 7244, -1,
				 7282, 7290, 7292, -1,
				 7282, 7292, 7280, -1,
				 7259, 7257, 7243, -1,
				 7259, 7243, 7241, -1,
				 7279, 7293, 7295, -1,
				 7279, 7295, 7277, -1,
				 2149, 2147, 2153, -1,
				 2149, 2153, 2155, -1,
				 2154, 2148, 2150, -1,
				 2154, 2150, 2156, -1,
				 2145, 2151, 2157, -1,
				 2145, 2157, 2159, -1,
				 2158, 2152, 2146, -1,
				 2158, 2146, 2160, -1,
				 7297, 7320, 2161, -1,
				 7297, 2161, 7304, -1,
				 2162, 7380, 7357, -1,
				 2162, 7357, 7364, -1,
				 7334, 7346, 7345, -1,
				 7334, 7345, 2163, -1,
				 7405, 7406, 7394, -1,
				 7405, 7394, 2164, -1,
				 7349, 7333, 7336, -1,
				 7349, 7336, 7350, -1,
				 7396, 7393, 7409, -1,
				 7396, 7409, 7410, -1,
				 2167, 7298, 7300, -1,
				 2167, 7300, 7326, -1,
				 7360, 7358, 2168, -1,
				 7360, 2168, 7386, -1,
				 7303, 7306, 2175, -1,
				 7303, 2175, 7302, -1,
				 2176, 7366, 7363, -1,
				 2176, 7363, 7362, -1,
				 7347, 7344, 7343, -1,
				 7347, 7343, 7339, -1,
				 7403, 7404, 7407, -1,
				 7403, 7407, 7399, -1,
				 7348, 7335, 7337, -1,
				 7348, 7337, 7342, -1,
				 7397, 7395, 7408, -1,
				 7397, 7408, 7402, -1,
				 2169, 7299, 7301, -1,
				 2169, 7301, 7354, -1,
				 7361, 7359, 2170, -1,
				 7361, 2170, 7414, -1,
				 7355, 7353, 2179, -1,
				 7355, 2179, 2177, -1,
				 2180, 7413, 7415, -1,
				 2180, 7415, 2178, -1,
				 2173, 2171, 2183, -1,
				 2173, 2183, 2181, -1,
				 2184, 2172, 2174, -1,
				 2184, 2174, 2182, -1,
				 7341, 7338, 7340, -1,
				 7341, 7340, 7311, -1,
				 7400, 7398, 7401, -1,
				 7400, 7401, 7371, -1,
				 7352, 7305, 7308, -1,
				 7352, 7308, 7356, -1,
				 7368, 7365, 7412, -1,
				 7368, 7412, 7416, -1,
				 7327, 7325, 7324, -1,
				 7327, 7324, 7317, -1,
				 7384, 7385, 7387, -1,
				 7384, 7387, 7377, -1,
				 7417, 2165, 7314, -1,
				 7417, 7314, 7418, -1,
				 7374, 2166, 7419, -1,
				 7374, 7419, 7420, -1,
				 7332, 7351, 7310, -1,
				 7332, 7310, 7312, -1,
				 7370, 7411, 7392, -1,
				 7370, 7392, 7372, -1,
				 7321, 7319, 7316, -1,
				 7321, 7316, 7318, -1,
				 7376, 7379, 7381, -1,
				 7376, 7381, 7378, -1,
				 7422, 7323, 7329, -1,
				 7422, 7329, 7421, -1,
				 7389, 7383, 7424, -1,
				 7389, 7424, 7423, -1,
				 7307, 7309, 7330, -1,
				 7307, 7330, 7328, -1,
				 7390, 7369, 7367, -1,
				 7390, 7367, 7388, -1,
				 7313, 7315, 7322, -1,
				 7313, 7322, 7331, -1,
				 7382, 7375, 7373, -1,
				 7382, 7373, 7391, -1,
				 2189, 2191, 2185, -1,
				 2189, 2185, 2187, -1,
				 2186, 2192, 2190, -1,
				 2186, 2190, 2188, -1,
				 5418, 5414, 5411, -1,
				 5418, 5411, 5419, -1,
				 5408, 5424, 5397, -1,
				 5408, 5397, 5398, -1,
				 5422, 2195, 5417, -1,
				 5422, 5417, 5420, -1,
				 5396, 2196, 5394, -1,
				 5396, 5394, 5392, -1,
				 5423, 2193, 2195, -1,
				 5423, 2195, 5422, -1,
				 2196, 2194, 5395, -1,
				 2196, 5395, 5394, -1,
				 2195, 2199, 5413, -1,
				 2195, 5413, 5417, -1,
				 5416, 2200, 2196, -1,
				 5416, 2196, 5396, -1,
				 2199, 1638, 5415, -1,
				 2199, 5415, 5413, -1,
				 5415, 1638, 2200, -1,
				 5415, 2200, 5416, -1,
				 2193, 2197, 2199, -1,
				 2193, 2199, 2195, -1,
				 2200, 2198, 2194, -1,
				 2200, 2194, 2196, -1,
				 751, 5533, 2202, -1,
				 751, 2202, 2201, -1,
				 2202, 812, 752, -1,
				 2202, 752, 2201, -1,
				 2203, 2333, 7456, -1,
				 2203, 7456, 2231, -1,
				 7650, 2334, 2204, -1,
				 7650, 2204, 2232, -1,
				 2331, 2267, 2269, -1,
				 2331, 2269, 7442, -1,
				 2270, 2268, 2332, -1,
				 2270, 2332, 7636, -1,
				 7813, 7814, 2339, -1,
				 7813, 2339, 2205, -1,
				 2340, 7816, 7815, -1,
				 2340, 7815, 2206, -1,
				 7427, 7425, 2271, -1,
				 7427, 2271, 2341, -1,
				 2272, 7619, 7621, -1,
				 2272, 7621, 2342, -1,
				 7817, 7818, 2343, -1,
				 7817, 2343, 2207, -1,
				 2344, 7820, 7819, -1,
				 2344, 7819, 2208, -1,
				 7822, 7821, 2273, -1,
				 7822, 2273, 2345, -1,
				 2274, 7823, 7824, -1,
				 2274, 7824, 2346, -1,
				 7825, 7826, 2349, -1,
				 7825, 2349, 2209, -1,
				 2350, 7828, 7827, -1,
				 2350, 7827, 2210, -1,
				 7603, 7604, 2275, -1,
				 7603, 2275, 7498, -1,
				 2276, 7798, 7797, -1,
				 2276, 7797, 7692, -1,
				 2211, 2351, 7830, -1,
				 2211, 7830, 7829, -1,
				 7832, 2352, 2212, -1,
				 7832, 2212, 7831, -1,
				 7500, 2277, 7529, -1,
				 7500, 7529, 7497, -1,
				 7723, 2278, 7694, -1,
				 7723, 7694, 7691, -1,
				 7833, 7834, 2357, -1,
				 7833, 2357, 2213, -1,
				 2358, 7836, 7835, -1,
				 2358, 7835, 2214, -1,
				 7499, 7528, 2279, -1,
				 7499, 2279, 7502, -1,
				 2280, 7722, 7693, -1,
				 2280, 7693, 7696, -1,
				 7837, 7838, 2361, -1,
				 7837, 2361, 2215, -1,
				 2362, 7840, 7839, -1,
				 2362, 7839, 2216, -1,
				 7501, 7527, 2281, -1,
				 7501, 2281, 7504, -1,
				 2282, 7721, 7695, -1,
				 2282, 7695, 7698, -1,
				 7841, 7842, 2363, -1,
				 7841, 2363, 2217, -1,
				 2364, 7844, 7843, -1,
				 2364, 7843, 2218, -1,
				 7503, 7526, 2283, -1,
				 7503, 2283, 7506, -1,
				 2284, 7720, 7697, -1,
				 2284, 7697, 7700, -1,
				 2219, 2369, 7846, -1,
				 2219, 7846, 7845, -1,
				 7848, 2370, 2220, -1,
				 7848, 2220, 7847, -1,
				 7508, 2285, 7525, -1,
				 7508, 7525, 7505, -1,
				 7719, 2286, 7702, -1,
				 7719, 7702, 7699, -1,
				 7849, 7850, 2373, -1,
				 7849, 2373, 2221, -1,
				 2374, 7852, 7851, -1,
				 2374, 7851, 2222, -1,
				 7507, 7524, 2287, -1,
				 7507, 2287, 7510, -1,
				 2288, 7718, 7701, -1,
				 2288, 7701, 7704, -1,
				 2223, 2377, 7854, -1,
				 2223, 7854, 7853, -1,
				 7856, 2378, 2224, -1,
				 7856, 2224, 7855, -1,
				 7512, 2289, 7523, -1,
				 7512, 7523, 7509, -1,
				 7717, 2290, 7706, -1,
				 7717, 7706, 7703, -1,
				 7857, 7858, 2381, -1,
				 7857, 2381, 2225, -1,
				 2382, 7860, 7859, -1,
				 2382, 7859, 2226, -1,
				 7511, 7522, 2291, -1,
				 7511, 2291, 7514, -1,
				 2292, 7716, 7705, -1,
				 2292, 7705, 7708, -1,
				 2227, 2383, 7862, -1,
				 2227, 7862, 7861, -1,
				 7864, 2384, 2228, -1,
				 7864, 2228, 7863, -1,
				 7516, 2293, 7521, -1,
				 7516, 7521, 7513, -1,
				 7715, 2294, 7710, -1,
				 7715, 7710, 7707, -1,
				 7865, 7866, 2387, -1,
				 7865, 2387, 2229, -1,
				 2388, 7868, 7867, -1,
				 2388, 7867, 2230, -1,
				 7515, 7520, 2295, -1,
				 7515, 2295, 7518, -1,
				 2296, 7714, 7709, -1,
				 2296, 7709, 7712, -1,
				 2233, 7453, 7870, -1,
				 2233, 7870, 7869, -1,
				 7872, 7647, 2234, -1,
				 7872, 2234, 7871, -1,
				 7445, 2297, 7519, -1,
				 7445, 7519, 7517, -1,
				 7713, 2298, 7639, -1,
				 7713, 7639, 7711, -1,
				 7458, 7454, 7452, -1,
				 7458, 7452, 7459, -1,
				 7646, 7648, 7652, -1,
				 7646, 7652, 7653, -1,
				 7441, 7616, 7615, -1,
				 7441, 7615, 7443, -1,
				 7809, 7810, 7635, -1,
				 7809, 7635, 7637, -1,
				 2237, 2395, 7890, -1,
				 2237, 7890, 2235, -1,
				 8086, 2396, 2238, -1,
				 8086, 2238, 2236, -1,
				 7997, 2301, 2299, -1,
				 7997, 2299, 2401, -1,
				 2300, 2302, 8193, -1,
				 2300, 8193, 2402, -1,
				 2239, 7892, 7889, -1,
				 2239, 7889, 7933, -1,
				 8085, 8088, 2240, -1,
				 8085, 2240, 8129, -1,
				 2403, 2303, 8265, -1,
				 2403, 8265, 8266, -1,
				 8267, 2304, 2404, -1,
				 8267, 2404, 8268, -1,
				 2241, 7894, 7891, -1,
				 2241, 7891, 7932, -1,
				 8087, 8090, 2242, -1,
				 8087, 2242, 8128, -1,
				 2409, 2305, 8269, -1,
				 2409, 8269, 8270, -1,
				 8271, 2306, 2410, -1,
				 8271, 2410, 8272, -1,
				 7931, 7893, 7896, -1,
				 7931, 7896, 2243, -1,
				 8092, 8089, 8127, -1,
				 8092, 8127, 2244, -1,
				 8274, 8273, 2307, -1,
				 8274, 2307, 2411, -1,
				 2308, 8275, 8276, -1,
				 2308, 8276, 2412, -1,
				 2245, 7898, 7895, -1,
				 2245, 7895, 7930, -1,
				 8091, 8094, 2246, -1,
				 8091, 2246, 8126, -1,
				 2415, 2309, 8277, -1,
				 2415, 8277, 8278, -1,
				 8279, 2310, 2416, -1,
				 8279, 2416, 8280, -1,
				 7929, 7897, 7900, -1,
				 7929, 7900, 2247, -1,
				 8096, 8093, 8125, -1,
				 8096, 8125, 2248, -1,
				 8282, 8281, 2311, -1,
				 8282, 2311, 2421, -1,
				 2312, 8283, 8284, -1,
				 2312, 8284, 2422, -1,
				 2249, 7902, 7899, -1,
				 2249, 7899, 7928, -1,
				 8095, 8098, 2250, -1,
				 8095, 2250, 8124, -1,
				 2423, 2313, 8285, -1,
				 2423, 8285, 8286, -1,
				 8287, 2314, 2424, -1,
				 8287, 2424, 8288, -1,
				 2251, 7904, 7901, -1,
				 2251, 7901, 7927, -1,
				 8097, 8100, 2252, -1,
				 8097, 2252, 8123, -1,
				 2427, 2315, 8289, -1,
				 2427, 8289, 8290, -1,
				 8291, 2316, 2428, -1,
				 8291, 2428, 8292, -1,
				 7926, 7903, 7906, -1,
				 7926, 7906, 2253, -1,
				 8102, 8099, 8122, -1,
				 8102, 8122, 2254, -1,
				 8294, 8293, 2317, -1,
				 8294, 2317, 2431, -1,
				 2318, 8295, 8296, -1,
				 2318, 8296, 2432, -1,
				 2255, 7908, 7905, -1,
				 2255, 7905, 7925, -1,
				 8101, 8104, 2256, -1,
				 8101, 2256, 8121, -1,
				 2435, 2319, 8297, -1,
				 2435, 8297, 8298, -1,
				 8299, 2320, 2436, -1,
				 8299, 2436, 8300, -1,
				 7924, 7907, 7910, -1,
				 7924, 7910, 2257, -1,
				 8106, 8103, 8120, -1,
				 8106, 8120, 2258, -1,
				 8302, 8301, 2321, -1,
				 8302, 2321, 2439, -1,
				 2322, 8303, 8304, -1,
				 2322, 8304, 2440, -1,
				 2259, 7912, 7909, -1,
				 2259, 7909, 7923, -1,
				 8105, 8108, 2260, -1,
				 8105, 2260, 8119, -1,
				 2443, 2323, 8305, -1,
				 2443, 8305, 8306, -1,
				 8307, 2324, 2444, -1,
				 8307, 2444, 8308, -1,
				 7922, 7911, 7914, -1,
				 7922, 7914, 2261, -1,
				 8110, 8107, 8118, -1,
				 8110, 8118, 2262, -1,
				 8310, 8309, 2325, -1,
				 8310, 2325, 2447, -1,
				 2326, 8311, 8312, -1,
				 2326, 8312, 2448, -1,
				 7921, 7913, 7916, -1,
				 7921, 7916, 2263, -1,
				 8112, 8109, 8117, -1,
				 8112, 8117, 2264, -1,
				 8314, 8313, 2327, -1,
				 8314, 2327, 2451, -1,
				 2328, 8315, 8316, -1,
				 2328, 8316, 2452, -1,
				 7920, 7915, 7918, -1,
				 7920, 7918, 2265, -1,
				 8114, 8111, 8116, -1,
				 8114, 8116, 2266, -1,
				 8318, 8317, 2329, -1,
				 8318, 2329, 7994, -1,
				 2330, 8319, 8320, -1,
				 2330, 8320, 8190, -1,
				 7873, 7875, 7917, -1,
				 7873, 7917, 7919, -1,
				 8113, 8071, 8069, -1,
				 8113, 8069, 8115, -1,
				 7995, 7999, 8000, -1,
				 7995, 8000, 7993, -1,
				 8196, 8195, 8191, -1,
				 8196, 8191, 8189, -1,
				 2337, 2391, 2459, -1,
				 2337, 2459, 7438, -1,
				 2460, 2392, 2338, -1,
				 2460, 2338, 7632, -1,
				 2393, 2335, 7435, -1,
				 2393, 7435, 7450, -1,
				 7629, 2336, 2394, -1,
				 7629, 2394, 7644, -1,
				 7444, 2389, 2467, -1,
				 7444, 2467, 7447, -1,
				 2468, 2390, 7638, -1,
				 2468, 7638, 7641, -1,
				 7461, 7451, 7449, -1,
				 7461, 7449, 2469, -1,
				 7643, 7645, 7655, -1,
				 7643, 7655, 2470, -1,
				 2385, 7613, 7614, -1,
				 2385, 7614, 2471, -1,
				 7808, 7807, 2386, -1,
				 7808, 2386, 2472, -1,
				 7460, 7463, 2473, -1,
				 7460, 2473, 7570, -1,
				 2474, 7657, 7654, -1,
				 2474, 7654, 7764, -1,
				 7566, 2379, 2475, -1,
				 7566, 2475, 7565, -1,
				 2476, 2380, 7760, -1,
				 2476, 7760, 7759, -1,
				 7465, 7462, 7573, -1,
				 7465, 7573, 2477, -1,
				 7767, 7656, 7659, -1,
				 7767, 7659, 2478, -1,
				 2375, 7562, 7561, -1,
				 2375, 7561, 2479, -1,
				 7755, 7756, 2376, -1,
				 7755, 2376, 2480, -1,
				 7464, 7467, 2481, -1,
				 7464, 2481, 7576, -1,
				 2482, 7661, 7658, -1,
				 2482, 7658, 7770, -1,
				 7558, 2371, 2483, -1,
				 7558, 2483, 7557, -1,
				 2484, 2372, 7752, -1,
				 2484, 7752, 7751, -1,
				 7469, 7466, 7579, -1,
				 7469, 7579, 2485, -1,
				 7773, 7660, 7663, -1,
				 7773, 7663, 2486, -1,
				 2367, 7554, 7553, -1,
				 2367, 7553, 2487, -1,
				 7747, 7748, 2368, -1,
				 7747, 2368, 2488, -1,
				 7468, 7471, 2489, -1,
				 7468, 2489, 7582, -1,
				 2490, 7665, 7662, -1,
				 2490, 7662, 7776, -1,
				 7550, 2365, 2491, -1,
				 7550, 2491, 7549, -1,
				 2492, 2366, 7744, -1,
				 2492, 7744, 7743, -1,
				 7473, 7470, 7585, -1,
				 7473, 7585, 2493, -1,
				 7779, 7664, 7667, -1,
				 7779, 7667, 2494, -1,
				 2359, 7546, 7545, -1,
				 2359, 7545, 2495, -1,
				 7739, 7740, 2360, -1,
				 7739, 2360, 2496, -1,
				 7472, 7475, 2497, -1,
				 7472, 2497, 7588, -1,
				 2498, 7669, 7666, -1,
				 2498, 7666, 7782, -1,
				 2355, 7542, 7541, -1,
				 2355, 7541, 2499, -1,
				 7735, 7736, 2356, -1,
				 7735, 2356, 2500, -1,
				 7474, 7477, 2501, -1,
				 7474, 2501, 7591, -1,
				 2502, 7671, 7668, -1,
				 2502, 7668, 7785, -1,
				 2353, 7538, 7537, -1,
				 2353, 7537, 2503, -1,
				 7731, 7732, 2354, -1,
				 7731, 2354, 2504, -1,
				 7476, 7479, 2505, -1,
				 7476, 2505, 7594, -1,
				 2506, 7673, 7670, -1,
				 2506, 7670, 7788, -1,
				 7534, 2347, 2507, -1,
				 7534, 2507, 7533, -1,
				 2508, 2348, 7728, -1,
				 2508, 7728, 7727, -1,
				 7481, 7478, 7597, -1,
				 7481, 7597, 2509, -1,
				 7791, 7672, 7675, -1,
				 7791, 7675, 2510, -1,
				 7530, 7496, 7495, -1,
				 7530, 7495, 2511, -1,
				 7689, 7690, 7724, -1,
				 7689, 7724, 2512, -1,
				 7480, 7483, 2513, -1,
				 7480, 2513, 7600, -1,
				 2514, 7677, 7674, -1,
				 2514, 7674, 7794, -1,
				 7606, 7602, 7491, -1,
				 7606, 7491, 2515, -1,
				 7685, 7796, 7800, -1,
				 7685, 7800, 2516, -1,
				 7482, 7485, 2517, -1,
				 7482, 2517, 7489, -1,
				 2518, 7679, 7676, -1,
				 2518, 7676, 7683, -1,
				 7426, 7605, 7607, -1,
				 7426, 7607, 7429, -1,
				 7801, 7799, 7620, -1,
				 7801, 7620, 7623, -1,
				 7484, 7486, 7432, -1,
				 7484, 7432, 7487, -1,
				 7626, 7680, 7678, -1,
				 7626, 7678, 7681, -1,
				 7617, 7440, 7437, -1,
				 7617, 7437, 7439, -1,
				 7631, 7634, 7811, -1,
				 7631, 7811, 7633, -1,
				 7455, 7457, 7431, -1,
				 7455, 7431, 7433, -1,
				 7625, 7651, 7649, -1,
				 7625, 7649, 7627, -1,
				 7434, 7436, 7618, -1,
				 7434, 7618, 2465, -1,
				 7812, 7630, 7628, -1,
				 7812, 7628, 2466, -1,
				 7448, 7446, 7568, -1,
				 7448, 7568, 7612, -1,
				 7762, 7640, 7642, -1,
				 7762, 7642, 7806, -1,
				 7571, 7564, 7567, -1,
				 7571, 7567, 7569, -1,
				 7761, 7758, 7765, -1,
				 7761, 7765, 7763, -1,
				 7572, 7563, 7560, -1,
				 7572, 7560, 7574, -1,
				 7754, 7757, 7766, -1,
				 7754, 7766, 7768, -1,
				 7577, 7556, 7559, -1,
				 7577, 7559, 7575, -1,
				 7753, 7750, 7771, -1,
				 7753, 7771, 7769, -1,
				 7578, 7555, 7552, -1,
				 7578, 7552, 7580, -1,
				 7746, 7749, 7772, -1,
				 7746, 7772, 7774, -1,
				 7583, 7548, 7551, -1,
				 7583, 7551, 7581, -1,
				 7745, 7742, 7777, -1,
				 7745, 7777, 7775, -1,
				 7584, 7547, 7544, -1,
				 7584, 7544, 7586, -1,
				 7738, 7741, 7778, -1,
				 7738, 7778, 7780, -1,
				 7589, 7540, 7543, -1,
				 7589, 7543, 7587, -1,
				 7737, 7734, 7783, -1,
				 7737, 7783, 7781, -1,
				 7592, 7536, 7539, -1,
				 7592, 7539, 7590, -1,
				 7733, 7730, 7786, -1,
				 7733, 7786, 7784, -1,
				 7595, 7532, 7535, -1,
				 7595, 7535, 7593, -1,
				 7729, 7726, 7789, -1,
				 7729, 7789, 7787, -1,
				 7596, 7531, 7494, -1,
				 7596, 7494, 7598, -1,
				 7688, 7725, 7790, -1,
				 7688, 7790, 7792, -1,
				 7601, 7492, 7493, -1,
				 7601, 7493, 7599, -1,
				 7687, 7686, 7795, -1,
				 7687, 7795, 7793, -1,
				 7611, 7609, 7490, -1,
				 7611, 7490, 7488, -1,
				 7684, 7803, 7805, -1,
				 7684, 7805, 7682, -1,
				 7430, 7428, 7608, -1,
				 7430, 7608, 7610, -1,
				 7802, 7622, 7624, -1,
				 7802, 7624, 7804, -1,
				 2521, 2519, 2461, -1,
				 2521, 2461, 2463, -1,
				 2462, 2520, 2522, -1,
				 2462, 2522, 2464, -1,
				 2397, 2455, 7991, -1,
				 2397, 7991, 7880, -1,
				 8187, 2456, 2398, -1,
				 8187, 2398, 8076, -1,
				 2457, 7874, 7877, -1,
				 2457, 7877, 2529, -1,
				 8073, 8070, 2458, -1,
				 8073, 2458, 2530, -1,
				 8002, 7992, 7990, -1,
				 8002, 7990, 2531, -1,
				 8186, 8188, 8198, -1,
				 8186, 8198, 2532, -1,
				 8067, 2453, 2533, -1,
				 8067, 2533, 8068, -1,
				 2534, 2454, 8263, -1,
				 2534, 8263, 8264, -1,
				 8004, 8001, 8063, -1,
				 8004, 8063, 2535, -1,
				 8259, 8197, 8200, -1,
				 8259, 8200, 2536, -1,
				 7986, 2449, 2537, -1,
				 7986, 2537, 7985, -1,
				 2538, 2450, 8182, -1,
				 2538, 8182, 8181, -1,
				 8006, 8003, 8060, -1,
				 8006, 8060, 2539, -1,
				 8256, 8199, 8202, -1,
				 8256, 8202, 2540, -1,
				 7982, 2445, 2541, -1,
				 7982, 2541, 7981, -1,
				 2542, 2446, 8178, -1,
				 2542, 8178, 8177, -1,
				 8005, 8008, 2543, -1,
				 8005, 2543, 8057, -1,
				 2544, 8204, 8201, -1,
				 2544, 8201, 8253, -1,
				 2441, 7978, 7977, -1,
				 2441, 7977, 2545, -1,
				 8173, 8174, 2442, -1,
				 8173, 2442, 2546, -1,
				 8010, 8007, 8054, -1,
				 8010, 8054, 2547, -1,
				 8250, 8203, 8206, -1,
				 8250, 8206, 2548, -1,
				 7974, 2437, 2549, -1,
				 7974, 2549, 7973, -1,
				 2550, 2438, 8170, -1,
				 2550, 8170, 8169, -1,
				 8009, 8012, 2551, -1,
				 8009, 2551, 8051, -1,
				 2552, 8208, 8205, -1,
				 2552, 8205, 8247, -1,
				 2433, 7970, 7969, -1,
				 2433, 7969, 2553, -1,
				 8165, 8166, 2434, -1,
				 8165, 2434, 2554, -1,
				 8014, 8011, 8048, -1,
				 8014, 8048, 2555, -1,
				 8244, 8207, 8210, -1,
				 8244, 8210, 2556, -1,
				 7966, 2429, 2557, -1,
				 7966, 2557, 7965, -1,
				 2558, 2430, 8162, -1,
				 2558, 8162, 8161, -1,
				 8013, 8016, 2559, -1,
				 8013, 2559, 8045, -1,
				 2560, 8212, 8209, -1,
				 2560, 8209, 8241, -1,
				 2425, 7962, 7961, -1,
				 2425, 7961, 2561, -1,
				 8157, 8158, 2426, -1,
				 8157, 2426, 2562, -1,
				 8015, 8018, 2563, -1,
				 8015, 2563, 8042, -1,
				 2564, 8214, 8211, -1,
				 2564, 8211, 8238, -1,
				 2419, 7958, 7957, -1,
				 2419, 7957, 2565, -1,
				 8153, 8154, 2420, -1,
				 8153, 2420, 2566, -1,
				 8020, 8017, 8039, -1,
				 8020, 8039, 2567, -1,
				 8235, 8213, 8216, -1,
				 8235, 8216, 2568, -1,
				 7954, 2417, 2569, -1,
				 7954, 2569, 7953, -1,
				 2570, 2418, 8150, -1,
				 2570, 8150, 8149, -1,
				 8019, 8022, 2571, -1,
				 8019, 2571, 8036, -1,
				 2572, 8218, 8215, -1,
				 2572, 8215, 8232, -1,
				 2413, 7950, 7949, -1,
				 2413, 7949, 2573, -1,
				 8145, 8146, 2414, -1,
				 8145, 2414, 2574, -1,
				 8024, 8021, 8033, -1,
				 8024, 8033, 2575, -1,
				 8229, 8217, 8220, -1,
				 8229, 8220, 2576, -1,
				 7946, 2407, 2577, -1,
				 7946, 2577, 7945, -1,
				 2578, 2408, 8142, -1,
				 2578, 8142, 8141, -1,
				 8023, 8026, 2579, -1,
				 8023, 2579, 8030, -1,
				 2580, 8222, 8219, -1,
				 2580, 8219, 8226, -1,
				 2405, 7942, 7941, -1,
				 2405, 7941, 2581, -1,
				 8137, 8138, 2406, -1,
				 8137, 2406, 2582, -1,
				 8025, 8027, 7883, -1,
				 8025, 7883, 8028, -1,
				 8079, 8223, 8221, -1,
				 8079, 8221, 8224, -1,
				 2399, 7938, 7937, -1,
				 2399, 7937, 7886, -1,
				 8133, 8134, 2400, -1,
				 8133, 2400, 8082, -1,
				 7996, 7998, 7881, -1,
				 7996, 7881, 7879, -1,
				 8077, 8194, 8192, -1,
				 8077, 8192, 8075, -1,
				 7888, 7934, 7887, -1,
				 7888, 7887, 7885, -1,
				 8083, 8130, 8084, -1,
				 8083, 8084, 8081, -1,
				 7876, 7878, 2525, -1,
				 7876, 2525, 7988, -1,
				 2526, 8074, 8072, -1,
				 2526, 8072, 8184, -1,
				 7984, 8065, 7989, -1,
				 7984, 7989, 7987, -1,
				 8185, 8261, 8180, -1,
				 8185, 8180, 8183, -1,
				 7980, 8064, 8062, -1,
				 7980, 8062, 7983, -1,
				 8258, 8260, 8176, -1,
				 8258, 8176, 8179, -1,
				 7976, 8061, 8059, -1,
				 7976, 8059, 7979, -1,
				 8255, 8257, 8172, -1,
				 8255, 8172, 8175, -1,
				 7975, 8056, 8058, -1,
				 7975, 8058, 7972, -1,
				 8254, 8252, 8171, -1,
				 8254, 8171, 8168, -1,
				 7968, 8055, 8053, -1,
				 7968, 8053, 7971, -1,
				 8249, 8251, 8164, -1,
				 8249, 8164, 8167, -1,
				 7967, 8050, 8052, -1,
				 7967, 8052, 7964, -1,
				 8248, 8246, 8163, -1,
				 8248, 8163, 8160, -1,
				 7960, 8049, 8047, -1,
				 7960, 8047, 7963, -1,
				 8243, 8245, 8156, -1,
				 8243, 8156, 8159, -1,
				 7959, 8044, 8046, -1,
				 7959, 8046, 7956, -1,
				 8242, 8240, 8155, -1,
				 8242, 8155, 8152, -1,
				 7955, 8041, 8043, -1,
				 7955, 8043, 7952, -1,
				 8239, 8237, 8151, -1,
				 8239, 8151, 8148, -1,
				 7948, 8040, 8038, -1,
				 7948, 8038, 7951, -1,
				 8234, 8236, 8144, -1,
				 8234, 8144, 8147, -1,
				 7947, 8035, 8037, -1,
				 7947, 8037, 7944, -1,
				 8233, 8231, 8143, -1,
				 8233, 8143, 8140, -1,
				 7940, 8034, 8032, -1,
				 7940, 8032, 7943, -1,
				 8228, 8230, 8136, -1,
				 8228, 8136, 8139, -1,
				 7939, 8029, 8031, -1,
				 7939, 8031, 7936, -1,
				 8227, 8225, 8135, -1,
				 8227, 8135, 8132, -1,
				 7935, 8066, 7882, -1,
				 7935, 7882, 7884, -1,
				 8078, 8262, 8131, -1,
				 8078, 8131, 8080, -1,
				 2527, 2523, 2583, -1,
				 2527, 2583, 2585, -1,
				 2584, 2524, 2528, -1,
				 2584, 2528, 2586, -1,
				 1567, 1551, 2587, -1,
				 1567, 2587, 1571, -1,
				 2587, 1551, 1568, -1,
				 2587, 1568, 1572, -1,
				 2197, 2588, 1638, -1,
				 2197, 1638, 2199, -1,
				 1638, 2588, 2198, -1,
				 1638, 2198, 2200, -1,
				 1041, 1037, 5567, -1,
				 1041, 5567, 2589, -1,
				 5567, 1038, 4058, -1,
				 5567, 4058, 2589, -1 ] 
	    }
	}
    }
}
